season,game_date,player,team,position,minutes,points,rebounds,assists,steals,blocks,turnovers,fouls
2026,2025-12-03,Tony Bradley,Pacers,C,14,7,4,0,0,1,1,2
2026,2025-11-09,Kelly Oubre Jr.,76ers,G,36,13,5,3,0,1,3,3
2026,2026-02-27,Ron Harper Jr.,Celtics,G,6,3,0,0,0,0,0,1
2026,2025-11-03,Mohamed Diawara,Knicks,F,4,0,0,1,0,0,1,2
2026,2026-02-11,Tim Hardaway Jr.,Nuggets,G,28,21,3,0,0,0,0,2
2026,2026-01-09,Vince Williams Jr.,Grizzlies,G,23,13,3,5,0,1,1,2
2026,2026-04-05,Walter Clayton Jr.,Grizzlies,G,25,20,3,4,0,0,3,0
2026,2025-10-25,Keaton Wallace,Hawks,G,12,5,1,1,0,0,2,2
2026,2025-12-18,Brandon Miller,Hornets,F,35,26,5,8,3,1,1,4
2026,2025-11-12,Stephen Curry,Warriors,G,34,46,5,5,2,0,1,2
2026,2025-11-05,Jalen Brunson,Knicks,G,33,23,7,10,1,0,4,4
2026,2025-11-05,Ariel Hukporti,Knicks,C,2,4,1,0,0,0,0,0
2026,2025-11-08,Brandon Williams,Mavericks,G,26,14,2,6,4,0,1,2
2026,2026-01-02,Kevon Looney,Pelicans,F,24,4,12,2,1,1,1,1
2026,2025-12-26,Jose Alvarado,Pelicans,G,25,11,2,2,0,0,0,3
2026,2025-11-07,Moses Moody,Warriors,G,19,2,3,3,0,0,1,1
2026,2026-03-03,VJ Edgecombe,76ers,G,20,6,4,1,1,2,1,0
2026,2026-04-02,Jarrett Allen,Cavaliers,C,24,16,13,0,1,0,0,0
2026,2025-12-07,Tidjane Salaun,Hornets,F,16,5,6,1,0,0,0,2
2026,2026-02-11,Moses Moody,Warriors,G,35,17,4,2,0,0,0,5
2026,2026-02-20,Daniel Gafford,Mavericks,F,24,8,5,1,2,2,1,4
2026,2026-02-01,Khris Middleton,Wizards,F,18,13,1,3,0,0,2,0
2026,2025-12-25,Naji Marshall,Mavericks,F,28,14,4,0,0,0,1,3
2026,2025-11-20,Jabari Walker,76ers,F,11,2,2,1,0,0,0,0
2026,2025-12-26,Yanic Konan Niederhauser,Clippers,C,12,0,2,0,0,2,1,4
2026,2025-11-02,Karl-Anthony Towns,Knicks,C,36,20,15,5,0,2,1,1
2026,2026-01-06,Luke Kornet,Spurs,C,27,4,7,3,0,1,0,1
2026,2026-01-26,Matas Buzelis,Bulls,F,22,11,5,4,0,0,3,2
2026,2025-10-27,Blake Wesley,Trail Blazers,G,16,4,1,3,0,0,1,3
2026,2025-12-29,Zion Williamson,Pelicans,F,29,32,5,2,2,2,2,2
2026,2025-10-28,Giannis Antetokounmpo,Bucks,F,33,37,8,7,1,2,4,3
2026,2025-11-16,Herbert Jones,Pelicans,F,29,6,2,1,2,0,2,4
2026,2025-12-06,Jaden McDaniels,Timberwolves,F,37,27,1,2,2,1,2,2
2026,2025-10-22,Jaime Jaquez Jr.,Heat,F,30,13,6,1,2,0,2,3
2026,2026-01-16,Reed Sheppard,Rockets,G,19,14,0,2,2,0,0,2
2026,2026-03-20,Walter Clayton Jr.,Grizzlies,G,27,4,3,2,0,0,2,0
2026,2025-10-26,Jakob Poeltl,Raptors,C,19,4,8,4,1,0,1,5
2026,2026-02-25,Dennis Schroder,Cavaliers,G,35,26,2,5,1,0,3,1
2026,2025-11-17,Jordan Clarkson,Knicks,G,26,14,3,3,1,0,1,4
2026,2025-11-28,Santi Aldama,Grizzlies,F,22,13,7,5,0,0,0,1
2026,2026-03-06,Josh Green,Hornets,G,14,2,1,1,0,1,1,2
2026,2026-02-09,Lauri Markkanen,Jazz,F,25,17,8,1,0,0,1,2
2026,2026-04-01,Tari Eason,Rockets,F,24,5,2,0,0,0,0,2
2026,2026-03-15,Anthony Edwards,Timberwolves,G,37,19,6,5,1,1,6,5
2026,2026-01-28,Cam Spencer,Grizzlies,G,28,4,0,6,1,0,2,1
2026,2025-10-30,Miles Bridges,Hornets,F,33,16,5,0,0,1,3,2
2026,2025-12-29,Kevin Durant,Rockets,F,34,30,6,5,0,1,3,0
2026,2026-04-08,Daniss Jenkins,Pistons,G,20,9,5,6,0,0,1,0
2026,2025-11-17,Pat Connaughton,Hornets,G,9,5,1,0,0,0,0,0
2026,2025-11-29,Rob Dillingham,Timberwolves,G,6,3,0,2,0,0,1,1
2026,2026-01-04,Alex Sarr,Wizards,C,26,7,3,4,1,0,2,3
2026,2026-03-05,Ochai Agbaji,Nets,G,10,6,0,0,1,0,1,2
2026,2026-01-24,Miles Bridges,Hornets,F,29,20,3,4,0,2,2,2
2026,2026-02-20,Bub Carrington,Wizards,G,22,6,5,7,1,0,2,0
2026,2025-12-05,Keaton Wallace,Hawks,G,10,0,2,4,0,0,0,0
2026,2026-02-04,Kevin Durant,Rockets,F,33,15,5,1,2,1,2,1
2026,2025-11-24,Cooper Flagg,Mavericks,F,34,12,7,3,2,0,3,2
2026,2026-03-10,LJ Cryer,Warriors,G,21,17,1,2,0,0,0,2
2026,2025-12-01,Jevon Carter,Bulls,G,5,0,0,0,0,0,2,0
2026,2026-02-07,Alperen Sengun,Rockets,C,37,17,12,11,3,3,1,2
2026,2025-11-05,Andre Drummond,76ers,C,28,13,13,1,1,2,1,2
2026,2026-04-07,Sharife Cooper,Wizards,G,27,17,1,4,0,0,5,1
2026,2025-12-27,Anthony Black,Magic,G,30,38,6,5,2,0,1,4
2026,2026-03-03,Cedric Coward,Grizzlies,F,21,15,2,1,1,1,2,1
2026,2026-03-27,Kawhi Leonard,Clippers,F,35,28,8,4,3,0,0,2
2026,2026-03-23,Daniss Jenkins,Pistons,G,39,30,4,8,0,0,2,2
2026,2025-11-29,James Harden,Clippers,G,37,29,8,11,0,1,7,1
2026,2026-02-07,Isaac Okoro,Bulls,F,26,13,2,3,1,0,1,2
2026,2026-02-27,Caris LeVert,Pistons,G,17,1,2,1,1,0,2,2
2026,2025-12-31,Liam McNeeley,Hornets,G,11,0,1,1,1,0,0,1
2026,2026-02-07,Justin Champagnie,Wizards,F,22,21,9,2,0,2,3,0
2026,2026-02-22,Deandre Ayton,Lakers,C,25,4,7,1,1,1,1,4
2026,2026-03-08,Deandre Ayton,Lakers,C,20,6,8,0,0,2,0,2
2026,2026-02-11,Trayce Jackson-Davis,Raptors,F,10,0,3,1,1,0,2,0
2026,2026-01-18,Trey Murphy III,Pelicans,F,35,21,3,4,1,1,2,3
2026,2025-12-28,Jaden Ivey,Pistons,G,29,11,3,3,1,0,0,0
2026,2026-03-17,Haywood Highsmith,Suns,F,9,3,2,1,0,0,0,0
2026,2026-01-24,Matas Buzelis,Bulls,F,32,14,8,5,0,1,2,2
2026,2026-03-27,Hugo Gonzalez,Celtics,G,7,3,2,0,0,0,0,1
2026,2026-03-04,Jordan Miller,Clippers,G,27,4,3,2,2,0,0,0
2026,2026-01-07,Jamal Shead,Raptors,G,24,4,1,6,1,0,0,5
2026,2025-12-19,Jaime Jaquez Jr.,Heat,F,36,14,8,4,0,0,4,1
2026,2025-12-28,Shai Gilgeous-Alexander,Thunder,G,29,27,2,5,2,0,1,0
2026,2026-04-09,Kobe Bufkin,Lakers,G,4,2,0,1,0,0,0,1
2026,2026-03-08,Bobi Klintman,Pistons,F,5,3,0,2,0,0,1,0
2026,2025-10-30,Alex Caruso,Thunder,G,17,0,2,2,3,0,1,0
2026,2025-11-19,Sion James,Hornets,G,23,1,2,1,1,0,1,2
2026,2025-11-15,Antonio Reeves,Hornets,G,17,9,2,0,0,0,0,1
2026,2026-01-27,Bruce Brown,Nuggets,G,23,16,7,2,1,2,1,3
2026,2026-03-07,Caris LeVert,Pistons,G,16,7,2,1,2,1,1,1
2026,2025-11-25,Keaton Wallace,Hawks,G,14,0,2,4,0,0,1,1
2026,2025-11-22,Luke Kennard,Hawks,G,24,8,0,3,0,0,0,1
2026,2025-10-31,Jrue Holiday,Trail Blazers,G,32,11,3,13,2,0,2,2
2026,2026-03-08,Thanasis Antetokounmpo,Bucks,F,9,4,3,1,1,0,1,0
2026,2026-02-22,Ja'Kobe Walter,Raptors,G,30,9,6,3,0,0,0,2
2026,2025-12-07,Quentin Grimes,76ers,G,29,7,8,3,0,0,0,0
2026,2025-10-27,Deandre Ayton,Lakers,C,36,16,8,2,2,1,3,4
2026,2026-02-26,Marcus Smart,Lakers,G,31,13,1,3,1,0,2,3
2026,2025-11-03,Cam Thomas,Nets,G,35,25,2,3,2,0,1,3
2026,2025-11-10,Nikola Jovic,Heat,F,26,8,8,4,0,1,1,5
2026,2026-02-21,Rob Dillingham,Bulls,G,8,2,1,1,1,0,1,0
2026,2026-04-03,Jabari Smith Jr.,Rockets,F,24,18,5,0,1,0,1,1
2026,2025-12-22,Kon Knueppel,Hornets,G,31,20,1,2,0,0,3,2
2026,2026-03-05,Josh Okogie,Rockets,G,18,9,4,0,0,0,0,0
2026,2025-12-02,Micah Peavy,Pelicans,G,20,8,1,2,1,0,0,2
2026,2026-03-03,Adem Bona,76ers,C,22,6,6,2,0,0,2,2
2026,2026-03-27,Donovan Mitchell,Cavaliers,G,31,6,4,6,4,0,2,2
2026,2026-03-08,Vit Krejci,Trail Blazers,G,22,7,6,1,0,0,1,1
2026,2025-11-18,Neemias Queta,Celtics,C,23,6,7,2,0,3,0,5
2026,2025-12-25,Quinten Post,Warriors,C,14,6,3,0,1,0,0,1
2026,2026-02-28,Ryan Kalkbrenner,Hornets,C,15,2,7,0,0,0,0,1
2026,2026-04-10,Clint Capela,Rockets,C,8,4,1,0,0,0,0,1
2026,2026-01-05,RJ Barrett,Raptors,F,31,17,6,4,3,0,4,1
2026,2025-11-09,Terance Mann,Nets,G,18,0,1,4,0,1,1,1
2026,2025-12-31,Joan Beringer,Timberwolves,F,8,0,2,0,0,1,0,0
2026,2026-01-16,Brook Lopez,Clippers,C,13,3,1,0,0,0,1,3
2026,2026-02-09,Javonte Green,Pistons,G,15,4,0,0,0,0,0,1
2026,2026-01-13,Pete Nance,Bucks,F,9,5,0,1,1,0,1,2
2026,2026-01-16,Saddiq Bey,Pelicans,G,32,20,4,1,0,0,0,3
2026,2026-03-31,Pete Nance,Bucks,F,16,11,6,3,1,2,2,3
2026,2026-03-10,Rudy Gobert,Timberwolves,C,27,3,12,2,0,0,0,2
2026,2025-11-12,Keldon Johnson,Spurs,F,24,6,9,1,2,0,1,0
2026,2025-10-25,Tim Hardaway Jr.,Nuggets,G,26,4,0,0,1,0,1,3
2026,2026-01-10,Johnny Juzang,Timberwolves,G,3,4,1,0,1,0,0,0
2026,2025-11-21,Dereck Lively II,Mavericks,C,18,4,4,2,1,1,1,5
2026,2025-12-27,Jamal Murray,Nuggets,G,37,24,5,3,0,0,2,3
2026,2025-10-31,Dyson Daniels,Hawks,G,38,18,9,6,3,0,1,2
2026,2025-12-05,Scottie Barnes,Raptors,F,31,13,3,5,1,1,4,2
2026,2026-02-24,Brandin Podziemski,Warriors,G,32,16,15,3,2,0,3,1
2026,2026-03-18,Noah Clowney,Nets,F,8,3,2,0,0,0,0,0
2026,2026-03-23,Jake LaRavia,Lakers,F,29,7,1,1,0,0,0,4
2026,2026-01-25,Anthony Edwards,Timberwolves,G,34,32,11,2,0,1,8,0
2026,2026-01-04,Anthony Gill,Wizards,F,5,4,2,0,1,0,0,0
2026,2026-04-06,Daniss Jenkins,Pistons,G,34,18,2,7,1,0,5,3
2026,2025-12-20,Brandin Podziemski,Warriors,G,30,11,3,6,1,0,4,2
2026,2026-03-09,Ochai Agbaji,Nets,G,22,18,3,1,2,1,2,1
2026,2026-01-19,Dwight Powell,Mavericks,F,28,2,5,2,0,0,2,5
2026,2025-12-23,Brandon Williams,Mavericks,G,15,9,0,2,0,0,2,1
2026,2025-11-01,Ronald Holland II,Pistons,F,18,2,5,2,2,0,2,3
2026,2026-01-03,PJ Hall,Hornets,C,22,10,6,0,0,2,3,2
2026,2026-04-08,Jared McCain,Thunder,G,4,4,0,0,0,0,2,0
2026,2026-02-24,Quentin Grimes,76ers,G,27,15,2,2,2,0,1,2
2026,2025-12-31,Jamaree Bouyea,Suns,G,15,18,3,4,0,0,0,0
2026,2026-01-07,Quentin Grimes,76ers,G,26,16,1,1,2,0,2,1
2026,2025-12-03,Luke Kornet,Spurs,C,28,5,7,4,0,3,0,0
2026,2025-10-29,Ben Saraf,Nets,G,12,0,2,1,0,0,3,4
2026,2026-03-04,Isaiah Jackson,Clippers,F,18,10,4,2,0,3,0,1
2026,2025-12-26,Isaac Okoro,Bulls,F,18,8,1,2,0,0,0,1
2026,2026-01-25,Zion Williamson,Pelicans,F,33,24,10,4,0,1,1,2
2026,2026-02-02,Kentavious Caldwell-Pope,Grizzlies,G,19,4,3,3,0,0,1,3
2026,2026-02-24,Alondes Williams,Wizards,G,9,5,3,0,1,0,1,0
2026,2025-12-09,Chucky Hepburn,Raptors,G,8,0,0,2,0,0,1,1
2026,2026-01-03,Kelly Olynyk,Spurs,F,14,5,3,2,1,0,0,2
2026,2026-01-02,Jaylon Tyson,Cavaliers,G,24,8,5,1,0,0,1,2
2026,2025-11-28,James Harden,Clippers,G,40,23,7,11,2,0,5,5
2026,2026-01-12,Malik Monk,Kings,G,32,26,1,8,1,0,2,3
2026,2026-04-01,Clint Capela,Rockets,C,8,2,5,0,1,0,2,1
2026,2026-02-10,P.J. Washington,Mavericks,F,26,13,5,1,0,0,2,0
2026,2025-10-23,Andrew Nembhard,Pacers,G,17,4,1,4,0,0,2,2
2026,2025-12-13,Cason Wallace,Thunder,G,27,7,3,1,2,0,1,4
2026,2026-03-18,Omer Yurtseven,Warriors,C,5,4,2,0,0,0,0,1
2026,2025-11-12,Naji Marshall,Mavericks,F,26,12,4,3,1,0,2,2
2026,2026-01-06,Tristan da Silva,Magic,F,22,13,1,1,2,0,2,1
2026,2025-11-28,Taelon Peter,Pacers,G,6,3,0,0,0,0,0,0
2026,2026-03-04,Mikal Bridges,Knicks,G,40,15,4,0,0,0,0,2
2026,2026-04-03,Sam Hauser,Celtics,F,27,13,6,2,0,0,0,2
2026,2026-02-09,Tim Hardaway Jr.,Nuggets,G,29,12,1,0,1,0,0,1
2026,2025-11-20,Jared McCain,76ers,G,13,8,2,0,0,0,1,1
2026,2026-03-16,Ben Saraf,Nets,G,24,15,0,4,4,0,4,1
2026,2026-03-09,Kenrich Williams,Thunder,G,13,2,1,2,0,0,0,1
2026,2025-12-05,Tristan da Silva,Magic,F,25,3,5,0,1,0,2,0
2026,2026-01-16,Mike Conley,Timberwolves,G,26,6,1,1,1,0,1,0
2026,2026-04-05,Charles Bassey,Warriors,C,10,5,4,1,0,2,1,1
2026,2026-04-08,Joan Beringer,Timberwolves,F,23,9,8,1,0,2,1,5
2026,2026-01-29,Corey Kispert,Hawks,F,31,17,2,2,1,1,2,0
2026,2026-01-07,PJ Hall,Hornets,C,15,8,7,0,0,1,2,2
2026,2026-03-30,Collin Sexton,Bulls,G,27,20,3,3,1,0,1,3
2026,2026-02-07,Jerami Grant,Trail Blazers,F,33,29,5,3,0,0,3,1
2026,2025-10-27,Rayan Rupert,Trail Blazers,G,1,0,1,0,0,0,0,0
2026,2026-03-25,Kawhi Leonard,Clippers,F,30,27,6,2,0,1,3,1
2026,2025-11-05,Day'Ron Sharpe,Nets,C,14,5,7,3,0,0,0,0
2026,2026-03-01,Cam Thomas,Bucks,G,18,15,1,3,0,0,2,1
2026,2025-11-21,Dalen Terry,Bulls,F,13,0,4,2,0,0,1,5
2026,2026-01-06,De'Andre Hunter,Cavaliers,F,22,12,9,2,0,0,5,4
2026,2025-12-28,Khris Middleton,Wizards,F,23,10,6,2,1,1,1,1
2026,2025-11-21,Josh Okogie,Rockets,G,11,6,2,1,0,0,0,1
2026,2026-02-28,Jerami Grant,Trail Blazers,F,32,21,1,2,0,1,3,1
2026,2026-01-19,Royce O'Neale,Suns,F,29,11,3,5,0,0,3,3
2026,2026-03-10,Anthony Edwards,Timberwolves,G,31,14,2,4,1,1,2,3
2026,2026-01-27,Yang Hansen,Trail Blazers,C,12,6,5,1,0,0,1,1
2026,2025-11-01,Dennis Schroder,Kings,G,37,24,5,7,2,0,3,1
2026,2025-12-18,Vit Krejci,Hawks,G,23,5,3,0,0,0,0,5
2026,2025-10-22,Xavier Tillman,Celtics,F,16,4,7,1,2,1,0,4
2026,2026-04-07,Chet Holmgren,Thunder,C,22,15,10,0,2,2,2,3
2026,2026-01-24,Nikola Jovic,Heat,F,25,23,3,1,1,1,3,0
2026,2025-11-12,Jordan Goodwin,Suns,G,20,13,6,2,1,0,0,3
2026,2026-02-23,Javonte Green,Pistons,G,13,0,0,0,0,1,0,0
2026,2026-02-09,Jaxson Hayes,Lakers,C,14,12,4,1,0,0,1,2
2026,2026-03-06,Naji Marshall,Mavericks,F,25,13,1,3,0,0,1,3
2026,2026-03-15,Marvin Bagley III,Mavericks,F,16,6,5,0,0,1,2,4
2026,2026-03-14,Max Shulga,Celtics,G,2,0,0,0,0,0,0,0
2026,2026-03-16,Guerschon Yabusele,Bulls,F,18,13,0,0,1,0,1,2
2026,2026-03-09,Olivier-Maxence Prosper,Grizzlies,F,32,15,4,1,0,1,2,3
2026,2025-11-03,Brook Lopez,Clippers,C,15,5,1,0,1,0,0,1
2026,2026-01-23,Javonte Green,Pistons,G,17,2,3,1,0,0,0,2
2026,2026-01-04,LeBron James,Lakers,F,37,26,7,10,1,0,1,2
2026,2026-03-29,Cormac Ryan,Bucks,G,20,13,0,0,1,0,1,3
2026,2025-12-31,Vit Krejci,Hawks,G,26,6,1,5,2,1,0,2
2026,2026-01-22,Dwight Powell,Mavericks,F,27,10,12,1,0,0,0,2
2026,2026-03-01,Zeke Nnaji,Nuggets,F,6,2,1,0,0,0,0,0
2026,2025-12-08,Karlo Matkovic,Pelicans,F,7,4,0,2,0,0,0,1
2026,2026-04-02,Nicolas Batum,Clippers,F,6,0,2,1,0,0,1,0
2026,2026-02-07,Carter Bryant,Spurs,F,17,11,5,0,0,3,0,2
2026,2026-01-11,Bryce McGowens,Pelicans,G,26,6,1,2,1,0,0,5
2026,2025-12-18,Keon Ellis,Kings,G,32,10,4,3,6,0,3,5
2026,2025-12-27,Kyle Filipowski,Jazz,F,22,6,3,6,2,1,1,3
2026,2026-01-26,Jaylen Brown,Celtics,G,36,20,8,4,4,0,1,1
2026,2026-03-16,John Poulakidas,Mavericks,G,18,3,2,0,1,0,0,3
2026,2025-11-21,Cason Wallace,Thunder,G,27,10,1,0,4,0,2,2
2026,2026-02-09,Patrick Williams,Bulls,F,18,7,2,1,0,0,0,0
2026,2026-03-01,Sidy Cissoko,Trail Blazers,G,18,6,1,1,1,0,2,1
2026,2025-11-28,Donovan Mitchell,Cavaliers,G,35,42,3,3,1,0,4,3
2026,2026-01-21,Jamal Shead,Raptors,G,33,15,5,6,2,0,1,1
2026,2025-11-20,David Jones Garcia,Spurs,F,19,12,5,6,3,1,1,1
2026,2026-01-03,Sion James,Hornets,G,30,3,7,3,0,0,2,2
2026,2026-01-24,Myron Gardner,Heat,F,10,2,6,4,0,2,0,4
2026,2026-01-27,Amir Coffey,Bucks,G,2,0,0,0,0,0,0,0
2026,2026-04-01,Brice Sensabaugh,Jazz,F,33,28,6,4,1,1,4,3
2026,2025-11-22,P.J. Washington,Mavericks,F,32,15,8,4,1,2,2,2
2026,2025-10-31,Kelly Oubre Jr.,76ers,G,41,17,9,0,2,0,3,2
2026,2026-04-01,De'Aaron Fox,Spurs,G,25,11,4,4,2,0,1,2
2026,2026-01-22,Jarred Vanderbilt,Lakers,F,22,7,1,2,4,1,0,3
2026,2026-02-03,OG Anunoby,Knicks,F,27,19,4,2,1,1,1,2
2026,2026-02-21,Stanley Umude,Spurs,G,4,2,0,1,1,0,0,1
2026,2025-11-08,Tre Johnson,Wizards,G,26,9,9,0,1,0,3,0
2026,2026-02-09,Nikola Jovic,Heat,F,17,0,4,0,0,0,0,1
2026,2025-11-14,Jose Alvarado,Pelicans,G,21,8,2,2,1,0,1,3
2026,2026-01-17,Mikal Bridges,Knicks,G,37,15,3,1,2,1,3,4
2026,2026-01-17,Dalton Knecht,Lakers,F,5,3,0,0,0,0,0,0
2026,2025-10-30,Will Richard,Warriors,G,12,7,0,1,2,0,0,0
2026,2026-01-21,Zach LaVine,Kings,G,38,19,1,5,1,1,2,2
2026,2025-12-27,Noah Clowney,Nets,F,34,11,5,3,0,0,2,3
2026,2025-10-24,Yanic Konan Niederhauser,Clippers,C,5,6,1,0,0,0,0,1
2026,2026-04-03,Trayce Jackson-Davis,Raptors,F,6,4,2,0,0,0,0,0
2026,2026-03-14,Justin Champagnie,Wizards,F,21,10,4,1,2,0,0,2
2026,2025-11-10,Deandre Ayton,Lakers,C,33,14,6,0,0,0,3,3
2026,2025-12-31,Will Riley,Wizards,G,12,3,2,2,1,0,0,0
2026,2026-03-21,Jarace Walker,Pacers,F,35,21,4,4,1,0,1,0
2026,2025-11-26,Collin Sexton,Hornets,G,17,15,1,2,0,0,0,0
2026,2025-11-04,Scottie Barnes,Raptors,F,28,23,3,6,4,2,1,2
2026,2026-01-07,Isaiah Livers,Suns,F,3,0,0,0,0,0,1,0
2026,2026-01-25,Rob Dillingham,Timberwolves,G,5,3,1,0,0,0,0,0
2026,2025-10-27,Jaden McDaniels,Timberwolves,F,35,25,3,1,0,4,2,1
2026,2026-02-01,Marvin Bagley III,Wizards,F,19,15,6,2,1,1,0,2
2026,2026-01-11,Andre Drummond,76ers,C,20,0,5,0,0,1,0,2
2026,2025-11-24,Nigel Hayes-Davis,Suns,F,3,1,0,0,0,0,0,0
2026,2026-04-04,Carter Bryant,Spurs,F,5,0,2,0,1,0,0,1
2026,2025-11-30,Amari Williams,Celtics,F,6,0,2,0,0,0,0,1
2026,2025-11-04,Ochai Agbaji,Raptors,G,5,0,0,0,0,0,0,0
2026,2026-03-30,Adem Bona,76ers,C,14,2,3,0,0,1,0,4
2026,2026-01-02,Luguentz Dort,Thunder,G,26,11,3,0,1,0,0,2
2026,2026-02-01,Ryan Rollins,Bucks,G,36,25,6,7,1,0,3,2
2026,2026-02-11,Ace Bailey,Jazz,G,31,13,4,4,0,0,0,2
2026,2026-01-28,John Konchar,Grizzlies,G,25,8,6,3,2,2,1,0
2026,2026-02-19,James Harden,Cavaliers,G,28,16,5,9,3,0,2,2
2026,2026-02-03,Marvin Bagley III,Wizards,F,16,11,6,1,0,0,1,1
2026,2025-11-19,Chris Youngblood,Thunder,G,2,3,0,0,0,0,0,0
2026,2026-02-09,Trendon Watford,76ers,F,25,12,2,3,0,0,0,3
2026,2025-11-24,Micah Peavy,Pelicans,G,20,10,3,2,4,0,0,1
2026,2026-01-02,Zion Williamson,Pelicans,F,31,35,8,2,2,2,0,1
2026,2025-11-15,Jaden McDaniels,Timberwolves,F,33,15,4,3,2,2,0,5
2026,2026-03-03,Mark Williams,Suns,C,22,10,9,0,1,0,1,0
2026,2026-04-02,Tre Mann,Hornets,G,3,2,0,0,0,0,0,0
2026,2026-02-25,Will Richard,Warriors,G,30,21,5,6,3,0,1,2
2026,2026-01-11,Julian Champagnie,Spurs,F,36,14,10,1,0,0,1,1
2026,2025-12-15,Dwight Powell,Mavericks,F,24,7,9,0,0,0,0,3
2026,2026-03-27,Zion Williamson,Pelicans,F,31,22,7,4,0,0,2,2
2026,2025-11-23,Isaiah Livers,Suns,F,19,5,1,1,3,1,0,2
2026,2026-03-16,LeBron James,Lakers,F,33,18,5,5,2,0,1,4
2026,2026-02-10,Khris Middleton,Mavericks,F,22,13,5,2,0,0,1,2
2026,2026-01-28,Ja'Kobe Walter,Raptors,G,20,0,1,1,0,0,0,2
2026,2026-04-08,Luke Kornet,Spurs,C,26,10,5,6,2,1,0,0
2026,2026-03-06,Nikola Jokic,Nuggets,C,31,38,8,5,2,0,3,1
2026,2026-01-13,Gary Trent Jr.,Bucks,G,14,6,0,1,0,0,0,0
2026,2026-03-18,Chet Holmgren,Thunder,C,22,11,2,1,1,1,3,3
2026,2025-12-15,Davion Mitchell,Heat,G,32,12,4,4,2,1,2,2
2026,2026-01-31,Max Christie,Mavericks,G,32,11,2,1,0,1,2,1
2026,2026-02-28,Moses Moody,Warriors,G,30,12,3,3,2,0,2,2
2026,2025-10-27,Chris Youngblood,Thunder,G,0,0,0,0,0,0,0,0
2026,2026-01-23,Jaylon Tyson,Cavaliers,G,36,17,7,4,0,0,3,3
2026,2026-03-30,Brice Sensabaugh,Jazz,F,26,18,4,5,1,1,2,4
2026,2026-01-22,Matas Buzelis,Bulls,F,28,12,6,3,1,0,0,2
2026,2025-12-31,Alex Sarr,Wizards,C,28,20,11,2,0,4,2,2
2026,2026-03-13,Devin Booker,Suns,G,34,31,3,0,0,1,5,4
2026,2026-03-25,Khris Middleton,Mavericks,F,18,11,3,5,0,0,1,1
2026,2026-02-20,Matisse Thybulle,Trail Blazers,G,13,5,2,1,3,0,2,1
2026,2026-03-29,Ochai Agbaji,Nets,G,25,18,1,0,0,0,0,1
2026,2025-11-28,Cole Anthony,Bucks,G,7,7,0,2,1,0,1,3
2026,2026-02-28,Brandin Podziemski,Warriors,G,30,9,7,6,1,0,1,2
2026,2026-03-13,Bez Mbeng,Jazz,G,34,4,4,4,2,1,3,1
2026,2026-03-20,Caris LeVert,Pistons,G,21,5,2,5,1,1,1,2
2026,2025-11-26,Kel'el Ware,Heat,C,26,11,9,0,2,1,1,2
2026,2026-02-09,Kevin Huerter,Pistons,G,13,0,3,1,1,0,0,0
2026,2025-11-05,Micah Peavy,Pelicans,G,18,0,3,0,0,0,0,3
2026,2026-04-07,LaMelo Ball,Hornets,G,37,36,5,6,1,0,4,4
2026,2026-03-09,Kawhi Leonard,Clippers,F,35,29,7,8,2,0,1,3
2026,2025-11-21,Pelle Larsson,Heat,G,26,16,2,7,2,0,0,5
2026,2026-03-19,Moritz Wagner,Magic,F,19,5,1,1,0,0,0,2
2026,2026-03-22,Donovan Clingan,Trail Blazers,C,25,18,13,1,0,0,2,1
2026,2025-10-31,Collin Murray-Boyles,Raptors,F,20,6,4,0,0,0,0,3
2026,2025-12-30,Kris Dunn,Clippers,G,21,10,6,1,2,0,0,3
2026,2025-11-03,Myles Turner,Bucks,C,32,9,7,1,0,5,2,3
2026,2026-03-23,Paolo Banchero,Magic,F,37,39,4,6,1,0,5,0
2026,2025-11-10,Lauri Markkanen,Jazz,F,35,21,8,3,1,0,1,4
2026,2026-01-28,Onyeka Okongwu,Hawks,F,29,17,6,3,2,1,2,2
2026,2026-02-11,Kenrich Williams,Thunder,G,23,15,6,2,1,0,1,0
2026,2026-03-14,Jayson Tatum,Celtics,F,32,20,14,7,2,0,1,2
2026,2026-03-17,Goga Bitadze,Magic,C,6,0,1,1,0,0,0,0
2026,2026-01-20,Garrett Temple,Raptors,G,2,0,0,1,0,0,0,0
2026,2026-03-06,Dalton Knecht,Lakers,F,4,3,1,1,0,0,1,0
2026,2025-11-07,Quinten Post,Warriors,C,20,14,3,1,0,0,0,2
2026,2025-12-14,Bub Carrington,Wizards,G,36,11,3,5,1,0,1,0
2026,2026-03-18,Jalen Wilson,Nets,F,19,15,5,0,0,0,1,3
2026,2025-12-12,Ausar Thompson,Pistons,G,21,12,6,1,2,2,3,1
2026,2026-04-12,Miles Bridges,Hornets,F,24,7,1,2,0,0,0,1
2026,2026-02-26,Harrison Barnes,Spurs,F,16,3,0,1,1,0,0,0
2026,2026-02-22,Kenrich Williams,Thunder,G,18,8,2,1,0,0,1,0
2026,2025-10-27,Moses Moody,Warriors,G,22,20,2,1,1,2,2,2
2026,2026-01-02,LeBron James,Lakers,F,36,31,9,6,0,0,4,3
2026,2026-03-23,Jaxson Hayes,Lakers,C,21,11,3,1,2,4,1,3
2026,2026-02-12,Blake Wesley,Trail Blazers,G,4,0,0,0,0,0,0,0
2026,2025-12-03,John Collins,Clippers,F,32,15,9,1,2,1,1,2
2026,2026-03-17,Norman Powell,Heat,G,31,17,6,3,0,1,0,3
2026,2026-01-14,Keyonte George,Jazz,G,34,25,3,7,1,0,2,2
2026,2026-03-25,Keon Ellis,Cavaliers,G,37,17,2,1,2,0,0,2
2026,2026-01-05,Brandon Miller,Hornets,F,31,28,6,1,2,2,3,3
2026,2025-12-08,Keon Ellis,Kings,G,15,3,1,0,0,0,0,0
2026,2026-01-25,Harrison Barnes,Spurs,F,19,5,1,3,0,0,0,0
2026,2026-03-05,Jaime Jaquez Jr.,Heat,F,33,18,7,7,0,0,2,1
2026,2026-04-12,Coby White,Hornets,G,16,19,1,2,0,0,2,1
2026,2026-01-14,Ace Bailey,Jazz,G,31,10,3,3,0,0,0,1
2026,2026-04-02,Jalen Duren,Pistons,C,36,22,14,4,1,2,5,3
2026,2025-11-09,Anthony Black,Magic,G,20,4,3,0,1,0,1,2
2026,2026-01-10,Kon Knueppel,Hornets,G,18,12,0,6,3,0,0,1
2026,2025-11-30,Keldon Johnson,Spurs,F,26,22,8,2,2,0,1,0
2026,2025-11-03,Ben Sheppard,Pacers,G,20,5,1,2,1,0,0,2
2026,2026-03-10,Jaden McDaniels,Timberwolves,F,26,6,2,0,1,0,2,3
2026,2026-03-27,Anthony Gill,Wizards,F,25,14,1,3,2,1,1,0
2026,2026-01-07,Draymond Green,Warriors,F,29,14,3,7,1,0,1,5
2026,2026-02-12,Drew Timme,Lakers,F,2,0,0,1,0,0,0,0
2026,2026-03-05,Clint Capela,Rockets,C,12,4,3,1,0,0,0,0
2026,2025-12-26,Tre Jones,Bulls,G,24,15,6,2,1,0,0,1
2026,2025-11-01,Keon Ellis,Kings,G,16,3,1,1,2,0,0,1
2026,2026-03-18,Lachlan Olbrich,Bulls,C,8,2,2,0,2,0,0,1
2026,2026-02-11,Jalen Williams,Thunder,G,20,28,4,5,0,0,1,1
2026,2026-01-11,Micah Peavy,Pelicans,G,19,2,1,3,0,0,0,3
2026,2026-03-16,Victor Wembanyama,Spurs,F,34,21,13,2,1,4,3,0
2026,2026-02-24,Egor Demin,Nets,G,28,3,5,2,1,0,0,2
2026,2025-12-02,Jaylen Wells,Grizzlies,F,28,20,1,2,0,0,0,3
2026,2025-12-14,Bones Hyland,Timberwolves,G,36,18,3,5,0,1,2,5
2026,2025-12-01,Kevin Porter Jr.,Bucks,G,31,30,4,5,3,0,1,2
2026,2026-01-07,Brandin Podziemski,Warriors,G,22,2,6,4,1,0,0,1
2026,2026-03-10,Obi Toppin,Pacers,F,15,17,5,1,0,0,0,0
2026,2026-01-15,Dyson Daniels,Hawks,G,33,10,5,1,1,0,1,1
2026,2025-11-05,Guerschon Yabusele,Knicks,F,9,5,1,0,0,0,0,2
2026,2026-04-08,Kobe Sanders,Clippers,G,24,17,2,1,2,1,1,2
2026,2025-10-25,DaRon Holmes II,Nuggets,F,3,3,0,0,0,0,0,1
2026,2026-03-16,Jaylen Brown,Celtics,G,40,41,7,6,1,1,4,0
2026,2026-03-25,Gui Santos,Warriors,F,35,31,3,1,2,1,5,1
2026,2026-01-31,Christian Koloko,Hawks,C,16,0,4,0,0,0,0,2
2026,2026-02-15,Jalen Duren,Team Stars,C,7,6,4,0,0,0,0,0
2026,2025-12-14,Miles Bridges,Hornets,F,39,20,10,6,1,0,2,1
2026,2026-01-07,Kon Knueppel,Hornets,G,33,11,8,3,0,1,1,3
2026,2026-01-06,Nae'Qwan Tomlin,Cavaliers,F,21,7,3,1,0,1,1,2
2026,2026-03-06,Lindy Waters III,Spurs,F,4,0,1,0,0,0,0,0
2026,2025-12-02,Trey Alexander,Pelicans,G,12,7,2,1,1,0,0,1
2026,2026-04-10,Gui Santos,Warriors,F,27,7,3,6,2,0,0,4
2026,2026-01-08,Taylor Hendricks,Jazz,F,4,3,2,0,0,0,0,0
2026,2026-02-08,Enrique Freeman,Timberwolves,F,4,0,2,0,0,0,0,0
2026,2026-01-03,Taylor Hendricks,Jazz,F,12,1,2,3,0,0,1,2
2026,2025-12-19,Ajay Mitchell,Thunder,G,23,14,2,2,0,0,0,5
2026,2026-01-25,Day'Ron Sharpe,Nets,C,20,8,6,2,4,1,2,3
2026,2026-03-29,Pete Nance,Bucks,F,39,5,3,1,2,0,2,2
2026,2025-11-26,Kenrich Williams,Thunder,G,13,0,4,1,0,0,0,2
2026,2026-02-22,Matas Buzelis,Bulls,F,26,15,4,0,0,0,3,3
2026,2026-03-02,Julian Strawther,Nuggets,G,29,15,1,1,0,0,1,2
2026,2025-12-27,Naz Reid,Timberwolves,C,29,13,4,1,0,0,1,4
2026,2025-12-12,Julius Randle,Timberwolves,F,34,27,9,6,0,0,3,2
2026,2025-12-03,Alperen Sengun,Rockets,C,30,28,10,3,4,0,3,3
2026,2026-03-24,Miles Bridges,Hornets,F,24,9,8,4,0,0,2,2
2026,2026-04-02,Kawhi Leonard,Clippers,F,32,24,6,5,2,0,0,0
2026,2025-10-23,Isaiah Hartenstein,Thunder,C,37,5,14,2,0,0,2,5
2026,2025-12-28,Ausar Thompson,Pistons,G,24,6,6,1,2,1,2,3
2026,2025-12-23,Duop Reath,Trail Blazers,C,5,0,0,1,1,0,0,2
2026,2026-03-10,Kobe Brown,Pacers,G,21,5,4,0,1,0,3,4
2026,2026-01-15,Kevin Durant,Rockets,F,37,19,7,3,3,1,2,0
2026,2026-03-29,Sandro Mamukelashvili,Raptors,F,21,19,4,0,3,0,3,1
2026,2026-03-01,Desmond Bane,Magic,G,38,17,4,7,1,0,2,2
2026,2026-02-25,JD Davison,Rockets,G,5,2,2,2,0,0,0,0
2026,2025-12-21,Egor Demin,Nets,G,30,16,5,3,2,0,4,1
2026,2026-02-26,De'Aaron Fox,Spurs,G,25,14,1,6,2,0,0,2
2026,2025-12-25,Luka Doncic,Lakers,G,34,25,5,7,1,2,6,2
2026,2026-03-03,Bub Carrington,Wizards,G,32,11,3,5,1,0,2,3
2026,2026-02-22,Koby Brea,Suns,G,2,3,0,0,0,0,0,0
2026,2026-01-24,Patrick Williams,Bulls,F,16,10,1,0,0,0,0,2
2026,2026-03-18,Rui Hachimura,Lakers,F,21,8,3,0,0,1,0,1
2026,2026-02-24,Gary Payton II,Warriors,G,12,4,3,2,0,0,1,1
2026,2026-03-08,Matisse Thybulle,Trail Blazers,G,8,0,0,1,1,0,1,0
2026,2026-01-29,Pete Nance,Bucks,F,20,13,6,1,1,0,0,2
2026,2026-03-20,Nic Claxton,Nets,C,22,8,7,0,0,0,2,2
2026,2025-10-31,Joel Embiid,76ers,C,25,20,6,3,0,2,4,2
2026,2026-01-15,Grayson Allen,Suns,G,31,33,5,0,0,3,2,4
2026,2025-11-24,Jock Landale,Grizzlies,C,31,26,10,2,0,0,1,3
2026,2025-10-31,Ochai Agbaji,Raptors,G,17,3,7,2,1,1,1,3
2026,2026-02-19,Dorian Finney-Smith,Rockets,F,23,8,4,1,1,0,2,1
2026,2025-12-26,Jamison Battle,Raptors,F,10,0,0,1,0,0,0,1
2026,2026-01-14,Gradey Dick,Raptors,G,30,21,11,3,0,0,1,2
2026,2026-03-19,Nae'Qwan Tomlin,Cavaliers,F,11,0,0,0,0,0,0,0
2026,2025-12-20,Josh Okogie,Rockets,G,29,9,3,1,0,1,0,4
2026,2026-03-20,Josh Minott,Nets,F,26,22,5,2,1,2,3,4
2026,2026-01-21,Sandro Mamukelashvili,Raptors,F,32,22,9,4,0,0,1,2
2026,2026-02-10,Daniel Gafford,Mavericks,F,17,4,4,0,1,3,4,4
2026,2026-03-21,Kenrich Williams,Thunder,G,14,11,3,0,0,0,0,1
2026,2026-03-05,Jaden Hardy,Wizards,G,11,4,1,1,0,0,0,0
2026,2026-03-14,Luke Kennard,Lakers,G,16,3,1,2,0,0,0,0
2026,2025-12-05,Mikal Bridges,Knicks,G,20,10,5,3,1,0,1,3
2026,2025-10-29,Ausar Thompson,Pistons,G,29,12,11,6,1,1,1,4
2026,2026-02-22,Mouhamed Gueye,Hawks,F,10,0,0,1,1,0,0,0
2026,2025-12-31,T.J. McConnell,Pacers,G,17,4,1,8,1,1,3,1
2026,2025-10-30,Jonathan Kuminga,Warriors,F,34,24,8,4,0,1,5,2
2026,2026-02-01,Craig Porter Jr.,Cavaliers,G,28,3,4,12,5,2,1,2
2026,2025-12-06,Jaime Jaquez Jr.,Heat,F,35,27,6,6,0,0,2,3
2026,2026-04-05,Drake Powell,Nets,G,29,13,1,2,3,0,0,2
2026,2026-03-29,Will Riley,Wizards,G,26,14,1,1,2,0,0,2
2026,2026-04-12,Moussa Diabate,Hornets,F,26,4,9,3,0,2,0,1
2026,2025-12-16,Stephon Castle,Spurs,G,35,15,7,12,0,1,2,4
2026,2026-03-21,Dru Smith,Heat,G,7,2,0,2,0,1,0,1
2026,2025-12-30,Justin Edwards,76ers,F,4,0,0,0,1,0,0,1
2026,2025-12-20,Ja'Kobe Walter,Raptors,G,15,7,0,0,0,1,0,2
2026,2026-02-11,Rudy Gobert,Timberwolves,C,28,17,8,1,0,0,1,0
2026,2025-12-23,Ayo Dosunmu,Bulls,G,16,6,2,2,0,0,1,1
2026,2026-03-31,Kon Knueppel,Hornets,G,25,8,7,0,1,1,1,1
2026,2026-03-11,Thomas Bryant,Cavaliers,C,19,12,5,0,0,1,0,1
2026,2026-03-15,Kobe Brown,Pacers,G,25,9,6,5,0,0,2,2
2026,2026-03-16,Wendell Carter Jr.,Magic,C,28,17,3,1,1,0,2,1
2026,2026-01-09,Kyle Kuzma,Bucks,F,23,13,3,2,1,0,1,2
2026,2026-01-23,Cole Anthony,Bucks,G,16,9,2,5,1,1,1,3
2026,2026-04-12,Brooks Barnhizer,Thunder,F,26,5,2,1,2,1,0,0
2026,2026-02-22,Paolo Banchero,Magic,F,37,16,7,8,0,0,2,1
2026,2026-01-16,Tony Bradley,Pacers,C,19,3,9,3,0,2,0,1
2026,2025-10-28,Khris Middleton,Wizards,F,31,13,10,3,0,0,2,4
2026,2026-04-05,Josh Minott,Nets,F,18,15,1,1,2,3,1,1
2026,2026-02-09,Jarred Vanderbilt,Lakers,F,17,2,2,0,1,1,2,3
2026,2026-01-11,Nique Clifford,Kings,G,22,8,2,0,0,0,0,1
2026,2025-12-01,Jamal Murray,Nuggets,G,26,10,4,9,1,0,3,1
2026,2026-02-21,Tari Eason,Rockets,F,35,11,12,4,0,0,2,3
2026,2026-04-05,Jake LaRavia,Lakers,F,36,14,5,1,2,0,2,6
2026,2026-03-02,Jordan Miller,Clippers,G,25,12,6,0,0,1,1,0
2026,2026-03-20,Tari Eason,Rockets,F,25,10,10,2,1,1,2,2
2026,2026-02-03,Isaiah Livers,Suns,F,9,0,1,0,0,0,0,1
2026,2026-03-03,Scottie Barnes,Raptors,F,36,14,4,1,3,1,3,2
2026,2025-11-15,Alex Caruso,Thunder,G,2,0,0,0,0,0,0,0
2026,2025-12-29,Dean Wade,Cavaliers,F,25,10,5,0,0,0,0,1
2026,2026-01-07,LaMelo Ball,Hornets,G,25,15,7,7,1,0,1,1
2026,2026-03-16,AJ Johnson,Mavericks,G,12,4,2,1,0,1,1,2
2026,2026-01-20,Isaiah Collier,Jazz,G,26,18,4,10,1,1,1,3
2026,2026-01-28,Desmond Bane,Magic,G,37,23,1,5,2,0,1,2
2026,2026-02-08,Pascal Siakam,Pacers,F,24,18,4,2,0,0,2,0
2026,2025-12-23,Isaiah Collier,Jazz,G,26,8,3,9,1,0,5,4
2026,2026-04-04,VJ Edgecombe,76ers,G,35,19,6,1,2,1,3,1
2026,2026-03-08,Daeqwon Plowden,Kings,G,35,16,3,2,0,0,1,4
2026,2025-12-15,Sandro Mamukelashvili,Raptors,F,19,11,7,0,2,0,1,1
2026,2025-12-26,Cam Spencer,Grizzlies,G,26,19,5,5,1,0,3,1
2026,2025-12-29,Liam McNeeley,Hornets,G,12,7,5,2,0,0,0,2
2026,2025-10-30,Will Riley,Wizards,G,5,2,0,1,0,0,0,0
2026,2025-12-27,Derik Queen,Pelicans,C,27,21,11,3,1,1,4,4
2026,2026-01-09,Mitchell Robinson,Knicks,C,24,8,14,1,0,0,1,3
2026,2025-11-14,Davion Mitchell,Heat,G,33,11,4,11,1,0,1,3
2026,2025-12-18,Jamir Watkins,Wizards,G,8,2,0,0,1,0,0,1
2026,2025-10-29,Larry Nance Jr.,Cavaliers,F,14,0,2,2,0,0,0,3
2026,2026-02-01,Ausar Thompson,Pistons,G,25,9,8,3,3,2,0,1
2026,2026-04-08,Jordan Miller,Clippers,G,30,16,3,6,0,0,1,1
2026,2026-02-11,Thomas Bryant,Cavaliers,C,16,6,6,1,0,1,0,0
2026,2026-03-29,Andrew Wiggins,Heat,F,37,15,6,5,2,2,1,3
2026,2026-02-22,Josh Green,Hornets,G,23,12,4,1,2,0,0,1
2026,2025-10-31,Rui Hachimura,Lakers,F,38,9,3,1,1,1,1,4
2026,2026-04-09,Sharife Cooper,Wizards,G,14,9,2,4,3,1,2,0
2026,2026-02-09,Jalen Pickett,Nuggets,G,12,3,0,0,0,0,0,1
2026,2026-03-01,Deandre Ayton,Lakers,C,18,12,4,2,2,1,1,0
2026,2025-12-07,OG Anunoby,Knicks,F,28,21,7,0,3,0,0,4
2026,2026-03-30,Royce O'Neale,Suns,F,24,9,4,1,0,0,1,2
2026,2026-01-06,Jordan McLaughlin,Spurs,G,4,3,0,1,1,0,1,0
2026,2025-11-10,Jaden McDaniels,Timberwolves,F,35,16,6,3,2,0,1,4
2026,2026-01-09,Goga Bitadze,Magic,C,12,2,3,0,1,2,0,2
2026,2026-03-09,Tyrese Martin,76ers,G,17,4,2,1,1,1,3,0
2026,2026-02-06,Kris Dunn,Clippers,G,33,15,1,5,0,0,2,2
2026,2026-03-23,Blake Wesley,Trail Blazers,G,20,9,2,5,0,0,2,2
2026,2025-11-13,Tyrese Proctor,Cavaliers,G,11,7,0,1,0,0,0,2
2026,2026-03-04,Norchad Omier,Clippers,F,5,2,3,0,0,0,0,0
2026,2026-03-25,Bones Hyland,Timberwolves,G,30,8,0,8,0,1,1,0
2026,2025-10-25,Caleb Houstan,Hawks,G,2,0,0,0,0,0,0,0
2026,2025-10-27,Gui Santos,Warriors,F,6,3,1,0,1,0,0,1
2026,2026-02-08,Ayo Dosunmu,Timberwolves,G,25,11,1,1,2,0,1,3
2026,2025-12-12,Bones Hyland,Timberwolves,G,5,3,0,2,0,0,0,1
2026,2025-11-02,Jamison Battle,Raptors,F,2,0,0,0,0,0,0,1
2026,2026-03-10,Ty Jerome,Grizzlies,G,25,26,2,8,0,0,4,2
2026,2026-02-02,Brook Lopez,Clippers,C,20,13,1,1,0,1,1,5
2026,2026-02-09,Corey Kispert,Hawks,F,31,12,7,4,0,1,1,2
2026,2026-01-04,Christian Koloko,Grizzlies,C,13,6,2,0,2,0,1,5
2026,2025-12-27,Kyle Kuzma,Bucks,F,23,12,2,4,0,1,1,1
2026,2026-01-08,Josh Green,Hornets,G,18,3,0,0,1,0,1,1
2026,2026-04-02,Rasheer Fleming,Suns,F,8,3,0,0,0,0,1,0
2026,2026-03-20,Jalen Johnson,Hawks,F,32,14,5,3,1,0,4,1
2026,2026-03-10,Scottie Barnes,Raptors,F,36,24,5,2,1,0,3,3
2026,2025-11-05,Andrew Wiggins,Heat,F,32,22,4,5,2,1,0,4
2026,2025-10-25,Kentavious Caldwell-Pope,Grizzlies,G,23,10,4,5,1,0,1,1
2026,2026-03-15,AJ Green,Bucks,G,24,12,2,1,0,0,1,0
2026,2026-03-24,Dennis Schroder,Cavaliers,G,16,6,1,2,0,0,0,1
2026,2026-02-05,Aaron Holiday,Rockets,G,8,0,1,1,1,0,0,0
2026,2025-10-31,Mikal Bridges,Knicks,G,38,23,4,6,0,1,1,4
2026,2026-01-28,Isaiah Collier,Jazz,G,30,12,3,6,4,0,3,1
2026,2026-04-09,Will Riley,Wizards,G,38,23,9,7,3,3,3,4
2026,2025-12-05,Derrick White,Celtics,G,30,19,5,6,0,1,3,2
2026,2026-03-17,Evan Mobley,Cavaliers,C,33,27,15,2,0,3,0,2
2026,2026-03-08,Tre Jones,Bulls,G,32,12,1,5,1,0,0,0
2026,2026-01-29,Daniss Jenkins,Pistons,G,23,6,3,5,0,0,1,2
2026,2026-01-25,Norman Powell,Heat,G,31,16,10,1,1,0,2,1
2026,2026-03-19,Kel'el Ware,Heat,C,21,14,9,1,0,0,0,1
2026,2025-12-23,Tre Johnson,Wizards,G,21,12,3,2,1,0,0,0
2026,2025-10-31,Jaren Jackson Jr.,Grizzlies,F,32,15,4,1,0,0,2,6
2026,2026-04-05,Collin Sexton,Bulls,G,31,18,9,1,3,0,5,5
2026,2026-01-22,Trendon Watford,76ers,F,11,4,3,3,0,1,0,0
2026,2025-10-22,Jarrett Allen,Cavaliers,C,28,4,4,1,2,0,1,0
2026,2026-03-30,Amari Williams,Celtics,F,13,4,7,1,1,1,1,2
2026,2025-10-29,D'Angelo Russell,Mavericks,G,20,14,2,5,1,0,4,1
2026,2026-03-29,Jett Howard,Magic,G,19,9,0,0,0,0,1,1
2026,2026-03-24,Josh Green,Hornets,G,17,6,0,1,1,0,1,0
2026,2025-11-14,Kon Knueppel,Hornets,G,41,32,3,3,3,0,2,3
2026,2026-03-08,Trevor Keels,Heat,G,1,0,1,0,0,0,0,0
2026,2026-04-01,AJ Green,Bucks,G,46,15,8,2,0,0,2,3
2026,2025-12-11,Jordan Poole,Pelicans,G,26,22,1,3,1,1,1,2
2026,2025-10-30,Cason Wallace,Thunder,G,27,12,5,3,4,2,0,2
2026,2025-11-02,Jamal Shead,Raptors,G,16,9,0,5,0,0,0,3
2026,2025-11-10,Cooper Flagg,Mavericks,F,35,26,9,4,2,1,1,2
2026,2026-03-12,Giannis Antetokounmpo,Bucks,F,29,31,6,3,1,1,3,2
2026,2026-04-12,Jrue Holiday,Trail Blazers,G,33,23,7,3,0,1,4,2
2026,2026-02-19,Noah Clowney,Nets,F,20,8,1,2,0,0,1,2
2026,2025-12-06,Luke Travers,Cavaliers,F,5,2,2,0,0,0,0,0
2026,2025-10-27,Brice Sensabaugh,Jazz,F,12,3,2,1,0,0,1,1
2026,2025-11-19,Yves Missi,Pelicans,C,12,7,8,2,0,0,0,4
2026,2026-02-28,Kris Murray,Trail Blazers,F,17,2,4,0,0,0,1,1
2026,2026-01-31,T.J. McConnell,Pacers,G,16,6,3,4,2,0,1,1
2026,2025-12-12,Tony Bradley,Pacers,C,9,2,2,1,1,0,0,1
2026,2026-04-08,Cedric Coward,Grizzlies,F,22,27,6,2,1,0,0,2
2026,2025-11-30,Cedric Coward,Grizzlies,F,29,10,7,2,0,0,2,2
2026,2025-11-03,Deandre Ayton,Lakers,C,31,29,10,2,0,3,3,5
2026,2026-02-26,Adem Bona,76ers,C,15,4,3,0,0,1,2,3
2026,2025-11-08,Trey Murphy III,Pelicans,F,38,41,9,3,1,0,1,1
2026,2025-12-03,Dyson Daniels,Hawks,G,35,15,3,2,2,0,3,2
2026,2026-03-05,Jake LaRavia,Lakers,F,10,2,0,1,0,0,0,2
2026,2026-01-07,Marvin Bagley III,Wizards,F,16,9,9,1,0,1,1,0
2026,2025-11-17,Isaac Okoro,Bulls,F,20,2,1,1,0,1,0,0
2026,2025-12-16,Harrison Barnes,Spurs,F,23,11,3,2,1,1,0,0
2026,2025-11-20,Dennis Schroder,Kings,G,25,3,2,6,0,1,3,2
2026,2026-04-05,LaMelo Ball,Hornets,G,31,35,3,8,1,0,4,2
2026,2026-02-03,Jonathan Isaac,Magic,F,14,0,2,0,0,1,0,1
2026,2025-11-25,Desmond Bane,Magic,G,29,15,2,6,2,0,2,4
2026,2025-12-01,Reed Sheppard,Rockets,G,23,9,2,2,1,0,0,3
2026,2026-02-25,Clint Capela,Rockets,C,13,2,4,0,0,1,1,0
2026,2025-11-30,Mitchell Robinson,Knicks,C,17,2,15,0,0,0,0,1
2026,2026-03-23,Bez Mbeng,Jazz,G,31,3,3,1,1,0,0,2
2026,2025-10-29,Drew Eubanks,Kings,F,16,5,3,0,0,1,0,2
2026,2026-04-08,Max Christie,Mavericks,G,33,18,2,2,1,1,0,0
2026,2026-01-08,LaMelo Ball,Hornets,G,27,33,3,8,3,0,3,3
2026,2026-03-03,Nolan Traore,Nets,G,23,14,2,0,0,0,6,2
2026,2026-01-07,Stephen Curry,Warriors,G,34,31,6,7,0,0,1,0
2026,2026-04-12,Gary Payton II,Warriors,G,12,2,2,1,1,0,0,2
2026,2026-03-25,Brandin Podziemski,Warriors,G,35,22,6,5,0,0,3,3
2026,2026-03-13,Jonathan Mogbo,Raptors,F,1,0,0,0,0,0,0,0
2026,2026-02-07,Jordan McLaughlin,Spurs,G,4,0,0,0,0,0,0,0
2026,2026-02-19,Adem Bona,76ers,C,20,9,7,0,0,4,1,2
2026,2026-03-17,Sharife Cooper,Wizards,G,27,7,6,6,0,0,2,1
2026,2025-12-22,Tyrese Proctor,Cavaliers,G,2,2,0,0,0,0,0,0
2026,2026-02-27,John Tonje,Celtics,G,5,2,2,1,0,0,0,0
2026,2025-11-29,Payton Pritchard,Celtics,G,31,9,5,4,1,1,0,0
2026,2026-01-30,Ace Bailey,Jazz,G,29,12,2,0,2,0,0,2
2026,2025-11-13,Nickeil Alexander-Walker,Hawks,G,30,16,2,5,2,2,2,0
2026,2025-12-29,Kevon Looney,Pelicans,F,24,2,9,3,0,2,0,1
2026,2025-11-15,Andrew Nembhard,Pacers,G,31,22,4,5,0,1,1,2
2026,2026-03-06,Nikola Vucevic,Celtics,C,2,0,0,0,0,0,0,0
2026,2026-02-25,DaRon Holmes II,Nuggets,F,3,5,1,0,0,0,0,0
2026,2025-12-14,Justin Edwards,76ers,F,9,0,2,1,1,1,0,1
2026,2026-01-06,Malaki Branham,Wizards,G,3,0,1,0,0,0,0,1
2026,2026-03-22,Jalen Brunson,Knicks,G,28,23,0,4,1,0,2,2
2026,2026-01-05,Brice Sensabaugh,Jazz,F,23,8,5,4,1,0,3,0
2026,2025-11-26,Tyler Kolek,Knicks,G,15,7,0,3,0,0,1,0
2026,2026-02-05,Collin Gillespie,Suns,G,33,11,3,4,1,0,1,0
2026,2026-02-11,Jonas Valanciunas,Nuggets,C,14,9,6,0,0,0,1,2
2026,2025-11-09,Cody Martin,Pacers,SF,28,2,6,2,3,0,4,3
2026,2025-11-14,Sion James,Hornets,G,42,12,7,3,5,0,2,2
2026,2026-02-24,Jared McCain,Thunder,G,10,5,4,0,1,0,1,2
2026,2026-03-11,Josh Okogie,Rockets,G,24,12,4,3,1,1,0,2
2026,2025-10-26,Daniss Jenkins,Pistons,G,10,0,0,1,1,0,1,2
2026,2025-11-26,Royce O'Neale,Suns,F,32,9,4,4,3,1,2,0
2026,2026-01-15,Carter Bryant,Spurs,F,20,2,5,0,1,0,1,1
2026,2026-01-22,Stephen Curry,Warriors,G,34,38,4,1,0,0,2,2
2026,2026-03-06,Jarred Vanderbilt,Lakers,F,21,2,8,3,1,0,1,2
2026,2026-02-05,Ziaire Williams,Nets,F,17,1,2,0,3,1,2,0
2026,2025-10-25,Devin Booker,Suns,G,37,31,3,7,0,0,9,1
2026,2026-01-02,Kentavious Caldwell-Pope,Grizzlies,G,23,20,5,2,2,0,1,4
2026,2026-04-07,Collin Sexton,Bulls,G,30,15,9,7,4,0,3,4
2026,2025-12-14,Herbert Jones,Pelicans,F,20,10,2,1,0,0,1,2
2026,2025-11-21,RayJ Dennis,Pacers,G,1,0,0,0,0,0,0,0
2026,2026-02-07,Kenrich Williams,Thunder,G,8,3,2,1,0,0,4,2
2026,2026-03-03,Jamal Shead,Raptors,G,24,4,3,3,0,0,2,1
2026,2026-01-10,De'Aaron Fox,Spurs,G,36,21,9,6,1,0,2,1
2026,2026-01-22,Pelle Larsson,Heat,G,29,6,3,6,0,0,1,1
2026,2026-02-22,Chet Holmgren,Thunder,C,34,17,15,4,1,3,2,1
2026,2026-02-27,Luguentz Dort,Thunder,G,28,8,6,1,1,0,1,5
2026,2026-03-29,Justin Champagnie,Wizards,F,24,10,2,1,0,1,0,2
2026,2026-01-20,Harrison Barnes,Spurs,F,25,6,2,1,1,1,1,0
2026,2026-03-08,Julian Reese,Wizards,F,26,5,9,3,1,2,2,3
2026,2026-03-27,DeJon Jarreau,Grizzlies,G,15,4,6,3,0,0,1,4
2026,2026-01-04,Tyus Jones,Magic,G,14,3,0,2,0,1,0,0
2026,2026-03-03,Mitchell Robinson,Knicks,C,20,2,10,0,2,0,1,1
2026,2026-02-07,LeBron James,Lakers,F,35,20,7,10,1,1,7,1
2026,2025-11-05,D'Angelo Russell,Mavericks,G,21,9,0,3,0,1,2,3
2026,2025-12-29,Bobby Portis,Bucks,F,23,25,2,1,0,0,1,3
2026,2026-01-13,Jeremy Sochan,Spurs,F,2,0,1,0,0,0,0,0
2026,2026-03-05,Rui Hachimura,Lakers,F,29,16,2,3,1,0,1,3
2026,2026-03-08,Jayson Tatum,Celtics,F,27,20,3,2,0,0,1,1
2026,2026-03-19,Goga Bitadze,Magic,C,19,4,2,1,1,1,0,4
2026,2026-01-25,Domantas Sabonis,Kings,F,25,12,7,8,2,0,2,2
2026,2026-02-04,Kobe Brown,Clippers,G,9,10,0,0,0,0,3,1
2026,2025-10-28,Dru Smith,Heat,G,16,5,0,5,2,0,1,1
2026,2026-01-03,Brice Sensabaugh,Jazz,F,27,12,2,2,2,0,4,2
2026,2026-03-22,Tristan Vukcevic,Wizards,F,15,13,1,1,0,0,1,3
2026,2025-12-09,Tristan da Silva,Magic,F,28,11,7,2,0,0,3,2
2026,2025-11-28,Keaton Wallace,Hawks,G,9,0,0,2,0,0,0,1
2026,2025-12-25,Kevin Durant,Rockets,F,33,25,4,8,1,2,3,1
2026,2025-11-17,Craig Porter Jr.,Cavaliers,G,20,11,1,0,2,0,1,0
2026,2026-03-01,Grant Nelson,Nets,F,20,11,4,1,1,3,2,4
2026,2025-11-21,Devin Booker,Suns,G,35,16,3,10,1,0,9,6
2026,2026-04-02,Paul Reed,Pistons,F,16,4,4,1,1,1,1,2
2026,2025-12-29,Sion James,Hornets,G,29,0,4,1,0,1,0,2
2026,2026-03-26,Moritz Wagner,Magic,F,5,0,1,0,0,0,0,0
2026,2026-01-07,Mouhamed Gueye,Hawks,F,31,10,11,6,4,2,5,3
2026,2026-02-04,Johnny Juzang,Timberwolves,G,2,0,0,0,0,0,1,0
2026,2025-12-01,Anthony Black,Magic,G,34,22,9,3,0,2,1,0
2026,2025-11-26,Tyler Herro,Heat,G,32,29,5,7,1,1,2,0
2026,2025-11-15,Bobby Portis,Bucks,F,18,8,6,0,0,0,0,2
2026,2025-11-08,Tre Jones,Bulls,G,30,17,6,4,1,0,2,4
2026,2026-03-11,Tyler Kolek,Knicks,G,3,0,1,1,0,0,0,0
2026,2025-11-19,Zeke Nnaji,Nuggets,F,27,2,4,0,2,1,0,2
2026,2026-01-20,Luka Doncic,Lakers,G,36,38,13,10,2,0,3,2
2026,2025-12-06,Jeremiah Fears,Pelicans,G,33,14,2,5,1,0,1,0
2026,2025-11-21,Reed Sheppard,Rockets,G,37,27,0,4,2,0,1,2
2026,2026-01-11,Myron Gardner,Heat,F,2,0,0,0,0,0,0,0
2026,2026-01-08,Craig Porter Jr.,Cavaliers,G,15,4,1,2,0,1,0,0
2026,2026-03-01,DeMar DeRozan,Kings,G,22,9,4,8,0,0,2,1
2026,2026-04-07,Ryan Kalkbrenner,Hornets,C,15,4,3,0,0,1,0,0
2026,2026-03-16,Jaxson Hayes,Lakers,C,12,0,0,0,1,0,0,1
2026,2026-01-28,Brandon Williams,Mavericks,G,24,17,5,3,0,0,2,2
2026,2025-12-06,Dwight Powell,Mavericks,F,18,4,3,0,0,0,2,2
2026,2025-11-12,Dru Smith,Heat,G,14,6,6,2,1,0,1,5
2026,2025-10-26,Jaylen Clark,Timberwolves,G,15,6,2,0,1,0,0,4
2026,2026-01-13,Keaton Wallace,Hawks,G,4,2,1,1,0,0,0,0
2026,2025-11-05,Jaden McDaniels,Timberwolves,F,32,13,4,3,0,0,3,4
2026,2025-11-12,Hunter Tyson,Nuggets,F,3,0,1,0,1,0,0,0
2026,2025-12-27,Jalen Wilson,Nets,F,1,0,0,0,0,0,0,0
2026,2026-03-23,Jrue Holiday,Trail Blazers,G,27,11,7,4,0,0,6,1
2026,2026-02-22,Jase Richardson,Magic,G,10,4,1,2,0,0,0,2
2026,2025-11-03,Cam Spencer,Grizzlies,G,15,13,2,3,0,0,3,0
2026,2026-04-06,Jalen Johnson,Hawks,F,41,21,11,5,1,0,5,0
2026,2026-02-11,Anthony Edwards,Timberwolves,G,33,14,4,2,2,1,2,2
2026,2025-11-12,Nae'Qwan Tomlin,Cavaliers,F,18,9,6,2,2,1,1,4
2026,2026-01-07,Cam Thomas,Nets,G,24,10,5,4,0,1,3,0
2026,2026-01-20,Brandin Podziemski,Warriors,G,22,11,3,2,1,1,2,2
2026,2026-03-06,Jeremy Sochan,Knicks,F,9,2,3,2,3,0,2,0
2026,2025-11-04,Ryan Dunn,Suns,F,31,10,2,1,3,2,1,2
2026,2026-01-29,Ausar Thompson,Pistons,G,25,6,4,6,0,0,1,2
2026,2025-11-12,Will Riley,Wizards,G,3,2,1,0,0,0,0,0
2026,2025-12-04,Terance Mann,Nets,G,18,3,4,2,0,0,0,0
2026,2025-10-25,Jalen Smith,Bulls,F,17,16,3,1,1,0,2,1
2026,2026-01-21,Nolan Traore,Nets,G,19,0,1,3,0,0,3,3
2026,2026-04-10,Kris Murray,Trail Blazers,F,20,10,7,2,1,0,2,1
2026,2026-03-16,Jordan Miller,Clippers,G,26,22,9,3,0,0,0,1
2026,2025-12-06,Marvin Bagley III,Wizards,F,19,6,3,2,1,1,1,3
2026,2025-10-31,Mitchell Robinson,Knicks,C,20,4,11,2,0,0,1,3
2026,2025-12-22,Sidy Cissoko,Trail Blazers,G,27,16,3,3,1,0,3,3
2026,2026-04-12,Kevin Huerter,Pistons,G,20,15,2,3,3,0,0,0
2026,2025-10-27,PJ Hall,Grizzlies,C,1,0,1,0,0,1,0,0
2026,2025-11-19,Tristan Vukcevic,Wizards,F,20,7,5,1,0,0,3,6
2026,2025-12-29,Micah Potter,Pacers,C,12,3,3,6,0,1,1,4
2026,2026-01-19,Luke Kornet,Spurs,C,22,7,7,4,1,3,1,0
2026,2026-01-26,Miles Bridges,Hornets,F,19,10,3,3,0,1,0,4
2026,2025-11-12,Draymond Green,Warriors,F,27,6,5,4,1,0,4,6
2026,2026-03-12,Isaiah Stewart,Pistons,F,21,13,5,4,0,2,2,4
2026,2026-04-10,Kennedy Chandler,Jazz,G,41,26,5,10,2,0,4,2
2026,2026-02-26,Leaky Black,Wizards,F,30,4,7,0,0,2,0,2
2026,2026-01-20,Dominick Barlow,76ers,F,28,8,5,2,2,0,1,2
2026,2026-02-11,Andre Drummond,76ers,C,11,2,4,0,1,0,2,0
2026,2025-12-21,Zaccharie Risacher,Hawks,F,24,17,2,2,0,0,2,3
2026,2026-03-10,Baylor Scheierman,Celtics,G,35,6,6,3,0,0,2,0
2026,2025-12-09,Norman Powell,Heat,G,34,21,7,2,3,0,1,3
2026,2025-11-19,Gui Santos,Warriors,F,18,4,6,0,0,1,2,2
2026,2025-12-06,Will Riley,Wizards,G,19,15,1,0,0,0,3,1
2026,2026-01-17,Pelle Larsson,Heat,G,30,16,3,2,1,0,1,3
2026,2026-04-10,VJ Edgecombe,76ers,G,40,16,9,5,3,1,3,1
2026,2025-11-07,Ja Morant,Grizzlies,G,32,21,5,13,3,0,7,5
2026,2026-04-01,Malevy Leons,Warriors,F,29,5,4,5,2,0,2,4
2026,2025-11-03,Duncan Robinson,Pistons,F,40,11,4,1,0,0,1,2
2026,2026-04-08,Cam Christie,Clippers,G,7,2,0,0,0,0,0,0
2026,2026-03-02,Norchad Omier,Clippers,F,3,0,1,0,0,0,0,0
2026,2025-10-29,Zion Williamson,Pelicans,F,26,11,0,2,1,1,3,2
2026,2026-02-10,Tari Eason,Rockets,F,30,6,5,1,1,0,2,2
2026,2026-02-03,Ayo Dosunmu,Bulls,G,28,17,4,8,2,0,1,0
2026,2026-02-19,Julian Strawther,Nuggets,G,25,18,1,2,1,0,1,1
2026,2026-01-29,Moussa Diabate,Hornets,F,32,10,5,3,0,2,0,4
2026,2026-03-15,DeMar DeRozan,Kings,G,38,41,4,11,3,0,5,0
2026,2025-12-29,Gary Payton II,Warriors,G,10,10,0,1,0,0,2,2
2026,2026-03-07,Ty Jerome,Grizzlies,G,25,23,2,7,3,0,1,5
2026,2026-03-13,Ace Bailey,Jazz,G,7,8,1,1,1,1,0,1
2026,2026-01-02,Aaron Wiggins,Thunder,G,27,15,3,2,0,1,2,3
2026,2026-03-29,Xavier Tillman,Hornets,F,4,0,0,0,0,0,1,0
2026,2025-11-11,Scottie Barnes,Raptors,F,31,15,11,5,1,1,2,5
2026,2026-04-10,TyTy Washington Jr.,Clippers,G,2,0,0,0,0,0,0,0
2026,2025-12-05,Aaron Holiday,Rockets,G,29,10,1,2,2,1,2,1
2026,2026-01-03,Anthony Davis,Mavericks,F,39,26,12,3,0,5,5,2
2026,2025-11-18,Dillon Brooks,Suns,F,26,12,2,4,3,0,3,3
2026,2025-10-27,Jerami Grant,Trail Blazers,F,28,22,3,3,3,1,2,1
2026,2026-04-10,Tari Eason,Rockets,F,24,0,1,0,1,1,2,2
2026,2025-11-12,Santi Aldama,Grizzlies,F,24,14,6,4,2,1,1,0
2026,2026-01-04,Michael Porter Jr.,Nets,F,32,27,11,5,0,1,4,3
2026,2025-12-26,Donovan Clingan,Trail Blazers,C,25,10,8,4,0,0,1,3
2026,2026-03-27,Walter Clayton Jr.,Grizzlies,G,23,7,2,1,0,1,1,2
2026,2026-04-05,Will Richard,Warriors,G,6,0,0,1,0,0,0,0
2026,2026-02-11,Kobe Brown,Pacers,G,28,4,7,3,0,0,1,4
2026,2025-11-21,Jakob Poeltl,Raptors,C,19,3,9,1,0,1,1,3
2026,2025-12-18,Dennis Schroder,Kings,G,22,6,2,6,0,0,2,0
2026,2025-11-07,Ayo Dosunmu,Bulls,G,20,7,0,3,2,0,1,1
2026,2025-12-22,Tim Hardaway Jr.,Nuggets,G,25,21,3,2,0,0,1,0
2026,2026-03-18,Amen Thompson,Rockets,G,42,26,11,4,2,0,0,4
2026,2025-12-28,Rui Hachimura,Lakers,F,26,12,4,1,2,0,0,1
2026,2026-03-25,Derrick White,Celtics,G,33,12,2,6,0,0,1,2
2026,2025-12-10,Harrison Barnes,Spurs,F,33,16,3,1,1,0,1,1
2026,2026-03-31,Jett Howard,Magic,G,14,12,2,0,0,0,1,2
2026,2026-02-11,Yang Hansen,Trail Blazers,C,5,2,1,0,1,0,0,1
2026,2026-02-24,Immanuel Quickley,Raptors,G,33,17,3,4,1,0,4,4
2026,2026-01-02,Zeke Nnaji,Nuggets,F,24,13,5,0,1,0,0,1
2026,2025-10-28,Jordan Clarkson,Knicks,G,17,10,1,1,0,0,2,0
2026,2026-01-07,Isaiah Collier,Jazz,G,18,6,1,5,0,0,2,3
2026,2025-11-09,OG Anunoby,Knicks,F,27,19,8,3,1,0,1,1
2026,2025-12-04,Xavier Tillman,Celtics,F,5,0,1,0,0,0,1,2
2026,2026-03-25,Julian Champagnie,Spurs,F,26,13,8,2,1,1,1,1
2026,2026-02-22,Dalen Terry,76ers,F,3,3,1,0,1,0,0,0
2026,2025-12-14,Donovan Clingan,Trail Blazers,C,22,3,10,3,1,3,1,2
2026,2026-02-19,Kobe Brown,Pacers,G,33,12,9,1,0,1,2,3
2026,2025-11-24,Bryce McGowens,Pelicans,G,18,11,3,2,0,0,1,2
2026,2026-04-06,Jonathan Kuminga,Hawks,F,22,5,5,2,1,0,1,1
2026,2025-12-21,Jakob Poeltl,Raptors,C,7,2,2,0,0,0,1,0
2026,2026-01-02,Dennis Schroder,Kings,G,24,12,2,2,0,0,2,1
2026,2026-04-09,Jahmir Young,Heat,G,3,2,0,1,0,0,0,1
2026,2026-02-11,Bobi Klintman,Pistons,F,4,0,0,0,1,0,0,1
2026,2026-03-25,Chet Holmgren,Thunder,C,26,10,5,0,0,0,1,1
2026,2026-04-03,Gary Harris,Bucks,G,15,5,1,3,1,0,1,2
2026,2026-04-12,John Collins,Clippers,F,21,18,9,0,0,0,1,5
2026,2025-10-29,Donovan Clingan,Trail Blazers,C,28,5,7,4,1,3,0,4
2026,2026-02-20,Luke Kennard,Lakers,G,18,9,2,1,0,0,2,3
2026,2025-11-07,Dyson Daniels,Hawks,G,35,7,8,8,2,1,2,2
2026,2026-01-03,Nickeil Alexander-Walker,Hawks,G,36,31,4,3,2,0,6,1
2026,2026-01-27,AJ Green,Bucks,G,29,8,2,3,0,0,0,0
2026,2025-12-28,Yang Hansen,Trail Blazers,C,11,3,3,0,0,0,2,2
2026,2025-12-11,Duop Reath,Trail Blazers,C,13,2,2,1,0,1,1,1
2026,2026-02-10,AJ Johnson,Mavericks,G,0,0,0,0,0,0,0,0
2026,2025-11-16,Trey Murphy III,Pelicans,F,31,20,8,2,3,0,5,3
2026,2026-02-09,Simone Fontecchio,Heat,F,19,9,5,2,1,0,1,2
2026,2025-10-31,Mark Williams,Suns,C,25,9,7,0,0,2,0,2
2026,2026-03-28,Coby White,Hornets,G,19,16,4,2,1,0,0,1
2026,2025-10-21,Isaiah Hartenstein,Thunder,C,37,6,8,5,2,0,1,6
2026,2025-10-24,Mike Conley,Timberwolves,G,9,0,2,1,0,0,2,4
2026,2026-01-21,Evan Mobley,Cavaliers,C,36,14,14,0,1,3,2,4
2026,2025-11-14,Antonio Reeves,Hornets,G,4,0,0,0,0,0,0,0
2026,2026-03-10,Marcus Sasser,Pistons,G,21,14,3,1,1,0,0,1
2026,2025-12-06,Clint Capela,Rockets,C,30,8,8,1,0,2,2,3
2026,2026-03-31,Brook Lopez,Clippers,C,36,18,7,2,0,3,1,3
2026,2026-04-09,Jarace Walker,Pacers,F,30,14,9,8,2,1,3,1
2026,2026-01-30,GG Jackson,Grizzlies,F,18,4,8,5,0,0,0,2
2026,2025-12-23,Bronny James,Lakers,G,10,0,1,1,0,0,1,0
2026,2025-11-05,Olivier-Maxence Prosper,Grizzlies,F,2,0,1,0,0,0,0,0
2026,2025-11-11,Draymond Green,Warriors,F,22,3,2,4,1,0,3,4
2026,2026-01-28,Amari Williams,Celtics,F,15,2,6,2,0,1,2,1
2026,2026-01-12,Isaiah Collier,Jazz,G,19,7,3,8,0,0,1,2
2026,2026-01-29,Danny Wolf,Nets,F,28,7,4,3,0,1,0,3
2026,2025-12-26,Svi Mykhailiuk,Jazz,G,21,9,4,2,1,0,0,0
2026,2025-12-23,Norman Powell,Heat,G,35,17,6,6,2,0,3,3
2026,2025-11-08,Simone Fontecchio,Heat,F,18,7,1,0,0,0,0,3
2026,2026-03-21,Alperen Sengun,Rockets,C,33,19,12,3,0,0,3,4
2026,2026-03-31,Tyler Smith,Mavericks,F,20,5,6,2,0,0,0,1
2026,2025-12-18,Immanuel Quickley,Raptors,G,29,9,6,10,1,0,2,1
2026,2025-11-12,Daeqwon Plowden,Kings,G,14,2,2,0,0,0,0,0
2026,2025-12-06,Asa Newell,Hawks,F,12,11,3,3,0,0,0,2
2026,2026-01-18,LeBron James,Lakers,F,32,24,4,7,0,2,3,0
2026,2025-12-02,Johni Broome,76ers,F,8,0,4,1,0,0,0,1
2026,2025-12-20,Brook Lopez,Clippers,C,25,11,5,0,0,2,4,3
2026,2025-12-07,Jerami Grant,Trail Blazers,F,32,21,7,3,0,1,2,1
2026,2025-11-08,Jake LaRavia,Lakers,F,23,13,5,2,2,1,2,1
2026,2026-01-10,Tolu Smith,Pistons,F,26,9,14,1,1,4,2,3
2026,2025-11-30,Jaylen Clark,Timberwolves,G,11,8,0,0,1,0,0,1
2026,2026-02-20,Kyle Filipowski,Jazz,F,28,20,6,4,2,2,5,4
2026,2025-12-06,Daniss Jenkins,Pistons,G,4,2,0,0,0,0,1,2
2026,2025-11-05,Jaren Jackson Jr.,Grizzlies,F,29,9,6,1,1,5,0,4
2026,2026-01-06,Kel'el Ware,Heat,C,28,7,11,2,0,1,1,2
2026,2025-11-13,Vit Krejci,Hawks,G,32,20,1,3,3,0,1,3
2026,2025-11-10,Devin Booker,Suns,G,27,19,0,3,1,0,3,0
2026,2026-03-12,Brandon Williams,Mavericks,G,28,12,8,5,2,2,2,3
2026,2025-11-12,Tristan da Silva,Magic,F,22,8,5,2,0,0,1,2
2026,2026-03-04,Blake Wesley,Trail Blazers,G,16,6,0,2,1,0,2,2
2026,2026-02-20,Blake Hinson,Jazz,F,16,13,4,0,0,0,0,1
2026,2025-11-09,Quinten Post,Warriors,C,24,14,8,2,1,0,0,0
2026,2025-11-24,Jeremiah Robinson-Earl,Pacers,F,13,10,0,0,0,0,0,2
2026,2026-03-23,Moses Moody,Warriors,G,34,23,3,3,3,2,2,4
2026,2026-03-31,Kobe Bufkin,Lakers,G,1,0,0,0,0,0,0,0
2026,2025-10-29,Dennis Schroder,Kings,G,28,5,2,7,2,0,1,2
2026,2026-03-31,Moussa Cisse,Mavericks,C,22,8,13,0,3,2,1,4
2026,2025-10-27,Scottie Barnes,Raptors,F,30,8,3,2,0,1,2,4
2026,2025-11-26,John Konchar,Grizzlies,G,14,7,2,0,1,0,0,1
2026,2026-01-04,Will Riley,Wizards,G,14,6,3,1,1,0,3,0
2026,2025-12-23,Julius Randle,Timberwolves,F,33,25,6,3,1,0,3,3
2026,2026-04-10,Zaccharie Risacher,Hawks,F,19,4,4,1,1,1,0,2
2026,2026-02-25,Craig Porter Jr.,Cavaliers,G,22,8,2,9,0,0,0,0
2026,2026-02-01,Davion Mitchell,Heat,G,21,13,2,6,2,0,1,2
2026,2026-02-02,Jabari Walker,76ers,F,2,0,1,1,0,0,0,0
2026,2025-11-17,Tim Hardaway Jr.,Nuggets,G,16,4,2,0,3,0,0,1
2026,2026-01-15,Taylor Hendricks,Jazz,F,16,5,3,1,1,1,1,1
2026,2025-10-24,Andrew Wiggins,Heat,F,24,10,7,3,1,1,2,3
2026,2025-12-21,Jamison Battle,Raptors,F,12,4,3,1,0,0,0,1
2026,2026-01-03,Derrick White,Celtics,G,37,29,4,7,1,2,3,2
2026,2025-11-07,Sam Hauser,Celtics,F,21,3,3,3,1,0,0,0
2026,2026-03-08,Bobby Portis,Bucks,F,28,18,10,3,1,1,1,2
2026,2025-11-23,Chris Paul,Clippers,G,17,2,1,5,0,0,2,1
2026,2026-01-07,Jeremiah Fears,Pelicans,G,27,11,4,3,1,1,4,4
2026,2025-11-14,Collin Sexton,Hornets,G,16,14,1,4,0,0,1,2
2026,2026-01-09,Jaylen Wells,Grizzlies,F,28,10,4,3,0,0,4,3
2026,2026-04-05,Ryan Rollins,Bucks,G,32,24,4,3,1,0,2,1
2026,2025-12-06,P.J. Washington,Mavericks,F,36,14,7,1,5,1,2,2
2026,2026-04-12,Rui Hachimura,Lakers,F,29,22,10,0,1,0,0,3
2026,2026-01-05,Duop Reath,Trail Blazers,C,2,0,1,0,0,0,0,0
2026,2026-04-10,Kelly Oubre Jr.,76ers,G,32,15,7,1,4,1,0,1
2026,2025-12-04,Rui Hachimura,Lakers,F,35,12,3,0,1,0,1,2
2026,2026-01-03,Donovan Clingan,Trail Blazers,C,34,24,12,4,0,0,0,5
2026,2025-10-22,CJ McCollum,Wizards,G,29,9,6,3,0,0,0,1
2026,2026-01-16,Joan Beringer,Timberwolves,F,7,0,1,0,0,0,0,1
2026,2025-11-13,Jamal Shead,Raptors,G,24,8,2,7,0,0,2,4
2026,2026-04-12,Ron Harper Jr.,Celtics,G,37,27,7,4,3,0,3,0
2026,2026-01-11,Bub Carrington,Wizards,G,32,9,4,7,1,0,1,1
2026,2026-01-23,Trey Murphy III,Pelicans,F,36,32,3,3,3,0,1,1
2026,2025-12-01,Drake Powell,Nets,G,24,10,1,4,3,0,1,2
2026,2026-02-07,Dyson Daniels,Hawks,G,31,11,6,3,2,0,1,1
2026,2025-12-09,Collin Murray-Boyles,Raptors,F,22,6,5,3,0,1,1,3
2026,2026-04-01,Tristan Vukcevic,Wizards,F,11,17,2,2,1,0,2,3
2026,2026-04-12,Charles Bassey,Warriors,C,19,16,3,2,0,0,1,4
2026,2025-12-29,Ayo Dosunmu,Bulls,G,32,10,6,7,1,0,2,2
2026,2026-02-15,Kevin Durant,Team Stripes,F,10,5,1,1,3,1,0,0
2026,2026-01-20,Draymond Green,Warriors,F,22,6,6,5,0,0,2,0
2026,2026-04-12,Taelon Peter,Pacers,G,14,3,2,0,1,0,0,1
2026,2026-03-06,Pelle Larsson,Heat,G,29,11,4,2,0,0,2,0
2026,2026-01-04,Paolo Banchero,Magic,F,36,28,12,5,1,0,1,1
2026,2025-12-08,Johnny Furphy,Pacers,G,10,3,2,0,2,0,1,1
2026,2025-10-22,Luke Kennard,Hawks,G,30,6,4,3,1,0,3,3
2026,2025-12-17,Olivier-Maxence Prosper,Grizzlies,F,15,7,2,1,0,0,2,2
2026,2026-03-08,RJ Barrett,Raptors,F,34,31,6,3,1,0,2,2
2026,2025-12-27,Trae Young,Hawks,G,31,9,0,10,2,0,6,3
2026,2025-12-17,Bones Hyland,Timberwolves,G,34,12,3,5,1,0,2,5
2026,2025-11-23,Oso Ighodaro,Suns,F,18,2,3,5,0,2,1,2
2026,2025-12-23,Cam Christie,Clippers,G,4,0,0,0,0,0,0,0
2026,2025-12-04,Micah Peavy,Pelicans,G,15,0,4,1,1,0,2,2
2026,2026-01-15,Cole Anthony,Bucks,G,14,7,3,1,0,1,2,0
2026,2026-03-18,Rudy Gobert,Timberwolves,C,29,21,12,0,1,2,3,1
2026,2026-03-31,Keon Ellis,Cavaliers,G,19,7,2,0,1,0,1,1
2026,2026-01-21,Johnny Furphy,Pacers,G,23,10,8,2,0,0,2,4
2026,2025-10-29,Jalen Smith,Bulls,F,15,10,5,0,0,0,0,1
2026,2025-11-05,Tyler Kolek,Knicks,G,3,0,1,2,0,0,1,0
2026,2025-10-26,Devin Vassell,Spurs,G,35,16,3,1,1,0,2,2
2026,2026-04-09,Landry Shamet,Knicks,G,19,3,1,1,0,0,1,1
2026,2026-01-31,Adem Bona,76ers,C,13,3,6,0,0,2,2,1
2026,2026-01-22,Ryan Kalkbrenner,Hornets,C,27,10,9,0,0,1,2,3
2026,2025-12-23,Tre Mann,Hornets,G,12,3,2,1,0,0,0,2
2026,2026-03-07,Kevin Huerter,Pistons,G,15,8,0,1,0,2,1,1
2026,2026-03-08,Cooper Flagg,Mavericks,F,30,17,8,6,2,3,4,1
2026,2025-12-29,CJ McCollum,Wizards,G,28,17,3,4,2,2,3,1
2026,2026-04-09,Jaime Jaquez Jr.,Heat,F,24,15,2,4,0,0,2,2
2026,2025-11-10,Kris Murray,Trail Blazers,F,19,3,2,1,1,0,0,1
2026,2026-02-02,Reed Sheppard,Rockets,G,25,11,2,5,2,1,2,2
2026,2026-01-30,Deni Avdija,Trail Blazers,F,28,11,5,3,0,1,4,1
2026,2025-11-26,Terrence Shannon Jr.,Timberwolves,G,17,18,2,1,0,0,0,3
2026,2025-10-25,Patrick Williams,Bulls,F,29,12,5,4,2,0,2,2
2026,2025-10-22,Carter Bryant,Spurs,F,9,0,2,0,0,0,0,0
2026,2026-03-09,Nicolas Batum,Clippers,F,11,3,0,0,1,0,0,2
2026,2025-12-15,James Harden,Clippers,G,31,13,3,6,3,0,3,2
2026,2026-04-10,Obi Toppin,Pacers,F,19,7,7,2,0,0,2,0
2026,2026-03-29,Tristan Vukcevic,Wizards,F,16,10,2,0,1,1,0,4
2026,2026-01-13,Gabe Vincent,Lakers,G,14,10,1,1,0,0,0,1
2026,2025-11-30,Gradey Dick,Raptors,G,18,2,3,0,0,0,0,0
2026,2026-01-07,Deni Avdija,Trail Blazers,F,39,41,6,2,1,0,5,1
2026,2025-12-14,Sidy Cissoko,Trail Blazers,G,28,6,3,1,1,0,0,3
2026,2026-03-31,Tre Mann,Hornets,G,6,2,2,2,1,0,0,2
2026,2026-03-14,Cam Thomas,Bucks,G,3,0,0,0,0,0,0,0
2026,2025-11-09,Santi Aldama,Grizzlies,F,30,12,9,4,1,2,4,3
2026,2025-11-16,Draymond Green,Warriors,F,25,8,10,6,2,1,5,4
2026,2026-02-11,Donovan Mitchell,Cavaliers,G,28,30,3,5,2,0,5,4
2026,2026-03-28,Mike Conley,Timberwolves,G,22,3,1,6,1,0,0,3
2026,2026-01-22,Jusuf Nurkic,Jazz,C,35,17,11,14,1,1,1,4
2026,2025-11-25,Quentin Grimes,76ers,G,27,8,3,4,0,0,3,2
2026,2025-12-05,Bruce Brown,Nuggets,G,32,13,3,0,3,1,2,3
2026,2026-03-30,Javonte Green,Pistons,G,30,19,5,1,2,0,0,4
2026,2025-12-20,Jarred Vanderbilt,Lakers,F,27,4,5,1,1,1,2,4
2026,2026-04-04,Keshad Johnson,Heat,F,1,0,1,0,0,0,0,0
2026,2025-11-17,Tyrese Maxey,76ers,G,41,39,3,6,1,0,4,1
2026,2026-02-10,Jordan Goodwin,Suns,G,25,8,3,3,2,1,0,4
2026,2026-02-22,Sion James,Hornets,G,21,0,6,0,0,0,2,3
2026,2026-03-01,Kris Dunn,Clippers,G,22,9,3,4,3,0,1,0
2026,2025-10-28,John Collins,Clippers,F,23,5,7,0,1,1,2,0
2026,2025-12-12,Donte DiVincenzo,Timberwolves,G,35,21,6,4,0,1,0,4
2026,2025-12-04,Tyrese Martin,Nets,G,22,0,7,2,0,0,3,2
2026,2026-03-03,Oso Ighodaro,Suns,F,26,14,14,3,0,1,2,2
2026,2025-10-25,Mouhamed Gueye,Hawks,F,23,11,6,2,0,2,1,4
2026,2025-11-29,Micah Peavy,Pelicans,G,32,7,5,1,1,0,0,1
2026,2026-03-20,Onyeka Okongwu,Hawks,F,24,6,8,3,1,2,0,2
2026,2025-10-31,Taelon Peter,Pacers,G,8,3,2,0,0,0,1,0
2026,2026-02-07,Royce O'Neale,Suns,F,34,14,11,3,2,0,3,3
2026,2025-12-06,Drake Powell,Nets,G,21,3,1,3,0,0,1,1
2026,2026-02-01,Jaylin Williams,Thunder,F,24,8,5,4,3,1,1,3
2026,2025-10-30,CJ McCollum,Wizards,G,24,19,2,1,0,0,1,2
2026,2026-04-02,Bennedict Mathurin,Clippers,G,27,18,7,2,2,0,3,3
2026,2025-11-05,Luka Garza,Celtics,C,7,2,2,1,1,0,0,2
2026,2025-12-07,Joel Embiid,76ers,C,30,16,7,2,1,1,0,1
2026,2026-02-22,Thanasis Antetokounmpo,Bucks,F,4,3,1,0,0,0,0,0
2026,2026-03-11,Donovan Mitchell,Cavaliers,G,36,25,5,5,1,0,3,1
2026,2025-11-14,Guerschon Yabusele,Knicks,F,6,3,0,1,0,0,0,1
2026,2026-01-10,T.J. McConnell,Pacers,G,17,12,1,7,1,0,1,2
2026,2025-12-01,Liam McNeeley,Hornets,G,17,8,2,1,0,0,0,3
2026,2026-01-28,De'Andre Hunter,Cavaliers,F,21,19,3,1,1,0,0,0
2026,2025-12-26,Rasheer Fleming,Suns,F,10,6,1,0,0,0,0,2
2026,2026-02-22,Jose Alvarado,Knicks,G,25,5,4,2,0,0,0,1
2026,2026-03-15,Isaiah Collier,Jazz,G,25,21,5,3,1,1,2,1
2026,2026-03-12,Luke Kornet,Spurs,C,25,0,3,0,2,2,0,3
2026,2026-01-13,Tyler Herro,Heat,G,39,23,2,3,1,0,4,1
2026,2026-02-05,JD Davison,Rockets,G,8,4,1,3,0,0,1,2
2026,2025-11-13,Luke Kennard,Hawks,G,20,12,2,1,2,0,1,0
2026,2026-03-23,Buddy Hield,Hawks,G,7,3,2,1,0,0,0,1
2026,2025-11-23,Austin Reaves,Lakers,G,40,22,10,4,1,0,3,2
2026,2026-01-16,Jordan Miller,Clippers,G,46,19,2,6,4,0,1,0
2026,2025-12-06,Kris Dunn,Clippers,G,36,8,6,4,3,0,1,2
2026,2026-03-15,Mitchell Robinson,Knicks,C,17,4,10,0,3,2,2,0
2026,2025-12-04,Ace Bailey,Jazz,G,25,5,2,0,0,0,0,4
2026,2026-01-15,Reed Sheppard,Rockets,G,19,7,2,3,1,0,0,0
2026,2026-01-26,Jaylon Tyson,Cavaliers,G,35,14,9,4,1,1,3,1
2026,2025-11-22,Franz Wagner,Magic,F,34,37,6,7,0,0,1,2
2026,2026-03-25,Patrick Williams,Bulls,F,20,10,3,1,1,0,0,1
2026,2026-01-18,Gradey Dick,Raptors,G,12,0,2,0,0,0,1,1
2026,2026-03-13,Blake Wesley,Trail Blazers,G,1,0,0,0,0,0,0,1
2026,2026-02-28,Dalton Knecht,Lakers,F,6,0,0,0,0,1,0,0
2026,2025-11-26,Sion James,Hornets,G,26,4,2,0,1,1,0,1
2026,2026-03-08,Myles Turner,Bucks,C,23,3,0,1,0,1,2,3
2026,2026-03-29,Jay Huff,Pacers,C,16,6,5,0,0,2,0,1
2026,2025-10-28,Cam Whitmore,Wizards,F,13,9,0,0,2,0,1,2
2026,2026-01-09,Rayan Rupert,Trail Blazers,G,19,2,1,2,1,0,0,2
2026,2025-11-11,Walter Clayton Jr.,Jazz,G,12,8,0,3,0,0,2,2
2026,2026-01-31,P.J. Washington,Mavericks,F,25,9,4,1,1,0,3,2
2026,2026-03-06,Julian Champagnie,Spurs,F,29,20,9,1,0,0,2,2
2026,2025-10-25,Tre Jones,Bulls,G,29,13,5,8,5,0,3,3
2026,2026-01-10,Ronald Holland II,Pistons,F,25,16,6,1,1,1,2,0
2026,2026-03-15,Cody Williams,Jazz,F,38,34,7,7,1,1,3,4
2026,2025-11-28,Gary Trent Jr.,Bucks,G,25,3,0,1,0,0,0,3
2026,2025-12-03,Ben Saraf,Nets,G,15,6,0,2,2,1,3,1
2026,2026-03-23,Marvin Bagley III,Mavericks,F,15,9,0,3,0,0,1,2
2026,2025-10-27,Jalen Duren,Pistons,C,21,8,7,2,1,2,4,4
2026,2025-10-24,Jerami Grant,Trail Blazers,F,28,22,2,2,1,0,2,4
2026,2025-11-09,Mike Conley,Timberwolves,G,18,6,3,3,1,0,0,0
2026,2026-01-22,Patrick Williams,Bulls,F,16,5,3,0,0,0,1,1
2026,2026-03-23,Kennedy Chandler,Jazz,G,29,13,5,9,3,0,2,3
2026,2025-12-26,Jamal Shead,Raptors,G,19,6,0,4,0,0,1,1
2026,2025-12-29,Josh Giddey,Bulls,G,18,11,4,3,0,0,1,0
2026,2026-02-09,Mouhamed Gueye,Hawks,F,20,10,7,0,0,0,0,1
2026,2026-03-06,Yves Missi,Pelicans,C,16,4,8,0,0,0,1,3
2026,2026-03-19,Dalen Terry,76ers,F,4,0,0,0,0,0,0,0
2026,2025-12-31,Bruce Brown,Nuggets,G,25,8,7,2,0,0,2,3
2026,2026-03-29,John Collins,Clippers,F,35,22,3,3,0,1,1,5
2026,2026-03-28,Donte DiVincenzo,Timberwolves,G,33,22,3,2,0,2,1,0
2026,2026-04-08,Kris Murray,Trail Blazers,F,12,2,0,0,0,0,0,2
2026,2026-01-04,Micah Peavy,Pelicans,G,14,4,1,1,1,0,0,0
2026,2026-02-19,Jaden Hardy,Wizards,G,18,13,1,0,1,0,1,3
2026,2026-01-09,Jaylen Brown,Celtics,G,37,25,8,7,0,0,4,0
2026,2026-03-05,Yves Missi,Pelicans,C,16,7,2,1,2,4,2,0
2026,2026-03-10,Al Horford,Warriors,C,34,13,9,5,0,4,1,1
2026,2025-11-09,Drake Powell,Nets,G,23,15,2,3,1,1,3,3
2026,2025-12-03,Jeremiah Robinson-Earl,Pacers,F,3,2,2,0,0,0,0,0
2026,2025-11-16,Julian Phillips,Bulls,F,13,10,1,0,0,0,0,2
2026,2025-11-26,Bryce McGowens,Pelicans,G,14,6,1,2,0,1,1,2
2026,2025-12-05,Neemias Queta,Celtics,C,26,10,6,2,2,0,0,2
2026,2026-03-07,Naz Reid,Timberwolves,C,26,13,8,1,0,0,1,4
2026,2025-11-12,Clint Capela,Rockets,C,10,2,2,0,0,0,0,2
2026,2026-03-09,Gary Payton II,Warriors,G,25,13,1,0,1,0,0,2
2026,2025-12-23,Sidy Cissoko,Trail Blazers,G,15,5,1,1,0,0,3,1
2026,2025-12-28,Chris Youngblood,Thunder,G,5,0,0,0,0,0,0,0
2026,2025-12-31,Johnny Juzang,Timberwolves,G,8,10,3,1,0,0,0,0
2026,2026-01-20,DeMar DeRozan,Kings,G,35,23,4,5,0,0,2,3
2026,2026-01-21,Quenton Jackson,Pacers,G,6,3,0,0,0,0,0,1
2026,2025-11-22,Zaccharie Risacher,Hawks,F,23,8,3,4,1,1,0,3
2026,2025-11-17,Nikola Jokic,Nuggets,C,39,36,18,13,1,2,2,2
2026,2026-03-06,Derrick Jones Jr.,Clippers,F,34,12,3,2,0,2,0,2
2026,2026-03-06,Drew Timme,Lakers,F,23,4,2,1,0,0,1,1
2026,2026-01-06,Aaron Nesmith,Pacers,G,33,14,8,4,1,0,2,1
2026,2026-03-18,Luka Garza,Celtics,C,18,15,7,0,3,0,2,1
2026,2026-03-27,Alijah Martin,Raptors,G,2,0,1,0,0,0,1,0
2026,2026-02-08,Bones Hyland,Timberwolves,G,19,10,1,2,0,0,1,1
2026,2026-03-14,Jordan Miller,Clippers,G,23,6,0,2,1,0,2,0
2026,2026-02-21,Herbert Jones,Pelicans,F,32,14,1,3,1,1,2,2
2026,2025-12-08,Royce O'Neale,Suns,F,33,11,8,5,2,1,2,1
2026,2025-12-14,Danny Wolf,Nets,F,24,8,4,2,1,0,0,0
2026,2026-03-26,Jordan Clarkson,Knicks,G,18,8,1,1,1,0,0,4
2026,2026-03-01,Cade Cunningham,Pistons,G,37,29,6,11,2,0,5,0
2026,2026-01-12,Dominick Barlow,76ers,F,25,4,6,0,0,0,0,3
2026,2026-02-01,Harrison Barnes,Spurs,F,29,7,5,1,0,0,1,1
2026,2025-11-25,Yanic Konan Niederhauser,Clippers,C,2,0,0,0,0,0,0,0
2026,2026-03-13,Immanuel Quickley,Raptors,G,38,17,4,1,0,0,1,1
2026,2026-01-28,Brandon Ingram,Raptors,F,34,27,6,2,3,0,2,2
2026,2025-12-02,Mikal Bridges,Knicks,G,34,35,6,3,2,0,0,3
2026,2026-02-24,Gui Santos,Warriors,F,39,15,12,4,2,3,6,5
2026,2026-01-04,Egor Demin,Nets,G,27,13,4,4,0,0,1,2
2026,2026-03-02,Bub Carrington,Wizards,G,28,11,5,4,2,0,0,1
2026,2025-10-26,Kyshawn George,Wizards,F,25,6,8,5,0,0,3,6
2026,2026-03-25,Austin Reaves,Lakers,G,38,25,1,8,2,0,2,3
2026,2025-12-23,Malik Monk,Kings,G,14,9,1,1,2,0,2,0
2026,2025-12-22,Christian Koloko,Grizzlies,C,10,0,1,1,0,1,0,1
2026,2025-10-22,Dean Wade,Cavaliers,F,28,10,2,0,1,1,0,4
2026,2026-02-19,Victor Wembanyama,Spurs,F,25,17,11,4,1,5,1,1
2026,2026-03-10,Ousmane Dieng,Bucks,F,37,12,10,4,1,0,1,3
2026,2025-12-27,Jonathan Isaac,Magic,F,10,5,1,2,4,0,0,0
2026,2026-01-18,Spencer Jones,Nuggets,F,31,2,6,0,1,0,0,1
2026,2025-12-26,Pelle Larsson,Heat,G,30,21,6,5,1,0,0,2
2026,2026-02-27,Paul Reed,Pistons,F,11,4,6,1,1,0,0,3
2026,2026-03-01,Kris Murray,Trail Blazers,F,4,0,0,0,0,0,0,1
2026,2026-03-12,Noah Penda,Magic,F,14,0,3,2,1,0,1,1
2026,2025-11-09,Kevin Durant,Rockets,F,37,31,3,7,0,0,3,2
2026,2026-03-06,Dru Smith,Heat,G,18,4,4,1,4,0,0,3
2026,2025-12-15,Zeke Nnaji,Nuggets,F,9,2,1,0,0,0,0,0
2026,2025-11-18,Jimmy Butler III,Warriors,F,38,33,7,4,3,0,3,0
2026,2025-11-30,De'Andre Hunter,Cavaliers,F,27,8,3,1,0,0,2,3
2026,2026-03-03,Noah Clowney,Nets,F,27,17,7,0,1,0,1,2
2026,2026-01-28,Mike Conley,Timberwolves,G,23,6,1,5,1,1,1,2
2026,2025-12-18,Will Riley,Wizards,G,17,2,1,3,2,0,0,0
2026,2025-12-28,Cason Wallace,Thunder,G,26,9,4,4,2,0,0,1
2026,2025-12-14,Egor Demin,Nets,G,26,17,3,3,2,1,2,2
2026,2026-01-03,Liam McNeeley,Hornets,G,13,0,3,1,0,0,0,0
2026,2026-02-22,Andre Jackson Jr.,Bucks,G,7,2,3,0,0,0,1,0
2026,2025-10-27,Isaiah Stewart,Pistons,F,26,4,9,3,1,1,3,3
2026,2026-01-02,Marcus Smart,Lakers,G,34,13,8,7,1,1,4,3
2026,2025-10-22,Tyus Jones,Magic,G,24,0,2,3,0,1,2,0
2026,2025-12-27,Keldon Johnson,Spurs,F,25,27,10,1,0,0,0,2
2026,2026-02-02,Adem Bona,76ers,C,16,6,3,1,0,2,0,3
2026,2026-03-06,Carter Bryant,Spurs,F,21,5,3,1,2,1,0,2
2026,2025-10-24,Simone Fontecchio,Heat,F,23,14,4,2,2,0,1,4
2026,2025-12-02,Amari Williams,Celtics,F,0,0,0,0,0,0,0,1
2026,2026-02-05,Brandon Miller,Hornets,F,21,11,3,1,3,1,6,4
2026,2026-02-15,Devin Booker,Team Stars,G,10,5,1,4,0,0,0,0
2026,2026-03-04,Jaylen Brown,Celtics,G,34,20,11,7,0,0,3,1
2026,2026-03-16,Tristan Vukcevic,Wizards,F,15,11,2,1,0,1,2,0
2026,2026-03-05,Kyle Filipowski,Jazz,F,31,20,14,3,2,2,2,5
2026,2026-04-03,Miles McBride,Knicks,G,13,6,1,1,2,0,0,0
2026,2026-01-12,Josh Green,Hornets,G,13,3,2,1,0,0,0,0
2026,2026-01-07,Dillon Brooks,Suns,F,25,21,7,3,1,0,1,2
2026,2026-03-11,Kon Knueppel,Hornets,G,34,24,7,3,0,0,1,2
2026,2026-01-20,Cody Williams,Jazz,F,29,8,3,1,0,1,1,2
2026,2026-02-10,Bismack Biyombo,Spurs,C,10,0,4,0,0,0,2,3
2026,2026-02-11,Daeqwon Plowden,Kings,G,33,9,6,4,1,0,1,1
2026,2026-01-09,John Collins,Clippers,F,26,16,4,0,0,3,1,4
2026,2026-01-24,Moritz Wagner,Magic,F,13,13,6,0,1,0,1,3
2026,2026-02-26,VJ Edgecombe,76ers,G,39,19,8,4,2,1,2,2
2026,2025-11-07,Jalen Smith,Bulls,F,17,7,5,3,0,0,1,3
2026,2026-03-29,Matisse Thybulle,Trail Blazers,G,19,10,5,2,0,1,1,2
2026,2026-02-06,Isaiah Stewart,Pistons,F,21,15,3,0,1,0,2,4
2026,2025-12-18,Tim Hardaway Jr.,Nuggets,G,27,12,4,0,0,0,2,0
2026,2025-12-25,Johnny Juzang,Timberwolves,G,0,0,0,0,0,0,0,0
2026,2026-03-01,Tim Hardaway Jr.,Nuggets,G,34,17,3,1,0,1,0,0
2026,2026-02-27,Ben Saraf,Nets,G,10,7,0,1,0,0,1,2
2026,2026-01-07,Dorian Finney-Smith,Rockets,F,14,3,3,0,0,0,1,4
2026,2025-12-18,Ariel Hukporti,Knicks,C,27,4,5,3,1,2,0,4
2026,2025-10-25,Olivier-Maxence Prosper,Grizzlies,F,2,0,2,0,0,0,0,0
2026,2026-01-31,Ty Jerome,Grizzlies,G,20,20,1,6,1,0,2,3
2026,2026-03-09,Cam Spencer,Grizzlies,G,26,6,2,8,1,2,2,1
2026,2026-01-02,Deni Avdija,Trail Blazers,F,38,34,7,11,1,1,2,4
2026,2025-11-15,Jamal Murray,Nuggets,G,39,23,6,12,1,0,3,0
2026,2026-01-25,LJ Cryer,Warriors,G,3,3,1,0,0,0,0,0
2026,2025-10-31,Rayan Rupert,Trail Blazers,G,6,2,0,0,0,0,0,0
2026,2025-10-31,Yves Missi,Pelicans,C,28,6,9,3,0,1,3,2
2026,2026-03-27,Leaky Black,Wizards,F,42,4,8,4,1,0,0,3
2026,2026-03-12,Ronald Holland II,Pistons,F,25,15,3,0,1,0,4,3
2026,2025-12-11,Karlo Matkovic,Pelicans,F,1,2,2,1,0,2,0,0
2026,2026-01-13,Bruce Brown,Nuggets,G,24,4,4,2,0,0,1,4
2026,2025-12-01,T.J. McConnell,Pacers,G,6,4,1,1,1,0,0,1
2026,2025-11-18,Ronald Holland II,Pistons,F,19,2,1,1,1,0,0,1
2026,2025-11-23,Ousmane Dieng,Thunder,F,15,8,2,1,0,0,0,2
2026,2026-04-10,Toumani Camara,Trail Blazers,F,33,5,1,3,1,1,0,2
2026,2025-12-08,Terrence Shannon Jr.,Timberwolves,G,4,0,2,0,0,0,0,3
2026,2026-01-11,Oso Ighodaro,Suns,F,20,10,3,2,2,2,1,1
2026,2026-01-17,Marcus Sasser,Pistons,G,12,9,1,0,1,0,1,2
2026,2026-01-13,Ayo Dosunmu,Bulls,G,23,7,4,3,0,0,0,0
2026,2025-11-24,Pelle Larsson,Heat,G,28,9,2,6,1,2,1,3
2026,2025-11-17,Miles Kelly,Mavericks,G,9,2,4,0,0,0,0,1
2026,2025-12-01,Yanic Konan Niederhauser,Clippers,C,12,6,1,0,0,1,1,0
2026,2025-11-08,Christian Braun,Nuggets,G,27,8,5,2,1,0,2,1
2026,2025-10-27,Ronald Holland II,Pistons,F,26,11,4,1,1,0,2,4
2026,2025-12-23,Stephon Castle,Spurs,G,28,24,0,3,1,0,2,4
2026,2026-03-09,Evan Mobley,Cavaliers,C,28,15,8,1,0,3,1,2
2026,2025-11-16,Tristan Vukcevic,Wizards,F,7,2,2,0,0,1,1,0
2026,2026-01-16,DeMar DeRozan,Kings,G,33,17,2,4,1,0,2,4
2026,2026-01-29,Ryan Nembhard,Mavericks,G,9,0,1,4,1,0,0,0
2026,2025-12-15,Cam Spencer,Grizzlies,G,30,27,3,6,1,0,1,4
2026,2026-01-15,Javonte Green,Pistons,G,16,5,0,0,1,0,0,1
2026,2026-02-19,Tim Hardaway Jr.,Nuggets,G,20,2,2,0,0,0,0,2
2026,2026-03-27,Kris Dunn,Clippers,G,21,2,3,1,2,0,0,1
2026,2025-11-10,Chaz Lanier,Pistons,G,27,8,3,2,1,0,0,0
2026,2026-03-26,Jamal Cain,Magic,F,22,11,5,2,0,0,0,2
2026,2025-12-27,Taelon Peter,Pacers,G,3,0,1,0,0,0,0,0
2026,2025-10-26,Naz Reid,Timberwolves,C,23,16,10,2,2,0,3,3
2026,2025-11-18,Al Horford,Warriors,C,27,9,6,1,2,1,2,2
2026,2025-11-12,Collin Sexton,Hornets,G,32,16,5,8,2,0,3,1
2026,2026-03-03,Ty Jerome,Grizzlies,G,24,14,4,2,1,0,1,1
2026,2025-11-16,Bogdan Bogdanovic,Clippers,G,35,11,4,3,0,0,2,2
2026,2025-11-22,Asa Newell,Hawks,F,3,0,0,0,0,0,0,1
2026,2026-03-31,Kyle Kuzma,Bucks,F,23,20,6,3,3,1,2,1
2026,2025-12-11,Jalen Pickett,Nuggets,G,25,6,5,4,2,0,2,0
2026,2025-11-11,Luka Garza,Celtics,C,19,9,8,0,0,0,0,1
2026,2025-11-12,Domantas Sabonis,Kings,F,26,12,5,2,2,0,4,2
2026,2026-01-19,Moussa Cisse,Mavericks,C,20,15,9,1,1,4,3,4
2026,2026-04-08,Harrison Barnes,Spurs,F,27,9,2,2,1,0,3,2
2026,2026-01-26,John Konchar,Grizzlies,G,20,0,3,1,2,0,0,3
2026,2025-11-12,Jett Howard,Magic,G,5,5,0,0,0,0,0,0
2026,2025-12-26,Jericho Sims,Bucks,C,19,2,5,0,0,0,2,4
2026,2025-12-03,Mohamed Diawara,Knicks,F,1,0,0,0,0,0,0,0
2026,2026-01-14,Ayo Dosunmu,Bulls,G,28,15,2,6,3,0,2,2
2026,2025-11-06,Oso Ighodaro,Suns,F,12,0,3,1,1,0,0,4
2026,2026-02-09,Nikola Jokic,Nuggets,C,33,22,14,11,2,1,7,0
2026,2025-12-22,Brandon Williams,Mavericks,G,15,4,3,2,2,0,0,1
2026,2026-02-26,Christian Koloko,Hawks,C,3,4,4,0,0,0,0,0
2026,2026-04-10,Jalen Johnson,Hawks,F,25,18,9,2,0,0,5,4
2026,2025-11-28,Rui Hachimura,Lakers,F,36,14,4,0,1,0,2,1
2026,2025-11-17,Sion James,Hornets,G,25,0,5,2,1,1,2,2
2026,2026-02-22,Desmond Bane,Magic,G,32,36,5,1,2,0,1,3
2026,2026-02-25,Myles Turner,Bucks,C,24,15,3,0,1,1,0,2
2026,2026-04-02,Scoot Henderson,Trail Blazers,G,20,14,1,3,1,0,0,2
2026,2026-02-25,Killian Hayes,Kings,G,20,3,1,3,1,0,1,0
2026,2025-11-10,Desmond Bane,Magic,G,33,22,3,7,0,0,3,3
2026,2026-01-16,Nicolas Batum,Clippers,F,6,0,1,0,0,1,0,0
2026,2026-01-26,Jalen Smith,Bulls,F,37,13,7,0,1,0,1,3
2026,2026-03-25,Mason Plumlee,Spurs,C,10,2,4,2,1,0,2,2
2026,2025-11-17,Karlo Matkovic,Pelicans,F,22,10,6,2,0,1,1,3
2026,2026-01-19,Aaron Nesmith,Pacers,G,32,7,11,1,1,2,6,4
2026,2026-03-23,Jericho Sims,Bucks,C,19,4,3,1,1,0,3,2
2026,2026-03-25,Jaxson Hayes,Lakers,C,36,21,10,1,2,2,0,1
2026,2026-01-15,Jordan McLaughlin,Spurs,G,7,0,1,0,1,0,3,1
2026,2026-01-29,Andre Drummond,76ers,C,4,0,0,0,0,0,0,0
2026,2026-01-28,Donovan Mitchell,Cavaliers,G,29,25,5,5,1,0,0,4
2026,2026-01-14,Matas Buzelis,Bulls,F,19,7,2,2,0,0,0,2
2026,2025-11-23,Kobe Brown,Clippers,G,4,3,0,1,0,0,1,0
2026,2026-04-08,Bones Hyland,Timberwolves,G,23,9,1,0,1,1,5,1
2026,2026-01-19,Ajay Mitchell,Thunder,G,25,5,2,9,1,0,3,3
2026,2026-02-01,Drake Powell,Nets,G,32,12,3,1,0,0,0,1
2026,2025-12-29,Anthony Gill,Wizards,F,1,0,0,0,0,0,0,0
2026,2026-01-15,Jalen Johnson,Hawks,F,38,12,11,6,0,0,6,3
2026,2026-02-24,Khris Middleton,Mavericks,F,12,6,5,1,1,0,2,0
2026,2025-12-31,Gary Trent Jr.,Bucks,G,15,0,1,0,0,0,0,1
2026,2025-11-18,Jalen Suggs,Magic,G,32,13,5,8,2,1,3,4
2026,2025-12-20,Ronald Holland II,Pistons,F,23,9,9,1,1,0,1,1
2026,2025-11-20,Keldon Johnson,Spurs,F,32,25,7,2,1,0,2,2
2026,2026-02-23,Jalen Duren,Pistons,C,29,25,14,1,2,0,3,4
2026,2026-04-02,Rudy Gobert,Timberwolves,C,27,6,7,1,0,1,1,4
2026,2025-11-09,Caris LeVert,Pistons,G,20,14,0,3,0,1,1,0
2026,2026-01-30,Nic Claxton,Nets,C,30,6,9,3,3,2,2,3
2026,2026-03-26,Ronald Holland II,Pistons,F,19,2,7,4,0,0,2,2
2026,2026-03-05,Bismack Biyombo,Spurs,C,1,0,1,0,0,0,0,0
2026,2026-03-18,Brooks Barnhizer,Thunder,F,12,0,3,0,0,0,0,2
2026,2025-11-23,Dominick Barlow,76ers,F,20,9,3,0,0,2,0,2
2026,2026-01-21,Mitchell Robinson,Knicks,C,17,7,7,0,1,2,1,3
2026,2026-02-07,Cameron Johnson,Nuggets,F,27,14,4,1,0,0,0,2
2026,2026-02-19,Ronald Holland II,Pistons,F,12,7,2,1,0,0,0,2
2026,2026-04-12,Haywood Highsmith,Suns,F,10,5,0,0,0,0,0,1
2026,2026-01-10,John Collins,Clippers,F,37,25,7,1,4,4,2,3
2026,2026-01-11,Naz Reid,Timberwolves,C,31,17,11,2,2,1,2,2
2026,2026-02-15,Cade Cunningham,Team Stars,G,9,0,1,2,0,1,1,0
2026,2026-01-15,Shaedon Sharpe,Trail Blazers,G,33,24,9,5,2,0,5,1
2026,2025-11-22,Mouhamed Gueye,Hawks,F,27,3,6,0,2,0,0,3
2026,2026-04-10,Pacome Dadiet,Knicks,F,4,2,1,0,0,0,0,0
2026,2025-12-18,Johnny Furphy,Pacers,G,6,0,1,0,0,0,0,1
2026,2026-02-09,Paul Reed,Pistons,F,18,12,3,1,2,1,1,3
2026,2026-03-29,Karl-Anthony Towns,Knicks,C,34,15,18,2,1,0,4,3
2026,2026-04-07,Enrique Freeman,Timberwolves,F,3,0,0,0,0,0,0,0
2026,2025-12-03,Dylan Harper,Spurs,G,22,16,5,5,2,0,5,2
2026,2025-12-30,DeMar DeRozan,Kings,G,28,8,7,3,1,1,2,1
2026,2026-01-07,Clint Capela,Rockets,C,12,2,3,2,1,1,1,1
2026,2025-11-28,Justin Champagnie,Wizards,F,11,0,2,0,1,0,0,0
2026,2026-02-24,Landry Shamet,Knicks,G,20,2,2,1,1,0,3,2
2026,2026-01-26,Vit Krejci,Hawks,G,6,0,1,0,0,0,0,0
2026,2026-03-24,Max Strus,Cavaliers,G,27,11,3,3,1,0,0,3
2026,2025-11-16,Derrick White,Celtics,G,39,22,7,9,0,2,1,2
2026,2025-11-08,RJ Barrett,Raptors,F,34,22,3,6,0,0,1,5
2026,2026-03-19,Harrison Barnes,Spurs,F,23,6,1,3,1,0,0,0
2026,2026-02-05,Desmond Bane,Magic,G,32,23,3,4,4,0,2,0
2026,2026-02-24,Kon Knueppel,Hornets,G,23,21,1,2,2,0,0,2
2026,2026-03-27,AJ Johnson,Mavericks,G,10,0,0,1,0,0,0,0
2026,2025-11-01,Noah Penda,Magic,F,7,3,2,3,1,2,1,0
2026,2025-11-03,Giannis Antetokounmpo,Bucks,F,32,33,13,5,2,0,3,4
2026,2026-03-23,Taurean Prince,Bucks,F,20,5,6,0,0,0,2,3
2026,2026-03-08,Ryan Dunn,Suns,F,10,3,1,0,0,0,0,2
2026,2025-10-27,Ryan Dunn,Suns,F,17,7,2,1,0,0,0,3
2026,2026-03-31,Pacome Dadiet,Knicks,F,2,0,1,0,0,0,0,0
2026,2025-11-03,Max Christie,Mavericks,G,33,17,4,6,0,0,1,2
2026,2026-01-17,Isaiah Joe,Thunder,G,19,8,3,2,0,0,1,3
2026,2026-03-23,John Poulakidas,Mavericks,G,12,9,0,1,1,0,0,3
2026,2025-12-26,Trae Young,Hawks,G,32,30,2,6,1,0,4,2
2026,2025-12-19,Tre Jones,Bulls,G,22,16,1,6,2,0,2,1
2026,2025-11-02,Mitchell Robinson,Knicks,C,13,0,5,1,0,2,0,1
2026,2026-03-17,Noah Penda,Magic,F,7,0,2,1,1,0,2,0
2026,2026-02-25,Ja'Kobe Walter,Raptors,G,19,5,7,2,1,0,0,2
2026,2025-10-29,Javonte Green,Pistons,G,17,9,2,1,1,0,0,2
2026,2026-03-20,Ronald Holland II,Pistons,F,22,11,1,0,1,1,1,2
2026,2025-10-30,Kel'el Ware,Heat,C,21,0,7,3,1,1,1,1
2026,2025-11-15,Jeremiah Robinson-Earl,Pacers,F,30,7,6,0,0,0,4,1
2026,2026-03-05,Paul Reed,Pistons,F,9,6,4,0,1,0,1,4
2026,2026-01-17,Luka Garza,Celtics,C,12,4,4,2,0,1,0,1
2026,2025-12-18,Trey Murphy III,Pelicans,F,38,27,3,2,1,1,0,2
2026,2026-02-22,Jalen Johnson,Hawks,F,38,26,12,4,0,1,4,5
2026,2025-11-24,Derik Queen,Pelicans,C,17,8,5,4,1,1,1,4
2026,2026-03-27,Jarred Vanderbilt,Lakers,F,10,0,2,0,0,0,0,0
2026,2026-03-12,Dwight Powell,Mavericks,F,2,0,0,1,0,0,0,1
2026,2025-11-28,Daniel Gafford,Mavericks,F,17,5,4,0,1,0,2,1
2026,2025-12-30,Jalen Duren,Pistons,C,28,14,8,2,5,0,5,4
2026,2026-02-08,Jahmir Young,Heat,G,8,2,1,0,0,0,0,0
2026,2025-11-05,Isaiah Joe,Thunder,G,26,14,0,2,0,0,2,1
2026,2026-01-03,Walter Clayton Jr.,Jazz,G,17,8,3,2,0,0,0,2
2026,2026-01-30,Karl-Anthony Towns,Knicks,C,29,14,20,3,0,1,0,1
2026,2025-12-28,Kentavious Caldwell-Pope,Grizzlies,G,11,4,1,1,0,1,0,0
2026,2026-01-22,Jonas Valanciunas,Nuggets,C,22,16,9,2,0,0,0,5
2026,2026-03-27,John Collins,Clippers,F,20,5,6,1,2,0,0,2
2026,2026-01-20,Andre Drummond,76ers,C,22,8,15,1,0,1,2,2
2026,2025-12-29,Terance Mann,Nets,G,28,4,2,4,1,1,1,3
2026,2026-03-29,Tim Hardaway Jr.,Nuggets,G,26,16,3,2,2,0,0,0
2026,2025-12-29,Bones Hyland,Timberwolves,G,14,12,0,1,1,1,0,2
2026,2025-12-31,Jordan Goodwin,Suns,G,22,4,15,2,1,0,1,3
2026,2025-12-31,Jordan Poole,Pelicans,G,26,26,3,2,0,0,0,3
2026,2026-01-15,Caris LeVert,Pistons,G,16,2,3,3,2,0,2,1
2026,2026-04-03,Jalen Brunson,Knicks,G,30,17,1,10,0,0,2,4
2026,2026-02-11,Josh Hart,Knicks,G,29,6,7,9,1,0,1,0
2026,2026-01-11,Khaman Maluach,Suns,C,5,0,1,0,0,0,1,1
2026,2026-04-09,Draymond Green,Warriors,F,22,2,5,6,1,0,4,2
2026,2026-03-05,Patrick Baldwin Jr.,Kings,G,6,0,1,0,0,0,0,1
2026,2026-02-26,Moussa Cisse,Mavericks,C,7,2,5,0,0,0,0,1
2026,2025-12-01,Isaiah Stewart,Pistons,F,25,6,10,0,0,5,2,2
2026,2026-03-17,Jordan Goodwin,Suns,G,24,3,8,2,2,0,0,3
2026,2026-01-18,Ryan Kalkbrenner,Hornets,C,23,17,6,1,0,0,1,1
2026,2025-12-19,Dean Wade,Cavaliers,F,28,2,5,1,0,0,0,0
2026,2025-11-26,Hugo Gonzalez,Celtics,G,7,1,2,1,1,0,0,2
2026,2026-02-26,Oso Ighodaro,Suns,F,34,8,4,3,2,2,1,0
2026,2026-04-10,Keldon Johnson,Spurs,F,24,17,6,2,0,0,0,1
2026,2026-03-12,Chet Holmgren,Thunder,C,28,14,9,0,0,0,1,2
2026,2025-12-04,Brandon Ingram,Raptors,F,36,20,7,7,0,1,3,1
2026,2025-11-14,Justin Edwards,76ers,F,17,13,1,1,0,0,1,2
2026,2025-10-26,Jarace Walker,Pacers,F,26,5,7,4,0,1,2,2
2026,2026-01-01,Jabari Smith Jr.,Rockets,F,32,14,6,1,1,1,1,4
2026,2025-12-28,Ronald Holland II,Pistons,F,18,4,3,2,1,1,2,2
2026,2026-04-04,Tyus Jones,Nuggets,G,2,0,0,0,0,0,0,0
2026,2026-02-10,Stephon Castle,Spurs,G,12,2,1,7,0,1,1,2
2026,2026-03-18,Tari Eason,Rockets,F,32,10,6,1,1,1,2,2
2026,2025-11-30,Malik Monk,Kings,G,34,21,6,6,2,2,1,4
2026,2025-11-06,Chris Paul,Clippers,G,10,2,2,2,1,0,0,0
2026,2025-11-24,Moussa Cisse,Mavericks,C,5,0,1,0,0,0,1,2
2026,2026-01-30,Jordan Walsh,Celtics,G,16,5,3,0,1,1,0,2
2026,2025-12-20,Moussa Diabate,Hornets,F,17,1,3,0,1,0,0,1
2026,2026-02-27,Jaylen Wells,Grizzlies,F,20,12,4,3,1,1,0,2
2026,2026-01-02,Donovan Clingan,Trail Blazers,C,30,11,15,1,0,1,0,2
2026,2025-11-15,Immanuel Quickley,Raptors,G,29,12,3,7,0,0,2,2
2026,2025-11-22,Gary Harris,Bucks,G,12,3,0,2,2,0,0,3
2026,2026-01-30,Anthony Gill,Wizards,F,17,9,10,0,0,1,1,1
2026,2026-04-05,Nikola Vucevic,Celtics,C,13,4,4,1,0,0,2,4
2026,2026-03-21,Taurean Prince,Bucks,F,22,8,2,1,0,0,1,1
2026,2026-01-12,James Harden,Clippers,G,38,32,4,10,4,0,1,2
2026,2026-03-04,Kenrich Williams,Thunder,G,6,3,0,0,0,0,0,1
2026,2026-01-26,Rui Hachimura,Lakers,F,29,23,2,1,1,1,0,1
2026,2025-10-26,Chris Paul,Clippers,G,11,6,1,2,0,0,0,4
2026,2026-01-22,Brice Sensabaugh,Jazz,F,20,2,3,0,1,0,1,0
2026,2025-11-17,Jaden Hardy,Mavericks,G,14,17,3,0,0,0,4,1
2026,2025-11-29,Josh Giddey,Bulls,G,34,17,11,7,0,0,3,1
2026,2025-12-27,Max Christie,Mavericks,G,30,9,7,5,1,0,3,2
2026,2025-11-04,Trendon Watford,76ers,F,19,8,4,2,0,0,2,4
2026,2026-03-01,Bruce Brown,Nuggets,G,28,6,4,1,1,0,2,4
2026,2025-12-06,Isaiah Stewart,Pistons,F,26,19,2,0,0,1,1,2
2026,2025-11-03,Tony Bradley,Pacers,C,7,4,3,0,0,0,1,2
2026,2026-01-09,Al Horford,Warriors,C,16,9,5,2,0,1,0,2
2026,2026-03-21,Bam Adebayo,Heat,C,45,32,21,4,2,0,1,4
2026,2026-02-06,Devin Carter,Kings,G,22,14,4,4,1,0,1,3
2026,2025-12-18,Luguentz Dort,Thunder,G,18,0,1,1,0,0,1,1
2026,2026-03-25,Rob Dillingham,Bulls,G,23,12,2,1,0,0,1,4
2026,2026-03-18,Onyeka Okongwu,Hawks,F,29,12,9,4,0,0,1,3
2026,2025-12-01,Vit Krejci,Hawks,G,17,3,2,1,1,0,1,1
2026,2026-03-29,Nic Claxton,Nets,C,23,10,7,3,0,1,0,2
2026,2025-12-20,Jordan Hawkins,Pelicans,G,3,0,1,0,0,0,0,0
2026,2025-11-17,Jaylen Clark,Timberwolves,G,19,5,6,0,1,0,0,3
2026,2026-03-22,Jordan Clarkson,Knicks,G,23,8,3,4,1,0,1,2
2026,2025-10-25,Quentin Grimes,76ers,G,30,24,3,4,0,0,2,4
2026,2026-01-22,Deandre Ayton,Lakers,C,21,4,5,0,0,1,1,1
2026,2026-03-19,Desmond Bane,Magic,G,26,24,7,2,1,0,2,0
2026,2026-01-30,Payton Pritchard,Celtics,G,33,29,2,8,0,0,2,1
2026,2025-11-05,Jaylen Wells,Grizzlies,F,20,8,3,1,0,0,1,0
2026,2025-11-26,T.J. McConnell,Pacers,G,24,16,7,6,0,0,2,1
2026,2026-03-26,Kevin Huerter,Pistons,G,34,22,3,2,1,0,3,0
2026,2026-04-03,Thanasis Antetokounmpo,Bucks,F,5,0,1,0,1,0,1,1
2026,2026-03-01,Kenrich Williams,Thunder,G,6,0,1,0,0,0,0,0
2026,2025-11-03,DeMar DeRozan,Kings,G,36,19,3,0,1,0,0,2
2026,2025-10-24,Norman Powell,Heat,G,25,15,6,2,2,0,2,2
2026,2026-03-25,Luke Kennard,Lakers,G,28,8,2,2,0,0,1,3
2026,2025-12-02,David Jones Garcia,Spurs,F,2,0,0,0,0,0,0,1
2026,2026-03-30,Oscar Tshiebwe,Jazz,C,19,7,7,1,0,0,0,1
2026,2025-11-24,Luke Travers,Cavaliers,F,11,5,2,1,1,0,0,1
2026,2026-01-14,Alex Sarr,Wizards,C,13,4,1,1,0,2,2,2
2026,2025-12-23,Bilal Coulibaly,Wizards,G,23,14,5,1,0,1,1,0
2026,2026-01-11,Dillon Brooks,Suns,F,24,16,1,1,0,0,2,2
2026,2025-12-01,Jonathan Isaac,Magic,F,7,1,2,0,0,1,0,0
2026,2025-10-29,Jamal Murray,Nuggets,G,25,17,2,6,1,0,1,0
2026,2025-11-07,Alperen Sengun,Rockets,C,36,25,8,8,1,1,3,5
2026,2025-11-01,Bones Hyland,Timberwolves,G,10,3,1,1,0,0,0,2
2026,2026-02-11,Julius Randle,Timberwolves,F,33,41,7,2,1,0,3,5
2026,2026-03-07,Michael Porter Jr.,Nets,F,39,30,13,1,2,1,2,2
2026,2025-12-22,Naji Marshall,Mavericks,F,29,15,5,6,0,0,1,2
2026,2026-01-17,Miles McBride,Knicks,G,36,23,2,5,2,0,0,0
2026,2026-04-10,Jae'Sean Tate,Rockets,F,8,2,4,0,0,0,0,1
2026,2026-02-20,Pelle Larsson,Heat,G,32,12,6,1,2,0,1,2
2026,2026-02-19,Malik Monk,Kings,G,20,14,0,2,0,0,1,3
2026,2025-11-24,Donovan Mitchell,Cavaliers,G,34,17,1,8,1,0,2,0
2026,2025-12-26,Bennedict Mathurin,Pacers,G,30,13,4,4,1,0,1,3
2026,2026-03-05,Myron Gardner,Heat,F,0,0,1,0,0,0,0,0
2026,2026-01-31,Donte DiVincenzo,Timberwolves,G,18,11,1,5,1,0,2,5
2026,2026-01-26,Toumani Camara,Trail Blazers,F,36,18,8,1,3,0,2,5
2026,2025-11-12,Cam Spencer,Grizzlies,G,29,5,2,3,0,1,0,1
2026,2025-12-05,Zach Edey,Grizzlies,C,29,10,8,1,0,2,2,2
2026,2026-04-01,Obi Toppin,Pacers,F,11,6,3,3,1,0,0,0
2026,2025-12-31,De'Anthony Melton,Warriors,G,23,7,3,2,2,0,3,3
2026,2025-10-28,Jalen Brunson,Knicks,G,35,36,4,3,2,0,2,3
2026,2025-12-06,Drew Eubanks,Kings,F,11,4,2,0,0,0,0,0
2026,2026-01-28,Sam Hauser,Celtics,F,25,12,7,1,0,1,0,1
2026,2026-02-19,Jordan Goodwin,Suns,G,27,10,4,1,0,0,0,1
2026,2025-11-24,Garrison Mathews,Pacers,G,6,0,1,1,0,0,1,1
2026,2026-03-04,Brandon Miller,Hornets,F,27,18,5,2,3,0,1,4
2026,2025-12-09,Anthony Black,Magic,G,34,10,3,7,1,1,2,3
2026,2025-11-12,Luke Kornet,Spurs,C,22,12,0,1,0,0,0,4
2026,2026-01-04,Bam Adebayo,Heat,C,29,12,6,6,1,1,1,1
2026,2026-03-26,Jalen Duren,Pistons,C,31,30,10,7,2,2,3,0
2026,2026-04-01,Kel'el Ware,Heat,C,13,8,2,0,0,0,0,1
2026,2026-01-03,Caleb Love,Trail Blazers,G,28,16,5,2,0,0,0,0
2026,2025-12-27,Jeff Green,Rockets,F,5,3,0,1,0,0,0,0
2026,2026-01-10,Patrick Williams,Bulls,F,20,4,5,1,1,0,1,0
2026,2026-01-14,Ryan Nembhard,Mavericks,G,15,5,3,4,0,0,0,2
2026,2026-02-06,Luka Garza,Celtics,C,10,2,3,0,0,0,0,1
2026,2025-11-22,Micah Peavy,Pelicans,G,27,4,3,1,0,0,2,3
2026,2026-03-05,John Konchar,Jazz,G,37,0,5,4,5,1,2,3
2026,2025-11-05,Isaiah Jackson,Pacers,F,20,8,7,1,1,0,2,4
2026,2026-04-05,Taj Gibson,Grizzlies,F,7,0,6,1,0,0,0,0
2026,2026-01-12,Luka Garza,Celtics,C,16,6,6,1,0,0,0,0
2026,2025-11-19,Moussa Diabate,Hornets,F,24,8,12,3,0,0,1,3
2026,2026-03-24,Evan Mobley,Cavaliers,C,33,19,9,6,0,1,3,4
2026,2026-02-24,Bub Carrington,Wizards,G,26,3,10,7,1,2,2,3
2026,2025-11-15,Jaxson Hayes,Lakers,C,17,10,6,1,2,0,2,1
2026,2025-12-19,Luguentz Dort,Thunder,G,29,11,4,2,0,1,1,5
2026,2026-01-30,Cam Thomas,Nets,G,24,21,2,4,0,0,3,1
2026,2026-03-03,Day'Ron Sharpe,Nets,C,17,10,8,4,0,0,0,2
2026,2026-02-09,Donovan Mitchell,Cavaliers,G,34,32,1,10,2,2,2,1
2026,2025-11-21,Steven Adams,Rockets,C,23,5,8,2,0,0,1,1
2026,2025-10-27,Jaylon Tyson,Cavaliers,G,28,3,2,1,0,0,1,5
2026,2026-03-01,Isaac Okoro,Bulls,F,32,7,4,3,2,0,2,4
2026,2025-12-06,Amir Coffey,Bucks,G,8,4,1,0,0,0,0,0
2026,2026-02-27,Nikola Jokic,Nuggets,C,45,23,17,14,1,0,3,3
2026,2026-01-10,Kyle Anderson,Jazz,F,21,7,4,2,1,0,1,0
2026,2026-02-09,Duncan Robinson,Pistons,F,24,18,3,4,0,0,1,1
2026,2026-04-08,Cason Wallace,Thunder,G,21,3,2,1,0,1,2,1
2026,2025-12-18,Bam Adebayo,Heat,C,31,8,17,1,1,3,3,5
2026,2025-10-21,Brooks Barnhizer,Thunder,F,2,0,0,0,0,0,0,0
2026,2026-03-31,Rasheer Fleming,Suns,F,16,11,4,0,0,0,2,3
2026,2026-02-03,Jaylen Brown,Celtics,G,37,33,11,3,1,0,3,4
2026,2025-11-10,Marcus Smart,Lakers,G,37,13,4,5,7,0,3,1
2026,2025-12-30,Javonte Green,Pistons,G,31,8,4,2,0,2,0,2
2026,2026-02-25,Malevy Leons,Warriors,F,18,9,8,2,2,1,1,4
2026,2025-10-23,Bennedict Mathurin,Pacers,G,45,36,11,1,0,0,4,6
2026,2025-11-10,Collin Gillespie,Suns,G,13,6,1,5,1,0,2,1
2026,2025-11-15,Amir Coffey,Bucks,G,3,3,0,0,0,0,0,0
2026,2025-11-08,Shaedon Sharpe,Trail Blazers,G,28,21,9,1,1,0,6,3
2026,2025-12-18,Egor Demin,Nets,G,28,14,2,1,0,0,1,2
2026,2025-11-29,Bobby Portis,Bucks,F,21,13,6,0,0,0,2,2
2026,2026-03-25,Robert Williams III,Trail Blazers,C,13,6,6,0,0,2,1,2
2026,2025-12-31,Derik Queen,Pelicans,C,25,9,7,4,2,5,2,4
2026,2025-10-27,Kevin Durant,Rockets,F,25,19,6,3,1,0,3,4
2026,2026-01-17,Kon Knueppel,Hornets,G,29,24,11,2,1,1,2,3
2026,2025-11-09,Myles Turner,Bucks,C,34,13,6,1,3,3,1,4
2026,2026-03-01,Victor Wembanyama,Spurs,F,34,25,13,2,0,4,7,2
2026,2026-01-15,Tidjane Salaun,Hornets,F,2,0,0,0,0,0,0,0
2026,2025-12-29,Coby White,Bulls,G,7,0,0,2,0,0,0,0
2026,2025-10-22,Scottie Barnes,Raptors,F,32,22,6,9,1,2,1,4
2026,2025-11-25,Luke Kennard,Hawks,G,15,9,1,4,0,0,2,2
2026,2025-12-23,John Collins,Clippers,F,29,13,5,5,2,2,0,3
2026,2025-12-09,Sandro Mamukelashvili,Raptors,F,15,2,2,1,1,0,1,1
2026,2026-04-08,Jarrett Allen,Cavaliers,C,29,16,8,0,2,0,3,0
2026,2026-01-15,De'Aaron Fox,Spurs,G,23,18,4,4,0,0,4,0
2026,2026-01-07,Jabari Walker,76ers,F,4,0,0,0,0,0,0,1
2026,2026-01-15,Ariel Hukporti,Knicks,C,10,1,3,0,0,1,0,0
2026,2025-11-07,Peyton Watson,Nuggets,G,24,10,3,1,2,1,0,1
2026,2026-01-16,Terance Mann,Nets,G,17,5,2,0,1,0,0,0
2026,2025-11-01,DeMar DeRozan,Kings,G,41,29,4,3,0,0,2,2
2026,2026-02-23,Ausar Thompson,Pistons,G,18,8,4,2,0,0,2,2
2026,2025-12-18,Keyonte George,Jazz,G,39,34,4,8,0,0,2,3
2026,2026-03-06,Davion Mitchell,Heat,G,27,13,2,7,0,0,1,2
2026,2026-01-03,Ariel Hukporti,Knicks,C,5,0,0,0,0,0,0,0
2026,2026-02-11,Craig Porter Jr.,Cavaliers,G,18,0,4,4,2,1,1,0
2026,2025-11-19,Sidy Cissoko,Trail Blazers,G,22,5,6,0,2,0,2,2
2026,2026-04-10,Quentin Grimes,76ers,G,16,4,3,1,0,0,1,2
2026,2025-12-06,Javonte Green,Pistons,G,17,13,0,0,2,0,2,2
2026,2026-04-12,Bennedict Mathurin,Clippers,G,32,20,9,8,0,1,2,3
2026,2026-03-31,Markelle Fultz,Raptors,G,1,0,0,0,0,0,0,0
2026,2025-11-16,Jabari Smith Jr.,Rockets,F,43,10,10,0,1,1,1,6
2026,2025-10-24,Jaren Jackson Jr.,Grizzlies,F,21,19,3,1,1,1,3,4
2026,2026-02-26,Dejounte Murray,Pelicans,G,26,17,3,9,4,1,6,3
2026,2026-03-04,Jrue Holiday,Trail Blazers,G,32,35,5,11,1,0,3,0
2026,2025-10-31,Quentin Grimes,76ers,G,33,16,2,3,1,0,3,1
2026,2026-04-04,Cameron Johnson,Nuggets,F,39,17,7,1,2,2,1,0
2026,2025-10-22,Luke Kornet,Spurs,C,16,2,4,3,0,2,1,3
2026,2026-03-16,Trae Young,Wizards,G,21,21,2,5,1,1,3,4
2026,2026-02-23,Kevin Love,Jazz,F,24,5,9,5,0,1,0,0
2026,2025-11-16,Jimmy Butler III,Warriors,F,31,18,3,10,3,0,6,2
2026,2026-03-30,Marcus Sasser,Pistons,G,18,12,1,4,0,1,2,2
2026,2026-01-22,Jonathan Kuminga,Warriors,F,9,10,1,2,2,0,0,1
2026,2026-01-26,Kevin Durant,Rockets,F,37,33,8,2,0,1,2,1
2026,2026-01-27,Spencer Jones,Nuggets,F,33,12,3,1,2,1,1,2
2026,2026-01-19,Kelly Olynyk,Spurs,F,7,0,0,0,0,0,0,1
2026,2025-10-24,James Harden,Clippers,G,28,30,7,7,0,1,4,2
2026,2026-03-18,Caleb Houstan,Hawks,G,2,0,0,0,0,0,0,0
2026,2026-01-05,Kon Knueppel,Hornets,G,28,23,5,5,1,0,5,4
2026,2026-02-26,Cameron Payne,76ers,PG,16,6,3,1,1,0,1,1
2026,2026-02-10,Brook Lopez,Clippers,C,29,7,2,0,1,1,2,3
2026,2026-01-21,Isaiah Jackson,Pacers,F,9,0,2,1,0,0,2,2
2026,2025-11-24,Bennedict Mathurin,Pacers,G,28,14,4,1,0,0,3,5
2026,2025-11-15,Larry Nance Jr.,Cavaliers,F,5,0,0,0,0,0,1,3
2026,2025-11-12,Bruce Brown,Nuggets,G,28,2,4,0,0,0,0,2
2026,2026-02-04,Dylan Cardwell,Kings,C,26,5,11,1,0,1,0,3
2026,2026-03-02,Nikola Jokic,Nuggets,C,36,22,12,5,0,2,3,5
2026,2026-01-02,Chris Youngblood,Thunder,G,8,9,1,1,1,0,0,0
2026,2026-02-27,Rayan Rupert,Grizzlies,G,25,5,5,2,2,0,1,6
2026,2025-11-26,Duncan Robinson,Pistons,F,30,11,2,3,0,1,1,2
2026,2025-12-18,Svi Mykhailiuk,Jazz,G,17,11,1,0,1,0,1,1
2026,2025-11-11,Ace Bailey,Jazz,G,26,20,4,1,0,0,1,3
2026,2025-12-01,Donovan Mitchell,Cavaliers,G,34,43,9,6,0,0,3,2
2026,2026-03-29,Jrue Holiday,Trail Blazers,G,22,11,1,2,0,0,1,1
2026,2026-03-03,Royce O'Neale,Suns,F,29,6,4,5,2,1,1,4
2026,2025-11-24,Jonas Valanciunas,Nuggets,C,14,6,6,1,1,0,1,1
2026,2025-10-22,Grayson Allen,Suns,G,36,18,5,7,1,0,4,3
2026,2026-04-10,Brook Lopez,Clippers,C,36,21,6,1,0,0,2,3
2026,2026-03-20,Aaron Holiday,Rockets,G,16,9,1,2,0,0,3,1
2026,2025-11-12,Duop Reath,Trail Blazers,C,4,3,1,0,0,0,0,0
2026,2026-02-05,Isaac Okoro,Bulls,F,30,10,2,1,1,0,1,2
2026,2026-01-28,Rui Hachimura,Lakers,F,18,0,2,0,0,1,1,0
2026,2025-11-24,Ja'Kobe Walter,Raptors,G,24,5,3,1,2,0,0,4
2026,2025-11-10,Kyle Filipowski,Jazz,F,26,7,3,3,0,1,2,4
2026,2026-03-27,Jaxson Hayes,Lakers,C,26,10,8,1,0,5,1,2
2026,2025-11-12,Mark Sears,Bucks,G,6,7,0,1,0,0,1,1
2026,2026-04-10,Nikola Topic,Thunder,G,39,14,2,11,4,0,8,3
2026,2026-04-01,Nikola Jokic,Nuggets,C,33,15,17,12,0,0,5,1
2026,2026-01-09,Jase Richardson,Magic,G,19,9,3,0,0,1,0,0
2026,2025-11-09,Trendon Watford,76ers,F,25,7,3,2,1,0,2,3
2026,2026-02-08,Rudy Gobert,Timberwolves,C,30,10,7,2,0,1,5,0
2026,2026-03-21,Desmond Bane,Magic,G,38,12,4,5,3,1,5,2
2026,2026-02-03,Luguentz Dort,Thunder,G,31,18,5,1,2,0,0,2
2026,2026-03-27,Alex Caruso,Thunder,G,15,6,5,2,0,0,0,1
2026,2026-01-04,Jaxson Hayes,Lakers,C,14,1,6,0,0,0,0,3
2026,2025-12-14,Julius Randle,Timberwolves,F,36,24,10,3,3,0,1,4
2026,2025-11-19,CJ McCollum,Wizards,G,31,14,5,4,0,0,1,1
2026,2026-03-27,Micah Potter,Pacers,C,16,13,7,0,0,1,1,2
2026,2026-02-11,Ben Saraf,Nets,G,17,12,4,2,0,0,1,3
2026,2026-02-03,Skal Labissiere,Wizards,C,7,0,1,1,0,0,0,0
2026,2025-12-12,Jared McCain,76ers,G,14,5,1,0,1,0,1,2
2026,2026-03-25,Terrence Shannon Jr.,Timberwolves,G,2,0,1,0,0,0,0,0
2026,2025-12-20,Jonas Valanciunas,Nuggets,C,16,10,1,1,1,1,1,0
2026,2025-12-05,Walter Clayton Jr.,Jazz,G,19,11,1,4,0,0,1,3
2026,2025-11-24,Tyler Kolek,Knicks,G,17,2,3,5,0,0,0,1
2026,2025-11-29,Emanuel Miller,Bulls,F,7,6,1,0,1,0,0,1
2026,2026-03-23,Collin Murray-Boyles,Raptors,F,17,9,4,1,1,5,2,5
2026,2026-03-14,Russell Westbrook,Kings,G,37,12,12,10,4,0,4,2
2026,2025-10-31,Brandon Ingram,Raptors,F,35,20,8,5,2,0,2,3
2026,2025-12-14,Kyle Kuzma,Bucks,F,28,13,7,3,0,0,2,1
2026,2026-04-03,Tristan da Silva,Magic,F,29,19,5,1,1,1,4,2
2026,2026-03-09,Sam Merrill,Cavaliers,G,21,2,3,5,0,0,0,1
2026,2026-03-05,Khaman Maluach,Suns,C,12,2,4,0,0,0,4,2
2026,2025-12-18,Ryan Rollins,Bucks,G,28,17,4,5,3,0,3,2
2026,2025-12-29,Klay Thompson,Mavericks,G,19,14,1,1,1,0,0,0
2026,2026-03-23,Rob Dillingham,Bulls,G,18,9,1,3,1,0,1,1
2026,2026-03-25,Christian Braun,Nuggets,G,25,11,3,4,0,0,2,6
2026,2025-12-23,Jaylon Tyson,Cavaliers,G,25,18,6,2,0,1,0,4
2026,2025-12-22,Taelon Peter,Pacers,G,1,0,0,0,0,0,0,1
2026,2025-11-28,Kelly Olynyk,Spurs,F,13,7,1,0,1,0,1,3
2026,2026-02-22,Jerami Grant,Trail Blazers,F,31,23,2,1,1,1,0,2
2026,2026-01-15,Dillon Brooks,Suns,F,28,16,1,1,0,0,2,6
2026,2026-01-30,Royce O'Neale,Suns,F,24,12,5,2,1,0,0,2
2026,2025-11-29,Pascal Siakam,Pacers,F,36,24,9,4,2,2,1,0
2026,2026-03-29,Charles Bassey,Celtics,C,1,1,1,0,0,0,0,0
2026,2026-01-28,Tyrese Proctor,Cavaliers,G,11,8,0,3,1,0,0,2
2026,2026-03-11,Kevin Love,Jazz,F,10,6,6,2,1,0,1,0
2026,2026-03-08,Jevon Carter,Magic,G,24,5,2,2,0,0,1,2
2026,2025-11-11,Ousmane Dieng,Thunder,F,20,5,1,0,0,0,2,0
2026,2025-11-11,Jaylen Brown,Celtics,G,35,24,6,5,0,0,2,2
2026,2026-02-03,Isaiah Joe,Thunder,G,23,22,0,0,1,0,0,2
2026,2026-01-31,Javon Small,Grizzlies,G,22,7,4,6,1,0,0,0
2026,2026-02-21,Daniss Jenkins,Pistons,G,21,3,0,2,0,0,1,4
2026,2026-02-11,Clint Capela,Rockets,C,16,3,5,0,0,4,0,2
2026,2026-03-14,Miles Bridges,Hornets,F,34,22,4,2,1,0,2,2
2026,2026-02-11,Kadary Richmond,Wizards,G,6,5,2,1,1,1,0,0
2026,2026-03-10,Julian Phillips,Timberwolves,F,4,2,1,1,1,0,0,0
2026,2025-10-31,Chris Paul,Clippers,G,9,3,1,4,0,0,0,0
2026,2025-10-28,Quentin Grimes,76ers,G,39,23,7,3,3,2,2,2
2026,2026-03-01,Cason Wallace,Thunder,G,30,4,6,8,1,1,1,2
2026,2026-04-07,Kenrich Williams,Thunder,G,12,2,5,1,0,0,0,0
2026,2025-11-07,Ryan Nembhard,Mavericks,G,10,6,0,2,0,0,0,0
2026,2026-03-30,Ayo Dosunmu,Timberwolves,G,33,18,15,12,3,0,1,0
2026,2026-01-26,Anfernee Simons,Celtics,G,26,12,1,1,2,1,1,1
2026,2025-11-24,Cam Spencer,Grizzlies,G,29,18,2,4,0,0,1,0
2026,2026-01-31,Julius Randle,Timberwolves,F,35,27,7,7,1,0,4,4
2026,2026-01-11,Donovan Clingan,Trail Blazers,C,30,8,8,1,0,2,1,1
2026,2025-11-08,P.J. Washington,Mavericks,F,37,14,9,5,1,1,2,2
2026,2025-12-05,Jaylen Wells,Grizzlies,F,27,17,3,0,1,0,2,1
2026,2025-10-27,Jalen Suggs,Magic,G,21,12,6,6,0,0,4,3
2026,2025-10-26,Harrison Barnes,Spurs,F,25,4,3,1,0,0,2,1
2026,2026-03-05,Sandro Mamukelashvili,Raptors,F,24,11,2,1,1,1,1,0
2026,2026-01-10,Jordan Walsh,Celtics,G,13,0,3,0,0,0,0,0
2026,2025-12-25,Julian Strawther,Nuggets,G,12,0,3,1,0,0,0,0
2026,2026-03-27,Ben Sheppard,Pacers,G,19,2,3,0,0,0,1,3
2026,2026-01-01,Jordan Miller,Clippers,G,1,0,0,1,0,0,0,0
2026,2026-01-22,Draymond Green,Warriors,F,23,4,4,5,2,1,3,6
2026,2026-03-06,Marcus Smart,Lakers,G,29,11,3,3,0,0,2,3
2026,2025-11-21,Julius Randle,Timberwolves,F,34,20,5,2,1,0,5,3
2026,2025-11-11,Domantas Sabonis,Kings,F,26,19,8,4,0,0,0,6
2026,2026-02-01,Malik Monk,Kings,G,17,4,4,2,1,1,3,1
2026,2025-12-05,Desmond Bane,Magic,G,33,5,0,3,0,1,2,1
2026,2026-03-19,Tristan Vukcevic,Wizards,F,18,21,4,1,0,1,4,4
2026,2025-11-23,Isaiah Collier,Jazz,G,23,10,1,3,1,0,2,1
2026,2025-11-22,Jalen Suggs,Magic,G,32,26,3,1,0,0,4,3
2026,2026-01-13,Bronny James,Lakers,G,4,0,0,1,0,0,0,0
2026,2026-04-10,Dalton Knecht,Lakers,F,4,5,1,0,0,1,0,0
2026,2026-04-08,Jevon Carter,Magic,G,15,11,0,2,0,0,0,0
2026,2026-01-05,Shai Gilgeous-Alexander,Thunder,G,30,21,2,6,0,1,2,2
2026,2026-03-27,Gary Payton II,Warriors,G,25,15,5,2,1,1,2,3
2026,2026-03-01,Jonathan Isaac,Magic,F,9,3,1,0,0,0,0,1
2026,2026-04-10,Ron Harper Jr.,Celtics,G,12,7,0,1,1,0,0,0
2026,2026-02-25,Jaylen Brown,Celtics,G,34,23,11,3,0,3,4,2
2026,2026-03-04,Cason Wallace,Thunder,G,29,4,4,3,4,0,0,2
2026,2026-02-25,Javon Small,Grizzlies,G,28,16,6,4,0,0,0,0
2026,2026-01-05,Jordan Miller,Clippers,G,22,9,5,3,1,0,2,2
2026,2026-03-22,Ziaire Williams,Nets,F,22,18,2,3,2,1,2,2
2026,2026-03-23,Khris Middleton,Mavericks,F,12,2,2,3,0,0,1,2
2026,2026-03-21,Bez Mbeng,Jazz,G,45,13,6,7,0,0,0,3
2026,2026-03-01,Isaiah Joe,Thunder,G,21,14,5,0,0,0,0,1
2026,2026-01-25,Oso Ighodaro,Suns,F,17,6,7,1,0,2,0,2
2026,2025-11-26,Collin Murray-Boyles,Raptors,F,8,0,1,0,0,0,0,2
2026,2026-01-09,Jordan Hawkins,Pelicans,G,20,7,4,0,2,0,1,0
2026,2025-11-22,Vit Krejci,Hawks,G,27,21,1,0,0,0,1,1
2026,2025-10-24,Moses Moody,Warriors,G,21,7,2,0,1,0,2,1
2026,2026-02-27,Isaiah Hartenstein,Thunder,C,25,9,8,5,2,2,0,3
2026,2025-12-03,Andrew Wiggins,Heat,F,33,11,6,5,1,1,1,2
2026,2025-12-03,Noah Clowney,Nets,F,34,20,7,2,0,0,0,3
2026,2026-03-29,Reed Sheppard,Rockets,G,21,6,2,2,0,1,1,2
2026,2025-10-26,Ryan Kalkbrenner,Hornets,C,22,4,5,1,0,0,1,2
2026,2025-10-27,Grayson Allen,Suns,G,42,23,2,5,1,0,3,5
2026,2026-03-22,Toumani Camara,Trail Blazers,F,30,16,5,2,0,0,1,2
2026,2025-10-25,Sion James,Hornets,G,19,10,2,1,0,0,1,0
2026,2025-11-03,Davion Mitchell,Heat,G,34,8,5,9,3,0,0,2
2026,2025-11-23,Vit Krejci,Hawks,G,32,1,3,4,0,0,1,3
2026,2026-01-31,Jay Huff,Pacers,C,31,16,6,0,0,2,2,2
2026,2026-01-12,Deandre Ayton,Lakers,C,27,13,13,1,0,2,2,0
2026,2026-01-27,Egor Demin,Nets,G,31,15,5,3,0,0,3,3
2026,2026-03-04,Ariel Hukporti,Knicks,C,9,0,3,0,0,1,3,2
2026,2026-01-07,Guerschon Yabusele,Knicks,F,13,8,2,0,0,0,0,0
2026,2026-01-15,Cedric Coward,Grizzlies,F,27,17,3,2,0,2,2,4
2026,2026-03-10,Ronald Holland II,Pistons,F,30,16,3,2,0,0,1,3
2026,2026-02-01,Mohamed Diawara,Knicks,F,5,3,0,0,0,0,1,3
2026,2025-12-23,Matas Buzelis,Bulls,F,18,15,2,0,0,2,0,3
2026,2025-11-23,De'Andre Hunter,Cavaliers,F,29,17,4,4,1,0,2,4
2026,2026-01-06,Rob Dillingham,Timberwolves,G,5,0,1,3,1,0,1,0
2026,2026-01-24,Sam Hauser,Celtics,F,24,8,4,3,2,0,0,0
2026,2026-01-25,Isaiah Joe,Thunder,G,22,10,1,2,1,0,0,2
2026,2026-01-17,Andrew Wiggins,Heat,F,32,15,5,5,1,0,0,0
2026,2026-01-14,Karl-Anthony Towns,Knicks,C,33,13,4,1,5,0,3,5
2026,2026-03-29,Jordan Clarkson,Knicks,G,21,2,3,0,0,0,0,1
2026,2025-11-19,Saddiq Bey,Pelicans,G,19,2,2,2,1,0,1,1
2026,2025-11-21,Larry Nance Jr.,Cavaliers,F,19,4,2,1,1,2,0,0
2026,2026-01-30,Javonte Green,Pistons,G,8,3,3,0,0,0,0,0
2026,2025-11-22,Tyler Kolek,Knicks,G,17,8,1,1,2,0,0,2
2026,2026-03-29,Pat Spencer,Warriors,G,24,7,5,8,2,0,0,2
2026,2026-01-05,Baylor Scheierman,Celtics,G,11,3,1,0,0,0,0,2
2026,2025-11-06,Nick Richards,Suns,C,11,3,3,0,0,0,2,0
2026,2026-01-02,De'Aaron Fox,Spurs,G,32,24,7,4,1,0,3,2
2026,2026-03-09,Jalen Wilson,Nets,F,23,6,3,4,1,0,1,4
2026,2025-12-01,Isaiah Jackson,Pacers,F,16,6,3,0,1,2,2,3
2026,2026-04-02,Isaiah Joe,Thunder,G,13,20,0,0,1,0,0,0
2026,2026-03-19,Sharife Cooper,Wizards,G,27,13,7,2,0,0,2,2
2026,2026-03-27,Bam Adebayo,Heat,C,31,14,16,3,1,1,2,0
2026,2025-12-07,Cam Spencer,Grizzlies,G,32,12,3,6,4,0,4,3
2026,2026-01-05,Collin Gillespie,Suns,G,25,11,6,4,1,0,0,1
2026,2026-04-02,Nikola Topic,Thunder,G,12,2,2,2,0,0,0,1
2026,2025-12-21,Nikola Vucevic,Bulls,C,30,13,5,6,3,0,1,1
2026,2025-11-17,Andrew Nembhard,Pacers,G,32,15,1,4,0,1,5,2
2026,2026-01-14,Cam Thomas,Nets,G,24,16,1,5,0,0,1,0
2026,2025-11-04,Branden Carlson,Thunder,C,4,2,1,0,0,0,0,1
2026,2026-03-11,Josh Green,Hornets,G,11,0,1,1,2,0,1,1
2026,2025-12-18,Brandin Podziemski,Warriors,G,28,18,2,2,1,0,2,2
2026,2025-12-07,Yang Hansen,Trail Blazers,C,19,4,5,2,0,0,2,5
2026,2025-12-04,Terrence Shannon Jr.,Timberwolves,G,9,7,1,0,0,0,2,0
2026,2025-10-27,Nick Richards,Suns,C,15,6,10,0,0,3,1,2
2026,2025-12-01,Norman Powell,Heat,G,32,30,3,3,1,1,2,5
2026,2025-12-02,Kentavious Caldwell-Pope,Grizzlies,G,13,2,3,2,0,1,4,1
2026,2026-03-09,Isaiah Jackson,Clippers,F,17,4,3,0,0,1,1,5
2026,2026-02-24,Norman Powell,Heat,G,30,26,6,0,1,0,6,1
2026,2025-10-22,LaMelo Ball,Hornets,G,34,20,2,8,0,0,3,3
2026,2026-01-17,Collin Sexton,Hornets,G,24,17,3,3,0,0,2,2
2026,2026-04-05,Jamison Battle,Raptors,F,1,2,0,0,0,0,0,0
2026,2026-01-12,Nick Smith Jr.,Lakers,G,2,0,0,0,0,0,0,0
2026,2026-03-16,Bennedict Mathurin,Clippers,G,34,16,4,3,2,0,2,5
2026,2026-01-25,Will Richard,Warriors,G,24,10,2,1,3,0,1,1
2026,2026-03-24,Aaron Gordon,Nuggets,F,26,16,6,3,0,0,2,4
2026,2026-03-18,Elijah Harkless,Jazz,G,20,8,6,3,2,0,2,1
2026,2026-02-06,GG Jackson,Grizzlies,F,27,15,3,2,1,1,1,1
2026,2026-04-01,KJ Simpson,Nuggets,G,2,0,0,0,0,0,0,3
2026,2026-03-07,Kyle Filipowski,Jazz,F,34,14,11,6,1,2,2,4
2026,2025-12-10,Chet Holmgren,Thunder,C,25,24,8,2,0,3,0,0
2026,2025-11-02,Kristaps Porzingis,Hawks,C,28,15,12,5,0,1,2,4
2026,2026-03-21,Julian Champagnie,Spurs,F,27,10,7,2,1,0,1,4
2026,2025-11-15,Andre Jackson Jr.,Bucks,G,4,0,0,1,0,0,2,1
2026,2026-02-28,Gary Payton II,Warriors,G,16,12,1,3,2,0,1,3
2026,2025-10-26,Tidjane Salaun,Hornets,F,16,4,7,1,2,1,0,3
2026,2025-11-17,Kon Knueppel,Hornets,G,36,24,7,1,3,0,3,4
2026,2025-12-04,Naz Reid,Timberwolves,C,33,19,7,6,1,2,0,1
2026,2026-03-01,Bennedict Mathurin,Clippers,G,25,9,5,1,0,1,1,1
2026,2026-04-10,Marvin Bagley III,Mavericks,F,8,2,1,1,0,0,0,1
2026,2025-12-20,Donovan Clingan,Trail Blazers,C,30,14,14,0,1,2,2,2
2026,2025-10-23,Tony Bradley,Pacers,C,10,2,0,0,0,1,0,3
2026,2026-03-05,Deandre Ayton,Lakers,C,5,0,2,0,0,0,0,1
2026,2025-12-04,Rob Dillingham,Timberwolves,G,8,2,0,3,0,1,0,2
2026,2025-11-01,Will Riley,Wizards,G,6,2,2,1,0,0,0,1
2026,2026-03-31,Mitchell Robinson,Knicks,C,16,5,5,0,1,0,0,3
2026,2026-01-17,Collin Gillespie,Suns,G,26,11,3,6,1,0,2,0
2026,2026-03-30,Joel Embiid,76ers,C,34,26,7,3,0,1,3,4
2026,2025-12-31,Patrick Williams,Bulls,F,20,12,2,2,1,0,1,0
2026,2025-11-30,Mike Conley,Timberwolves,G,17,5,3,4,0,0,0,1
2026,2025-11-13,Andrew Nembhard,Pacers,G,27,21,2,8,0,0,3,2
2026,2026-03-21,Pascal Siakam,Pacers,F,29,14,2,5,1,0,1,0
2026,2025-12-01,Jaden Ivey,Pistons,G,14,0,0,1,0,0,0,1
2026,2026-01-16,Jaylen Clark,Timberwolves,G,11,0,2,0,0,0,0,2
2026,2025-12-27,Myron Gardner,Heat,F,2,0,1,0,0,0,0,0
2026,2025-11-18,Anthony Black,Magic,G,33,21,4,2,2,0,1,3
2026,2026-03-09,Jaylon Tyson,Cavaliers,G,21,11,1,2,0,1,0,1
2026,2026-01-12,Moussa Cisse,Mavericks,C,12,2,6,0,1,0,1,3
2026,2026-03-17,Jalen Green,Suns,G,27,9,1,5,2,1,1,0
2026,2026-04-12,Caris LeVert,Pistons,G,14,6,0,0,0,0,2,1
2026,2025-12-26,Cole Anthony,Bucks,G,3,0,1,0,0,0,1,0
2026,2025-10-23,Quinten Post,Warriors,C,4,0,0,0,0,0,0,0
2026,2026-02-24,Sharife Cooper,Wizards,G,17,7,0,1,0,0,2,3
2026,2025-12-03,Cade Cunningham,Pistons,G,35,17,7,7,1,0,2,1
2026,2026-03-01,Kyle Kuzma,Bucks,F,23,10,3,4,0,0,4,1
2026,2025-12-14,KJ Simpson,Hornets,G,19,6,0,4,2,0,3,1
2026,2026-02-11,Kevon Looney,Pelicans,F,14,6,9,0,0,1,0,2
2026,2025-12-09,Jordan Clarkson,Knicks,G,26,12,3,0,0,0,1,1
2026,2025-11-04,Kevin Huerter,Bulls,G,25,12,5,2,1,2,4,1
2026,2026-02-05,Ronald Holland II,Pistons,F,25,11,10,2,1,1,0,1
2026,2026-03-15,Chet Holmgren,Thunder,C,32,21,9,2,3,1,0,2
2026,2025-11-25,Jared McCain,76ers,G,25,15,1,3,0,0,0,2
2026,2026-03-17,Tyler Kolek,Knicks,G,21,3,0,5,2,1,0,0
2026,2026-01-09,Hugo Gonzalez,Celtics,G,19,5,4,0,0,1,0,2
2026,2025-11-07,Caleb Martin,Mavericks,F,18,0,3,0,0,1,0,3
2026,2026-01-27,Jabari Walker,76ers,F,2,0,0,0,0,0,0,0
2026,2026-03-10,Devin Carter,Kings,G,16,24,5,3,1,0,2,1
2026,2026-03-26,DeMar DeRozan,Kings,G,38,33,6,11,0,0,0,3
2026,2026-03-25,Will Richard,Warriors,G,20,3,2,0,1,1,1,3
2026,2025-10-29,Max Christie,Mavericks,G,33,10,2,4,0,1,2,3
2026,2025-12-21,Gradey Dick,Raptors,G,17,3,2,1,1,1,0,0
2026,2025-12-02,Gradey Dick,Raptors,G,17,14,3,0,1,0,1,4
2026,2026-01-17,Chet Holmgren,Thunder,C,30,14,11,2,0,5,2,2
2026,2025-11-29,Nikola Jokic,Nuggets,C,31,26,9,10,0,0,5,1
2026,2026-01-19,Ben Sheppard,Pacers,G,13,3,1,1,1,0,0,3
2026,2025-11-07,Desmond Bane,Magic,G,36,22,6,7,1,2,1,3
2026,2025-12-20,Jimmy Butler III,Warriors,F,35,25,1,2,0,1,1,1
2026,2026-02-23,Cade Cunningham,Pistons,G,35,16,6,10,2,3,3,5
2026,2026-03-16,Tre Johnson,Wizards,G,23,13,1,2,0,0,2,1
2026,2026-03-25,Will Riley,Wizards,G,22,19,10,5,0,0,1,0
2026,2026-03-18,Robert Williams III,Trail Blazers,C,21,2,10,2,0,2,1,2
2026,2026-03-23,Daniel Gafford,Mavericks,F,32,20,7,5,1,1,0,3
2026,2026-02-01,Stanley Umude,Spurs,G,2,0,0,0,0,0,0,1
2026,2026-01-12,Jarace Walker,Pacers,F,25,11,7,1,1,0,1,2
2026,2025-12-17,Terrence Shannon Jr.,Timberwolves,G,11,6,1,0,0,0,0,0
2026,2026-02-24,Kevin Porter Jr.,Bucks,G,37,32,7,7,2,1,1,2
2026,2025-11-12,Paul Reed,Pistons,F,31,28,13,6,4,1,4,3
2026,2026-01-13,Duop Reath,Trail Blazers,C,11,3,2,0,0,0,0,2
2026,2026-03-27,Branden Carlson,Thunder,C,3,0,1,0,0,0,0,0
2026,2025-11-05,Walter Clayton Jr.,Jazz,G,15,6,0,6,0,0,4,3
2026,2026-02-28,Brandon Miller,Hornets,F,33,26,8,2,0,0,4,3
2026,2026-02-09,Kon Knueppel,Hornets,G,34,20,5,3,0,1,0,0
2026,2025-11-02,Ousmane Dieng,Thunder,F,6,3,1,1,0,1,1,2
2026,2026-01-29,Julian Phillips,Bulls,F,5,3,0,0,0,0,0,0
2026,2026-03-17,Jamaree Bouyea,Suns,G,1,0,0,0,0,0,0,0
2026,2026-02-25,Jaylen Wells,Grizzlies,F,27,8,2,3,1,0,2,0
2026,2026-02-22,Julius Randle,Timberwolves,F,31,18,3,3,1,1,2,3
2026,2025-11-14,Anthony Edwards,Timberwolves,G,36,30,4,4,2,0,3,2
2026,2026-02-11,Dru Smith,Heat,G,20,6,3,4,0,0,0,0
2026,2026-04-05,Nolan Traore,Nets,G,28,23,2,7,0,0,3,0
2026,2026-03-10,Guerschon Yabusele,Bulls,F,23,2,5,1,2,0,1,0
2026,2025-11-03,Ace Bailey,Jazz,G,18,4,2,0,0,0,2,3
2026,2026-01-11,Mouhamed Gueye,Hawks,F,24,5,5,0,0,0,0,2
2026,2025-12-29,Jamal Cain,Magic,F,12,3,3,0,0,0,0,2
2026,2026-01-20,Rudy Gobert,Timberwolves,C,29,11,10,0,2,4,0,1
2026,2026-01-16,Quentin Grimes,76ers,G,32,14,7,4,0,0,0,3
2026,2026-03-05,Brandon Ingram,Raptors,F,30,14,5,2,1,0,1,2
2026,2025-11-26,Julian Champagnie,Spurs,F,32,12,11,2,0,2,1,1
2026,2025-10-29,Tyrese Proctor,Cavaliers,G,9,2,0,0,0,0,0,1
2026,2026-02-01,Moritz Wagner,Magic,F,8,8,0,0,0,0,0,1
2026,2025-11-23,Jaylen Brown,Celtics,G,37,35,4,8,1,0,1,3
2026,2026-03-10,Jaylen Brown,Celtics,G,15,8,2,7,1,0,2,2
2026,2025-12-31,Kon Knueppel,Hornets,G,32,20,5,8,0,0,1,4
2026,2026-02-24,Josh Green,Hornets,G,17,11,4,0,0,0,1,1
2026,2026-01-12,Kyle Filipowski,Jazz,F,17,4,3,0,1,0,0,1
2026,2025-11-11,Karl-Anthony Towns,Knicks,C,32,21,13,4,3,2,2,4
2026,2025-10-29,Jalen Duren,Pistons,C,33,21,13,2,0,1,5,3
2026,2026-03-03,Ja'Kobe Walter,Raptors,G,18,0,1,0,2,0,0,2
2026,2026-01-29,Alperen Sengun,Rockets,C,28,9,13,4,0,3,2,3
2026,2026-01-28,Miles Bridges,Hornets,F,28,20,6,3,0,0,1,1
2026,2025-12-10,Chris Youngblood,Thunder,G,10,3,1,1,0,0,0,1
2026,2026-03-22,Derrick White,Celtics,G,36,15,6,1,3,0,3,1
2026,2026-03-25,Andrew Wiggins,Heat,F,24,12,3,2,2,0,0,5
2026,2025-10-22,Ben Saraf,Nets,G,20,8,7,4,0,0,0,2
2026,2026-01-11,Mitchell Robinson,Knicks,C,25,6,11,2,3,3,0,1
2026,2025-11-07,Tristan da Silva,Magic,F,18,11,2,0,0,0,0,0
2026,2026-03-01,Wendell Carter Jr.,Magic,C,33,4,9,2,2,1,2,4
2026,2025-11-16,Stephon Castle,Spurs,G,16,4,0,5,1,0,3,2
2026,2026-04-01,Oscar Tshiebwe,Jazz,C,21,8,7,0,1,0,1,2
2026,2026-02-03,Jaylin Williams,Thunder,F,17,5,9,2,0,0,1,1
2026,2026-01-20,Drew Timme,Lakers,F,11,9,3,0,0,0,0,1
2026,2025-11-05,Shai Gilgeous-Alexander,Thunder,G,38,35,9,4,0,0,0,5
2026,2026-01-09,A.J. Lawson,Raptors,G,6,3,1,0,0,0,0,0
2026,2026-01-20,Jamison Battle,Raptors,F,15,9,2,3,0,1,0,2
2026,2025-12-14,Nick Richards,Suns,C,3,0,1,0,0,0,1,2
2026,2025-11-05,Marvin Bagley III,Wizards,F,13,11,5,2,0,1,2,2
2026,2026-01-11,Josh Hart,Knicks,G,31,18,3,6,2,1,4,4
2026,2025-12-29,Tony Bradley,Pacers,C,11,0,3,0,0,0,0,2
2026,2025-12-27,Andrew Wiggins,Heat,F,31,28,6,3,3,1,2,3
2026,2025-10-24,Deandre Ayton,Lakers,C,31,15,8,0,0,1,2,3
2026,2025-10-26,Taurean Prince,Bucks,F,31,8,3,1,3,1,1,5
2026,2026-04-12,John Konchar,Jazz,G,28,4,7,2,3,2,1,1
2026,2026-03-06,Mitchell Robinson,Knicks,C,14,13,5,1,0,0,1,4
2026,2026-03-10,Jamison Battle,Raptors,F,9,3,2,0,1,0,0,0
2026,2026-03-04,Gabe Vincent,Hawks,G,5,0,1,0,0,0,0,0
2026,2025-11-22,Ronald Holland II,Pistons,F,17,4,2,2,2,0,1,2
2026,2026-03-28,DaQuan Jeffries,Kings,G,27,15,3,1,0,0,0,0
2026,2025-12-27,Tim Hardaway Jr.,Nuggets,G,33,20,4,2,0,0,0,3
2026,2025-10-26,Giannis Antetokounmpo,Bucks,F,33,40,14,9,2,2,2,1
2026,2026-04-07,Luguentz Dort,Thunder,G,23,8,1,2,4,0,1,1
2026,2026-01-29,Isaiah Hartenstein,Thunder,C,18,11,5,2,0,0,2,4
2026,2026-03-15,Isaiah Joe,Thunder,G,21,20,4,0,0,0,1,2
2026,2025-11-20,Paul George,76ers,F,25,21,5,3,2,0,3,0
2026,2025-12-29,PJ Hall,Hornets,C,16,3,2,0,0,0,1,1
2026,2026-01-21,Russell Westbrook,Kings,G,35,23,3,3,3,0,4,2
2026,2026-03-07,Blake Hinson,Jazz,F,23,8,2,3,0,0,0,0
2026,2025-11-09,RayJ Dennis,Pacers,G,6,5,1,0,0,0,3,1
2026,2025-12-30,Ronald Holland II,Pistons,F,19,11,7,0,1,0,2,4
2026,2026-04-07,Kawhi Leonard,Clippers,F,30,34,4,3,1,0,3,0
2026,2026-03-03,Austin Reaves,Lakers,G,37,15,8,3,2,2,5,3
2026,2026-01-24,P.J. Washington,Mavericks,F,26,2,3,0,1,1,1,2
2026,2026-03-01,Gabe Vincent,Hawks,G,11,5,2,1,0,0,0,2
2026,2026-01-27,Justin Champagnie,Wizards,F,18,1,3,1,1,0,2,1
2026,2026-02-09,Herbert Jones,Pelicans,F,30,8,4,6,0,1,1,2
2026,2026-01-07,Luke Kennard,Hawks,G,22,13,0,1,1,1,0,1
2026,2026-03-17,Aaron Nesmith,Pacers,G,24,14,1,0,0,0,0,1
2026,2026-04-01,Tyler Herro,Heat,G,40,18,3,7,0,1,3,5
2026,2026-03-03,Cade Cunningham,Pistons,G,39,10,6,14,1,1,5,5
2026,2026-03-18,Donte DiVincenzo,Timberwolves,G,26,9,3,7,1,0,1,3
2026,2025-12-25,Mitchell Robinson,Knicks,C,17,0,13,2,0,1,1,2
2026,2025-12-14,Kris Murray,Trail Blazers,F,27,5,3,2,0,0,0,1
2026,2026-02-02,Cedric Coward,Grizzlies,F,28,14,4,1,0,0,1,2
2026,2025-10-26,Baylor Scheierman,Celtics,G,5,0,2,0,0,0,0,1
2026,2025-12-23,Royce O'Neale,Suns,F,23,12,3,3,1,0,1,2
2026,2025-11-14,Donovan Clingan,Trail Blazers,C,24,9,8,0,0,0,1,1
2026,2025-11-28,Larry Nance Jr.,Cavaliers,F,10,0,3,1,0,0,0,2
2026,2025-12-13,Mikal Bridges,Knicks,G,43,16,3,3,0,0,1,2
2026,2026-02-26,Victor Wembanyama,Spurs,F,26,12,8,5,2,2,1,5
2026,2025-12-27,Michael Porter Jr.,Nets,F,33,27,10,4,0,0,3,2
2026,2025-10-22,Tidjane Salaun,Hornets,F,17,10,4,1,0,0,0,2
2026,2026-02-20,Jock Landale,Hawks,C,19,3,6,1,0,0,0,0
2026,2026-04-07,Malevy Leons,Warriors,F,21,2,5,3,0,2,3,3
2026,2026-01-11,Aaron Gordon,Nuggets,F,32,23,6,4,0,0,0,1
2026,2026-01-05,Branden Carlson,Thunder,C,18,3,4,0,0,0,0,0
2026,2025-11-30,Maxi Kleber,Lakers,F,13,2,1,0,0,0,0,1
2026,2026-03-06,David Roddy,Nuggets,F,6,0,0,1,1,0,0,1
2026,2025-12-04,Joel Embiid,76ers,C,25,12,6,3,0,1,3,1
2026,2026-04-12,Curtis Jones,Nuggets,G,32,13,5,3,1,0,1,2
2026,2026-03-05,LeBron James,Lakers,F,34,16,5,8,3,1,1,2
2026,2025-11-26,Jarace Walker,Pacers,F,27,13,9,2,2,1,3,2
2026,2025-12-14,Zach Collins,Bulls,F,12,2,2,0,0,0,1,2
2026,2025-11-16,Luke Kennard,Hawks,G,12,0,1,0,0,0,0,0
2026,2026-03-16,Taylor Hendricks,Grizzlies,F,21,16,3,0,2,0,1,0
2026,2025-11-20,Santi Aldama,Grizzlies,F,28,29,5,3,0,2,1,0
2026,2026-01-29,Adem Bona,76ers,C,8,0,2,0,0,2,0,3
2026,2026-02-20,Javonte Cooke,Trail Blazers,G,6,0,2,0,0,0,0,0
2026,2025-12-01,Zeke Nnaji,Nuggets,F,6,1,0,0,0,0,0,2
2026,2026-01-27,Will Riley,Wizards,G,11,6,1,2,0,0,1,0
2026,2026-01-15,Alex Caruso,Thunder,G,18,5,4,2,2,1,1,0
2026,2025-12-23,Collin Sexton,Hornets,G,16,12,1,2,0,1,0,0
2026,2026-01-23,John Konchar,Grizzlies,G,20,0,4,1,1,2,3,2
2026,2026-03-31,Brandon Williams,Mavericks,G,26,18,2,2,1,0,4,1
2026,2025-11-07,Anthony Edwards,Timberwolves,G,26,37,5,1,1,1,4,2
2026,2026-01-27,Aaron Wiggins,Thunder,G,34,13,5,1,3,0,5,0
2026,2026-04-05,Cormac Ryan,Bucks,G,29,21,4,3,5,0,2,1
2026,2025-11-23,Pelle Larsson,Heat,G,32,6,7,8,1,0,2,3
2026,2026-01-19,Victor Wembanyama,Spurs,F,26,33,10,1,2,2,1,3
2026,2026-03-04,Tre Mann,Hornets,G,4,0,0,0,1,0,1,1
2026,2025-11-11,Trayce Jackson-Davis,Warriors,F,22,6,6,1,0,1,6,4
2026,2025-11-09,Cole Anthony,Bucks,G,18,12,5,6,0,1,4,1
2026,2025-11-23,Josh Minott,Celtics,F,20,16,7,1,0,1,0,1
2026,2026-03-18,Kyle Anderson,Timberwolves,F,22,8,3,6,1,0,2,3
2026,2026-02-11,Alperen Sengun,Rockets,C,29,16,9,6,0,3,2,5
2026,2026-01-06,Dru Smith,Heat,G,6,3,0,0,0,0,0,2
2026,2026-01-25,Andrew Wiggins,Heat,F,24,10,10,3,0,0,0,2
2026,2025-11-18,Anfernee Simons,Celtics,G,26,11,4,5,0,0,3,2
2026,2026-03-06,Jordan Clarkson,Knicks,G,7,7,3,0,1,0,0,1
2026,2026-01-28,Victor Wembanyama,Spurs,F,29,28,16,3,2,5,4,4
2026,2026-04-03,Ben Saraf,Nets,G,25,2,2,4,0,0,2,2
2026,2026-02-04,Derrick Jones Jr.,Clippers,F,21,7,2,0,0,1,0,1
2026,2026-03-03,Taylor Hendricks,Grizzlies,F,24,8,1,2,0,1,0,6
2026,2026-01-12,Jusuf Nurkic,Jazz,C,30,11,17,3,3,2,1,1
2026,2026-03-20,Tyus Jones,Nuggets,G,3,0,1,0,0,0,0,0
2026,2026-03-18,Bogdan Bogdanovic,Clippers,G,5,0,1,1,0,0,0,0
2026,2025-12-15,Jaylen Brown,Celtics,G,40,34,8,7,1,3,4,2
2026,2026-02-26,Jarred Vanderbilt,Lakers,F,6,0,1,0,0,0,1,1
2026,2026-01-29,Kyle Kuzma,Bucks,F,35,19,9,6,0,0,3,3
2026,2025-12-03,Curtis Jones,Nuggets,G,2,2,1,0,0,0,0,0
2026,2026-02-04,Keldon Johnson,Spurs,F,29,25,6,2,0,1,0,2
2026,2025-11-21,Justin Champagnie,Wizards,F,18,7,3,4,2,0,0,3
2026,2026-01-26,Andre Drummond,76ers,C,19,4,7,1,1,2,3,3
2026,2026-03-06,Myron Gardner,Heat,F,16,6,5,2,0,0,0,1
2026,2025-12-23,Javon Small,Grizzlies,G,12,0,2,7,1,0,1,4
2026,2026-02-20,Jordan Miller,Clippers,G,25,10,1,4,1,0,1,2
2026,2026-03-05,Ace Bailey,Jazz,G,33,32,2,0,2,1,0,2
2026,2026-02-07,Collin Sexton,Bulls,G,29,17,3,4,0,0,4,4
2026,2026-03-30,Victor Wembanyama,Spurs,F,31,41,16,4,1,3,2,2
2026,2025-12-23,Jaren Jackson Jr.,Grizzlies,F,30,21,7,2,1,3,4,3
2026,2026-01-26,Isaac Okoro,Bulls,F,28,7,1,5,0,0,0,2
2026,2026-04-06,Toumani Camara,Trail Blazers,F,35,30,5,0,1,0,1,6
2026,2025-12-03,Dean Wade,Cavaliers,F,16,0,1,1,1,2,0,0
2026,2026-01-13,Andre Jackson Jr.,Bucks,G,9,2,1,1,0,0,1,2
2026,2025-11-16,Dennis Schroder,Kings,G,35,22,6,5,1,0,0,3
2026,2026-03-25,Isaiah Jackson,Clippers,F,23,12,6,3,1,2,0,1
2026,2026-01-14,Zion Williamson,Pelicans,F,30,25,6,2,1,2,4,1
2026,2026-01-31,Stephon Castle,Spurs,G,35,16,5,9,0,1,3,4
2026,2026-01-30,Julian Strawther,Nuggets,G,17,3,3,3,1,1,0,1
2026,2026-01-04,Davion Mitchell,Heat,G,29,9,3,6,2,0,3,3
2026,2025-12-09,Andrew Wiggins,Heat,F,35,19,2,2,1,1,1,2
2026,2025-12-06,Joe Ingles,Timberwolves,F,0,0,0,0,0,0,0,0
2026,2026-04-07,Pat Spencer,Warriors,G,41,14,2,3,1,0,3,2
2026,2025-12-25,Max Christie,Mavericks,G,34,13,6,3,1,0,1,1
2026,2025-12-23,Deni Avdija,Trail Blazers,F,37,25,6,8,2,0,4,3
2026,2025-11-14,Tyrese Maxey,76ers,G,40,31,7,3,4,0,3,2
2026,2026-01-15,Harrison Barnes,Spurs,F,16,6,0,3,0,0,1,1
2026,2026-03-14,Jake LaRavia,Lakers,F,12,4,1,1,0,0,0,1
2026,2026-03-30,Jalen Johnson,Hawks,F,36,20,12,5,0,0,3,2
2026,2026-03-21,Quentin Grimes,76ers,G,36,25,5,4,0,0,4,5
2026,2026-01-03,James Harden,Clippers,G,34,18,3,12,1,0,2,1
2026,2026-03-02,Kevin Durant,Rockets,F,37,30,7,1,0,1,6,1
2026,2025-12-22,Sam Merrill,Cavaliers,G,26,4,1,5,1,0,0,0
2026,2026-01-31,Yves Missi,Pelicans,C,28,7,8,3,0,4,0,2
2026,2026-03-08,Javonte Green,Pistons,G,15,6,2,1,0,0,2,2
2026,2025-11-03,Isaiah Jackson,Pacers,F,29,21,10,1,2,1,1,3
2026,2026-04-02,Evan Mobley,Cavaliers,C,32,12,10,5,1,0,0,0
2026,2026-01-02,DeMar DeRozan,Kings,G,30,13,2,3,2,0,3,2
2026,2026-03-04,Jarace Walker,Pacers,F,31,17,5,5,0,0,2,4
2026,2025-11-14,Jabari Smith Jr.,Rockets,F,27,22,5,3,0,0,0,5
2026,2025-12-05,Luke Kennard,Hawks,G,18,2,1,1,1,0,1,3
2026,2025-11-22,Jevon Carter,Bulls,G,11,2,2,0,1,0,0,0
2026,2025-10-27,Ja'Kobe Walter,Raptors,G,10,3,1,1,0,1,1,3
2026,2026-03-25,Aaron Nesmith,Pacers,G,32,14,3,1,1,0,3,5
2026,2025-11-30,Kenrich Williams,Thunder,G,13,8,3,0,0,0,1,2
2026,2025-12-22,Dean Wade,Cavaliers,F,28,14,7,2,0,0,0,0
2026,2025-11-03,Dru Smith,Heat,G,14,2,1,4,0,0,1,1
2026,2026-02-27,Olivier-Maxence Prosper,Grizzlies,F,25,16,10,1,3,1,1,2
2026,2025-10-26,Gradey Dick,Raptors,G,13,10,2,1,1,0,0,1
2026,2026-01-28,Patrick Williams,Bulls,F,17,0,3,1,0,0,1,3
2026,2025-11-09,Jalen Suggs,Magic,G,29,20,8,4,3,0,3,2
2026,2026-01-17,Aaron Wiggins,Thunder,G,28,18,6,1,0,0,0,0
2026,2025-10-31,Pascal Siakam,Pacers,F,30,18,5,5,0,0,2,2
2026,2026-03-25,Carter Bryant,Spurs,F,15,5,1,0,1,0,0,3
2026,2026-02-09,Cedric Coward,Grizzlies,F,12,2,3,3,0,0,0,0
2026,2025-11-12,Daniel Gafford,Mavericks,F,27,15,9,0,1,2,2,1
2026,2026-03-12,Sharife Cooper,Wizards,G,3,2,0,1,0,0,0,2
2026,2025-11-28,Gary Harris,Bucks,G,24,5,0,0,0,0,2,1
2026,2026-04-06,Landry Shamet,Knicks,G,21,1,1,1,0,0,0,0
2026,2025-12-11,Gary Trent Jr.,Bucks,G,28,13,2,1,0,0,0,0
2026,2026-03-25,Joel Embiid,76ers,C,28,35,6,7,0,1,3,2
2026,2026-03-27,Tre Jones,Bulls,G,26,21,7,9,1,1,2,1
2026,2026-01-19,Myles Turner,Bucks,C,28,14,8,1,0,0,2,2
2026,2026-02-27,Julian Strawther,Nuggets,G,15,0,3,2,1,0,1,1
2026,2026-01-03,Jaime Jaquez Jr.,Heat,F,10,6,3,1,1,0,1,1
2026,2026-03-02,Giannis Antetokounmpo,Bucks,F,25,19,11,2,0,1,3,1
2026,2026-01-10,Taylor Hendricks,Jazz,F,29,7,4,1,0,0,0,1
2026,2026-03-29,Brandon Miller,Hornets,F,32,13,6,4,0,0,0,2
2026,2026-03-16,Nicolas Batum,Clippers,F,12,0,3,0,0,0,0,1
2026,2026-04-05,Daniel Gafford,Mavericks,F,20,7,7,0,2,2,0,3
2026,2026-02-19,Aaron Nesmith,Pacers,G,15,3,2,1,0,0,0,2
2026,2026-02-09,Zaccharie Risacher,Hawks,F,21,3,4,1,2,0,2,2
2026,2026-03-21,P.J. Washington,Mavericks,F,41,21,6,0,1,0,0,1
2026,2025-11-16,Zach LaVine,Kings,G,25,8,2,3,1,0,2,2
2026,2026-02-03,Al Horford,Warriors,C,20,10,0,2,0,1,0,5
2026,2026-03-05,Zeke Nnaji,Nuggets,F,24,5,5,1,1,0,1,3
2026,2025-12-18,Sandro Mamukelashvili,Raptors,F,36,18,7,2,1,0,0,3
2026,2026-03-06,T.J. McConnell,Pacers,G,18,10,1,4,2,0,0,1
2026,2026-01-23,Dylan Cardwell,Kings,C,23,8,3,1,2,2,0,5
2026,2025-11-08,Dyson Daniels,Hawks,G,36,10,8,13,1,0,2,2
2026,2025-10-26,Anthony Edwards,Timberwolves,G,3,5,1,0,0,0,0,0
2026,2026-02-11,Quinten Post,Warriors,C,13,12,3,2,0,0,0,3
2026,2026-03-10,E.J. Liddell,Nets,F,12,0,2,3,0,1,2,1
2026,2026-01-15,Wendell Carter Jr.,Magic,C,29,9,6,3,0,1,1,2
2026,2026-03-07,AJ Green,Bucks,G,21,7,1,1,0,0,0,4
2026,2025-11-09,Jalen Wilson,Nets,F,20,0,3,0,1,0,2,3
2026,2026-03-21,De'Anthony Melton,Warriors,G,22,20,2,4,1,0,1,1
2026,2026-03-15,Brandon Ingram,Raptors,F,39,34,1,0,0,0,3,2
2026,2026-02-02,Julius Randle,Timberwolves,F,40,19,8,8,0,1,3,5
2026,2025-11-21,Collin Gillespie,Suns,G,34,20,7,4,2,0,3,2
2026,2026-02-26,Tre Johnson,Wizards,G,20,14,5,1,1,0,4,3
2026,2026-03-19,Dylan Harper,Spurs,G,26,5,6,5,0,0,2,2
2026,2025-11-10,Dwight Powell,Mavericks,F,4,0,0,0,0,0,0,1
2026,2026-02-01,Walter Clayton Jr.,Jazz,G,18,7,2,2,0,0,3,2
2026,2026-02-07,Ty Jerome,Grizzlies,G,20,13,1,1,1,1,4,4
2026,2025-10-22,Dru Smith,Heat,G,13,2,1,5,1,0,1,2
2026,2026-03-03,Cam Spencer,Grizzlies,G,24,10,2,4,1,0,1,3
2026,2026-02-22,Brandon Miller,Hornets,F,26,22,4,3,1,0,2,3
2026,2025-12-28,Kenrich Williams,Thunder,G,7,3,4,2,0,0,0,0
2026,2026-01-22,Ryan Nembhard,Mavericks,G,12,5,2,3,1,0,1,0
2026,2026-03-22,Chaney Johnson,Nets,F,16,7,3,3,0,1,1,5
2026,2026-01-16,Jay Huff,Pacers,C,29,29,9,1,2,2,0,3
2026,2026-03-03,Nick Richards,Bulls,C,23,12,13,0,1,0,3,2
2026,2026-03-13,LJ Cryer,Warriors,G,19,8,2,0,0,0,0,1
2026,2026-04-03,Ariel Hukporti,Knicks,C,8,6,3,0,0,0,0,1
2026,2025-12-01,Ace Bailey,Jazz,G,28,13,3,3,2,3,1,4
2026,2025-11-18,Kyle Anderson,Jazz,F,20,5,3,5,2,0,0,2
2026,2026-01-22,Luka Doncic,Lakers,G,39,32,11,8,3,0,1,2
2026,2025-11-04,Tyus Jones,Magic,G,8,0,0,1,1,0,0,0
2026,2026-02-09,Gui Santos,Warriors,F,30,16,8,2,1,0,4,3
2026,2025-11-20,Gary Trent Jr.,Bucks,G,38,11,0,2,1,0,2,1
2026,2025-11-08,Karlo Matkovic,Pelicans,F,9,4,5,0,0,0,1,0
2026,2025-11-18,Mark Williams,Suns,C,21,15,6,1,2,1,2,3
2026,2026-03-27,Isaiah Hartenstein,Thunder,C,24,6,16,3,2,0,3,2
2026,2026-03-09,Nae'Qwan Tomlin,Cavaliers,F,4,2,0,0,1,0,1,0
2026,2025-10-22,Tobias Harris,Pistons,F,34,10,9,4,1,0,0,2
2026,2025-11-28,Lonzo Ball,Cavaliers,G,17,3,5,4,0,0,1,0
2026,2026-04-07,Kobe Brown,Pacers,G,16,2,5,1,0,0,1,2
2026,2026-01-24,Bub Carrington,Wizards,G,32,15,3,8,1,0,2,2
2026,2025-11-25,Dyson Daniels,Hawks,G,32,11,9,7,0,0,3,1
2026,2025-12-04,Dominick Barlow,76ers,F,35,6,14,3,1,3,1,1
2026,2025-11-18,David Jones Garcia,Spurs,F,7,2,1,2,0,0,0,0
2026,2026-02-03,Jalen Pickett,Nuggets,G,10,0,1,1,0,1,0,1
2026,2025-10-30,Al Horford,Warriors,C,20,3,2,2,0,2,2,2
2026,2026-01-18,Jeremiah Fears,Pelicans,G,10,2,3,2,0,1,1,2
2026,2026-03-03,Isaiah Stewart,Pistons,F,22,4,2,2,1,2,1,2
2026,2025-11-25,Kobe Brown,Clippers,G,21,6,0,2,0,0,0,1
2026,2026-04-03,Scottie Barnes,Raptors,F,23,10,3,6,2,0,5,1
2026,2026-03-15,Rocco Zikarsky,Timberwolves,C,2,2,1,0,0,1,0,0
2026,2025-10-25,Chris Youngblood,Thunder,G,11,4,1,0,0,0,0,0
2026,2026-04-08,Onyeka Okongwu,Hawks,F,33,18,5,0,0,1,1,2
2026,2026-04-12,Keshad Johnson,Heat,F,25,12,4,3,2,0,0,4
2026,2025-11-12,Shai Gilgeous-Alexander,Thunder,G,29,30,5,9,2,0,1,1
2026,2026-01-24,Ariel Hukporti,Knicks,C,4,2,3,0,0,1,0,1
2026,2026-02-19,Nikola Jokic,Nuggets,C,36,22,17,6,0,0,6,5
2026,2026-02-05,Austin Reaves,Lakers,G,25,35,6,2,0,0,5,0
2026,2025-12-04,Baylor Scheierman,Celtics,G,25,5,6,3,3,0,1,0
2026,2026-03-17,Mitchell Robinson,Knicks,C,19,8,8,3,1,0,1,1
2026,2026-03-10,Cam Thomas,Bucks,G,15,8,0,4,0,0,0,0
2026,2026-03-03,Ryan Dunn,Suns,F,17,2,1,0,0,0,0,0
2026,2026-02-26,Josh Giddey,Bulls,G,28,15,6,9,1,0,4,3
2026,2025-10-22,Dario Saric,Kings,F,7,0,3,0,0,0,0,0
2026,2026-01-17,Cody Williams,Jazz,F,28,11,4,2,1,0,3,1
2026,2025-11-19,Jeremiah Robinson-Earl,Pacers,F,17,3,2,1,1,0,0,1
2026,2026-01-07,Jalen Brunson,Knicks,G,33,26,3,7,0,1,2,2
2026,2025-11-16,Asa Newell,Hawks,F,9,8,1,0,0,0,0,1
2026,2026-03-16,Royce O'Neale,Suns,F,19,6,2,3,0,2,0,1
2026,2025-12-04,Kyle Anderson,Jazz,F,17,8,5,3,4,1,1,2
2026,2026-01-19,Jared McCain,76ers,G,1,0,0,0,0,0,0,0
2026,2026-04-01,Simone Fontecchio,Heat,F,5,5,2,0,0,0,0,1
2026,2026-02-25,Cam Thomas,Bucks,G,16,7,1,2,0,0,2,0
2026,2026-01-28,Moussa Diabate,Hornets,F,33,18,19,2,2,1,3,1
2026,2025-10-26,Jaylon Tyson,Cavaliers,G,15,5,0,1,0,0,1,3
2026,2025-11-03,Bronny James,Lakers,G,19,5,1,6,1,0,0,1
2026,2026-03-16,Corey Kispert,Hawks,F,4,3,0,0,0,0,0,0
2026,2025-11-12,Zeke Nnaji,Nuggets,F,3,0,0,1,0,0,0,0
2026,2025-10-29,Baylor Scheierman,Celtics,G,10,0,3,1,0,0,0,1
2026,2026-02-09,Tristan da Silva,Magic,F,13,3,1,1,2,0,0,0
2026,2026-03-15,Ja'Kobe Walter,Raptors,G,12,3,2,0,2,0,0,4
2026,2025-11-12,Rui Hachimura,Lakers,F,33,13,5,1,2,0,0,0
2026,2026-03-29,Jalen Suggs,Magic,G,26,13,4,5,1,1,5,2
2026,2025-10-24,Jalen Johnson,Hawks,F,26,12,8,1,1,0,3,5
2026,2025-11-17,Miles Bridges,Hornets,F,38,22,8,3,3,1,4,1
2026,2026-01-18,Terance Mann,Nets,G,28,9,4,6,1,0,1,2
2026,2025-11-07,RJ Barrett,Raptors,F,33,19,5,4,0,0,1,3
2026,2026-04-10,Draymond Green,Warriors,F,24,7,4,6,1,0,3,2
2026,2026-01-10,Kyle Filipowski,Jazz,F,25,4,10,1,1,1,1,5
2026,2025-10-27,E.J. Liddell,Nets,F,5,6,2,0,0,0,0,0
2026,2025-12-30,Sam Hauser,Celtics,F,17,5,5,0,0,0,0,1
2026,2026-01-22,James Harden,Clippers,G,38,18,7,10,2,0,7,0
2026,2026-01-28,Walter Clayton Jr.,Jazz,G,7,3,1,2,1,0,2,0
2026,2026-01-28,Dylan Harper,Spurs,G,22,16,4,3,0,1,2,1
2026,2025-12-18,Tyler Kolek,Knicks,G,26,16,6,11,1,1,2,0
2026,2026-01-09,Gary Payton II,Warriors,G,18,12,9,1,0,0,0,0
2026,2026-02-06,Joan Beringer,Timberwolves,F,5,2,2,0,0,0,1,1
2026,2026-01-23,Corey Kispert,Hawks,F,15,8,3,1,0,0,1,1
2026,2026-03-25,Naji Marshall,Mavericks,F,30,22,4,3,0,0,1,2
2026,2025-12-28,Paul Reed,Pistons,F,6,3,2,0,1,0,0,2
2026,2026-02-26,AJ Johnson,Mavericks,G,15,11,2,1,0,0,0,0
2026,2026-02-19,Ochai Agbaji,Nets,G,28,13,3,3,0,1,0,2
2026,2026-03-18,Tyler Burton,Grizzlies,F,13,5,3,0,2,1,0,2
2026,2026-02-21,Cam Spencer,Grizzlies,G,21,0,2,5,0,1,0,1
2026,2026-01-27,Cade Cunningham,Pistons,G,36,22,3,11,0,1,0,1
2026,2025-12-23,Paul George,76ers,F,33,19,4,2,4,2,3,3
2026,2026-02-26,Bogdan Bogdanovic,Clippers,G,17,8,6,4,2,0,2,1
2026,2025-12-20,Herbert Jones,Pelicans,F,12,5,3,3,1,0,0,0
2026,2026-01-13,Alperen Sengun,Rockets,C,36,23,7,11,0,1,3,4
2026,2025-12-18,Dalton Knecht,Lakers,F,4,0,0,0,0,0,0,0
2026,2026-01-22,Andrew Wiggins,Heat,F,31,14,6,3,3,0,3,2
2026,2026-01-17,Klay Thompson,Mavericks,G,20,23,0,3,0,2,0,2
2026,2026-03-27,Keon Ellis,Cavaliers,G,25,10,0,2,1,0,0,5
2026,2026-01-17,Jarace Walker,Pacers,F,26,13,5,2,1,0,4,1
2026,2026-03-27,Karlo Matkovic,Pelicans,F,17,4,6,0,0,1,2,1
2026,2026-01-23,Royce O'Neale,Suns,F,28,5,2,3,2,1,4,1
2026,2025-11-07,Evan Mobley,Cavaliers,C,28,18,10,3,1,1,1,1
2026,2025-12-29,Devin Booker,Suns,G,35,22,6,5,1,0,2,3
2026,2026-01-15,Jock Landale,Grizzlies,C,30,6,5,1,1,1,1,2
2026,2026-01-07,Jaden Ivey,Pistons,G,20,8,3,4,0,0,1,1
2026,2026-04-05,Ron Harper Jr.,Celtics,G,1,0,0,0,0,0,0,0
2026,2025-11-18,Julian Champagnie,Spurs,F,24,9,1,0,0,0,1,0
2026,2026-01-15,Daniss Jenkins,Pistons,G,6,5,0,3,1,1,0,1
2026,2025-12-05,Ryan Nembhard,Mavericks,G,24,10,3,4,0,0,1,2
2026,2025-12-01,Matas Buzelis,Bulls,F,36,21,6,4,2,3,0,3
2026,2025-11-08,Julian Phillips,Bulls,F,4,0,3,0,0,1,0,1
2026,2026-03-28,Tyrese Maxey,76ers,G,43,26,7,8,1,1,3,2
2026,2025-11-03,AJ Green,Bucks,G,29,13,1,3,0,0,1,4
2026,2026-02-21,Daeqwon Plowden,Kings,G,18,4,2,1,1,2,1,2
2026,2025-11-16,Kyle Filipowski,Jazz,F,21,8,9,1,1,0,0,1
2026,2025-11-30,Josh Hart,Knicks,G,35,20,12,7,3,0,4,2
2026,2026-02-28,Gui Santos,Warriors,F,27,14,4,2,0,0,1,3
2026,2025-11-21,Jevon Carter,Bulls,G,18,10,1,0,1,0,2,1
2026,2025-11-03,Ryan Rollins,Bucks,G,28,10,5,7,1,0,7,1
2026,2026-01-07,Jared McCain,76ers,G,11,2,0,0,0,0,0,0
2026,2025-11-24,Precious Achiuwa,Kings,PF,34,10,8,0,1,1,2,4
2026,2026-01-16,Tre Jones,Bulls,G,30,11,5,5,1,0,1,4
2026,2025-11-07,Dalen Terry,Bulls,F,5,2,1,1,0,0,0,0
2026,2026-01-07,Duncan Robinson,Pistons,F,23,12,1,1,0,1,1,1
2026,2026-04-05,Tari Eason,Rockets,F,19,2,4,0,1,0,1,2
2026,2025-12-23,Walter Clayton Jr.,Jazz,G,15,10,1,2,0,0,0,2
2026,2026-01-02,Mikal Bridges,Knicks,G,35,18,5,5,2,0,1,1
2026,2025-10-28,James Harden,Clippers,G,32,20,4,1,2,0,3,1
2026,2025-11-12,Cam Christie,Clippers,G,6,2,1,1,0,0,0,0
2026,2025-11-30,Jaxson Hayes,Lakers,C,21,8,6,2,0,2,0,3
2026,2026-01-21,Guerschon Yabusele,Knicks,F,11,2,1,0,1,1,0,1
2026,2025-12-03,Anthony Black,Magic,G,28,7,7,5,0,0,2,2
2026,2026-01-26,Kentavious Caldwell-Pope,Grizzlies,G,18,11,3,1,0,0,0,0
2026,2026-02-26,Blake Hinson,Jazz,F,18,2,0,1,0,1,0,2
2026,2026-03-15,Josh Hart,Knicks,G,31,7,12,5,0,0,1,3
2026,2025-12-14,Craig Porter Jr.,Cavaliers,G,4,0,0,0,0,0,2,0
2026,2026-01-25,Rudy Gobert,Timberwolves,C,24,4,5,0,0,0,0,3
2026,2025-10-23,Pascal Siakam,Pacers,F,44,32,15,4,1,0,1,1
2026,2026-02-28,Jordan Poole,Pelicans,G,15,11,3,1,0,2,4,2
2026,2025-11-02,Collin Sexton,Hornets,G,29,10,4,12,0,0,6,2
2026,2025-12-20,Adem Bona,76ers,C,25,10,8,0,1,1,1,2
2026,2026-01-17,Ace Bailey,Jazz,G,37,18,8,1,0,0,3,4
2026,2025-12-03,KJ Simpson,Hornets,G,4,1,0,1,0,0,0,0
2026,2026-02-11,Jock Landale,Hawks,C,19,9,3,0,1,0,0,5
2026,2025-12-22,Toumani Camara,Trail Blazers,F,29,8,2,0,0,0,3,6
2026,2025-12-26,Kris Murray,Trail Blazers,F,30,4,7,3,4,0,3,2
2026,2025-11-18,Tristan da Silva,Magic,F,29,15,4,2,1,0,2,0
2026,2025-11-08,Isaac Okoro,Bulls,F,33,19,4,3,0,0,1,3
2026,2025-12-22,Lauri Markkanen,Jazz,F,36,27,8,1,0,0,3,4
2026,2025-12-05,Spencer Jones,Nuggets,F,24,6,4,2,1,0,0,3
2026,2026-02-21,Taylor Hendricks,Grizzlies,F,24,4,2,0,1,1,1,1
2026,2026-02-04,Derik Queen,Pelicans,C,22,6,3,7,0,0,0,0
2026,2026-03-08,Zion Williamson,Pelicans,F,23,20,2,1,0,0,0,0
2026,2026-03-06,Sidy Cissoko,Trail Blazers,G,12,0,1,0,1,0,1,2
2026,2025-10-27,Svi Mykhailiuk,Jazz,G,37,11,3,3,4,0,1,3
2026,2026-02-10,Devin Vassell,Spurs,G,24,9,2,1,2,0,0,0
2026,2025-12-05,Cade Cunningham,Pistons,G,36,29,4,9,3,1,1,3
2026,2026-02-07,Daniel Gafford,Mavericks,F,18,9,4,2,0,0,0,5
2026,2025-12-04,Derrick White,Celtics,G,29,30,7,9,1,0,2,3
2026,2026-04-12,Nicolas Batum,Clippers,F,22,9,2,2,0,1,0,4
2026,2025-12-18,Day'Ron Sharpe,Nets,C,13,4,6,2,0,0,1,1
2026,2026-01-04,Jamaree Bouyea,Suns,G,9,0,2,1,0,0,0,2
2026,2025-10-21,Quinten Post,Warriors,C,9,0,2,1,0,0,0,1
2026,2025-12-17,Rudy Gobert,Timberwolves,C,35,16,16,4,1,4,4,2
2026,2025-12-20,T.J. McConnell,Pacers,G,18,16,4,8,2,0,2,0
2026,2026-04-12,Tari Eason,Rockets,F,24,20,8,3,0,0,2,1
2026,2026-01-03,Scottie Barnes,Raptors,F,32,20,7,4,3,2,2,1
2026,2026-04-04,Javonte Green,Pistons,G,6,2,1,0,0,0,0,0
2026,2026-04-09,Jakob Poeltl,Raptors,C,17,6,2,1,0,1,1,3
2026,2025-12-08,Micah Peavy,Pelicans,G,13,4,1,0,0,0,0,1
2026,2026-04-12,Marcus Sasser,Pistons,G,7,3,0,0,0,0,0,1
2026,2026-01-13,Deandre Ayton,Lakers,C,31,17,18,1,0,0,0,3
2026,2026-02-26,Sharife Cooper,Wizards,G,14,2,0,1,0,0,0,0
2026,2025-10-29,Julian Phillips,Bulls,F,3,0,0,1,0,0,0,1
2026,2026-03-08,Aaron Holiday,Rockets,G,8,5,0,0,1,0,0,0
2026,2026-02-20,Dyson Daniels,Hawks,G,29,4,7,3,2,0,2,3
2026,2025-12-15,Moussa Cisse,Mavericks,C,13,6,7,0,1,1,1,2
2026,2026-03-20,Cam Spencer,Grizzlies,G,23,11,3,5,1,0,0,0
2026,2025-12-22,Hunter Tyson,Nuggets,F,3,0,1,0,0,0,0,0
2026,2026-01-14,Jared McCain,76ers,G,10,6,0,0,0,0,0,0
2026,2026-04-12,John Poulakidas,Mavericks,G,36,28,2,4,1,1,1,3
2026,2025-10-24,CJ McCollum,Wizards,G,33,6,2,5,1,0,2,2
2026,2025-11-23,Jusuf Nurkic,Jazz,C,31,11,10,2,2,0,2,2
2026,2026-01-27,Ryan Dunn,Suns,F,21,9,2,2,4,0,0,1
2026,2025-11-11,Cedric Coward,Grizzlies,F,30,11,3,5,2,2,2,1
2026,2026-02-28,Saddiq Bey,Pelicans,G,39,24,5,6,2,0,4,2
2026,2026-04-08,Ausar Thompson,Pistons,G,24,10,4,4,2,2,0,1
2026,2026-02-25,Cam Spencer,Grizzlies,G,21,5,1,2,0,0,2,2
2026,2025-12-30,Nick Smith Jr.,Lakers,G,17,3,0,1,0,0,1,1
2026,2026-03-27,Nicolas Batum,Clippers,F,14,3,5,0,2,0,0,0
2026,2026-01-20,Davion Mitchell,Heat,G,19,6,3,7,0,0,0,0
2026,2026-02-09,Micah Peavy,Pelicans,G,5,0,0,0,0,0,0,0
2026,2025-11-16,Gary Payton II,Warriors,G,12,0,3,0,1,2,0,4
2026,2026-02-22,Adem Bona,76ers,C,20,8,5,2,0,0,0,5
2026,2026-03-20,Tim Hardaway Jr.,Nuggets,G,28,23,4,0,1,0,2,2
2026,2026-02-09,Ayo Dosunmu,Timberwolves,G,30,21,1,3,1,1,1,4
2026,2026-03-04,Kyle Kuzma,Bucks,F,22,16,2,2,0,0,2,2
2026,2026-03-09,Rayan Rupert,Grizzlies,G,36,20,8,1,1,2,2,4
2026,2026-03-04,Jay Huff,Pacers,C,25,18,5,1,0,1,1,4
2026,2026-03-15,Isaiah Hartenstein,Thunder,C,21,0,12,3,0,2,1,3
2026,2026-03-25,Bez Mbeng,Jazz,G,44,11,5,6,3,1,1,4
2026,2025-12-11,Payton Pritchard,Celtics,G,31,11,5,7,0,0,0,1
2026,2026-03-01,Dalton Knecht,Lakers,F,4,2,1,0,1,0,0,0
2026,2026-03-10,Drew Timme,Lakers,F,3,3,0,0,0,0,0,1
2026,2025-11-29,Baylor Scheierman,Celtics,G,14,3,0,2,1,0,1,2
2026,2026-03-17,Dean Wade,Cavaliers,F,25,9,2,2,0,0,0,1
2026,2026-03-14,Bennedict Mathurin,Clippers,G,35,24,6,1,0,1,3,1
2026,2025-11-03,Noah Clowney,Nets,F,32,15,6,1,2,0,2,2
2026,2026-01-25,Collin Gillespie,Suns,G,31,11,4,0,0,0,2,3
2026,2025-11-23,Luke Kornet,Spurs,C,28,8,6,3,0,2,2,2
2026,2025-12-13,Josh Hart,Knicks,G,31,12,6,6,3,1,3,6
2026,2026-02-25,Reed Sheppard,Rockets,G,32,28,4,2,1,1,2,1
2026,2025-11-30,Ja'Kobe Walter,Raptors,G,21,7,4,1,0,2,1,1
2026,2025-11-12,Moussa Cisse,Mavericks,C,15,4,9,0,0,4,2,6
2026,2026-03-16,Brandin Podziemski,Warriors,G,28,10,4,3,1,0,1,2
2026,2026-03-12,Tre Jones,Bulls,G,32,18,4,6,1,0,0,1
2026,2025-11-25,John Collins,Clippers,F,34,18,5,1,0,0,1,2
2026,2026-01-30,Sandro Mamukelashvili,Raptors,F,24,8,4,4,2,0,0,5
2026,2025-11-21,Luka Garza,Celtics,C,17,7,4,1,0,0,1,2
2026,2026-04-04,Bruce Brown,Nuggets,G,11,5,2,1,1,0,1,3
2026,2026-01-13,Bam Adebayo,Heat,C,32,29,9,4,2,1,1,3
2026,2025-11-14,Jrue Holiday,Trail Blazers,G,29,13,4,6,2,0,2,1
2026,2025-11-23,Harrison Barnes,Spurs,F,35,11,3,3,1,0,1,1
2026,2026-03-27,Will Richard,Warriors,G,25,8,2,2,0,0,0,1
2026,2026-01-09,Hunter Tyson,Nuggets,F,27,10,4,4,1,0,2,2
2026,2025-11-03,Kris Dunn,Clippers,G,23,10,3,4,3,0,1,3
2026,2025-12-25,Tari Eason,Rockets,F,26,13,3,2,4,2,1,4
2026,2025-12-07,Quinten Post,Warriors,C,26,19,4,1,1,1,0,3
2026,2026-01-07,Yang Hansen,Trail Blazers,C,17,3,3,2,0,0,2,5
2026,2026-01-11,Bam Adebayo,Heat,C,32,6,14,4,1,1,2,3
2026,2026-01-31,Bones Hyland,Timberwolves,G,13,4,1,4,1,0,1,3
2026,2026-04-05,Joan Beringer,Timberwolves,F,3,4,0,0,0,0,0,0
2026,2026-03-25,Sidy Cissoko,Trail Blazers,G,15,2,4,3,0,1,2,2
2026,2025-12-11,Ivica Zubac,Clippers,C,35,33,7,1,1,2,1,2
2026,2025-12-16,Mikal Bridges,Knicks,G,33,11,5,5,0,0,1,0
2026,2026-01-04,Pelle Larsson,Heat,G,26,16,3,6,3,0,2,0
2026,2026-01-23,Scottie Barnes,Raptors,F,35,15,9,4,0,6,4,2
2026,2026-01-15,Kelly Olynyk,Spurs,F,10,4,0,1,1,0,0,1
2026,2026-04-05,Rayan Rupert,Grizzlies,G,39,33,10,10,4,1,4,3
2026,2026-01-12,Brandon Ingram,Raptors,F,34,17,10,7,0,0,3,3
2026,2025-12-01,Brice Sensabaugh,Jazz,F,10,1,3,1,1,0,0,0
2026,2026-03-04,Isaiah Hartenstein,Thunder,C,17,0,5,2,0,0,1,1
2026,2026-04-10,Paul George,76ers,F,33,21,5,2,1,0,1,2
2026,2026-01-03,Tyrese Maxey,76ers,G,37,36,8,4,1,2,4,1
2026,2026-01-31,Cooper Flagg,Mavericks,F,39,34,12,5,0,1,2,1
2026,2025-12-27,AJ Green,Bucks,G,28,6,2,1,2,0,0,1
2026,2025-11-12,John Collins,Clippers,F,21,2,4,0,0,2,2,3
2026,2026-02-24,Hugo Gonzalez,Celtics,G,13,2,4,0,0,0,0,0
2026,2026-02-20,Norman Powell,Heat,G,25,15,3,2,1,0,2,2
2026,2025-12-31,Chris Youngblood,Thunder,G,5,0,1,0,0,0,0,1
2026,2025-12-02,Rob Dillingham,Timberwolves,G,7,0,2,2,0,0,0,1
2026,2026-04-09,Pelle Larsson,Heat,G,32,10,4,2,0,0,1,2
2026,2025-10-27,Stephen Curry,Warriors,G,30,16,4,3,0,0,1,2
2026,2026-03-22,Ron Harper Jr.,Celtics,G,2,0,1,0,0,0,0,0
2026,2026-01-02,Wendell Carter Jr.,Magic,C,32,13,10,1,0,0,0,5
2026,2026-03-01,Moritz Wagner,Magic,F,13,9,3,0,0,0,1,1
2026,2025-12-03,Mikal Bridges,Knicks,G,36,16,4,2,2,1,0,2
2026,2026-03-21,Jordan Miller,Clippers,G,22,10,2,2,0,0,0,1
2026,2026-01-15,Jeremy Sochan,Spurs,F,10,2,1,0,0,0,0,2
2026,2025-11-12,Ajay Mitchell,Thunder,G,26,14,3,3,3,0,3,2
2026,2025-12-11,Deni Avdija,Trail Blazers,F,32,16,6,6,1,2,2,1
2026,2026-02-10,Clint Capela,Rockets,C,13,0,3,0,0,1,0,2
2026,2025-11-17,Norman Powell,Heat,G,32,19,1,3,1,0,2,2
2026,2026-04-10,Dennis Schroder,Cavaliers,G,16,7,2,4,2,0,0,2
2026,2026-03-18,Jaylen Wells,Grizzlies,F,25,11,5,0,0,0,0,0
2026,2026-04-10,Gary Payton II,Warriors,G,15,10,3,0,2,0,2,4
2026,2026-03-13,Reed Sheppard,Rockets,G,32,18,5,3,1,1,2,2
2026,2026-04-09,Jake LaRavia,Lakers,F,31,16,7,4,3,1,3,5
2026,2026-02-19,Dennis Schroder,Cavaliers,G,20,12,3,3,1,0,1,1
2026,2025-10-31,Jock Landale,Grizzlies,C,25,16,5,1,1,0,0,4
2026,2025-11-21,Robert Williams III,Trail Blazers,C,21,8,11,2,0,3,1,1
2026,2025-11-09,Gui Santos,Warriors,F,4,3,2,0,0,0,0,1
2026,2025-12-21,Nickeil Alexander-Walker,Hawks,G,29,9,1,2,1,2,3,5
2026,2026-03-23,Harrison Barnes,Spurs,F,22,13,3,1,2,0,0,0
2026,2025-11-18,Rui Hachimura,Lakers,F,26,6,4,1,0,0,0,1
2026,2026-04-02,Tobias Harris,Pistons,F,6,2,0,1,0,0,0,1
2026,2025-11-25,Mouhamed Gueye,Hawks,F,18,7,5,1,0,0,1,0
2026,2026-04-03,Coby White,Hornets,G,14,11,3,4,0,0,1,1
2026,2025-12-05,Jalen Suggs,Magic,G,28,22,3,5,1,1,1,3
2026,2025-12-14,Jordan Goodwin,Suns,G,18,5,3,2,2,0,2,1
2026,2025-11-18,Luka Doncic,Lakers,G,34,37,5,10,4,0,8,4
2026,2026-03-03,Jett Howard,Magic,G,14,12,1,2,0,0,0,1
2026,2026-03-10,Cameron Payne,76ers,PG,30,32,3,10,3,2,0,3
2026,2026-01-13,Shaedon Sharpe,Trail Blazers,G,28,19,2,2,1,0,1,1
2026,2026-03-13,Javon Small,Grizzlies,G,23,23,3,3,2,0,1,0
2026,2026-03-12,Justin Champagnie,Wizards,F,17,12,4,1,1,0,0,0
2026,2025-12-30,Christian Koloko,Grizzlies,C,20,0,3,2,0,0,0,5
2026,2026-01-11,Collin Murray-Boyles,Raptors,F,42,17,15,3,3,3,2,3
2026,2025-12-21,Kasparas Jakucionis,Heat,G,12,2,2,0,0,0,0,2
2026,2026-01-02,CJ McCollum,Wizards,G,31,17,6,3,0,0,2,2
2026,2025-12-20,Zeke Nnaji,Nuggets,F,11,1,0,0,0,0,0,1
2026,2026-01-31,Andrew Nembhard,Pacers,G,32,26,6,10,1,0,3,6
2026,2026-01-29,Jaden Hardy,Mavericks,G,6,0,1,1,0,0,0,0
2026,2026-04-08,Scoot Henderson,Trail Blazers,G,38,20,3,2,3,1,1,0
2026,2026-02-12,LeBron James,Lakers,F,35,28,10,12,0,1,4,0
2026,2025-12-28,Marvin Bagley III,Wizards,F,22,14,7,1,0,0,1,1
2026,2025-11-10,Ivica Zubac,Clippers,C,30,13,12,1,0,2,2,3
2026,2026-03-03,Jake LaRavia,Lakers,F,14,5,2,2,1,0,0,0
2026,2025-11-05,Anthony Edwards,Timberwolves,G,29,15,2,5,2,0,3,0
2026,2026-01-06,AJ Johnson,Wizards,G,6,0,1,0,0,0,0,1
2026,2026-03-10,P.J. Washington,Mavericks,F,29,7,6,0,1,0,1,2
2026,2025-12-01,Clint Capela,Rockets,C,9,2,3,0,0,0,0,1
2026,2025-10-27,Toumani Camara,Trail Blazers,F,30,4,4,3,0,1,2,2
2026,2026-02-20,LeBron James,Lakers,F,33,13,3,11,1,0,3,3
2026,2026-02-05,Jordan Goodwin,Suns,G,29,6,2,2,2,0,0,3
2026,2026-04-08,Devin Vassell,Spurs,G,31,14,8,1,2,0,1,2
2026,2025-11-24,Stephen Curry,Warriors,G,29,31,4,2,1,2,3,0
2026,2026-03-31,Jrue Holiday,Trail Blazers,G,32,30,6,2,2,0,3,2
2026,2025-12-26,Kobe Sanders,Clippers,G,16,5,4,1,0,0,0,2
2026,2025-12-18,Carter Bryant,Spurs,F,9,5,4,0,0,0,2,1
2026,2026-01-31,Olivier-Maxence Prosper,Grizzlies,F,22,13,5,0,1,1,1,2
2026,2025-11-19,Kris Murray,Trail Blazers,F,35,9,6,2,1,1,1,0
2026,2025-12-14,LeBron James,Lakers,F,36,26,3,4,2,2,8,3
2026,2025-11-14,Jake LaRavia,Lakers,F,22,6,3,0,3,2,2,1
2026,2025-11-24,Caleb Love,Trail Blazers,G,26,13,5,4,0,0,2,4
2026,2026-01-05,Grayson Allen,Suns,G,22,0,3,6,4,0,3,0
2026,2025-12-15,Kyle Anderson,Jazz,F,15,0,1,2,1,0,2,4
2026,2025-11-09,Devin Carter,Kings,G,6,0,1,2,1,0,2,1
2026,2026-03-10,Kobe Bufkin,Lakers,G,2,2,0,0,0,0,0,0
2026,2025-11-02,Luke Kennard,Hawks,G,32,15,2,2,1,0,2,3
2026,2026-04-03,Guerschon Yabusele,Bulls,F,25,5,4,1,0,0,0,2
2026,2025-11-15,Spencer Jones,Nuggets,F,17,2,0,1,2,0,1,3
2026,2026-03-16,CJ McCollum,Hawks,G,32,9,2,3,1,1,1,3
2026,2026-01-07,Donovan Clingan,Trail Blazers,C,31,12,7,3,0,1,0,0
2026,2025-12-07,Anthony Black,Magic,G,30,14,11,4,0,1,4,2
2026,2026-04-09,Tre Jones,Bulls,G,30,31,6,3,1,0,0,2
2026,2026-02-01,DeMar DeRozan,Kings,G,33,32,2,5,0,1,3,1
2026,2025-11-24,Max Christie,Mavericks,G,30,15,5,2,0,1,2,1
2026,2026-01-20,Tyrese Maxey,76ers,G,43,20,2,7,3,1,2,3
2026,2025-11-22,Brandon Miller,Hornets,F,26,21,1,3,1,1,0,3
2026,2025-12-18,Javonte Green,Pistons,G,18,3,6,2,3,0,1,2
2026,2026-01-31,Victor Wembanyama,Spurs,F,31,16,8,1,1,0,2,2
2026,2026-03-17,Killian Hayes,Kings,G,19,7,3,4,1,0,3,0
2026,2026-03-18,Ryan Nembhard,Mavericks,G,27,8,2,12,0,0,0,0
2026,2026-03-23,Keshad Johnson,Heat,F,3,4,1,1,0,0,0,0
2026,2026-03-04,Coby White,Hornets,G,20,17,1,6,1,0,0,1
2026,2026-03-14,Victor Wembanyama,Spurs,F,31,32,12,8,2,4,2,3
2026,2026-01-13,Cason Wallace,Thunder,G,23,6,1,1,3,0,0,3
2026,2026-01-17,Maxi Kleber,Lakers,F,21,11,5,1,1,0,0,3
2026,2026-01-11,Steven Adams,Rockets,C,24,3,6,1,0,1,2,2
2026,2026-03-07,Nickeil Alexander-Walker,Hawks,G,36,24,2,6,1,0,4,3
2026,2025-10-27,Kris Murray,Trail Blazers,F,24,2,5,0,2,0,0,2
2026,2025-11-20,Andre Drummond,76ers,C,18,3,8,1,1,1,1,6
2026,2025-11-22,Pat Connaughton,Hornets,G,6,0,2,0,0,0,0,0
2026,2025-12-18,Ethan Thompson,Pacers,G,4,0,0,0,0,0,0,1
2026,2026-04-06,De'Aaron Fox,Spurs,G,27,13,0,4,2,1,3,2
2026,2026-03-21,T.J. McConnell,Pacers,G,17,4,2,8,1,0,0,1
2026,2026-04-02,Maxi Kleber,Lakers,F,8,0,4,0,1,0,0,1
2026,2026-01-06,Davion Mitchell,Heat,G,28,4,1,9,1,0,0,2
2026,2025-12-23,Ethan Thompson,Pacers,G,26,3,5,1,2,2,1,3
2026,2026-01-24,VJ Edgecombe,76ers,G,39,14,3,4,1,0,2,5
2026,2026-02-27,Daniel Gafford,Mavericks,F,20,14,5,0,0,2,2,1
2026,2026-01-07,Bilal Coulibaly,Wizards,G,28,18,1,2,0,0,1,5
2026,2026-02-03,Oso Ighodaro,Suns,F,21,8,5,6,1,0,2,2
2026,2026-02-24,Collin Murray-Boyles,Raptors,F,30,4,4,2,1,2,0,1
2026,2026-01-22,Stephon Castle,Spurs,G,38,16,6,8,2,0,1,2
2026,2025-11-23,Nae'Qwan Tomlin,Cavaliers,F,22,8,2,1,1,2,1,3
2026,2026-03-23,Jonathan Mogbo,Raptors,F,9,4,4,1,1,0,0,1
2026,2026-02-21,Jahmai Mashack,Grizzlies,G,22,0,3,1,0,2,0,4
2026,2025-11-11,DeMar DeRozan,Kings,G,31,18,1,2,1,1,0,2
2026,2025-11-04,Kobe Brown,Clippers,G,7,0,1,2,0,0,0,0
2026,2026-03-17,Bruce Brown,Nuggets,G,19,12,3,2,0,1,1,1
2026,2025-10-22,Julius Randle,Timberwolves,F,37,19,7,6,2,1,0,3
2026,2025-10-28,Jabari Walker,76ers,F,6,8,2,0,1,0,0,2
2026,2026-04-12,Lachlan Olbrich,Bulls,C,31,10,15,10,2,0,1,2
2026,2026-02-05,Oso Ighodaro,Suns,F,25,6,5,1,2,0,2,2
2026,2026-03-12,Cason Wallace,Thunder,G,31,4,3,3,2,0,1,2
2026,2026-01-31,Keldon Johnson,Spurs,F,16,6,2,1,1,0,0,0
2026,2025-10-28,Derrick Jones Jr.,Clippers,F,23,3,2,1,0,0,0,1
2026,2026-02-09,Terance Mann,Nets,G,26,9,1,3,1,1,2,2
2026,2026-01-13,AJ Green,Bucks,G,27,9,0,2,0,0,0,1
2026,2025-11-05,Isaiah Hartenstein,Thunder,C,31,10,11,3,2,0,4,3
2026,2026-03-03,Daniel Gafford,Mavericks,F,22,10,6,2,2,1,1,1
2026,2025-10-21,Steven Adams,Rockets,C,37,4,13,3,0,0,3,4
2026,2025-12-29,T.J. McConnell,Pacers,G,16,6,1,4,1,0,1,1
2026,2025-12-23,Luke Kornet,Spurs,C,26,8,5,3,1,2,0,0
2026,2026-01-11,Ryan Dunn,Suns,F,19,9,6,3,0,1,0,2
2026,2025-12-31,Ajay Mitchell,Thunder,G,23,17,6,3,1,1,2,1
2026,2026-01-06,Caleb Martin,Mavericks,F,14,1,1,2,0,0,1,0
2026,2025-11-15,Scottie Barnes,Raptors,F,32,14,11,6,1,1,2,5
2026,2025-10-31,Khaman Maluach,Suns,C,1,0,0,0,0,1,0,0
2026,2025-12-18,Ryan Kalkbrenner,Hornets,C,27,8,4,2,1,1,1,3
2026,2026-03-19,Jaylon Tyson,Cavaliers,G,23,18,11,3,1,1,2,0
2026,2026-03-22,Josh Hart,Knicks,G,28,16,6,4,2,0,2,1
2026,2025-12-02,Vince Williams Jr.,Grizzlies,G,27,12,7,7,1,3,1,0
2026,2025-12-27,Kam Jones,Pacers,G,3,2,1,0,0,0,0,0
2026,2025-11-10,Brook Lopez,Clippers,C,17,9,0,2,0,1,3,2
2026,2026-02-19,Stephon Castle,Spurs,G,21,20,2,4,3,0,2,5
2026,2026-04-03,Kyle Kuzma,Bucks,F,25,14,7,3,0,0,2,3
2026,2026-03-10,Grant Williams,Hornets,F,14,3,1,1,2,0,3,0
2026,2026-03-10,Julian Champagnie,Spurs,F,27,0,5,0,0,0,1,3
2026,2026-01-02,Miles Bridges,Hornets,F,37,25,6,2,1,0,3,3
2026,2025-12-29,Saddiq Bey,Pelicans,G,37,26,6,6,2,0,2,3
2026,2026-01-15,Alperen Sengun,Rockets,C,33,14,13,5,0,1,5,2
2026,2026-04-01,Guerschon Yabusele,Bulls,F,25,20,6,1,0,0,1,0
2026,2025-11-07,Tyrese Martin,Nets,G,19,2,1,3,1,0,2,1
2026,2025-11-09,Mohamed Diawara,Knicks,F,5,5,0,0,0,0,0,0
2026,2025-11-26,LaMelo Ball,Hornets,G,27,11,6,4,1,0,4,5
2026,2026-01-28,Andrew Nembhard,Pacers,G,34,18,6,9,1,0,1,2
2026,2026-02-03,Johnny Furphy,Pacers,G,29,14,7,6,0,0,2,3
2026,2026-03-08,Yang Hansen,Trail Blazers,C,4,5,1,0,0,0,0,0
2026,2026-01-07,Kristaps Porzingis,Hawks,C,22,13,3,2,1,1,1,2
2026,2025-11-02,Justin Edwards,76ers,F,10,2,0,1,1,1,0,1
2026,2025-11-19,Andre Drummond,76ers,C,34,10,12,0,2,1,3,3
2026,2026-03-06,Reed Sheppard,Rockets,G,36,17,3,6,1,3,4,4
2026,2025-12-26,Trey Murphy III,Pelicans,F,36,19,3,3,4,0,1,4
2026,2026-02-19,Craig Porter Jr.,Cavaliers,G,17,2,2,2,0,0,2,2
2026,2025-11-26,Bam Adebayo,Heat,C,29,17,11,2,0,1,1,0
2026,2026-01-02,Nolan Traore,Nets,G,26,12,1,5,1,2,2,1
2026,2026-02-04,Kevin McCullar Jr.,Knicks,G,2,0,1,2,0,0,0,0
2026,2026-01-22,Drew Timme,Lakers,F,10,0,1,1,0,0,0,3
2026,2026-01-30,Jaren Jackson Jr.,Grizzlies,F,34,16,9,2,6,2,2,5
2026,2025-12-02,Hunter Sallis,76ers,G,8,2,0,1,0,0,1,0
2026,2026-01-28,Kevin Huerter,Bulls,G,17,4,4,4,0,0,0,2
2026,2026-01-15,Collin Sexton,Hornets,G,14,6,0,3,1,0,2,1
2026,2026-03-07,Gui Santos,Warriors,F,37,22,11,3,2,0,1,2
2026,2026-02-07,Tari Eason,Rockets,F,34,26,8,1,3,0,3,5
2026,2026-02-02,Quentin Grimes,76ers,G,28,14,2,4,0,0,0,2
2026,2025-12-10,Branden Carlson,Thunder,C,12,11,2,0,0,1,0,0
2026,2026-01-05,De'Anthony Melton,Warriors,G,25,5,2,1,2,1,2,3
2026,2025-12-05,Jaylen Brown,Celtics,G,34,30,8,8,1,0,3,3
2026,2025-12-25,Jordan Clarkson,Knicks,G,29,25,1,2,3,0,0,3
2026,2026-02-26,Wendell Carter Jr.,Magic,C,27,16,6,1,0,0,1,3
2026,2025-12-19,Payton Pritchard,Celtics,G,27,9,4,4,2,0,0,1
2026,2026-01-03,Moses Moody,Warriors,G,25,8,2,2,1,0,1,1
2026,2026-02-19,Danny Wolf,Nets,F,28,11,6,7,1,2,3,3
2026,2026-01-10,Ayo Dosunmu,Bulls,G,26,20,4,8,4,0,3,4
2026,2025-11-07,Pat Spencer,Warriors,G,23,10,6,5,1,0,2,2
2026,2026-03-20,Jayson Tatum,Celtics,F,31,13,9,0,0,0,3,2
2026,2026-03-06,Jaylen Brown,Celtics,G,33,24,7,7,2,0,3,1
2026,2025-10-23,Chet Holmgren,Thunder,C,39,15,12,2,2,0,3,3
2026,2025-11-05,Jay Huff,Pacers,C,18,16,2,0,0,2,1,4
2026,2026-02-11,De'Aaron Fox,Spurs,G,32,27,0,8,3,0,2,3
2026,2026-01-20,Isaac Okoro,Bulls,F,15,2,0,0,0,0,1,1
2026,2025-12-14,Keegan Murray,Kings,F,39,10,8,1,0,5,4,2
2026,2026-04-08,Tobias Harris,Pistons,F,23,10,5,3,1,1,2,2
2026,2026-04-01,Dominick Barlow,76ers,F,22,6,3,2,0,0,1,1
2026,2025-10-29,Tony Bradley,Pacers,C,13,6,8,1,0,0,0,3
2026,2025-11-21,Ziaire Williams,Nets,F,16,2,0,0,0,0,2,4
2026,2026-03-05,Jevon Carter,Magic,G,19,8,2,4,0,0,1,2
2026,2025-12-06,Ryan Rollins,Bucks,G,23,10,6,6,0,0,2,3
2026,2026-01-29,Michael Porter Jr.,Nets,F,37,38,10,3,2,2,1,3
2026,2026-04-10,Grant Williams,Hornets,F,22,2,4,0,4,1,0,0
2026,2025-11-22,Mitchell Robinson,Knicks,C,17,6,3,0,0,2,1,4
2026,2025-11-12,Ryan Kalkbrenner,Hornets,C,27,17,9,0,1,3,0,3
2026,2026-03-08,Rasheer Fleming,Suns,F,23,16,2,0,0,0,0,1
2026,2026-03-03,Josh Giddey,Bulls,G,33,14,9,9,1,2,4,1
2026,2025-12-18,Duncan Robinson,Pistons,F,13,2,2,0,0,0,0,4
2026,2026-03-29,Garrett Temple,Raptors,G,3,0,0,0,0,0,0,0
2026,2026-03-10,Precious Achiuwa,Kings,PF,20,6,7,0,0,1,1,1
2026,2026-01-19,Jordan Goodwin,Suns,G,17,2,2,2,1,0,0,2
2026,2025-11-05,Jarace Walker,Pacers,F,32,6,6,6,0,1,1,2
2026,2025-12-27,Kevin Durant,Rockets,F,29,30,4,7,0,0,3,1
2026,2026-01-09,Mohamed Diawara,Knicks,F,4,0,0,0,0,0,0,1
2026,2025-11-23,Collin Murray-Boyles,Raptors,F,17,2,1,1,0,0,0,1
2026,2026-03-31,E.J. Liddell,Nets,F,8,3,2,0,0,0,0,0
2026,2026-03-06,Jayson Tatum,Celtics,F,27,15,12,7,1,0,2,2
2026,2025-12-18,Trayce Jackson-Davis,Warriors,F,7,0,4,3,0,0,0,0
2026,2025-11-19,Jordan Clarkson,Knicks,G,20,8,4,0,0,0,0,1
2026,2025-11-17,Jalen Smith,Bulls,F,18,16,8,2,2,0,1,2
2026,2026-01-15,Kevin Porter Jr.,Bucks,G,23,0,1,2,0,0,1,1
2026,2025-12-02,Jakob Poeltl,Raptors,C,26,11,7,4,0,0,2,5
2026,2026-03-23,LeBron James,Lakers,F,39,12,9,10,0,1,4,2
2026,2025-12-07,Julian Phillips,Bulls,F,12,5,2,1,0,0,0,0
2026,2026-04-03,Killian Hayes,Kings,G,20,5,3,5,0,0,1,1
2026,2025-11-09,Jabari Walker,76ers,F,18,12,5,0,0,0,2,2
2026,2026-03-29,Brook Lopez,Clippers,C,25,8,7,1,3,2,0,2
2026,2026-03-13,Isaiah Jackson,Clippers,F,17,8,7,2,0,2,0,1
2026,2026-04-10,Taurean Prince,Bucks,F,35,18,10,5,1,0,2,1
2026,2026-02-24,Donovan Mitchell,Cavaliers,G,31,23,5,4,3,0,3,1
2026,2026-03-17,Naz Reid,Timberwolves,C,18,11,3,5,0,4,1,1
2026,2025-11-28,Jake LaRavia,Lakers,F,14,0,2,0,0,0,1,1
2026,2025-10-30,Gary Payton II,Warriors,G,3,0,2,0,0,0,0,1
2026,2026-03-30,Kobe Bufkin,Lakers,G,3,2,0,0,0,0,0,1
2026,2025-11-20,Cam Christie,Clippers,G,12,6,1,0,1,0,0,2
2026,2026-01-29,AJ Green,Bucks,G,37,2,2,3,0,1,1,3
2026,2025-12-23,Karlo Matkovic,Pelicans,F,10,2,5,0,0,0,1,1
2026,2026-02-26,Anthony Black,Magic,G,23,8,1,2,1,0,2,2
2026,2026-03-27,Naji Marshall,Mavericks,F,33,19,3,3,5,0,1,3
2026,2025-12-26,Jordan Poole,Pelicans,G,31,19,5,6,3,1,2,4
2026,2026-03-03,Dennis Schroder,Cavaliers,G,28,15,5,5,0,0,2,2
2026,2026-04-04,Jamir Watkins,Wizards,G,19,14,3,1,1,1,0,6
2026,2026-04-06,Craig Porter Jr.,Cavaliers,G,26,11,8,6,2,2,0,0
2026,2026-03-30,Justin Edwards,76ers,F,1,0,0,0,0,0,0,0
2026,2026-03-16,Josh Okogie,Rockets,G,8,0,0,2,2,0,0,1
2026,2026-02-07,Kevin Love,Jazz,F,12,13,6,0,0,0,0,0
2026,2026-02-26,Luka Doncic,Lakers,G,39,41,8,8,2,0,3,1
2026,2025-12-03,Tyrese Martin,Nets,G,22,4,1,1,2,0,0,2
2026,2026-01-18,Duop Reath,Trail Blazers,C,12,0,1,1,0,0,0,0
2026,2025-10-25,Cedric Coward,Grizzlies,F,24,27,6,4,1,0,0,1
2026,2026-01-01,P.J. Washington,Mavericks,F,34,11,5,1,2,1,0,1
2026,2026-03-17,Wendell Carter Jr.,Magic,C,29,11,5,3,1,0,1,1
2026,2025-11-13,Jordan Goodwin,Suns,G,23,10,9,5,1,0,0,2
2026,2025-11-19,Jabari Walker,76ers,F,23,9,9,2,0,1,1,2
2026,2025-11-02,Herbert Jones,Pelicans,F,24,12,1,3,2,0,0,4
2026,2026-03-07,Wendell Carter Jr.,Magic,C,25,10,6,3,1,1,1,2
2026,2026-02-05,Corey Kispert,Hawks,F,25,20,2,0,0,0,0,4
2026,2026-04-10,Andre Jackson Jr.,Bucks,G,15,0,2,1,0,0,2,1
2026,2025-12-01,Tim Hardaway Jr.,Nuggets,G,31,13,1,6,1,0,0,1
2026,2026-03-03,Tyrese Maxey,76ers,G,25,21,8,2,1,1,2,0
2026,2025-11-15,Kentavious Caldwell-Pope,Grizzlies,G,23,6,0,3,0,0,1,0
2026,2025-10-27,Jeff Green,Rockets,F,4,3,0,0,0,0,0,1
2026,2025-11-24,Jalen Wilson,Nets,F,23,6,2,1,0,0,2,1
2026,2025-12-20,Trayce Jackson-Davis,Warriors,F,17,5,7,0,1,1,2,2
2026,2025-12-19,Baylor Scheierman,Celtics,G,6,0,1,0,0,0,0,1
2026,2025-11-24,Jose Alvarado,Pelicans,G,32,16,8,8,2,0,2,2
2026,2025-10-31,Jordan Goodwin,Suns,G,17,7,4,3,1,0,2,2
2026,2026-03-11,Julian Phillips,Timberwolves,F,6,3,1,0,0,0,0,0
2026,2026-01-20,Gui Santos,Warriors,F,15,3,0,2,0,0,1,4
2026,2026-04-02,Jaylin Williams,Thunder,F,14,7,6,2,0,0,0,2
2026,2025-11-29,Jarace Walker,Pacers,F,20,4,2,1,0,1,1,0
2026,2026-03-22,Jamir Watkins,Wizards,G,31,5,6,2,3,0,0,4
2026,2026-02-02,Trendon Watford,76ers,F,11,3,1,1,0,0,0,1
2026,2026-04-10,Adem Bona,76ers,C,19,3,6,1,1,0,1,1
2026,2026-03-11,Elijah Harkless,Jazz,G,20,5,0,0,1,1,2,2
2026,2026-02-20,Will Riley,Wizards,G,12,12,1,2,1,0,1,1
2026,2026-03-07,Tristan da Silva,Magic,F,31,11,7,4,2,0,0,3
2026,2025-11-16,Max Christie,Mavericks,G,28,14,4,4,1,0,1,0
2026,2026-03-28,Kyle Anderson,Timberwolves,F,16,2,2,1,2,0,1,0
2026,2025-11-19,Daniel Gafford,Mavericks,F,25,7,8,2,0,1,1,5
2026,2026-01-24,Justin Champagnie,Wizards,F,32,15,11,3,3,2,2,1
2026,2026-02-28,Robert Williams III,Trail Blazers,C,17,5,6,2,1,1,2,0
2026,2026-04-01,Javon Small,Grizzlies,G,25,13,0,4,1,0,0,2
2026,2025-11-05,Moussa Cisse,Mavericks,C,4,0,0,0,0,0,0,0
2026,2025-10-24,Jalen Duren,Pistons,C,12,6,6,0,1,1,1,2
2026,2026-03-31,Sidy Cissoko,Trail Blazers,G,9,0,1,1,0,0,0,1
2026,2025-11-15,De'Andre Hunter,Cavaliers,F,32,9,3,3,0,0,0,5
2026,2026-02-04,Jeff Green,Rockets,F,6,3,0,0,0,0,0,0
2026,2025-12-31,Rayan Rupert,Trail Blazers,G,12,2,4,1,0,0,0,1
2026,2025-11-29,Miles Bridges,Hornets,F,41,35,3,0,1,0,0,3
2026,2025-10-24,Gui Santos,Warriors,F,11,3,1,1,1,0,2,2
2026,2026-02-03,Ziaire Williams,Nets,F,24,17,2,3,1,0,1,5
2026,2025-12-15,Duncan Robinson,Pistons,F,26,7,1,2,0,0,1,2
2026,2026-01-11,Cam Thomas,Nets,G,24,9,2,3,0,0,1,0
2026,2026-01-06,Dylan Harper,Spurs,G,18,4,2,3,0,1,1,1
2026,2026-02-19,Mikal Bridges,Knicks,G,25,8,3,0,1,0,1,3
2026,2026-03-08,Sion James,Hornets,G,14,3,2,1,0,0,0,1
2026,2026-03-15,Julius Randle,Timberwolves,F,35,32,7,6,0,1,1,4
2026,2026-01-10,Johnny Furphy,Pacers,G,20,10,7,2,0,0,1,3
2026,2025-10-23,Peyton Watson,Nuggets,G,16,2,2,1,0,1,2,2
2026,2026-04-01,Sharife Cooper,Wizards,G,23,11,4,3,0,0,1,2
2026,2025-12-07,Alijah Martin,Raptors,G,4,0,0,0,1,0,0,0
2026,2026-02-25,Tim Hardaway Jr.,Nuggets,G,21,14,4,4,0,0,0,0
2026,2026-01-04,Johnny Juzang,Timberwolves,G,9,6,1,0,0,0,1,0
2026,2026-03-01,Jett Howard,Magic,G,13,0,1,0,0,0,0,1
2026,2025-11-29,John Collins,Clippers,F,36,21,4,1,0,3,1,2
2026,2026-04-09,Collin Sexton,Bulls,G,34,27,3,2,3,0,2,4
2026,2026-04-10,E.J. Liddell,Nets,F,32,13,6,4,1,0,2,2
2026,2025-11-24,Zach Edey,Grizzlies,C,6,2,1,0,0,0,0,1
2026,2026-01-15,Gabe Vincent,Lakers,G,15,0,1,0,0,0,0,4
2026,2025-11-07,Jalen Wilson,Nets,F,11,9,1,1,0,0,1,0
2026,2026-03-10,LaMelo Ball,Hornets,G,22,14,4,4,1,0,3,6
2026,2025-11-12,Jase Richardson,Magic,G,2,0,0,1,0,0,0,0
2026,2026-02-26,Jaden Hardy,Wizards,G,28,14,2,0,1,0,3,3
2026,2026-03-08,Marcus Smart,Lakers,G,29,5,3,4,2,0,1,2
2026,2026-01-09,Buddy Hield,Warriors,G,4,6,3,1,0,0,0,0
2026,2026-01-27,DeMar DeRozan,Kings,G,39,34,5,0,0,0,2,3
2026,2025-11-17,Johnny Juzang,Timberwolves,G,3,3,0,0,0,0,0,1
2026,2025-12-31,Ariel Hukporti,Knicks,C,14,6,6,1,1,1,1,3
2026,2026-03-21,Herbert Jones,Pelicans,F,31,12,3,3,1,1,0,5
2026,2025-11-18,Caleb Love,Trail Blazers,G,32,17,7,3,1,0,3,1
2026,2025-11-24,Bam Adebayo,Heat,C,29,17,6,1,1,2,2,1
2026,2025-12-26,Jaime Jaquez Jr.,Heat,F,28,16,5,3,3,0,1,2
2026,2026-03-24,Thomas Bryant,Cavaliers,C,13,9,6,1,2,0,1,2
2026,2025-10-26,Anthony Gill,Wizards,F,2,2,0,0,0,0,1,0
2026,2025-10-24,Collin Gillespie,Suns,G,28,13,5,5,1,1,3,1
2026,2026-02-11,Larry Nance Jr.,Cavaliers,F,5,3,2,1,0,0,0,0
2026,2026-03-10,Duncan Robinson,Pistons,F,16,15,3,1,0,0,0,3
2026,2026-03-01,Adou Thiero,Lakers,F,4,3,1,1,0,0,0,0
2026,2026-03-07,Cam Thomas,Bucks,G,6,3,0,0,0,0,0,0
2026,2026-02-12,Jrue Holiday,Trail Blazers,G,33,31,9,7,0,0,1,2
2026,2026-03-16,Nate Williams,Warriors,G,3,0,1,0,0,0,0,0
2026,2026-01-16,Zach LaVine,Kings,G,32,16,2,3,1,2,0,3
2026,2026-01-06,Anthony Davis,Mavericks,F,36,19,16,2,0,2,3,1
2026,2025-11-02,Collin Murray-Boyles,Raptors,F,31,15,9,5,3,0,3,1
2026,2025-11-17,Sandro Mamukelashvili,Raptors,F,15,7,4,1,0,1,1,3
2026,2026-01-05,Amen Thompson,Rockets,G,37,17,7,6,0,0,3,4
2026,2026-04-05,Brandon Miller,Hornets,F,34,7,6,3,1,0,1,0
2026,2025-12-23,Khris Middleton,Wizards,F,22,16,1,1,1,0,0,2
2026,2025-11-12,Jalen Smith,Bulls,F,14,9,4,0,0,0,0,2
2026,2026-03-12,Kyle Lowry,76ers,G,4,0,0,0,0,0,0,1
2026,2026-02-01,Pete Nance,Bucks,F,18,7,4,0,0,0,1,4
2026,2026-02-22,CJ McCollum,Hawks,G,32,16,8,4,1,0,3,0
2026,2025-10-22,Jaren Jackson Jr.,Grizzlies,F,27,18,8,1,0,6,5,6
2026,2025-11-24,Jaden Hardy,Mavericks,G,5,3,2,1,0,0,0,1
2026,2025-11-30,Jeremiah Fears,Pelicans,G,27,21,2,3,1,0,1,2
2026,2026-04-04,Bam Adebayo,Heat,C,24,14,9,7,1,0,2,1
2026,2026-01-14,Peyton Watson,Nuggets,G,31,18,5,2,0,0,2,5
2026,2026-03-28,Javon Small,Grizzlies,G,15,6,2,4,3,0,0,4
2026,2026-02-08,Mitchell Robinson,Knicks,C,16,5,9,2,0,0,0,1
2026,2026-02-08,Mikal Bridges,Knicks,G,30,14,4,1,0,1,0,0
2026,2025-10-26,Jake LaRavia,Lakers,F,33,11,6,5,1,0,2,3
2026,2025-12-21,Jamir Watkins,Wizards,G,22,4,5,2,2,0,0,2
2026,2025-10-31,Lauri Markkanen,Jazz,F,35,33,4,0,0,1,2,1
2026,2025-12-26,Cade Cunningham,Pistons,G,37,29,5,17,2,2,4,3
2026,2025-12-27,Tony Bradley,Pacers,C,11,3,4,0,0,0,1,3
2026,2026-01-11,Bobby Portis,Bucks,F,17,14,2,0,0,1,0,3
2026,2026-04-12,Branden Carlson,Thunder,C,42,26,10,1,2,5,1,0
2026,2026-01-29,Cole Anthony,Bucks,G,18,5,2,1,1,0,1,3
2026,2026-01-28,Grant Williams,Hornets,F,20,2,3,1,0,0,1,0
2026,2026-02-26,Isaiah Collier,Jazz,G,27,11,1,7,1,0,4,3
2026,2026-03-01,Rudy Gobert,Timberwolves,C,38,7,15,4,3,1,1,4
2026,2026-03-12,Devin Vassell,Spurs,G,32,18,1,3,2,0,1,2
2026,2026-02-26,Isaac Okoro,Bulls,F,37,12,5,0,1,0,1,1
2026,2025-11-07,Dru Smith,Heat,G,16,5,0,3,1,0,0,4
2026,2025-10-27,Cade Cunningham,Pistons,G,29,12,5,4,0,1,5,3
2026,2025-10-26,Jaime Jaquez Jr.,Heat,F,27,17,5,5,0,0,1,2
2026,2025-12-18,Josh Green,Hornets,G,11,3,3,1,0,0,0,2
2026,2026-01-18,Tyrese Martin,Nets,G,23,11,3,0,0,0,1,0
2026,2025-11-24,Ariel Hukporti,Knicks,C,13,0,4,0,0,0,0,0
2026,2025-11-10,Rudy Gobert,Timberwolves,C,34,14,12,1,0,2,2,5
2026,2025-12-12,Josh Green,Hornets,G,17,2,0,1,1,0,0,2
2026,2026-03-21,Pete Nance,Bucks,F,27,5,5,3,0,1,0,3
2026,2026-01-17,Dillon Brooks,Suns,F,29,5,6,1,0,1,0,4
2026,2026-03-28,Svi Mykhailiuk,Jazz,G,9,14,2,1,1,0,0,0
2026,2025-10-29,Mac McClung,Pacers,G,13,7,2,1,2,1,0,3
2026,2026-04-10,Hugo Gonzalez,Celtics,G,25,10,4,1,3,0,0,4
2026,2025-11-25,Alex Sarr,Wizards,C,38,27,11,0,2,2,1,2
2026,2025-10-27,Sam Merrill,Cavaliers,G,18,11,1,1,2,0,0,1
2026,2025-11-04,Ryan Kalkbrenner,Hornets,C,30,10,11,2,1,4,2,4
2026,2026-03-04,Nicolas Batum,Clippers,F,5,0,1,0,0,0,0,0
2026,2026-01-03,Will Richard,Warriors,G,18,8,2,0,0,0,2,2
2026,2025-12-18,Jay Huff,Pacers,C,18,6,10,1,0,2,3,3
2026,2025-11-14,Kyle Kuzma,Bucks,F,39,29,10,5,4,1,3,3
2026,2026-03-25,Jared McCain,Thunder,G,13,6,1,0,0,0,0,0
2026,2026-04-10,Sam Hauser,Celtics,F,28,24,6,4,0,0,0,4
2026,2025-10-24,RJ Barrett,Raptors,F,33,20,6,2,2,2,2,2
2026,2026-04-03,Baylor Scheierman,Celtics,G,23,2,2,3,1,0,1,1
2026,2026-04-10,Alperen Sengun,Rockets,C,29,22,6,8,0,1,3,5
2026,2026-04-10,Brandin Podziemski,Warriors,G,32,30,3,1,1,0,2,2
2026,2025-11-30,Craig Porter Jr.,Cavaliers,G,11,4,4,2,1,0,1,1
2026,2025-11-17,Dru Smith,Heat,G,16,11,3,3,1,0,0,1
2026,2025-11-21,Svi Mykhailiuk,Jazz,G,22,8,2,1,1,0,3,2
2026,2026-01-09,Michael Porter Jr.,Nets,F,33,18,5,6,4,1,2,1
2026,2025-12-01,Dyson Daniels,Hawks,G,37,10,5,5,4,0,1,2
2026,2025-10-31,Jeremiah Fears,Pelicans,G,29,13,4,8,4,0,0,2
2026,2026-02-07,Thomas Bryant,Cavaliers,C,15,10,3,2,1,0,0,1
2026,2026-02-07,Jalen Johnson,Hawks,F,40,31,9,8,3,0,2,4
2026,2026-03-12,Mouhamed Gueye,Hawks,F,5,4,1,0,2,0,0,1
2026,2026-03-19,Jake LaRavia,Lakers,F,18,5,6,1,0,1,0,5
2026,2025-12-23,Cole Anthony,Bucks,G,1,3,0,0,0,0,0,0
2026,2026-03-16,Herbert Jones,Pelicans,F,29,10,3,4,0,2,1,3
2026,2025-12-09,Scottie Barnes,Raptors,F,37,13,5,4,2,0,2,3
2026,2026-03-02,AJ Green,Bucks,G,18,0,4,0,0,0,0,0
2026,2026-03-15,Jonathan Mogbo,Raptors,F,3,2,3,0,0,0,0,3
2026,2026-02-22,Nolan Traore,Nets,G,35,11,1,5,2,0,5,2
2026,2026-03-18,Kobe Sanders,Clippers,G,15,3,2,2,0,0,1,1
2026,2025-12-01,Tristan Vukcevic,Wizards,F,20,16,2,2,1,0,0,3
2026,2025-11-18,Keaton Wallace,Hawks,G,13,7,0,2,1,0,1,1
2026,2026-01-28,Ryan Kalkbrenner,Hornets,C,15,6,4,0,0,0,1,0
2026,2026-01-02,Devin Booker,Suns,G,28,33,2,5,0,0,5,0
2026,2026-04-12,Julian Champagnie,Spurs,F,25,7,4,1,0,1,1,1
2026,2025-10-22,Yang Hansen,Trail Blazers,C,5,2,1,0,0,0,0,1
2026,2025-11-15,Lonzo Ball,Cavaliers,G,22,9,7,5,2,0,5,2
2026,2025-10-22,Bub Carrington,Wizards,G,29,11,5,2,1,0,1,3
2026,2025-11-28,Klay Thompson,Mavericks,G,20,10,1,1,0,0,1,2
2026,2025-11-05,Josh Hart,Knicks,G,27,18,5,4,0,0,1,1
2026,2025-12-23,Isaiah Stewart,Pistons,F,21,16,3,3,0,1,1,2
2026,2026-03-13,Kawhi Leonard,Clippers,F,33,28,4,3,1,0,2,3
2026,2026-01-07,Keyonte George,Jazz,G,43,25,7,11,1,0,6,5
2026,2025-11-24,Ryan Nembhard,Mavericks,G,17,2,3,7,0,0,0,0
2026,2026-03-21,Micah Potter,Pacers,C,20,9,2,2,1,1,0,0
2026,2026-02-10,Rui Hachimura,Lakers,F,27,6,4,2,2,0,1,1
2026,2025-12-23,Micah Peavy,Pelicans,G,14,5,2,0,1,0,0,0
2026,2026-03-18,Ivica Zubac,Pacers,C,23,18,8,3,0,1,1,1
2026,2026-01-09,Malik Monk,Kings,G,19,8,2,1,0,0,2,2
2026,2025-10-28,Justin Edwards,76ers,F,14,3,0,0,0,0,0,1
2026,2025-12-20,LeBron James,Lakers,F,38,36,4,3,2,1,3,1
2026,2026-04-03,Amen Thompson,Rockets,G,32,21,8,4,2,0,1,1
2026,2026-03-10,Jake LaRavia,Lakers,F,25,8,7,4,2,0,0,1
2026,2026-01-04,Maxime Raynaud,Kings,C,24,6,8,1,0,0,1,2
2026,2025-11-14,Jeremiah Fears,Pelicans,G,29,19,4,3,7,0,3,2
2026,2026-01-07,Bruce Brown,Nuggets,G,19,4,1,0,2,0,0,2
2026,2026-02-11,Rasheer Fleming,Suns,F,20,8,3,2,0,1,2,1
2026,2026-02-28,Miles Bridges,Hornets,F,32,14,8,5,3,0,2,3
2026,2026-04-02,Jake LaRavia,Lakers,F,33,6,8,2,0,2,1,3
2026,2026-02-24,Kenrich Williams,Thunder,G,11,0,1,1,1,0,0,1
2026,2026-03-23,Brandin Podziemski,Warriors,G,40,20,10,6,1,1,3,1
2026,2025-12-31,Myles Turner,Bucks,C,31,13,7,2,2,5,0,3
2026,2026-04-02,De'Anthony Melton,Warriors,G,26,5,6,3,3,0,2,2
2026,2026-03-04,GG Jackson,Grizzlies,F,34,20,4,1,1,3,5,0
2026,2025-11-29,Patrick Williams,Bulls,F,17,2,2,0,0,0,0,0
2026,2026-04-12,Amari Williams,Celtics,F,10,2,1,1,0,0,1,2
2026,2026-02-07,Reed Sheppard,Rockets,G,32,16,3,6,3,0,4,3
2026,2026-02-25,Jamal Shead,Raptors,G,19,12,1,3,0,0,0,1
2026,2026-03-23,Kris Murray,Trail Blazers,F,31,16,5,5,0,0,0,1
2026,2026-03-27,Sandro Mamukelashvili,Raptors,F,21,18,9,2,1,1,0,1
2026,2026-04-08,Dennis Schroder,Cavaliers,G,15,5,1,3,0,0,2,2
2026,2025-12-14,Lonzo Ball,Cavaliers,G,32,8,5,4,5,0,2,0
2026,2026-03-31,Jalen Wilson,Nets,F,9,4,1,0,0,0,1,0
2026,2025-11-05,Anfernee Simons,Celtics,G,30,18,0,2,1,0,1,4
2026,2026-01-11,Lindy Waters III,Spurs,F,12,3,1,3,0,0,0,1
2026,2025-12-29,Dru Smith,Heat,G,21,11,4,1,2,0,1,3
2026,2025-12-25,Steven Adams,Rockets,C,26,4,9,2,0,0,1,0
2026,2025-12-29,Bam Adebayo,Heat,C,21,13,10,4,1,0,2,3
2026,2025-12-04,Lauri Markkanen,Jazz,F,35,30,8,1,0,0,1,1
2026,2025-12-05,Jay Huff,Pacers,C,28,11,4,5,2,5,0,0
2026,2026-01-12,T.J. McConnell,Pacers,G,15,5,0,5,0,0,0,0
2026,2026-03-17,Donte DiVincenzo,Timberwolves,G,28,0,1,3,1,1,1,1
2026,2025-11-28,Quentin Grimes,76ers,G,43,19,3,9,2,0,5,0
2026,2025-12-07,Jonathan Isaac,Magic,F,11,4,2,0,0,1,1,0
2026,2025-12-14,Noah Clowney,Nets,F,22,16,3,2,0,2,2,3
2026,2025-12-23,Desmond Bane,Magic,G,36,23,4,5,3,3,4,4
2026,2026-03-10,Victor Wembanyama,Spurs,F,37,39,11,3,1,2,6,2
2026,2025-12-23,Tristan Vukcevic,Wizards,F,2,0,0,0,0,0,0,0
2026,2026-04-10,Kris Dunn,Clippers,G,27,5,5,1,0,0,2,4
2026,2026-02-09,Maxi Kleber,Lakers,F,5,0,0,0,0,0,0,0
2026,2025-12-25,Julius Randle,Timberwolves,F,39,32,7,6,3,1,2,4
2026,2025-12-17,Isaac Okoro,Bulls,F,31,12,2,1,1,0,0,4
2026,2026-03-23,Desmond Bane,Magic,G,32,17,6,7,0,0,0,3
2026,2025-11-16,Russell Westbrook,Kings,G,35,14,9,7,2,0,5,2
2026,2025-11-10,Jordan Goodwin,Suns,G,23,4,5,4,3,0,1,2
2026,2025-11-11,Jakob Poeltl,Raptors,C,30,12,10,2,1,2,0,4
2026,2026-02-09,Wendell Carter Jr.,Magic,C,24,4,8,2,2,0,0,3
2026,2026-04-01,Taelon Peter,Pacers,G,27,10,3,0,3,0,1,5
2026,2026-02-03,Paolo Banchero,Magic,F,33,17,3,4,0,0,2,2
2026,2025-12-07,Chris Youngblood,Thunder,G,8,3,3,1,0,0,0,1
2026,2026-03-13,Isaiah Collier,Jazz,G,30,17,3,9,2,0,2,3
2026,2026-02-02,Pascal Siakam,Pacers,F,33,27,4,5,1,0,3,3
2026,2026-02-12,Max Christie,Mavericks,G,30,19,1,4,1,0,1,3
2026,2025-11-24,Thomas Bryant,Cavaliers,C,13,5,2,1,1,1,0,2
2026,2026-01-13,Sidy Cissoko,Trail Blazers,G,26,3,3,0,0,0,3,3
2026,2025-12-23,Olivier-Maxence Prosper,Grizzlies,F,19,8,1,3,0,0,1,0
2026,2026-04-05,Tyson Etienne,Nets,G,20,9,0,4,1,0,1,3
2026,2025-11-08,Andre Drummond,76ers,C,16,4,8,1,0,1,1,1
2026,2026-02-26,Jordan Poole,Pelicans,G,10,3,2,3,0,1,0,2
2026,2026-02-22,Dyson Daniels,Hawks,G,33,7,10,8,3,0,0,2
2026,2026-03-01,Kelly Olynyk,Spurs,F,4,5,0,0,0,0,0,0
2026,2026-01-14,Taylor Hendricks,Jazz,F,19,3,2,0,0,0,1,0
2026,2026-02-23,Jabari Smith Jr.,Rockets,F,33,31,9,0,3,3,4,3
2026,2025-11-07,Cole Anthony,Bucks,G,22,11,2,5,1,0,1,2
2026,2026-02-07,Josh Okogie,Rockets,G,12,0,2,0,1,0,0,4
2026,2025-10-26,RayJ Dennis,Pacers,G,27,12,2,5,2,3,3,3
2026,2026-04-12,Jeff Green,Rockets,F,24,6,5,1,1,1,3,2
2026,2026-03-25,Naz Reid,Timberwolves,C,31,14,13,1,2,2,3,5
2026,2025-12-05,Jalen Brunson,Knicks,G,31,33,2,4,0,0,0,2
2026,2026-01-23,Aaron Nesmith,Pacers,G,36,17,5,5,0,0,2,5
2026,2026-03-26,Javonte Green,Pistons,G,20,8,1,1,1,0,1,3
2026,2026-03-06,Cameron Johnson,Nuggets,F,22,10,3,5,1,0,1,3
2026,2025-10-31,Duop Reath,Trail Blazers,C,7,0,0,0,0,0,0,0
2026,2026-03-15,P.J. Washington,Mavericks,F,33,20,11,2,5,1,0,2
2026,2026-03-25,Donovan Mitchell,Cavaliers,G,33,28,6,4,0,0,3,6
2026,2026-01-17,Xavier Tillman,Celtics,F,5,0,1,0,0,0,1,0
2026,2026-02-04,Chris Youngblood,Thunder,G,20,5,3,2,0,2,0,1
2026,2026-03-18,Kevin Love,Jazz,F,15,5,4,1,0,0,1,2
2026,2026-02-09,CJ McCollum,Hawks,G,33,38,1,2,4,0,3,1
2026,2025-11-24,Jamaree Bouyea,Suns,G,3,3,0,0,0,0,0,1
2026,2025-11-22,Spencer Jones,Nuggets,F,24,1,4,0,0,0,1,5
2026,2025-12-06,Brook Lopez,Clippers,C,10,3,0,0,0,1,1,3
2026,2026-02-01,Hugo Gonzalez,Celtics,G,17,0,5,0,2,0,1,1
2026,2025-11-07,Kel'el Ware,Heat,C,30,7,6,0,1,3,0,2
2026,2026-03-16,Tyler Smith,Mavericks,F,5,3,1,0,1,0,1,0
2026,2025-11-12,Jordan Clarkson,Knicks,G,11,5,1,1,1,0,1,1
2026,2026-04-12,Kon Knueppel,Hornets,G,31,14,6,5,2,1,2,2
2026,2026-01-18,Josh Green,Hornets,G,13,3,3,0,0,0,1,0
2026,2025-12-04,Khris Middleton,Wizards,F,25,16,3,4,0,0,2,2
2026,2025-11-10,Jordan Hawkins,Pelicans,G,16,1,1,0,0,0,1,1
2026,2026-02-26,Svi Mykhailiuk,Jazz,G,15,14,2,3,0,0,0,0
2026,2026-01-09,Nickeil Alexander-Walker,Hawks,G,33,22,8,3,2,0,1,1
2026,2025-11-21,Caleb Love,Trail Blazers,G,38,26,7,5,1,0,1,3
2026,2026-02-01,Ousmane Dieng,Thunder,F,3,0,0,0,0,0,0,0
2026,2026-03-13,Brandon Ingram,Raptors,F,39,36,7,3,1,0,0,1
2026,2026-02-05,Klay Thompson,Mavericks,G,20,5,2,1,0,0,0,2
2026,2025-11-12,Keon Ellis,Kings,G,31,20,0,1,2,0,1,3
2026,2026-03-07,Julius Randle,Timberwolves,F,26,14,9,1,2,0,4,3
2026,2026-03-25,Guerschon Yabusele,Bulls,F,22,11,4,0,0,0,0,2
2026,2025-11-01,Johnny Juzang,Timberwolves,G,1,3,0,0,0,0,0,0
2026,2025-12-09,Jonathan Mogbo,Raptors,F,2,3,1,0,0,0,0,0
2026,2025-11-14,Klay Thompson,Mavericks,G,28,13,2,2,0,0,2,0
2026,2025-12-19,Myron Gardner,Heat,F,17,5,2,1,1,0,0,4
2026,2026-01-07,Derik Queen,Pelicans,C,19,6,10,2,2,2,1,1
2026,2026-01-24,Noah Penda,Magic,F,16,3,3,0,1,0,3,2
2026,2026-03-31,Luka Doncic,Lakers,G,34,42,5,12,2,0,0,4
2026,2026-02-01,Sandro Mamukelashvili,Raptors,F,30,20,6,0,1,0,4,4
2026,2026-02-15,Cade Cunningham,Team Stars,G,10,4,3,1,3,1,0,1
2026,2026-01-06,Johnny Juzang,Timberwolves,G,5,0,1,0,0,0,0,0
2026,2026-03-01,Caris LeVert,Pistons,G,20,8,2,3,2,0,3,5
2026,2025-11-01,Jaylen Brown,Celtics,G,22,12,2,5,1,0,5,3
2026,2025-12-27,Jarace Walker,Pacers,F,21,3,3,1,0,0,3,1
2026,2025-12-07,Tyrese Maxey,76ers,G,39,28,7,9,2,2,4,2
2026,2026-03-01,Shai Gilgeous-Alexander,Thunder,G,33,30,4,5,4,0,3,2
2026,2026-01-09,Keaton Wallace,Hawks,G,17,10,0,2,1,0,0,0
2026,2025-12-25,De'Andre Hunter,Cavaliers,F,27,13,3,2,0,0,0,1
2026,2025-12-28,Malik Monk,Kings,G,19,11,2,2,1,0,2,2
2026,2026-02-09,Nolan Traore,Nets,G,32,13,3,13,1,1,3,4
2026,2025-11-23,Payton Pritchard,Celtics,G,34,19,5,8,2,0,1,1
2026,2025-11-18,Donovan Clingan,Trail Blazers,C,23,9,12,2,0,5,2,1
2026,2025-11-16,Isaiah Livers,Suns,F,17,6,5,0,0,0,0,0
2026,2025-12-20,Kyle Filipowski,Jazz,F,21,6,4,1,0,0,1,2
2026,2026-01-09,Yang Hansen,Trail Blazers,C,13,2,1,1,0,0,1,2
2026,2025-10-31,Guerschon Yabusele,Knicks,F,3,3,2,0,0,1,0,1
2026,2026-01-07,Deandre Ayton,Lakers,C,29,9,6,1,0,1,1,2
2026,2025-12-23,Pete Nance,Bucks,F,1,0,0,0,0,0,0,0
2026,2026-02-06,Ausar Thompson,Pistons,G,24,2,3,1,2,3,1,1
2026,2025-12-03,Keaton Wallace,Hawks,G,19,8,2,4,1,0,1,2
2026,2025-10-25,Tidjane Salaun,Hornets,F,13,3,5,1,0,0,0,1
2026,2025-12-02,Pat Spencer,Warriors,G,21,17,3,6,1,0,0,4
2026,2025-12-20,Ryan Dunn,Suns,F,20,7,5,3,1,0,3,4
2026,2026-02-20,Herbert Jones,Pelicans,F,32,8,4,3,0,0,1,5
2026,2026-03-03,Ronald Holland II,Pistons,F,19,8,5,1,0,0,1,0
2026,2025-11-28,Adem Bona,76ers,C,23,13,6,0,0,3,2,4
2026,2025-11-09,PJ Hall,Grizzlies,C,0,0,0,0,0,0,0,0
2026,2026-02-24,Moussa Diabate,Hornets,F,31,9,7,5,3,3,0,1
2026,2025-12-23,Jabari Walker,76ers,F,13,5,4,1,0,0,1,4
2026,2026-02-01,Jalen Brunson,Knicks,G,37,12,7,13,1,0,1,0
2026,2026-01-28,Baylor Scheierman,Celtics,G,17,6,3,4,0,0,0,0
2026,2026-03-07,CJ McCollum,Hawks,G,32,17,3,7,1,0,6,0
2026,2026-02-01,Cole Anthony,Bucks,G,15,2,2,3,0,0,0,2
2026,2026-03-20,Isaiah Crawford,Rockets,F,6,2,0,0,0,0,0,0
2026,2026-01-30,Will Richard,Warriors,G,15,0,2,1,0,0,1,1
2026,2025-12-01,Goga Bitadze,Magic,C,18,8,5,3,1,4,1,1
2026,2026-01-17,Rui Hachimura,Lakers,F,19,11,1,1,2,1,0,2
2026,2026-02-09,Moussa Diabate,Hornets,F,19,0,6,0,0,0,2,1
2026,2026-01-06,Micah Peavy,Pelicans,G,14,5,2,1,1,0,1,2
2026,2026-01-09,Tari Eason,Rockets,F,16,6,3,2,2,1,3,3
2026,2025-12-27,Carter Bryant,Spurs,F,14,3,2,0,0,0,0,2
2026,2025-11-24,Drake Powell,Nets,G,24,15,2,4,1,0,1,1
2026,2026-03-11,Trayce Jackson-Davis,Raptors,F,3,0,4,2,0,0,0,0
2026,2026-01-19,De'Andre Hunter,Cavaliers,F,26,16,9,1,1,0,5,2
2026,2026-01-17,Isaiah Jackson,Pacers,F,17,10,5,0,0,0,2,4
2026,2026-02-26,Oscar Tshiebwe,Jazz,C,10,8,2,0,0,0,0,0
2026,2026-04-07,Khris Middleton,Mavericks,F,20,2,2,3,0,0,2,0
2026,2025-11-18,Elijah Harkless,Jazz,G,3,4,0,1,1,0,0,0
2026,2026-02-06,Tobias Harris,Pistons,F,26,15,6,1,0,0,1,1
2026,2026-02-01,Jamal Murray,Nuggets,G,35,12,5,12,1,1,1,1
2026,2026-01-29,Cooper Flagg,Mavericks,F,38,49,10,3,0,1,2,2
2026,2025-12-27,Jordan Clarkson,Knicks,G,21,3,2,1,1,0,2,4
2026,2026-01-04,Giannis Antetokounmpo,Bucks,F,32,37,11,1,0,0,3,2
2026,2025-11-20,Quentin Grimes,76ers,G,39,14,4,4,0,0,1,0
2026,2026-01-24,Thomas Bryant,Cavaliers,C,10,4,3,1,0,0,2,3
2026,2026-03-04,Kon Knueppel,Hornets,G,31,20,4,0,0,1,1,2
2026,2025-11-07,Neemias Queta,Celtics,C,30,5,8,2,1,2,0,4
2026,2025-11-12,Deandre Ayton,Lakers,C,26,6,5,1,1,0,4,4
2026,2025-11-25,Cam Whitmore,Wizards,F,10,0,0,0,1,1,0,1
2026,2025-12-06,Trey Murphy III,Pelicans,F,35,23,5,5,2,0,4,1
2026,2026-01-28,Naji Marshall,Mavericks,F,32,18,6,1,0,1,2,3
2026,2026-02-09,Christian Braun,Nuggets,G,32,20,5,2,0,0,1,4
2026,2025-12-22,Thomas Bryant,Cavaliers,C,20,10,1,1,0,0,0,1
2026,2026-01-22,Robert Williams III,Trail Blazers,C,19,4,10,0,1,3,0,1
2026,2025-12-27,Keshad Johnson,Heat,F,2,2,1,0,0,0,0,0
2026,2025-11-30,Jaden McDaniels,Timberwolves,F,33,13,4,3,1,0,0,3
2026,2026-04-06,Tim Hardaway Jr.,Nuggets,G,23,3,1,1,1,1,1,4
2026,2025-11-03,Rudy Gobert,Timberwolves,C,34,15,12,1,0,1,3,4
2026,2026-01-25,Nique Clifford,Kings,G,33,15,3,1,0,1,0,3
2026,2026-03-19,Jamaree Bouyea,Suns,G,9,0,3,1,0,0,0,1
2026,2026-03-05,Jahmir Young,Heat,G,0,0,0,0,0,0,0,0
2026,2026-01-26,Baylor Scheierman,Celtics,G,13,2,5,0,0,0,1,3
2026,2025-11-21,Kyshawn George,Wizards,F,29,5,3,4,0,2,5,3
2026,2026-01-13,Jalen Williams,Thunder,G,30,20,0,3,2,0,3,2
2026,2026-04-12,Donovan Clingan,Trail Blazers,C,24,13,10,1,0,1,1,4
2026,2025-11-11,Justin Edwards,76ers,F,27,22,3,3,1,0,1,3
2026,2026-01-16,Kevin Huerter,Bulls,G,10,2,1,0,0,0,1,2
2026,2026-01-19,Jordan Walsh,Celtics,G,16,2,1,0,0,0,1,2
2026,2025-10-24,Lonzo Ball,Cavaliers,G,23,2,2,8,2,0,2,0
2026,2026-04-05,Kennedy Chandler,Jazz,G,20,5,0,5,0,0,1,1
2026,2026-03-08,Jalen Green,Suns,G,30,24,4,2,1,0,3,1
2026,2025-10-27,Tyus Jones,Magic,G,10,2,3,2,1,0,0,0
2026,2026-01-15,Tyler Herro,Heat,G,31,22,2,3,3,1,1,3
2026,2025-10-24,Olivier-Maxence Prosper,Grizzlies,F,17,8,4,1,0,0,3,0
2026,2026-04-12,Dillon Jones,Knicks,F,12,2,1,0,1,0,0,1
2026,2025-11-05,Dru Smith,Heat,G,17,5,2,2,3,1,0,0
2026,2025-12-19,Harrison Barnes,Spurs,F,22,7,4,0,1,0,0,0
2026,2025-11-02,David Jones Garcia,Spurs,F,5,2,2,2,0,0,0,0
2026,2026-01-19,Pete Nance,Bucks,F,15,5,4,2,2,1,0,1
2026,2025-12-11,Shaedon Sharpe,Trail Blazers,G,27,21,3,3,0,1,2,4
2026,2026-01-11,Desmond Bane,Magic,G,35,27,5,4,2,0,3,1
2026,2026-02-19,Jamal Shead,Raptors,G,20,4,3,4,2,0,1,3
2026,2025-12-03,Moussa Diabate,Hornets,F,20,2,8,2,1,0,2,4
2026,2025-10-26,De'Andre Hunter,Cavaliers,F,27,16,4,2,0,0,1,4
2026,2026-02-02,Johnny Furphy,Pacers,G,14,2,4,1,0,0,0,3
2026,2025-11-23,Keshad Johnson,Heat,F,19,4,1,0,0,1,1,1
2026,2026-03-27,Nic Claxton,Nets,C,23,16,7,3,0,1,0,0
2026,2026-01-05,Aaron Wiggins,Thunder,G,25,11,2,0,2,2,0,1
2026,2026-01-31,Kentavious Caldwell-Pope,Grizzlies,G,21,12,2,1,0,0,0,1
2026,2025-12-04,Marvin Bagley III,Wizards,F,26,5,6,0,0,0,1,1
2026,2025-12-19,Devin Vassell,Spurs,G,27,18,7,3,2,0,1,0
2026,2026-03-13,Marcus Sasser,Pistons,G,22,16,3,2,1,0,0,2
2026,2025-12-26,T.J. McConnell,Pacers,G,14,13,1,3,1,0,1,2
2026,2026-03-20,Hugo Gonzalez,Celtics,G,15,5,5,1,0,0,0,3
2026,2026-02-01,Myron Gardner,Heat,F,23,5,7,2,0,0,0,4
2026,2025-11-21,Anthony Edwards,Timberwolves,G,40,41,5,4,4,1,5,4
2026,2026-01-26,Quenton Jackson,Pacers,G,1,3,0,0,0,0,0,0
2026,2025-12-04,Mike Conley,Timberwolves,G,17,2,1,3,0,0,1,4
2026,2026-03-06,Ryan Dunn,Suns,F,13,3,1,1,1,0,0,3
2026,2026-02-21,Pelle Larsson,Heat,G,35,10,1,5,2,1,4,3
2026,2025-11-14,Jaxson Hayes,Lakers,C,12,2,3,1,0,0,0,0
2026,2026-03-30,Jonathan Kuminga,Hawks,F,23,10,6,1,0,2,1,4
2026,2026-01-02,Branden Carlson,Thunder,C,22,15,11,2,2,0,1,3
2026,2026-03-21,Ace Bailey,Jazz,G,33,25,7,4,0,5,2,4
2026,2025-12-23,De'Andre Hunter,Cavaliers,F,24,10,2,1,2,1,1,1
2026,2026-01-14,Malik Monk,Kings,G,19,9,3,3,0,1,2,5
2026,2026-03-14,Christian Braun,Nuggets,G,33,12,1,3,1,0,1,3
2026,2026-03-12,Isaiah Livers,Suns,F,1,0,0,0,0,0,0,0
2026,2025-12-03,Jahmyl Telfort,Clippers,F,3,0,0,0,0,0,0,1
2026,2026-01-10,Marcus Sasser,Pistons,G,7,0,0,3,1,0,0,1
2026,2026-01-30,Jamal Shead,Raptors,G,21,4,1,4,0,0,0,1
2026,2026-02-19,Taelon Peter,Pacers,G,25,16,5,2,1,0,3,3
2026,2026-03-07,Bones Hyland,Timberwolves,G,23,9,1,4,0,0,1,0
2026,2026-02-09,Tre Mann,Hornets,G,14,5,4,2,1,0,1,3
2026,2026-03-03,Jaden McDaniels,Timberwolves,F,32,16,7,1,1,0,1,3
2026,2025-12-18,DeMar DeRozan,Kings,G,35,33,4,3,2,0,2,4
2026,2026-01-30,Hunter Tyson,Nuggets,F,2,0,1,1,0,0,0,0
2026,2026-02-22,Collin Sexton,Bulls,G,12,8,1,0,2,0,1,1
2026,2026-01-13,Nikola Jovic,Heat,F,6,1,3,0,0,0,2,0
2026,2026-03-27,Leonard Miller,Bulls,F,26,15,7,0,1,0,3,3
2026,2026-03-06,Bennedict Mathurin,Clippers,G,22,8,3,1,0,1,0,3
2026,2026-03-06,Kel'el Ware,Heat,C,31,10,4,0,1,4,0,1
2026,2026-02-05,Mouhamed Gueye,Hawks,F,9,2,4,0,0,0,0,1
2026,2025-11-09,Pacome Dadiet,Knicks,F,6,2,1,0,0,0,0,0
2026,2025-12-18,Jalen Johnson,Hawks,F,39,43,11,9,1,1,4,3
2026,2025-11-25,LeBron James,Lakers,F,32,25,6,6,1,1,3,3
2026,2025-11-30,Thomas Bryant,Cavaliers,C,6,2,2,0,0,0,0,1
2026,2026-03-24,Brandon Miller,Hornets,F,27,13,3,6,1,0,2,4
2026,2026-03-25,Adem Bona,76ers,C,15,4,8,0,0,2,2,2
2026,2026-02-22,Dalton Knecht,Lakers,F,3,0,1,0,0,0,0,0
2026,2026-01-21,Karl-Anthony Towns,Knicks,C,20,14,8,3,1,0,2,3
2026,2025-12-19,Mouhamed Gueye,Hawks,F,14,4,4,0,0,0,0,0
2026,2025-11-24,Dwight Powell,Mavericks,F,10,0,2,1,0,0,0,2
2026,2025-12-02,Dominick Barlow,76ers,F,20,12,1,0,2,0,0,3
2026,2025-11-24,DeMar DeRozan,Kings,G,32,33,0,4,3,0,2,2
2026,2026-01-10,Isaiah Collier,Jazz,G,34,17,1,9,2,0,1,4
2026,2026-03-08,Matas Buzelis,Bulls,F,30,20,8,4,0,3,3,3
2026,2026-02-22,Jevon Carter,Magic,G,19,0,2,4,1,1,0,2
2026,2026-04-07,RJ Barrett,Raptors,F,31,16,8,2,0,1,2,2
2026,2026-03-19,Norman Powell,Heat,G,33,20,2,3,1,1,1,6
2026,2026-02-26,Dylan Harper,Spurs,G,29,12,3,7,1,0,3,2
2026,2026-02-26,Gabe Vincent,Hawks,G,16,3,0,4,0,0,0,2
2026,2026-03-18,Bones Hyland,Timberwolves,G,25,18,3,2,0,0,3,2
2026,2025-12-12,Javonte Green,Pistons,G,20,9,1,0,3,0,0,2
2026,2026-03-18,Malevy Leons,Warriors,F,10,0,1,0,0,0,1,1
2026,2026-02-03,Nickeil Alexander-Walker,Hawks,G,31,19,5,7,1,0,0,2
2026,2026-03-01,Josh Giddey,Bulls,G,32,20,14,10,2,1,4,0
2026,2026-02-28,Davion Mitchell,Heat,G,25,10,3,5,0,0,1,3
2026,2026-04-12,Precious Achiuwa,Kings,PF,35,27,11,4,0,1,2,1
2026,2026-04-02,Jalen Williams,Thunder,G,23,10,9,8,2,0,2,1
2026,2025-12-29,Clint Capela,Rockets,C,13,6,7,1,0,0,0,1
2026,2026-03-27,Cameron Johnson,Nuggets,F,26,12,4,0,1,0,1,3
2026,2026-02-20,Rudy Gobert,Timberwolves,C,32,22,17,1,1,3,2,3
2026,2026-04-07,Draymond Green,Warriors,F,27,1,6,7,1,1,3,3
2026,2026-04-03,Buddy Hield,Hawks,G,4,0,0,0,0,0,0,0
2026,2026-01-11,Reed Sheppard,Rockets,G,15,6,0,2,0,1,0,2
2026,2025-11-30,Brandon Ingram,Raptors,F,32,14,1,4,0,0,5,1
2026,2025-11-17,Josh Giddey,Bulls,G,30,21,14,6,0,0,2,3
2026,2026-02-19,John Collins,Clippers,F,32,11,12,4,1,3,2,5
2026,2026-01-15,Amen Thompson,Rockets,G,40,13,9,3,2,0,0,3
2026,2025-11-14,Nic Claxton,Nets,C,34,13,5,3,0,2,0,0
2026,2026-01-28,Jock Landale,Grizzlies,C,26,10,3,0,0,1,1,1
2026,2025-12-29,Reed Sheppard,Rockets,G,24,13,1,3,2,0,2,3
2026,2026-03-26,Jevon Carter,Magic,G,14,7,0,0,0,0,1,0
2026,2025-12-23,Dean Wade,Cavaliers,F,25,11,5,4,0,0,1,2
2026,2025-11-08,Collin Gillespie,Suns,G,27,13,6,4,0,0,0,2
2026,2026-01-19,Grayson Allen,Suns,G,30,14,3,8,0,0,0,2
2026,2026-01-17,Sidy Cissoko,Trail Blazers,G,29,14,5,0,0,2,1,3
2026,2025-10-24,Tyrese Martin,Nets,G,9,3,3,1,0,0,0,0
2026,2026-04-12,Jabari Walker,76ers,F,8,7,2,0,0,0,0,2
2026,2025-12-23,Toumani Camara,Trail Blazers,F,40,10,6,4,2,0,2,0
2026,2025-10-22,Kentavious Caldwell-Pope,Grizzlies,G,31,15,4,3,0,0,3,3
2026,2025-11-23,Mark Williams,Suns,C,29,14,11,2,1,1,0,3
2026,2026-03-12,Luguentz Dort,Thunder,G,29,6,6,1,0,0,0,5
2026,2026-03-29,Drake Powell,Nets,G,28,16,2,2,1,0,0,1
2026,2026-03-30,Jalen Green,Suns,G,24,21,6,1,2,0,1,3
2026,2026-04-01,Dylan Cardwell,Kings,C,14,2,6,3,0,1,2,4
2026,2025-11-24,Larry Nance Jr.,Cavaliers,F,18,6,1,2,2,0,0,0
2026,2026-04-02,Luguentz Dort,Thunder,G,21,14,0,1,2,0,1,1
2026,2025-11-29,Tyler Herro,Heat,G,32,24,4,2,0,1,2,2
2026,2026-04-12,Doug McDermott,Kings,F,26,7,3,0,1,0,0,4
2026,2025-10-27,Cooper Flagg,Mavericks,F,31,2,2,0,2,0,0,0
2026,2026-01-18,Marcus Smart,Lakers,G,25,8,5,3,1,0,5,3
2026,2025-11-14,Simone Fontecchio,Heat,F,15,9,2,0,0,0,1,1
2026,2025-11-19,Yang Hansen,Trail Blazers,C,8,2,2,1,0,0,1,1
2026,2025-11-13,Jalen Johnson,Hawks,F,41,31,18,14,7,0,6,0
2026,2026-03-12,Noah Clowney,Nets,F,20,10,6,1,0,0,1,2
2026,2025-10-31,Trendon Watford,76ers,F,11,0,0,1,0,0,1,0
2026,2026-03-17,Jalen Duren,Pistons,C,31,36,11,2,0,1,1,2
2026,2026-03-18,Ben Sheppard,Pacers,G,19,10,1,1,1,1,1,2
2026,2026-01-15,Jaden Hardy,Mavericks,G,25,19,1,5,0,0,0,3
2026,2026-03-30,Joan Beringer,Timberwolves,F,5,6,2,0,0,1,0,1
2026,2025-12-08,Julius Randle,Timberwolves,F,37,21,3,8,0,0,3,4
2026,2026-02-19,Ben Sheppard,Pacers,G,27,15,3,2,2,0,0,1
2026,2026-03-19,Sion James,Hornets,G,22,6,3,4,2,0,0,0
2026,2025-12-14,Tidjane Salaun,Hornets,F,14,6,2,2,0,1,1,1
2026,2025-10-22,Andre Drummond,76ers,C,3,0,1,0,0,0,0,2
2026,2026-01-03,Shaedon Sharpe,Trail Blazers,G,28,6,3,3,1,0,4,1
2026,2026-01-29,Domantas Sabonis,Kings,F,28,14,7,3,0,0,3,4
2026,2026-02-22,Drake Powell,Nets,G,14,7,1,1,0,0,0,2
2026,2026-01-27,Keon Ellis,Kings,G,22,3,1,1,0,0,0,1
2026,2026-04-12,Nate Williams,Warriors,G,13,9,2,1,0,0,0,1
2026,2026-04-09,Alijah Martin,Raptors,G,3,0,0,0,0,0,0,0
2026,2026-04-07,Kam Jones,Pacers,G,23,9,2,4,1,0,1,1
2026,2026-01-17,Isaiah Livers,Suns,F,5,0,1,0,0,0,0,0
2026,2025-11-12,Rayan Rupert,Trail Blazers,G,6,0,0,0,0,0,0,3
2026,2025-12-26,Dominick Barlow,76ers,F,27,7,6,2,3,0,1,1
2026,2025-11-28,CJ McCollum,Wizards,G,30,11,1,2,2,0,0,1
2026,2025-10-22,Giannis Antetokounmpo,Bucks,F,27,37,14,5,0,0,2,4
2026,2025-11-21,Scottie Barnes,Raptors,F,30,23,5,2,3,0,2,3
2026,2026-02-03,Kelly Oubre Jr.,76ers,G,35,15,6,3,1,0,2,0
2026,2026-01-06,Precious Achiuwa,Kings,PF,22,9,9,0,1,1,1,1
2026,2026-01-18,Saddiq Bey,Pelicans,G,29,11,4,2,1,0,1,0
2026,2025-11-28,Ben Sheppard,Pacers,G,29,9,3,5,1,0,2,2
2026,2026-04-05,Sharife Cooper,Wizards,G,3,2,0,1,1,0,0,0
2026,2025-10-26,Blake Wesley,Trail Blazers,G,17,6,6,3,2,0,1,4
2026,2026-03-21,John Collins,Clippers,F,29,8,3,0,1,2,1,6
2026,2026-02-11,Olivier-Maxence Prosper,Grizzlies,F,23,14,5,0,1,0,0,4
2026,2026-01-13,Aaron Wiggins,Thunder,G,26,5,5,4,0,2,1,0
2026,2025-12-18,Moussa Diabate,Hornets,F,18,5,6,2,0,0,0,1
2026,2026-03-18,Klay Thompson,Mavericks,G,22,17,0,1,1,0,0,0
2026,2025-12-03,Ziaire Williams,Nets,F,25,8,4,1,0,1,2,2
2026,2025-11-28,De'Andre Hunter,Cavaliers,F,32,16,4,1,2,0,3,4
2026,2026-03-14,Payton Pritchard,Celtics,G,30,4,4,4,2,1,0,1
2026,2026-03-06,Bruce Brown,Nuggets,G,22,7,2,3,2,0,2,2
2026,2026-01-28,Lonzo Ball,Cavaliers,G,12,0,5,2,0,0,2,1
2026,2026-01-27,OG Anunoby,Knicks,F,32,15,2,0,2,0,7,3
2026,2026-03-07,Kenrich Williams,Thunder,G,19,13,7,1,0,0,0,2
2026,2025-11-03,Josh Minott,Celtics,F,15,2,6,2,0,1,0,4
2026,2025-11-04,Chris Youngblood,Thunder,G,4,2,2,0,0,0,0,0
2026,2025-12-07,Aaron Wiggins,Thunder,G,20,19,3,1,0,0,2,3
2026,2026-03-09,Ariel Hukporti,Knicks,C,12,0,3,1,0,0,0,0
2026,2026-02-24,Brandon Williams,Mavericks,G,29,19,1,10,0,2,4,3
2026,2025-12-14,Paul George,76ers,F,33,35,4,3,0,1,2,1
2026,2025-11-23,Chet Holmgren,Thunder,C,25,5,9,4,0,3,3,2
2026,2025-11-07,P.J. Washington,Mavericks,F,25,14,6,1,1,1,2,2
2026,2025-12-01,Dwight Powell,Mavericks,F,16,4,2,4,0,0,0,4
2026,2026-03-31,Nae'Qwan Tomlin,Cavaliers,F,22,9,3,1,0,0,1,4
2026,2026-01-19,Pascal Siakam,Pacers,F,35,24,6,7,0,0,4,3
2026,2026-02-09,Cam Thomas,Bucks,G,13,4,1,1,0,0,1,0
2026,2026-04-03,Jae'Sean Tate,Rockets,F,12,7,6,2,0,0,0,1
2026,2026-03-13,Toumani Camara,Trail Blazers,F,23,5,4,3,3,0,1,5
2026,2025-11-17,Andrew Wiggins,Heat,F,33,6,4,4,0,1,0,3
2026,2025-12-29,Brandon Ingram,Raptors,F,34,17,9,4,0,1,0,2
2026,2026-03-09,Kris Dunn,Clippers,G,29,5,7,3,3,0,0,3
2026,2026-03-14,Precious Achiuwa,Kings,PF,37,25,13,1,0,4,2,4
2026,2025-11-08,Kyshawn George,Wizards,F,29,10,2,3,1,0,2,6
2026,2025-11-23,Jonathan Isaac,Magic,F,5,0,1,0,0,1,1,0
2026,2025-12-22,Jose Alvarado,Pelicans,G,16,6,2,3,1,0,1,0
2026,2026-02-19,Gradey Dick,Raptors,G,9,0,5,0,1,0,1,2
2026,2025-12-19,Simone Fontecchio,Heat,F,30,12,2,4,0,0,1,0
2026,2026-02-12,Kyle Kuzma,Bucks,F,29,14,4,2,0,0,0,2
2026,2025-11-05,Kyshawn George,Wizards,F,28,9,2,3,0,0,3,5
2026,2025-12-18,Mason Plumlee,Hornets,C,3,0,1,0,0,0,0,0
2026,2026-04-06,Kris Murray,Trail Blazers,F,22,1,1,2,0,0,2,4
2026,2025-11-23,Gradey Dick,Raptors,G,20,12,1,3,2,0,0,2
2026,2025-11-05,Precious Achiuwa,Kings,PF,9,4,3,0,0,1,1,0
2026,2026-03-28,Cedric Coward,Grizzlies,F,24,24,9,4,4,0,3,2
2026,2025-12-18,Bruce Brown,Nuggets,G,34,11,2,2,0,0,2,2
2026,2025-12-06,Donovan Mitchell,Cavaliers,G,37,29,4,3,0,1,2,2
2026,2026-03-13,Jahmai Mashack,Grizzlies,G,23,3,3,2,2,0,0,0
2026,2026-01-15,Vince Williams Jr.,Grizzlies,G,21,10,1,4,1,0,3,4
2026,2025-12-30,Paul Reed,Pistons,F,8,3,2,0,1,0,1,2
2026,2026-03-26,Micah Peavy,Pelicans,G,4,0,0,0,0,0,0,0
2026,2026-02-23,Amen Thompson,Rockets,G,29,20,7,3,2,1,6,2
2026,2025-12-23,Kobe Brown,Clippers,G,4,0,1,1,0,0,0,0
2026,2026-01-25,Stephon Castle,Spurs,G,29,5,4,5,1,0,2,2
2026,2025-10-27,Julian Champagnie,Spurs,F,23,9,9,1,0,1,1,0
2026,2026-01-20,Bruce Brown,Nuggets,G,22,4,4,2,0,0,0,3
2026,2025-11-08,Tony Bradley,Pacers,C,16,6,5,3,0,0,1,4
2026,2026-01-17,Jaylen Clark,Timberwolves,G,10,0,3,2,0,1,0,1
2026,2025-12-20,Brandon Miller,Hornets,F,30,14,7,0,1,2,5,3
2026,2026-03-17,Thomas Bryant,Cavaliers,C,10,5,0,0,0,0,1,0
2026,2026-02-27,Marcus Sasser,Pistons,G,11,0,1,1,0,0,2,0
2026,2025-11-03,Jericho Sims,Bucks,C,5,1,1,0,0,0,0,1
2026,2025-11-18,Paul Reed,Pistons,F,9,4,2,0,1,0,0,0
2026,2026-02-20,Anthony Edwards,Timberwolves,G,38,40,6,1,1,0,3,2
2026,2026-03-20,Ochai Agbaji,Nets,G,24,8,4,1,0,0,0,0
2026,2025-10-24,Kel'el Ware,Heat,C,23,19,9,1,1,1,2,3
2026,2025-11-02,Isaiah Hartenstein,Thunder,C,26,14,14,8,1,1,2,4
2026,2026-01-18,Nick Smith Jr.,Lakers,G,2,3,0,0,0,0,0,0
2026,2026-04-04,Tobias Harris,Pistons,F,27,19,4,2,4,0,1,1
2026,2025-11-12,Harrison Barnes,Spurs,F,25,11,2,0,3,1,2,1
2026,2026-01-04,Corey Kispert,Wizards,F,18,13,1,0,0,0,3,0
2026,2026-03-15,Deni Avdija,Trail Blazers,F,38,25,6,9,1,1,7,0
2026,2025-11-12,Landry Shamet,Knicks,G,27,11,3,1,1,0,0,1
2026,2026-02-08,Jamir Watkins,Wizards,G,33,12,7,2,1,2,0,1
2026,2026-03-21,Zaccharie Risacher,Hawks,F,23,17,2,0,0,0,2,2
2026,2026-02-08,Trey Jemison III,Knicks,F,3,0,1,0,0,0,0,0
2026,2026-01-10,Bones Hyland,Timberwolves,G,20,12,2,7,1,0,1,0
2026,2026-04-09,Adem Bona,76ers,C,15,2,2,0,0,0,2,2
2026,2026-02-19,Patrick Williams,Bulls,F,27,6,7,1,0,0,0,2
2026,2025-12-04,Anthony Gill,Wizards,F,5,2,1,0,0,0,2,0
2026,2025-12-12,Vit Krejci,Hawks,G,29,8,2,2,2,0,2,1
2026,2025-11-04,Sion James,Hornets,G,31,6,5,2,1,1,2,3
2026,2026-03-27,Olivier-Maxence Prosper,Grizzlies,F,29,31,7,2,2,0,0,2
2026,2026-03-25,De'Anthony Melton,Warriors,G,28,14,9,3,4,0,4,1
2026,2025-12-05,Oso Ighodaro,Suns,F,23,3,3,1,1,1,3,5
2026,2026-03-16,Gabe Vincent,Hawks,G,10,0,0,1,0,0,0,0
2026,2025-12-07,Mitchell Robinson,Knicks,C,25,6,13,2,1,1,1,3
2026,2025-12-26,Jonathan Isaac,Magic,F,16,2,2,0,0,2,0,0
2026,2025-11-07,Jabari Smith Jr.,Rockets,F,27,5,8,2,0,1,1,1
2026,2026-03-25,Olivier-Maxence Prosper,Grizzlies,F,25,17,5,0,0,0,1,3
2026,2025-12-09,Tosan Evbuomwan,Knicks,F,1,0,0,0,0,0,0,1
2026,2026-02-09,Keon Ellis,Cavaliers,G,20,2,3,1,1,1,2,3
2026,2026-02-21,Mitchell Robinson,Knicks,C,18,6,4,0,0,0,1,3
2026,2026-03-14,Jevon Carter,Magic,G,16,7,2,3,0,0,1,1
2026,2025-12-31,Collin Sexton,Hornets,G,27,16,5,8,3,0,4,5
2026,2025-10-28,Domantas Sabonis,Kings,F,35,10,18,3,1,1,5,4
2026,2026-01-22,Jeremiah Robinson-Earl,Mavericks,F,3,0,0,0,0,0,0,0
2026,2026-04-07,Adou Thiero,Lakers,F,21,10,4,2,1,0,2,0
2026,2026-01-13,Caleb Love,Trail Blazers,G,34,17,3,7,2,1,4,2
2026,2026-02-03,Gabe Vincent,Lakers,G,16,0,1,1,2,0,0,0
2026,2025-10-21,Amen Thompson,Rockets,G,39,18,4,5,1,1,4,3
2026,2025-10-22,Javonte Green,Pistons,G,10,0,0,0,1,1,0,0
2026,2026-03-24,Nae'Qwan Tomlin,Cavaliers,F,6,0,1,0,0,1,0,0
2026,2026-01-25,Brandon Ingram,Raptors,F,36,13,5,4,0,2,1,1
2026,2026-03-18,Jaden McDaniels,Timberwolves,F,26,17,2,3,1,1,1,3
2026,2026-03-18,Immanuel Quickley,Raptors,G,26,10,2,7,2,0,0,0
2026,2026-04-12,Maxi Kleber,Lakers,F,15,2,6,0,0,1,2,3
2026,2025-12-28,Ochai Agbaji,Raptors,G,20,10,4,1,0,0,0,5
2026,2025-11-09,Taelon Peter,Pacers,G,6,0,1,1,0,0,1,0
2026,2026-01-06,Marcus Smart,Lakers,G,37,13,6,4,1,1,4,3
2026,2026-04-07,Nikola Topic,Thunder,G,10,0,1,3,1,0,0,1
2026,2025-11-12,Kyle Kuzma,Bucks,F,30,8,3,4,1,1,1,2
2026,2025-10-31,Derrick White,Celtics,G,35,15,4,4,2,1,2,3
2026,2025-11-23,Ace Bailey,Jazz,G,32,10,5,3,1,0,0,3
2026,2026-03-02,Ace Bailey,Jazz,G,32,18,4,0,1,0,0,5
2026,2025-11-12,Nicolas Batum,Clippers,F,22,6,2,3,1,0,0,3
2026,2025-12-07,Jahmai Mashack,Grizzlies,G,3,0,0,0,0,0,0,0
2026,2026-01-13,Buddy Hield,Warriors,G,6,3,1,0,1,0,1,0
2026,2025-11-26,Gary Trent Jr.,Bucks,G,35,15,1,2,2,0,1,0
2026,2026-01-06,Norman Powell,Heat,G,31,21,3,4,0,0,3,2
2026,2026-01-02,Trey Jemison III,Knicks,F,5,0,1,0,0,1,0,1
2026,2026-03-25,Chaney Johnson,Nets,F,19,11,1,3,1,0,1,6
2026,2026-01-08,Brandon Williams,Mavericks,G,9,2,3,1,0,0,3,0
2026,2026-02-01,Danny Wolf,Nets,F,29,6,10,4,0,1,4,3
2026,2026-01-24,Gabe Vincent,Lakers,G,15,0,1,1,2,0,0,1
2026,2026-03-30,Evan Mobley,Cavaliers,C,30,34,17,3,1,3,2,5
2026,2025-11-02,Rui Hachimura,Lakers,F,31,15,6,2,0,0,1,3
2026,2026-03-14,Noah Penda,Magic,F,20,7,3,2,2,0,0,3
2026,2026-02-01,Bub Carrington,Wizards,G,23,6,2,6,0,0,1,2
2026,2026-03-15,Ivica Zubac,Pacers,C,24,10,7,2,0,0,1,4
2026,2025-12-29,Day'Ron Sharpe,Nets,C,12,3,5,0,0,0,1,2
2026,2026-02-26,Joel Embiid,76ers,C,31,26,11,4,1,0,2,1
2026,2026-04-10,Dwight Powell,Mavericks,F,25,4,11,5,2,1,3,5
2026,2026-04-07,Trey Alexander,Pelicans,G,11,2,2,2,1,0,0,1
2026,2026-02-27,Sam Hauser,Celtics,F,27,13,3,2,0,0,1,2
2026,2026-01-20,Oso Ighodaro,Suns,F,29,12,5,3,0,1,4,3
2026,2025-10-30,Jett Howard,Magic,G,2,0,0,0,0,0,0,0
2026,2026-01-14,Josh Hart,Knicks,G,32,10,5,5,0,1,2,2
2026,2025-12-05,De'Aaron Fox,Spurs,G,33,25,5,9,1,0,4,2
2026,2025-11-07,Isaiah Hartenstein,Thunder,C,31,33,19,3,1,3,2,2
2026,2026-04-12,Joe Ingles,Timberwolves,F,32,15,6,10,1,1,3,3
2026,2025-12-15,Peyton Watson,Nuggets,G,6,5,0,0,1,0,0,1
2026,2026-01-07,Kelly Oubre Jr.,76ers,G,20,2,3,1,2,0,0,1
2026,2026-03-14,Amari Williams,Celtics,F,2,2,1,0,0,0,1,0
2026,2025-11-19,Mike Conley,Timberwolves,G,27,10,1,6,1,0,0,1
2026,2025-12-01,Tre Jones,Bulls,G,30,20,1,3,0,0,1,1
2026,2026-01-20,Keldon Johnson,Spurs,F,27,12,6,0,2,0,0,1
2026,2026-02-11,Dillon Brooks,Suns,F,24,23,5,4,2,0,3,3
2026,2025-11-21,Donte DiVincenzo,Timberwolves,G,32,9,2,3,4,0,2,2
2026,2026-04-08,Donovan Clingan,Trail Blazers,C,28,11,11,5,1,3,0,2
2026,2026-03-02,Oscar Tshiebwe,Jazz,C,18,8,8,1,0,1,0,1
2026,2026-04-06,Adama Bal,Grizzlies,G,37,20,6,0,1,0,0,5
2026,2025-12-26,Ace Bailey,Jazz,G,11,0,2,0,1,1,0,0
2026,2026-03-12,Austin Reaves,Lakers,G,39,30,5,7,1,0,3,2
2026,2026-01-08,Julius Randle,Timberwolves,F,35,28,11,8,0,0,4,3
2026,2025-11-21,Naz Reid,Timberwolves,C,27,9,2,2,2,2,1,2
2026,2026-04-08,Tristan da Silva,Magic,F,20,12,2,2,0,1,0,0
2026,2026-01-11,Zach LaVine,Kings,G,28,18,2,1,0,0,3,3
2026,2026-01-23,Gradey Dick,Raptors,G,24,10,2,1,0,0,1,0
2026,2026-01-10,Ryan Kalkbrenner,Hornets,C,24,12,9,0,0,2,0,0
2026,2026-02-01,Sam Merrill,Cavaliers,G,29,22,2,4,0,0,1,2
2026,2026-01-20,Kyle Anderson,Jazz,F,17,2,1,2,1,1,0,1
2026,2026-03-29,Mitchell Robinson,Knicks,C,18,3,4,0,0,2,1,1
2026,2026-01-09,Jett Howard,Magic,G,9,0,0,0,0,0,1,1
2026,2026-02-05,Devin Vassell,Spurs,G,30,12,7,3,0,0,0,0
2026,2026-01-19,Jaden Ivey,Pistons,G,17,7,3,2,0,2,3,0
2026,2025-11-04,RJ Barrett,Raptors,F,31,23,8,4,1,2,1,1
2026,2025-11-07,Nic Claxton,Nets,C,31,17,8,2,1,1,2,4
2026,2026-04-05,Norchad Omier,Clippers,F,5,5,1,1,0,0,0,0
2026,2026-01-28,Ryan Nembhard,Mavericks,G,10,6,1,2,0,0,2,3
2026,2026-03-01,Scotty Pippen Jr.,Grizzlies,G,20,16,3,5,0,0,2,1
2026,2026-02-09,Jarrett Allen,Cavaliers,C,35,22,13,1,0,0,0,5
2026,2026-01-20,Aaron Gordon,Nuggets,F,32,18,4,5,0,0,0,1
2026,2026-02-06,Maxime Raynaud,Kings,C,26,12,5,2,2,0,0,3
2026,2025-12-19,Victor Wembanyama,Spurs,F,21,26,12,3,1,2,2,1
2026,2025-11-24,Dru Smith,Heat,G,16,0,3,1,1,0,1,1
2026,2025-11-16,Egor Demin,Nets,G,20,5,1,5,1,0,1,2
2026,2026-04-06,Jarrett Allen,Cavaliers,C,25,13,9,1,1,2,2,0
2026,2025-12-30,Neemias Queta,Celtics,C,29,12,3,0,3,1,1,4
2026,2025-12-22,Darius Garland,Cavaliers,G,30,27,4,10,2,0,3,4
2026,2026-01-19,Aaron Wiggins,Thunder,G,31,12,6,3,5,1,2,4
2026,2025-12-22,Jonathan Isaac,Magic,F,13,1,4,0,1,0,0,0
2026,2025-10-31,Kentavious Caldwell-Pope,Grizzlies,G,24,12,2,5,0,0,1,0
2026,2025-10-24,Victor Wembanyama,Spurs,F,32,29,11,2,1,9,0,6
2026,2026-03-24,Royce O'Neale,Suns,F,28,17,5,3,1,3,0,4
2026,2026-01-07,Drake Powell,Nets,G,19,2,3,0,0,0,1,2
2026,2026-01-05,Collin Murray-Boyles,Raptors,F,31,17,7,7,3,2,0,3
2026,2025-11-19,Jaylin Williams,Thunder,F,10,2,1,1,1,0,0,2
2026,2026-01-23,Day'Ron Sharpe,Nets,C,19,5,8,2,0,0,3,3
2026,2026-03-26,Isaac Jones,Pistons,C,3,0,1,0,0,1,0,0
2026,2025-11-03,Alex Sarr,Wizards,C,29,19,8,7,1,2,2,1
2026,2026-01-11,Mark Williams,Suns,C,22,11,7,2,0,3,0,4
2026,2026-03-27,Evan Mobley,Cavaliers,C,29,23,10,3,1,0,0,2
2026,2026-01-15,Oso Ighodaro,Suns,F,26,10,3,0,6,1,0,3
2026,2026-04-07,Scottie Barnes,Raptors,F,30,25,8,5,1,1,1,1
2026,2025-11-21,Branden Carlson,Thunder,C,9,7,0,1,0,1,0,0
2026,2025-12-05,Tyus Jones,Magic,G,16,7,0,2,0,0,0,0
2026,2025-12-07,Kentavious Caldwell-Pope,Grizzlies,G,23,16,2,5,2,0,2,0
2026,2026-01-07,Devin Booker,Suns,G,31,13,1,8,2,0,2,2
2026,2025-11-10,Matas Buzelis,Bulls,F,25,15,5,0,1,1,1,4
2026,2025-11-03,Jock Landale,Grizzlies,C,30,13,5,1,4,0,2,3
2026,2025-11-28,Deandre Ayton,Lakers,C,36,17,8,2,1,2,2,1
2026,2026-04-12,Khaman Maluach,Suns,C,29,18,14,0,1,2,1,3
2026,2025-10-29,Jonathan Isaac,Magic,F,6,0,0,0,0,1,1,1
2026,2025-11-08,Monte Morris,Pacers,PG,15,3,2,0,1,0,0,0
2026,2026-04-03,Tyler Kolek,Knicks,G,12,8,0,2,1,0,2,1
2026,2026-04-07,Baylor Scheierman,Celtics,G,9,3,2,1,0,0,0,2
2026,2025-11-16,Shaedon Sharpe,Trail Blazers,G,39,36,4,6,1,0,3,5
2026,2026-02-11,Yanic Konan Niederhauser,Clippers,C,10,0,3,0,0,2,0,1
2026,2025-10-26,Norman Powell,Heat,G,32,29,7,3,3,0,1,3
2026,2025-11-07,Tristan Vukcevic,Wizards,F,6,4,0,0,0,1,2,1
2026,2025-11-02,Nikola Vucevic,Bulls,C,32,17,14,4,0,1,3,3
2026,2026-03-31,Jalen Duren,Pistons,C,35,31,9,3,0,1,3,5
2026,2025-12-11,Baylor Scheierman,Celtics,G,8,0,0,0,0,0,0,0
2026,2026-02-22,Dennis Schroder,Cavaliers,G,22,11,4,7,1,1,2,1
2026,2026-03-23,Collin Sexton,Bulls,G,26,25,4,2,3,0,2,1
2026,2025-10-29,Quenton Jackson,Pacers,G,18,8,3,0,1,0,1,3
2026,2025-12-02,Bryce McGowens,Pelicans,G,26,6,1,1,0,0,0,1
2026,2025-12-06,Kawhi Leonard,Clippers,F,31,20,3,2,0,0,0,1
2026,2026-01-13,Robert Williams III,Trail Blazers,C,16,11,8,0,1,1,3,1
2026,2026-03-04,Jerami Grant,Trail Blazers,F,36,30,9,4,1,0,2,3
2026,2026-02-28,Quinten Post,Warriors,C,13,8,7,0,1,0,0,0
2026,2026-01-12,Naji Marshall,Mavericks,F,32,22,4,9,3,1,2,0
2026,2025-10-22,Klay Thompson,Mavericks,G,22,10,2,1,0,0,1,1
2026,2025-11-04,Vit Krejci,Hawks,G,11,7,1,1,0,0,0,1
2026,2026-03-11,Jevon Carter,Magic,G,20,9,0,2,1,1,0,1
2026,2026-02-22,Bilal Coulibaly,Wizards,G,17,17,2,2,1,2,0,0
2026,2026-02-24,Ryan Kalkbrenner,Hornets,C,17,0,1,1,0,2,0,0
2026,2026-02-09,Moritz Wagner,Magic,F,16,14,2,0,2,0,0,0
2026,2026-01-15,Brandin Podziemski,Warriors,G,26,19,5,2,2,0,3,2
2026,2025-12-05,Vit Krejci,Hawks,G,28,15,2,2,1,0,1,3
2026,2025-12-29,Jae'Sean Tate,Rockets,F,9,2,0,1,0,0,0,0
2026,2026-02-04,Jaylen Wells,Grizzlies,F,26,18,3,1,0,0,2,3
2026,2026-01-06,Jarace Walker,Pacers,F,18,10,2,3,1,0,0,2
2026,2026-02-10,Kelly Olynyk,Spurs,F,12,8,1,0,0,0,1,2
2026,2026-02-08,Kel'el Ware,Heat,C,30,19,14,1,0,1,0,3
2026,2025-11-10,Jaylen Clark,Timberwolves,G,13,2,1,0,1,0,1,4
2026,2025-12-28,Jarred Vanderbilt,Lakers,F,22,5,2,0,2,0,2,3
2026,2025-10-31,Karlo Matkovic,Pelicans,F,3,0,2,0,0,1,0,1
2026,2025-12-05,Nick Richards,Suns,C,8,2,0,1,0,0,0,0
2026,2026-01-27,Micah Peavy,Pelicans,G,12,0,0,0,0,0,0,2
2026,2026-03-12,Bruce Brown,Nuggets,G,17,6,1,0,0,0,0,2
2026,2026-03-01,Jake LaRavia,Lakers,F,22,4,7,1,1,0,0,3
2026,2025-11-29,Pelle Larsson,Heat,G,25,7,1,2,1,0,0,1
2026,2025-12-23,Jose Alvarado,Pelicans,G,25,6,2,2,1,0,2,3
2026,2026-02-19,Terance Mann,Nets,G,22,9,3,0,1,0,1,1
2026,2026-03-30,Kyle Filipowski,Jazz,F,24,20,10,5,3,1,2,3
2026,2026-03-21,Jordan McLaughlin,Spurs,G,18,6,0,3,2,0,1,0
2026,2026-02-11,Cade Cunningham,Pistons,G,30,28,7,9,3,1,3,1
2026,2025-11-04,Luguentz Dort,Thunder,G,15,6,3,0,0,0,0,4
2026,2026-02-25,Jaylon Tyson,Cavaliers,G,35,14,10,3,2,0,0,3
2026,2026-01-15,Onyeka Okongwu,Hawks,F,37,26,9,2,3,1,4,5
2026,2026-04-10,Jericho Sims,Bucks,C,30,11,10,3,1,2,1,3
2026,2025-11-09,Andrew Nembhard,Pacers,G,30,14,2,9,2,0,2,3
2026,2026-01-20,Julian Champagnie,Spurs,F,34,27,8,2,2,0,0,3
2026,2026-02-28,Ace Bailey,Jazz,G,30,13,8,2,1,3,2,4
2026,2025-11-07,Jakob Poeltl,Raptors,C,25,12,10,1,1,1,2,4
2026,2025-12-05,Cameron Johnson,Nuggets,F,35,16,4,2,1,1,2,2
2026,2025-12-20,Bogdan Bogdanovic,Clippers,G,18,2,2,4,0,0,2,4
2026,2026-01-04,Jase Richardson,Magic,G,27,12,1,4,0,0,0,3
2026,2026-04-03,Nique Clifford,Kings,G,39,23,5,6,1,0,4,0
2026,2026-03-15,Tobias Harris,Pistons,F,33,21,5,2,0,0,1,1
2026,2026-03-18,Dorian Finney-Smith,Rockets,F,10,3,2,0,0,0,0,0
2026,2026-03-09,GG Jackson,Grizzlies,F,26,18,4,4,0,0,1,3
2026,2026-01-07,Sam Hauser,Celtics,F,30,6,2,2,2,1,2,3
2026,2025-10-22,Evan Mobley,Cavaliers,C,36,22,8,3,3,1,3,3
2026,2025-11-17,Klay Thompson,Mavericks,G,17,7,0,0,2,0,1,0
2026,2025-10-27,Chris Boucher,Celtics,F,3,0,0,0,0,0,1,1
2026,2026-03-17,MarJon Beauchamp,76ers,F,20,16,2,1,0,1,0,0
2026,2026-04-10,Kam Jones,Pacers,G,21,0,4,3,0,0,0,1
2026,2025-12-26,Sam Hauser,Celtics,F,17,23,4,0,0,0,1,0
2026,2026-03-18,Aaron Nesmith,Pacers,G,26,15,3,1,1,0,1,4
2026,2025-12-01,Emanuel Miller,Bulls,F,7,3,0,2,1,0,0,1
2026,2026-02-28,Kasparas Jakucionis,Heat,G,12,0,2,0,0,0,0,0
2026,2026-01-29,Bobby Portis,Bucks,F,36,19,7,3,0,1,0,1
2026,2026-02-04,Dean Wade,Cavaliers,F,20,5,3,3,1,0,0,1
2026,2025-12-22,Will Richard,Warriors,G,13,0,1,1,0,0,0,2
2026,2026-03-31,Jabari Smith Jr.,Rockets,F,39,15,6,2,1,0,1,2
2026,2026-03-09,Pat Spencer,Warriors,G,13,0,4,2,1,0,1,1
2026,2025-11-04,Derrick Jones Jr.,Clippers,F,28,16,4,2,1,1,1,2
2026,2025-11-14,Drew Eubanks,Kings,F,7,5,3,0,0,0,0,0
2026,2026-02-04,Payton Pritchard,Celtics,G,33,27,3,7,0,0,1,0
2026,2026-03-11,Jakob Poeltl,Raptors,C,30,8,5,0,0,3,0,4
2026,2026-03-08,Patrick Williams,Bulls,F,17,5,1,0,0,1,3,3
2026,2026-02-21,Maxime Raynaud,Kings,C,26,16,12,3,0,1,1,4
2026,2025-12-23,Kon Knueppel,Hornets,G,28,19,3,2,0,0,1,2
2026,2026-04-07,Josh Green,Hornets,G,7,3,2,0,0,0,0,0
2026,2026-01-04,Jaren Jackson Jr.,Grizzlies,F,34,14,3,1,0,0,2,5
2026,2026-03-16,Jake LaRavia,Lakers,F,12,7,4,0,3,0,3,1
2026,2026-01-04,Dillon Brooks,Suns,F,34,22,4,2,0,0,5,5
2026,2026-03-20,Robert Williams III,Trail Blazers,C,17,2,12,0,0,0,3,1
2026,2026-01-15,Ryan Rollins,Bucks,G,26,6,7,7,1,1,1,5
2026,2026-03-19,Thomas Bryant,Cavaliers,C,16,5,4,0,0,0,0,0
2026,2026-01-25,Joe Ingles,Timberwolves,F,5,3,0,1,0,0,1,0
2026,2025-12-25,Austin Reaves,Lakers,G,15,12,1,1,0,1,2,0
2026,2025-11-21,Peyton Watson,Nuggets,G,34,9,10,3,1,1,3,2
2026,2025-12-14,Gui Santos,Warriors,F,6,1,2,2,0,0,0,1
2026,2025-12-19,Jaden McDaniels,Timberwolves,F,37,13,4,2,0,0,2,2
2026,2026-02-07,Marvin Bagley III,Mavericks,F,24,16,12,2,1,4,0,1
2026,2025-12-14,Moses Moody,Warriors,G,23,12,2,2,1,1,0,3
2026,2026-02-03,Quinten Post,Warriors,C,17,10,4,3,0,1,1,0
2026,2025-11-02,Vit Krejci,Hawks,G,17,3,2,1,0,0,0,3
2026,2025-11-30,Toumani Camara,Trail Blazers,F,38,19,8,4,0,0,3,1
2026,2026-02-20,Sion James,Hornets,G,30,5,6,7,3,1,0,1
2026,2026-04-03,Dwight Powell,Mavericks,F,25,0,5,1,1,1,2,4
2026,2025-12-20,Payton Pritchard,Celtics,G,37,33,7,10,0,0,1,0
2026,2025-10-24,Craig Porter Jr.,Cavaliers,G,14,14,2,2,1,0,0,0
2026,2026-03-06,AJ Johnson,Mavericks,G,4,0,0,0,0,0,0,0
2026,2025-10-26,Sam Merrill,Cavaliers,G,30,17,3,1,0,0,0,3
2026,2025-11-26,Ronald Holland II,Pistons,F,14,6,1,1,2,0,0,0
2026,2026-03-20,Jalen Duren,Pistons,C,21,23,6,1,1,0,2,5
2026,2026-02-20,Isaiah Joe,Thunder,G,22,11,7,1,2,0,1,0
2026,2026-02-05,Jamaree Bouyea,Suns,G,20,4,3,4,2,0,1,1
2026,2026-04-01,Micah Potter,Pacers,C,17,8,4,4,1,0,1,1
2026,2026-01-13,Yves Missi,Pelicans,C,19,8,7,0,1,1,0,1
2026,2025-12-26,Jalen Duren,Pistons,C,22,11,4,0,0,0,4,5
2026,2026-03-28,Mouhamed Gueye,Hawks,F,32,10,7,2,0,0,0,3
2026,2026-03-28,Jordan Goodwin,Suns,G,23,8,9,1,2,0,1,2
2026,2025-12-31,Khris Middleton,Wizards,F,23,0,3,6,0,1,0,5
2026,2025-11-22,Alex Sarr,Wizards,C,28,16,11,4,0,0,1,2
2026,2025-12-14,Jamaree Bouyea,Suns,G,6,2,1,0,0,0,0,0
2026,2026-02-20,Jarred Vanderbilt,Lakers,F,10,2,0,2,0,0,0,2
2026,2026-02-21,Walter Clayton Jr.,Grizzlies,G,25,9,4,6,0,0,2,6
2026,2026-01-14,Bruce Brown,Nuggets,G,24,7,5,1,0,0,1,3
2026,2026-04-01,Ethan Thompson,Pacers,G,31,24,2,5,2,1,0,4
2026,2026-04-05,Jalen Green,Suns,G,36,25,4,4,1,0,6,4
2026,2025-11-08,Harrison Barnes,Spurs,F,28,15,2,0,0,0,1,1
2026,2026-03-25,Paul Reed,Pistons,F,11,6,0,1,1,1,0,4
2026,2026-03-24,LaMelo Ball,Hornets,G,23,20,6,8,2,0,0,2
2026,2026-02-20,Antonio Reeves,Hornets,G,6,3,0,0,0,0,1,0
2026,2025-11-12,Simone Fontecchio,Heat,F,19,13,4,0,1,0,2,4
2026,2025-11-26,De'Aaron Fox,Spurs,G,33,37,6,8,3,1,3,3
2026,2026-01-24,Jeremiah Robinson-Earl,Mavericks,F,3,0,1,0,0,0,1,0
2026,2026-04-10,Devin Carter,Kings,G,35,29,9,4,2,1,4,2
2026,2025-11-30,Tyler Kolek,Knicks,G,14,6,2,3,2,0,1,1
2026,2025-12-06,Kyle Kuzma,Bucks,F,29,15,4,1,1,0,3,4
2026,2026-04-03,Jeff Green,Rockets,F,7,0,0,1,0,0,0,2
2026,2025-11-01,RayJ Dennis,Pacers,G,17,2,0,2,0,1,0,1
2026,2026-02-03,Andre Drummond,76ers,C,29,12,12,1,1,1,4,1
2026,2025-12-05,Chris Livingston,Cavaliers,F,2,2,0,0,0,0,0,2
2026,2025-11-07,Lauri Markkanen,Jazz,F,21,12,2,2,3,0,0,1
2026,2026-01-16,TyTy Washington Jr.,Clippers,G,10,3,1,2,0,1,0,0
2026,2026-04-12,Nikola Jokic,Nuggets,C,18,23,8,1,0,1,0,1
2026,2025-11-26,Jaylen Brown,Celtics,G,34,33,10,5,2,2,5,4
2026,2026-03-10,Dorian Finney-Smith,Rockets,F,21,3,3,2,1,0,2,2
2026,2025-11-21,Julian Phillips,Bulls,F,18,3,2,1,0,1,0,4
2026,2025-11-05,Ousmane Dieng,Thunder,F,20,4,6,1,0,2,0,2
2026,2026-02-11,Oso Ighodaro,Suns,F,17,8,4,2,1,1,0,0
2026,2025-10-31,Christian Braun,Nuggets,G,30,5,3,1,0,1,4,5
2026,2025-11-12,Dennis Schroder,Kings,G,26,9,3,4,1,0,1,0
2026,2026-02-09,Cam Spencer,Grizzlies,G,24,2,4,4,0,0,2,1
2026,2026-01-23,Jordan Goodwin,Suns,G,18,2,2,5,0,1,0,1
2026,2025-11-10,Victor Wembanyama,Spurs,F,36,38,12,5,1,5,3,4
2026,2025-11-25,Adou Thiero,Lakers,F,1,0,0,0,0,0,0,1
2026,2026-02-24,Grayson Allen,Suns,G,24,14,3,1,0,0,2,2
2026,2026-03-26,DaQuan Jeffries,Kings,G,7,2,0,0,0,0,0,4
2026,2025-11-28,Jaylin Williams,Thunder,F,21,14,4,0,0,0,2,3
2026,2026-03-12,Devin Booker,Suns,G,35,43,7,5,1,1,2,2
2026,2026-01-13,Aaron Gordon,Nuggets,F,30,16,7,1,2,0,0,3
2026,2025-11-18,Michael Porter Jr.,Nets,F,34,25,6,2,3,0,1,1
2026,2025-11-24,Brandon Williams,Mavericks,G,21,12,2,5,1,0,3,0
2026,2025-11-25,Jalen Suggs,Magic,G,16,4,5,11,2,2,1,2
2026,2025-12-22,Payton Pritchard,Celtics,G,33,11,3,5,2,0,3,3
2026,2026-03-21,Kyle Filipowski,Jazz,F,18,12,6,4,1,1,1,3
2026,2026-02-27,Craig Porter Jr.,Cavaliers,G,32,5,4,12,3,1,3,1
2026,2025-12-27,Malik Monk,Kings,G,19,7,3,3,1,0,2,1
2026,2026-01-20,Jusuf Nurkic,Jazz,C,31,16,18,10,1,1,2,5
2026,2026-04-07,Ousmane Dieng,Bucks,F,32,10,7,3,1,1,7,2
2026,2026-03-25,Obi Toppin,Pacers,F,20,15,3,2,3,0,3,0
2026,2025-11-12,Jrue Holiday,Trail Blazers,G,37,17,4,12,0,0,3,2
2026,2026-02-15,Jalen Brunson,Team Stripes,G,7,2,0,1,1,0,0,1
2026,2026-03-17,Quenton Jackson,Pacers,G,18,7,4,5,0,0,4,0
2026,2026-04-10,Kevin Durant,Rockets,F,39,33,7,7,1,2,3,2
2026,2025-11-15,Mark Sears,Bucks,G,3,4,1,0,0,0,2,0
2026,2026-02-03,Luke Kennard,Hawks,G,23,12,5,1,0,1,0,3
2026,2026-02-26,Kevin Love,Jazz,F,20,6,8,4,2,0,3,3
2026,2025-12-23,Marvin Bagley III,Wizards,F,21,15,3,1,0,1,0,1
2026,2026-04-09,Ja'Kobe Walter,Raptors,G,25,7,3,2,1,0,0,2
2026,2025-11-01,Alperen Sengun,Rockets,C,31,16,10,9,1,2,4,3
2026,2025-12-14,Ethan Thompson,Pacers,G,24,2,0,2,0,0,0,1
2026,2026-03-03,Josh Hart,Knicks,G,31,12,7,7,3,2,2,0
2026,2026-01-15,Jabari Smith Jr.,Rockets,F,34,17,10,1,2,1,5,3
2026,2026-03-28,Tyler Burton,Grizzlies,F,27,18,5,3,1,1,0,3
2026,2025-11-26,JD Davison,Rockets,G,10,4,0,2,1,0,0,0
2026,2025-12-05,Jamison Battle,Raptors,F,14,3,3,1,0,0,0,2
2026,2026-02-22,Joan Beringer,Timberwolves,F,17,7,3,0,0,0,0,6
2026,2026-02-11,Lawson Lovering,Grizzlies,C,18,3,4,0,2,0,1,3
2026,2026-02-02,Brandon Miller,Hornets,F,37,16,8,4,1,0,2,3
2026,2026-01-11,Jaylin Williams,Thunder,F,14,9,5,1,1,1,1,3
2026,2026-03-03,Collin Sexton,Bulls,G,28,20,1,2,0,0,2,4
2026,2026-01-19,Miles Kelly,Mavericks,G,2,0,1,1,0,0,0,0
2026,2025-11-16,Saddiq Bey,Pelicans,G,29,11,7,1,2,0,2,1
2026,2026-03-27,Ace Bailey,Jazz,G,27,15,7,1,0,0,2,5
2026,2026-02-22,Will Richard,Warriors,G,30,11,2,3,1,0,0,3
2026,2026-04-12,Kam Jones,Pacers,G,20,8,1,4,0,0,1,0
2026,2025-11-08,Jalen Smith,Bulls,F,19,18,11,4,0,1,1,2
2026,2026-03-31,Deni Avdija,Trail Blazers,F,34,28,11,8,0,0,2,2
2026,2025-12-30,Jared McCain,76ers,G,13,2,4,1,0,0,0,1
2026,2025-12-12,Tristan Vukcevic,Wizards,F,15,14,5,1,0,1,3,3
2026,2026-01-31,Myron Gardner,Heat,F,23,12,11,0,2,0,1,3
2026,2026-03-30,Bub Carrington,Wizards,G,28,5,1,7,0,0,4,2
2026,2025-11-07,Patrick Williams,Bulls,F,23,6,6,0,1,0,0,1
2026,2025-12-14,Myles Turner,Bucks,C,24,9,3,1,0,0,1,3
2026,2026-04-08,Rasheer Fleming,Suns,F,14,3,0,0,1,1,1,1
2026,2026-02-22,Rui Hachimura,Lakers,F,21,5,2,0,0,0,0,1
2026,2025-11-24,Spencer Jones,Nuggets,F,15,0,5,0,0,0,1,2
2026,2025-12-21,Anthony Gill,Wizards,F,5,0,2,0,0,0,0,0
2026,2026-02-03,Max Christie,Mavericks,G,30,10,2,3,1,0,0,0
2026,2025-12-05,Nikola Vucevic,Bulls,C,26,8,4,2,0,0,0,1
2026,2026-01-28,Lauri Markkanen,Jazz,F,33,18,3,2,2,1,1,1
2026,2026-02-20,Robert Williams III,Trail Blazers,C,12,2,3,1,0,1,0,1
2026,2025-11-22,John Konchar,Grizzlies,G,20,4,7,1,0,0,2,0
2026,2026-01-29,Aaron Wiggins,Thunder,G,25,10,4,5,2,0,3,1
2026,2026-03-23,P.J. Washington,Mavericks,F,34,9,3,2,3,0,0,1
2026,2025-12-28,Isaiah Joe,Thunder,G,5,0,1,0,0,0,0,0
2026,2025-12-05,Jeff Green,Rockets,F,8,0,1,0,0,0,0,2
2026,2025-12-12,Trayce Jackson-Davis,Warriors,F,15,8,7,1,0,2,0,1
2026,2026-01-21,Bryce McGowens,Pelicans,G,13,5,2,1,0,0,0,2
2026,2026-02-01,Zach LaVine,Kings,G,35,35,6,2,1,0,2,1
2026,2025-11-10,Svi Mykhailiuk,Jazz,G,28,11,3,2,0,0,1,2
2026,2025-11-08,Cooper Flagg,Mavericks,F,34,12,7,6,2,0,4,1
2026,2025-11-23,Ziaire Williams,Nets,F,28,5,4,0,0,2,1,0
2026,2025-10-25,James Wiseman,Pacers,C,20,4,4,0,0,1,3,2
2026,2025-10-26,Tyler Kolek,Knicks,G,10,5,1,0,0,0,1,1
2026,2025-10-26,Simone Fontecchio,Heat,F,19,14,4,1,0,0,0,2
2026,2026-01-23,Jalen Green,Suns,G,4,4,1,1,0,0,1,0
2026,2025-11-29,Kevon Looney,Pelicans,F,10,4,5,1,1,0,0,0
2026,2026-03-31,Deandre Ayton,Lakers,C,28,18,9,1,1,1,0,1
2026,2026-02-22,Marvin Bagley III,Mavericks,F,26,12,11,1,1,0,0,0
2026,2026-01-11,Precious Achiuwa,Kings,PF,39,10,7,3,3,0,1,3
2026,2026-03-13,Jamison Battle,Raptors,F,9,0,1,1,0,0,1,2
2026,2026-01-15,John Konchar,Grizzlies,G,18,6,8,3,0,0,0,1
2026,2025-11-15,Rudy Gobert,Timberwolves,C,23,4,6,0,0,3,4,4
2026,2025-11-21,Bruce Brown,Nuggets,G,21,10,1,3,3,1,0,3
2026,2025-12-06,Russell Westbrook,Kings,G,32,12,1,10,4,0,6,3
2026,2026-01-11,Adem Bona,76ers,C,33,9,5,0,0,2,1,3
2026,2026-02-23,Walter Clayton Jr.,Grizzlies,G,21,9,1,6,1,0,2,1
2026,2025-11-01,Tidjane Salaun,Hornets,F,11,2,1,1,0,0,1,1
2026,2026-02-24,Jalen Johnson,Hawks,F,6,5,3,0,2,0,0,1
2026,2025-11-15,Pat Connaughton,Hornets,G,16,3,4,1,1,0,0,0
2026,2025-10-25,Jett Howard,Magic,G,9,0,0,1,0,1,0,1
2026,2026-04-02,Shai Gilgeous-Alexander,Thunder,G,30,28,7,7,0,0,1,2
2026,2026-01-11,Cedric Coward,Grizzlies,F,27,21,8,1,1,0,2,2
2026,2026-01-18,John Konchar,Grizzlies,G,17,3,3,3,4,1,0,4
2026,2025-11-07,Kentavious Caldwell-Pope,Grizzlies,G,24,12,3,1,0,0,0,2
2026,2025-11-17,John Collins,Clippers,F,27,11,7,0,0,0,1,4
2026,2026-01-30,Jordan Goodwin,Suns,G,22,17,5,1,3,0,1,0
2026,2025-12-09,Wendell Carter Jr.,Magic,C,31,14,10,3,1,1,0,2
2026,2025-10-22,Nickeil Alexander-Walker,Hawks,G,28,10,4,4,1,1,1,2
2026,2025-12-05,Thomas Bryant,Cavaliers,C,16,8,3,2,0,0,1,2
2026,2026-04-10,Luke Kornet,Spurs,C,18,2,7,1,1,0,1,2
2026,2026-03-08,Klay Thompson,Mavericks,G,21,5,1,2,0,0,2,1
2026,2026-03-29,Tyson Etienne,Nets,G,20,9,0,4,2,0,0,1
2026,2026-01-11,Trey Murphy III,Pelicans,F,37,21,7,6,0,0,3,3
2026,2026-01-17,RayJ Dennis,Hawks,G,5,0,0,4,1,0,0,1
2026,2026-03-20,DeJon Jarreau,Grizzlies,G,27,13,6,2,1,1,3,2
2026,2025-11-15,Deandre Ayton,Lakers,C,28,20,10,0,2,1,3,5
2026,2025-11-04,Jahmyl Telfort,Clippers,F,7,0,1,0,0,0,0,0
2026,2026-01-06,Pascal Siakam,Pacers,F,35,22,4,3,2,1,2,1
2026,2025-12-05,John Collins,Clippers,F,25,16,2,2,1,0,3,2
2026,2026-01-09,Jordan Clarkson,Knicks,G,21,12,1,0,0,0,1,2
2026,2026-01-16,Bones Hyland,Timberwolves,G,17,2,0,5,0,0,1,1
2026,2026-02-01,Devin Vassell,Spurs,G,28,16,2,3,0,0,2,1
2026,2026-01-28,Dwight Powell,Mavericks,F,27,5,9,4,0,0,2,4
2026,2026-03-18,Isaiah Jackson,Clippers,F,19,10,6,1,1,1,4,3
2026,2026-04-10,Royce O'Neale,Suns,F,22,11,7,3,3,0,1,3
2026,2026-01-06,Yves Missi,Pelicans,C,16,8,6,2,0,0,0,1
2026,2026-02-11,Isaiah Stevens,Kings,G,20,6,1,4,2,0,2,1
2026,2026-01-21,Cam Thomas,Nets,G,16,5,1,2,0,0,0,0
2026,2026-03-08,OG Anunoby,Knicks,F,38,13,8,1,1,0,2,4
2026,2026-03-24,OG Anunoby,Knicks,F,40,21,4,4,3,1,0,4
2026,2025-12-29,Ochai Agbaji,Raptors,G,20,10,4,3,0,0,0,0
2026,2026-03-10,Jarred Vanderbilt,Lakers,F,15,4,4,1,0,0,0,2
2026,2025-12-28,Derrick White,Celtics,G,40,12,4,5,5,1,3,1
2026,2026-03-28,Cameron Payne,76ers,PG,2,0,0,0,0,0,0,1
2026,2026-01-29,Julian Strawther,Nuggets,G,22,7,1,1,2,0,0,2
2026,2026-02-21,Javon Small,Grizzlies,G,26,10,1,1,2,1,0,2
2026,2025-11-19,Rudy Gobert,Timberwolves,C,36,9,15,3,0,1,4,4
2026,2025-11-17,Jalen Pickett,Nuggets,G,10,3,1,0,0,0,0,0
2026,2026-02-07,P.J. Washington,Mavericks,F,23,10,5,3,1,0,0,3
2026,2025-12-05,Immanuel Quickley,Raptors,G,31,31,3,4,1,0,1,2
2026,2026-01-11,Hunter Tyson,Nuggets,F,13,2,3,2,0,0,1,1
2026,2026-03-31,Donovan Mitchell,Cavaliers,G,24,10,3,6,0,0,2,1
2026,2025-12-03,Brandon Williams,Mavericks,G,14,7,2,2,0,0,2,0
2026,2025-12-31,Zion Williamson,Pelicans,F,29,31,7,3,0,0,1,4
2026,2025-12-20,Jordan Walsh,Celtics,G,13,0,4,0,0,1,1,0
2026,2025-10-26,Julius Randle,Timberwolves,F,39,31,4,6,1,0,3,2
2026,2026-03-27,Will Riley,Wizards,G,29,22,5,5,2,0,1,4
2026,2026-01-27,Ronald Holland II,Pistons,F,23,10,3,0,2,0,3,4
2026,2026-03-09,Aaron Wiggins,Thunder,G,18,3,2,0,0,1,1,2
2026,2025-12-05,Lauri Markkanen,Jazz,F,26,18,9,2,0,0,0,0
2026,2026-01-10,Norman Powell,Heat,G,22,6,3,1,1,0,4,1
2026,2026-03-28,Pete Nance,Bucks,F,30,5,5,3,0,0,0,3
2026,2026-01-30,Caleb Love,Trail Blazers,G,27,12,3,4,2,0,1,0
2026,2026-01-14,Pascal Siakam,Pacers,F,35,26,10,4,0,0,4,5
2026,2026-01-22,Dylan Harper,Spurs,G,13,4,3,2,1,2,1,0
2026,2026-03-28,Walter Clayton Jr.,Grizzlies,G,30,7,3,6,2,0,5,2
2026,2025-12-03,Jaylon Tyson,Cavaliers,G,33,14,7,2,0,0,0,4
2026,2025-12-27,Nikola Jovic,Heat,F,25,19,7,7,2,0,2,0
2026,2025-11-20,Russell Westbrook,Kings,G,21,11,7,4,0,0,4,3
2026,2026-03-23,Nicolas Batum,Clippers,F,21,3,4,0,2,0,1,1
2026,2026-03-23,Ryan Rollins,Bucks,G,27,13,4,7,2,0,5,0
2026,2025-12-18,Alperen Sengun,Rockets,C,36,28,11,8,2,2,2,5
2026,2025-12-01,Kyshawn George,Wizards,F,31,9,3,5,1,1,3,3
2026,2026-01-21,Nique Clifford,Kings,G,21,4,7,3,0,1,1,1
2026,2025-10-28,Bogdan Bogdanovic,Clippers,G,9,2,1,0,0,0,0,1
2026,2025-12-13,Tristan da Silva,Magic,F,12,0,1,0,0,0,0,1
2026,2025-12-18,Josh Okogie,Rockets,G,30,10,4,3,0,0,0,1
2026,2025-11-03,Bilal Coulibaly,Wizards,G,28,15,7,2,2,0,4,5
2026,2026-03-20,Amen Thompson,Rockets,G,34,14,7,4,1,0,1,2
2026,2025-12-23,Brice Sensabaugh,Jazz,F,15,4,1,3,0,0,0,3
2026,2026-03-08,Paul Reed,Pistons,F,6,10,4,1,2,1,0,0
2026,2026-01-04,Ronald Holland II,Pistons,F,18,8,10,0,2,1,2,4
2026,2026-03-05,Danny Wolf,Nets,F,14,0,3,2,0,0,3,4
2026,2026-03-18,Deandre Ayton,Lakers,C,34,16,4,2,0,3,1,3
2026,2026-04-07,Bub Carrington,Wizards,G,32,14,4,7,0,0,5,1
2026,2026-01-27,Mitchell Robinson,Knicks,C,27,7,13,0,2,0,0,1
2026,2026-03-20,Malachi Smith,Nets,G,19,7,2,4,0,0,0,0
2026,2025-11-18,LeBron James,Lakers,F,30,11,3,12,1,0,1,0
2026,2026-04-07,Taurean Prince,Bucks,F,37,16,11,4,0,1,3,1
2026,2026-04-10,Ben Saraf,Nets,G,41,15,3,3,1,1,1,1
2026,2025-11-28,Myles Turner,Bucks,C,30,10,3,1,1,2,0,5
2026,2025-11-20,John Collins,Clippers,F,25,9,4,0,1,1,1,2
2026,2025-11-23,Cason Wallace,Thunder,G,27,7,2,1,2,0,1,1
2026,2025-11-10,D'Angelo Russell,Mavericks,G,16,7,3,3,1,0,1,0
2026,2025-11-07,Naz Reid,Timberwolves,C,24,5,4,3,1,1,0,1
2026,2026-02-07,Daeqwon Plowden,Kings,G,39,16,6,4,1,0,2,4
2026,2026-01-25,Jaylin Williams,Thunder,F,21,5,3,1,1,1,0,4
2026,2025-11-19,Alex Caruso,Thunder,G,21,2,4,5,1,1,0,1
2026,2026-03-08,Chaz Lanier,Pistons,G,8,0,0,0,0,0,0,1
2026,2026-01-07,Santi Aldama,Grizzlies,F,22,7,3,0,0,0,0,1
2026,2026-01-28,Payton Pritchard,Celtics,G,28,12,4,0,0,0,0,1
2026,2026-04-05,Jalen Wilson,Nets,F,26,19,5,4,1,0,1,4
2026,2026-04-10,Chaz Lanier,Pistons,G,2,0,0,0,0,0,0,0
2026,2026-01-21,Anfernee Simons,Celtics,G,22,9,4,2,1,0,0,2
2026,2025-11-15,Santi Aldama,Grizzlies,F,25,12,11,2,1,0,0,3
2026,2026-03-29,Tristan da Silva,Magic,F,25,12,3,0,0,0,0,1
2026,2026-01-30,Isaiah Stevens,Kings,G,4,2,0,1,1,0,0,0
2026,2025-11-12,Daniss Jenkins,Pistons,G,40,18,4,12,2,0,3,3
2026,2025-12-02,Jerami Grant,Trail Blazers,F,33,19,4,2,2,2,2,2
2026,2026-03-26,Grant Williams,Hornets,F,15,5,1,1,0,1,2,2
2026,2025-11-08,VJ Edgecombe,76ers,G,36,11,7,4,3,0,2,4
2026,2026-01-08,Sam Merrill,Cavaliers,G,31,22,2,3,1,0,0,3
2026,2026-01-07,Ausar Thompson,Pistons,G,29,11,8,3,3,2,2,4
2026,2026-01-06,Leonard Miller,Timberwolves,F,5,6,3,0,0,0,0,1
2026,2026-03-13,Brice Sensabaugh,Jazz,F,29,31,3,1,2,1,2,1
2026,2026-02-05,Asa Newell,Hawks,F,16,9,3,0,0,1,0,1
2026,2025-11-01,Alex Sarr,Wizards,C,28,10,8,2,0,3,2,1
2026,2025-11-14,Jarred Vanderbilt,Lakers,F,11,3,2,1,2,0,1,1
2026,2025-11-11,Alex Caruso,Thunder,G,15,8,2,3,5,0,3,1
2026,2026-02-01,Bam Adebayo,Heat,C,22,20,9,3,1,0,0,0
2026,2026-03-16,Walter Clayton Jr.,Grizzlies,G,26,12,2,7,0,1,3,1
2026,2026-04-12,Jared McCain,Thunder,G,25,9,4,2,1,0,1,1
2026,2026-01-13,Dillon Brooks,Suns,F,36,25,4,0,2,0,3,5
2026,2025-12-22,Jalen Duren,Pistons,C,24,26,10,2,1,2,0,4
2026,2026-04-04,Duncan Robinson,Pistons,F,23,11,2,2,0,0,0,2
2026,2026-03-20,Javon Small,Grizzlies,G,26,13,5,2,0,0,1,4
2026,2026-02-20,Scoot Henderson,Trail Blazers,G,21,11,1,3,0,0,0,2
2026,2026-01-18,Ochai Agbaji,Raptors,G,25,0,3,1,0,0,0,2
2026,2026-03-10,Dalton Knecht,Lakers,F,2,0,0,0,0,0,0,0
2026,2026-03-07,Paolo Banchero,Magic,F,35,25,15,3,0,0,5,3
2026,2025-11-05,Joe Ingles,Timberwolves,F,3,0,0,1,0,0,0,0
2026,2025-11-12,Vince Williams Jr.,Grizzlies,G,25,12,5,2,0,0,1,2
2026,2025-11-03,Neemias Queta,Celtics,C,26,9,8,1,2,0,2,2
2026,2026-03-19,Javonte Green,Pistons,G,5,2,0,0,1,0,0,0
2026,2026-03-15,Jaylen Clark,Timberwolves,G,2,0,1,0,0,0,0,0
2026,2025-11-18,Austin Reaves,Lakers,G,33,26,5,1,1,0,4,3
2026,2025-10-22,Wendell Carter Jr.,Magic,C,30,9,8,1,1,1,2,4
2026,2026-02-01,Ja'Kobe Walter,Raptors,G,18,7,1,1,1,0,0,3
2026,2026-02-27,Jalen Duren,Pistons,C,42,33,16,3,1,3,0,1
2026,2026-01-27,Kawhi Leonard,Clippers,F,28,21,7,4,0,1,2,1
2026,2026-02-05,Maxi Kleber,Lakers,F,26,4,4,4,3,0,1,3
2026,2025-12-11,Amen Thompson,Rockets,G,41,20,9,8,1,0,1,2
2026,2026-01-30,John Konchar,Grizzlies,G,22,9,4,2,0,0,2,0
2026,2026-03-31,Royce O'Neale,Suns,F,31,14,9,4,1,1,1,4
2026,2026-02-06,Dylan Cardwell,Kings,C,31,14,14,1,1,2,2,1
2026,2026-02-03,Simone Fontecchio,Heat,F,34,18,6,2,0,1,0,2
2026,2026-03-05,Tre Jones,Bulls,G,29,21,6,5,2,0,1,0
2026,2026-04-08,Wendell Carter Jr.,Magic,C,20,4,7,1,0,1,1,2
2026,2025-12-26,Josh Green,Hornets,G,12,6,1,0,0,0,0,0
2026,2026-02-22,Kon Knueppel,Hornets,G,28,28,7,4,1,0,3,1
2026,2025-11-04,Kelly Oubre Jr.,76ers,G,33,18,3,2,2,2,1,4
2026,2026-01-23,Precious Achiuwa,Kings,PF,20,4,8,2,0,0,1,2
2026,2026-04-04,Quentin Grimes,76ers,G,17,0,3,1,0,0,1,2
2026,2026-03-21,Nae'Qwan Tomlin,Cavaliers,F,4,0,0,0,0,0,0,1
2026,2026-02-07,Maxi Kleber,Lakers,F,28,5,7,1,0,1,1,4
2026,2025-10-24,Cedric Coward,Grizzlies,F,22,16,2,2,2,0,0,2
2026,2026-04-07,Jae'Sean Tate,Rockets,F,7,2,2,3,0,0,1,2
2026,2026-01-14,Kyshawn George,Wizards,F,32,23,5,4,1,0,0,4
2026,2025-12-04,Justin Champagnie,Wizards,F,15,9,7,1,1,0,1,0
2026,2026-03-27,Jamal Shead,Raptors,G,25,0,0,8,2,0,1,2
2026,2025-11-22,Daniss Jenkins,Pistons,G,13,7,1,3,1,0,3,1
2026,2026-02-09,Jaylin Williams,Thunder,F,19,11,3,2,0,0,4,2
2026,2026-01-10,D'Angelo Russell,Mavericks,G,19,8,2,4,0,0,2,0
2026,2025-10-22,Jaden McDaniels,Timberwolves,F,29,18,5,2,1,3,3,4
2026,2026-03-20,Mikal Bridges,Knicks,G,36,9,7,2,0,0,1,1
2026,2026-02-24,Davion Mitchell,Heat,G,28,8,6,8,1,0,1,4
2026,2026-03-10,Myron Gardner,Heat,F,26,4,8,2,3,0,2,4
2026,2025-11-19,Nae'Qwan Tomlin,Cavaliers,F,20,10,2,0,0,0,0,1
2026,2026-02-20,Jalen Wilson,Nets,F,16,5,2,0,2,0,2,2
2026,2026-03-15,Gary Harris,Bucks,G,22,6,0,1,1,0,0,2
2026,2026-03-23,Jabari Smith Jr.,Rockets,F,34,6,5,1,0,0,2,3
2026,2026-01-02,Bub Carrington,Wizards,G,26,7,5,4,0,1,3,4
2026,2025-11-20,Onyeka Okongwu,Hawks,F,25,15,7,5,0,0,2,2
2026,2026-03-23,Keaton Wallace,Hawks,G,8,9,1,2,0,0,1,2
2026,2026-02-23,Rayan Rupert,Grizzlies,G,26,10,9,1,3,0,1,3
2026,2025-12-14,Tre Jones,Bulls,G,24,6,2,5,2,2,0,1
2026,2026-04-07,Vladislav Goldin,Heat,C,3,0,1,0,0,1,1,0
2026,2025-12-25,OG Anunoby,Knicks,F,33,8,2,2,0,1,1,1
2026,2026-03-13,Julius Randle,Timberwolves,F,27,10,4,1,1,0,4,1
2026,2026-04-07,Bam Adebayo,Heat,C,37,7,9,3,1,0,0,0
2026,2026-03-25,Pete Nance,Bucks,F,31,6,4,2,0,1,1,4
2026,2025-11-09,Jock Landale,Grizzlies,C,28,10,5,3,0,0,0,3
2026,2025-11-06,Rasheer Fleming,Suns,F,1,0,1,0,0,0,0,1
2026,2025-11-05,Ja Morant,Grizzlies,G,34,17,5,8,1,1,6,3
2026,2026-03-11,Trey Murphy III,Pelicans,F,34,28,7,3,3,0,3,2
2026,2026-01-18,Isaac Okoro,Bulls,F,26,9,6,2,1,1,0,4
2026,2025-10-25,Ajay Mitchell,Thunder,G,29,14,7,7,2,0,0,3
2026,2025-12-12,Quinten Post,Warriors,C,33,16,6,3,0,0,1,3
2026,2026-01-24,Kyshawn George,Wizards,F,25,11,8,7,2,1,2,4
2026,2026-02-21,Karl-Anthony Towns,Knicks,C,34,25,7,1,1,0,2,4
2026,2026-01-13,Corey Kispert,Hawks,F,26,19,0,1,0,0,2,2
2026,2026-03-27,Jordan Poole,Pelicans,G,23,12,2,6,0,0,2,3
2026,2025-12-09,Jalen Suggs,Magic,G,31,20,3,4,2,0,4,2
2026,2025-12-28,Ja Morant,Grizzlies,G,27,21,0,7,0,0,3,0
2026,2026-01-03,Keldon Johnson,Spurs,F,24,5,8,1,2,0,1,0
2026,2025-10-24,Taylor Hendricks,Jazz,F,17,2,3,1,0,0,0,0
2026,2026-01-19,Collin Gillespie,Suns,G,28,22,5,5,1,1,1,0
2026,2026-03-19,Kyle Kuzma,Bucks,F,19,11,5,1,1,0,3,1
2026,2026-01-20,Jamal Shead,Raptors,G,30,10,1,8,1,0,2,2
2026,2026-01-03,Ivica Zubac,Clippers,C,21,4,7,1,0,1,0,0
2026,2025-12-19,Cason Wallace,Thunder,G,27,2,2,0,3,0,1,3
2026,2026-01-17,Isaiah Collier,Jazz,G,22,9,1,4,1,0,2,5
2026,2026-01-01,Bam Adebayo,Heat,C,33,15,14,0,2,1,1,2
2026,2025-12-28,Payton Pritchard,Celtics,G,38,9,5,5,2,0,2,0
2026,2025-10-27,Quentin Grimes,76ers,G,26,14,5,3,0,0,2,6
2026,2026-03-01,Ousmane Dieng,Bucks,F,21,7,1,3,3,0,1,1
2026,2025-11-09,Gary Trent Jr.,Bucks,G,29,9,2,1,2,0,0,2
2026,2026-04-10,Sandro Mamukelashvili,Raptors,F,25,17,8,3,1,0,4,1
2026,2025-12-01,Jalen Duren,Pistons,C,32,21,11,0,0,0,3,1
2026,2026-03-25,LJ Cryer,Warriors,G,15,0,2,2,0,0,2,2
2026,2026-03-21,Evan Mobley,Cavaliers,C,30,18,8,3,1,2,2,3
2026,2025-12-20,Adou Thiero,Lakers,F,6,0,1,0,0,0,0,0
2026,2025-11-14,Toumani Camara,Trail Blazers,F,33,16,3,0,0,0,4,1
2026,2026-03-03,Justin Edwards,76ers,F,26,9,1,3,0,0,1,3
2026,2025-11-04,Isaac Okoro,Bulls,F,33,16,2,5,2,1,1,3
2026,2025-12-15,Jabari Smith Jr.,Rockets,F,43,16,10,4,0,1,2,4
2026,2026-04-06,Noah Penda,Magic,F,2,0,0,0,0,0,0,0
2026,2026-02-09,Asa Newell,Hawks,F,25,2,4,1,0,0,2,2
2026,2025-12-18,RayJ Dennis,Clippers,G,4,0,2,0,0,0,1,0
2026,2026-04-12,Ace Bailey,Jazz,G,29,15,3,1,0,1,3,4
2026,2026-02-19,Christian Braun,Nuggets,G,34,7,2,3,3,0,1,3
2026,2026-02-01,Collin Murray-Boyles,Raptors,F,24,4,5,1,1,2,0,4
2026,2025-11-12,Malaki Branham,Wizards,G,3,2,0,1,0,0,0,0
2026,2025-11-09,Steven Adams,Rockets,C,22,12,6,1,0,0,1,2
2026,2025-12-03,Russell Westbrook,Kings,G,28,12,4,9,1,0,4,3
2026,2025-10-29,Cody Williams,Jazz,F,12,4,1,2,0,0,2,5
2026,2026-01-11,Will Richard,Warriors,G,12,0,1,2,0,0,3,3
2026,2026-03-21,AJ Green,Bucks,G,17,8,5,2,0,0,1,3
2026,2025-10-22,Zion Williamson,Pelicans,F,33,27,9,5,5,0,3,2
2026,2025-12-29,Branden Carlson,Thunder,C,11,6,0,0,0,0,0,1
2026,2026-01-03,Isaiah Collier,Jazz,G,22,8,5,7,3,1,1,2
2026,2025-11-20,Luke Kornet,Spurs,C,23,5,3,2,0,0,1,0
2026,2025-12-20,Hunter Tyson,Nuggets,F,5,2,1,0,0,0,0,1
2026,2025-11-05,Naz Reid,Timberwolves,C,21,5,6,1,0,1,2,2
2026,2026-02-04,OG Anunoby,Knicks,F,48,20,8,4,0,0,0,3
2026,2025-11-29,Kobe Sanders,Clippers,G,9,0,2,1,0,0,1,1
2026,2026-04-12,Stephen Curry,Warriors,G,29,24,6,3,1,1,3,0
2026,2025-11-03,Josh Okogie,Rockets,G,25,2,3,1,2,0,1,1
2026,2025-11-26,Sam Hauser,Celtics,F,17,5,1,1,0,0,0,2
2026,2025-12-31,Luguentz Dort,Thunder,G,25,12,2,1,1,1,0,2
2026,2025-10-24,Gary Trent Jr.,Bucks,G,29,20,2,4,0,0,1,5
2026,2025-11-05,Jake LaRavia,Lakers,F,38,8,6,1,0,0,2,5
2026,2026-03-21,Trendon Watford,76ers,F,24,20,9,4,0,0,3,1
2026,2025-12-06,Moses Moody,Warriors,G,20,9,2,2,1,1,1,1
2026,2026-02-09,Myles Turner,Bucks,C,27,13,6,3,0,5,2,2
2026,2025-10-24,Giannis Antetokounmpo,Bucks,F,38,31,20,7,0,1,5,2
2026,2025-12-06,Kobe Sanders,Clippers,G,16,2,1,0,0,0,1,6
2026,2025-11-07,Jusuf Nurkic,Jazz,C,19,3,4,4,1,1,2,3
2026,2025-11-16,Keaton Wallace,Hawks,G,12,5,1,1,1,0,1,1
2026,2026-04-05,Khris Middleton,Mavericks,F,18,8,2,0,0,0,0,4
2026,2026-02-21,Tre Jones,Bulls,G,26,7,2,6,2,0,1,1
2026,2025-12-26,Noah Penda,Magic,F,11,0,1,1,1,0,0,0
2026,2026-03-04,Ryan Kalkbrenner,Hornets,C,14,6,2,1,1,2,0,1
2026,2025-12-16,Luke Kornet,Spurs,C,23,14,6,1,0,0,0,0
2026,2025-10-26,OG Anunoby,Knicks,F,37,14,6,1,3,1,2,4
2026,2026-03-15,Robert Williams III,Trail Blazers,C,20,6,12,0,0,3,0,0
2026,2025-11-07,Davion Mitchell,Heat,G,32,9,5,5,3,0,1,4
2026,2026-01-15,Al Horford,Warriors,C,21,5,5,5,1,2,1,1
2026,2026-01-02,Buddy Hield,Warriors,G,24,11,2,1,2,0,2,3
2026,2026-03-31,Jordan Goodwin,Suns,G,29,9,5,2,3,0,2,0
2026,2025-10-22,Paolo Banchero,Magic,F,35,24,11,1,1,1,2,1
2026,2025-12-05,Ajay Mitchell,Thunder,G,23,9,0,2,1,0,3,3
2026,2026-01-07,Amen Thompson,Rockets,G,39,24,12,6,1,2,2,4
2026,2026-03-27,Tre Johnson,Wizards,G,22,11,1,0,0,0,1,2
2026,2026-01-30,Buddy Hield,Warriors,G,17,10,4,2,0,0,1,2
2026,2025-12-23,Kentavious Caldwell-Pope,Grizzlies,G,20,11,1,3,1,0,1,1
2026,2026-01-26,Jabari Walker,76ers,F,20,9,2,0,3,0,0,2
2026,2025-12-05,Kenrich Williams,Thunder,G,20,10,1,3,0,0,0,0
2026,2026-03-01,Caleb Martin,Mavericks,F,30,18,3,0,1,0,1,3
2026,2026-02-24,Oso Ighodaro,Suns,F,24,4,3,5,2,0,1,3
2026,2026-02-05,Anfernee Simons,Bulls,G,32,22,2,3,0,1,3,1
2026,2026-02-11,Sharife Cooper,Wizards,G,24,11,5,5,1,1,3,3
2026,2025-10-22,Adem Bona,76ers,C,15,0,3,1,0,0,2,3
2026,2026-01-28,Draymond Green,Warriors,F,23,0,2,6,1,2,3,2
2026,2025-11-15,Naz Reid,Timberwolves,C,31,19,6,3,1,0,1,6
2026,2026-03-17,Coby White,Hornets,G,20,24,3,3,0,0,0,4
2026,2026-03-07,Gary Payton II,Warriors,G,22,7,12,1,1,0,1,2
2026,2026-02-26,Jalen Suggs,Magic,G,13,3,1,0,2,1,4,2
2026,2026-01-15,Jaylin Williams,Thunder,F,16,6,2,0,0,0,0,4
2026,2025-11-23,Deandre Ayton,Lakers,C,13,2,3,0,1,0,0,1
2026,2025-12-25,Sam Merrill,Cavaliers,G,29,11,5,1,2,0,1,2
2026,2025-12-02,Baylor Scheierman,Celtics,G,3,0,0,1,0,0,0,2
2026,2026-02-04,Harrison Barnes,Spurs,F,30,9,7,1,0,2,2,2
2026,2025-11-14,Terance Mann,Nets,G,28,12,0,0,0,2,0,4
2026,2026-04-12,Drew Timme,Lakers,F,7,3,0,2,1,0,1,1
2026,2026-03-09,Javon Small,Grizzlies,G,32,19,7,3,2,0,1,0
2026,2025-12-28,Jonathan Mogbo,Raptors,F,1,0,0,0,0,0,0,0
2026,2026-02-11,Egor Demin,Nets,G,32,13,5,5,1,1,1,2
2026,2026-01-15,CJ McCollum,Hawks,G,29,20,3,4,1,1,1,2
2026,2026-03-08,Jalen Duren,Pistons,C,26,24,5,1,0,1,1,3
2026,2025-11-14,Caris LeVert,Pistons,G,23,14,2,6,0,1,1,2
2026,2026-01-13,Royce O'Neale,Suns,F,32,8,4,4,1,0,1,1
2026,2026-02-05,Miles Kelly,Mavericks,G,9,5,2,1,0,0,0,1
2026,2025-11-07,Caris LeVert,Pistons,G,20,10,3,4,1,0,1,0
2026,2026-02-10,Dorian Finney-Smith,Rockets,F,20,3,1,2,0,1,1,2
2026,2025-10-29,Peyton Watson,Nuggets,G,23,5,5,5,1,3,0,0
2026,2026-01-09,Gary Harris,Bucks,G,8,3,2,1,1,0,0,1
2026,2025-11-16,Cooper Flagg,Mavericks,F,37,21,8,5,1,2,0,3
2026,2025-11-12,Micah Peavy,Pelicans,G,12,2,5,2,0,0,0,1
2026,2025-12-16,Jordan Clarkson,Knicks,G,27,15,2,0,1,1,0,1
2026,2026-01-05,Moussa Diabate,Hornets,F,29,9,12,5,0,0,0,0
2026,2026-01-07,Mohamed Diawara,Knicks,F,2,0,0,0,0,0,0,1
2026,2025-10-24,Franz Wagner,Magic,F,35,27,6,2,1,0,4,5
2026,2026-01-20,John Collins,Clippers,F,24,23,0,1,0,0,0,3
2026,2026-01-14,Cody Williams,Jazz,F,31,6,7,2,0,2,0,2
2026,2025-12-27,Jalen Brunson,Knicks,G,38,34,3,5,0,0,3,4
2026,2025-11-30,Jaylen Wells,Grizzlies,F,30,15,3,1,0,0,1,2
2026,2026-01-20,Quinten Post,Warriors,C,18,12,7,0,0,0,0,2
2026,2025-12-03,Collin Sexton,Hornets,G,9,4,1,2,0,1,1,0
2026,2026-02-26,Jarace Walker,Pacers,F,31,16,6,1,1,1,2,0
2026,2025-12-27,Dru Smith,Heat,G,23,5,5,3,1,1,2,0
2026,2025-12-18,Spencer Jones,Nuggets,F,19,8,1,1,3,0,0,6
2026,2025-10-24,Stephon Castle,Spurs,G,33,16,6,6,1,1,10,3
2026,2026-02-20,AJ Johnson,Mavericks,G,5,2,0,0,0,0,1,0
2026,2025-12-13,Mitchell Robinson,Knicks,C,17,5,9,0,0,4,0,0
2026,2026-04-09,Josh Hart,Knicks,G,35,26,1,3,1,0,3,2
2026,2026-01-31,Matas Buzelis,Bulls,F,33,21,8,4,0,1,8,1
2026,2026-03-03,Jeremiah Fears,Pelicans,G,19,5,0,2,0,0,4,2
2026,2026-04-05,Micah Peavy,Pelicans,G,28,3,5,1,1,1,1,3
2026,2025-11-03,CJ McCollum,Wizards,G,22,5,1,2,0,0,0,0
2026,2025-10-23,Branden Carlson,Thunder,C,1,0,0,0,0,0,0,0
2026,2026-03-14,Daeqwon Plowden,Kings,G,31,15,5,2,2,0,0,4
2026,2026-03-04,Shai Gilgeous-Alexander,Thunder,G,35,26,3,8,1,0,3,3
2026,2026-03-03,Naz Reid,Timberwolves,C,23,3,6,1,1,1,2,1
2026,2026-04-10,Killian Hayes,Kings,G,19,6,1,2,1,0,0,2
2026,2026-03-23,Ja'Kobe Walter,Raptors,G,28,21,5,2,1,1,1,5
2026,2026-03-12,Kel'el Ware,Heat,C,28,6,13,1,0,1,2,0
2026,2026-01-17,Aaron Gordon,Nuggets,F,32,8,10,11,1,0,1,1
2026,2025-11-16,Zaccharie Risacher,Hawks,F,26,15,3,4,2,0,1,1
2026,2026-04-03,Pat Connaughton,Hornets,G,18,7,3,1,1,0,1,1
2026,2026-04-08,Toumani Camara,Trail Blazers,F,40,18,4,6,3,1,2,2
2026,2026-03-01,Olivier-Maxence Prosper,Grizzlies,F,21,17,2,3,1,0,0,1
2026,2025-11-10,Karlo Matkovic,Pelicans,F,17,11,2,2,0,1,0,2
2026,2026-03-14,TyTy Washington Jr.,Clippers,G,0,0,0,0,0,0,0,0
2026,2026-02-21,Jordan Hawkins,Pelicans,G,1,0,0,0,0,0,0,0
2026,2025-11-30,Jake LaRavia,Lakers,F,26,10,5,2,0,1,1,1
2026,2026-02-26,Cody Williams,Jazz,F,30,6,3,1,0,1,0,1
2026,2025-11-21,Immanuel Quickley,Raptors,G,30,17,2,7,1,1,0,1
2026,2025-12-13,Karl-Anthony Towns,Knicks,C,37,29,8,2,1,1,0,3
2026,2025-12-15,John Collins,Clippers,F,26,10,2,1,0,1,2,3
2026,2025-11-25,Jamir Watkins,Wizards,G,3,0,0,0,0,0,0,0
2026,2026-03-26,Ryan Kalkbrenner,Hornets,C,18,4,4,1,0,2,2,3
2026,2025-12-23,Carter Bryant,Spurs,F,2,2,1,1,0,0,0,0
2026,2025-12-13,Dylan Harper,Spurs,G,25,8,4,1,1,1,3,4
2026,2026-02-03,Svi Mykhailiuk,Jazz,G,20,18,3,0,1,0,0,0
2026,2026-01-30,Anfernee Simons,Celtics,G,26,16,2,1,0,0,0,2
2026,2026-01-16,Kyshawn George,Wizards,F,24,15,8,3,1,0,0,4
2026,2025-12-04,Austin Reaves,Lakers,G,41,44,5,10,0,0,5,3
2026,2025-11-24,Ausar Thompson,Pistons,G,31,13,3,4,1,0,1,1
2026,2026-01-26,Caleb Love,Trail Blazers,G,26,11,3,5,0,0,2,0
2026,2026-01-07,Zion Williamson,Pelicans,F,31,22,8,6,1,0,3,1
2026,2025-11-07,Olivier-Maxence Prosper,Grizzlies,F,0,0,0,0,0,0,0,0
2026,2025-12-12,KJ Simpson,Hornets,G,25,10,5,3,1,0,1,2
2026,2026-02-20,Tre Mann,Hornets,G,13,3,1,2,0,0,3,3
2026,2025-11-18,Kentavious Caldwell-Pope,Grizzlies,G,19,4,3,3,1,0,0,1
2026,2026-02-22,Neemias Queta,Celtics,C,26,10,12,1,0,3,2,1
2026,2025-10-29,Evan Mobley,Cavaliers,C,34,19,11,4,1,2,3,1
2026,2026-02-24,Jay Huff,Pacers,C,25,4,4,4,1,1,1,3
2026,2026-02-03,Duncan Robinson,Pistons,F,25,20,3,2,0,0,1,4
2026,2026-02-10,Dalton Knecht,Lakers,F,16,9,5,1,0,0,1,2
2026,2025-11-10,Bobi Klintman,Pistons,F,7,3,2,2,0,0,1,1
2026,2025-12-12,Jaylen Wells,Grizzlies,F,33,19,5,1,1,0,2,2
2026,2026-04-12,Dalano Banton,Celtics,F,37,2,4,7,1,4,6,2
2026,2026-03-12,Trendon Watford,76ers,F,20,4,2,1,1,1,1,0
2026,2025-11-13,Scottie Barnes,Raptors,F,35,28,10,8,1,5,2,0
2026,2026-02-06,Jaylen Brown,Celtics,G,33,29,7,2,0,1,7,2
2026,2026-02-07,Ryan Dunn,Suns,F,11,3,1,0,0,0,0,1
2026,2026-04-08,Gary Trent Jr.,Bucks,G,19,7,0,1,0,0,2,3
2026,2026-02-01,Nic Claxton,Nets,C,17,10,2,1,1,0,1,2
2026,2026-01-04,Aaron Wiggins,Thunder,G,19,5,4,0,0,1,0,1
2026,2026-02-07,Luke Kornet,Spurs,C,16,6,4,3,0,0,0,1
2026,2026-01-13,Shai Gilgeous-Alexander,Thunder,G,34,34,5,5,0,4,2,2
2026,2026-03-01,Blake Wesley,Trail Blazers,G,20,12,2,3,0,1,2,0
2026,2025-11-15,Bruce Brown,Nuggets,G,30,7,6,1,0,0,0,2
2026,2026-01-14,Dylan Cardwell,Kings,C,21,2,6,1,1,3,0,3
2026,2026-03-23,Jase Richardson,Magic,G,19,9,1,3,0,0,0,0
2026,2026-01-17,Bam Adebayo,Heat,C,32,30,12,4,1,0,1,2
2026,2025-12-05,Jaylin Williams,Thunder,F,19,4,3,3,1,1,0,2
2026,2025-10-24,Kobe Brown,Clippers,G,5,0,1,0,0,0,0,0
2026,2026-02-01,Andrew Wiggins,Heat,F,24,14,3,4,1,3,0,2
2026,2026-01-04,Zion Williamson,Pelicans,F,26,12,5,2,0,0,2,2
2026,2026-01-24,Derrick White,Celtics,G,39,15,7,7,1,1,0,1
2026,2026-01-07,Jaylen Wells,Grizzlies,F,27,9,7,1,0,0,2,0
2026,2026-04-05,Naz Reid,Timberwolves,C,25,6,7,1,0,1,1,3
2026,2026-03-10,Devin Booker,Suns,G,34,27,5,7,1,0,1,2
2026,2025-11-29,Nicolas Batum,Clippers,F,28,0,4,0,1,0,2,4
2026,2026-02-11,Ryan Dunn,Suns,F,23,2,4,1,0,1,1,2
2026,2026-03-29,Alperen Sengun,Rockets,C,32,36,13,7,3,3,0,2
2026,2025-12-21,Ochai Agbaji,Raptors,G,21,7,1,0,1,0,1,4
2026,2026-03-16,Karlo Matkovic,Pelicans,F,20,13,10,1,1,0,0,2
2026,2025-11-10,Franz Wagner,Magic,F,36,19,9,6,1,2,2,3
2026,2025-10-21,Josh Okogie,Rockets,G,20,8,2,1,0,1,0,2
2026,2026-02-02,Yves Missi,Pelicans,C,11,4,1,0,0,0,1,3
2026,2025-10-22,Khris Middleton,Wizards,F,29,23,6,3,0,0,2,4
2026,2025-10-28,Bub Carrington,Wizards,G,38,10,5,5,1,1,2,4
2026,2025-12-26,Dillon Brooks,Suns,F,33,14,3,1,2,0,2,3
2026,2026-03-12,Paolo Banchero,Magic,F,42,18,10,5,0,0,3,1
2026,2025-10-22,Dillon Brooks,Suns,F,34,22,4,3,2,1,2,5
2026,2026-02-11,Jalen Brunson,Knicks,G,30,8,4,4,0,0,2,1
2026,2026-03-03,Devin Carter,Kings,G,9,2,2,0,1,0,0,1
2026,2026-04-12,Keldon Johnson,Spurs,F,22,18,6,1,0,0,1,4
2026,2025-12-21,Kyle Kuzma,Bucks,F,32,12,10,4,0,0,4,3
2026,2026-01-30,Jeremiah Fears,Pelicans,G,17,6,4,3,2,0,3,1
2026,2025-12-05,Ronald Holland II,Pistons,F,20,17,3,0,1,0,1,4
2026,2026-03-29,Saddiq Bey,Pelicans,G,31,18,7,1,0,1,1,1
2026,2025-12-18,Kyle Filipowski,Jazz,F,27,6,13,0,0,1,1,4
2026,2026-02-10,Pascal Siakam,Pacers,F,37,30,6,4,3,0,1,0
2026,2026-03-16,Nic Claxton,Nets,C,20,12,11,1,0,2,0,2
2026,2026-01-30,LeBron James,Lakers,F,30,20,3,6,2,0,3,1
2026,2025-10-31,Cedric Coward,Grizzlies,F,26,13,10,3,3,0,2,2
2026,2025-11-23,Collin Gillespie,Suns,G,30,15,3,6,1,0,0,3
2026,2026-04-01,Cedric Coward,Grizzlies,F,28,15,0,0,1,0,1,5
2026,2026-02-19,Onyeka Okongwu,Hawks,F,26,8,10,2,0,0,2,5
2026,2025-11-02,Craig Porter Jr.,Cavaliers,G,21,4,7,3,1,0,2,1
2026,2026-01-30,Jordan Miller,Clippers,G,19,7,3,0,1,0,0,2
2026,2025-11-11,Zach LaVine,Kings,G,35,12,4,3,0,0,1,2
2026,2026-01-17,Moussa Cisse,Mavericks,C,21,9,10,0,0,0,1,2
2026,2026-03-02,Yanic Konan Niederhauser,Clippers,C,21,11,9,0,2,4,0,3
2026,2026-03-01,Michael Porter Jr.,Nets,F,30,26,5,1,3,0,2,3
2026,2026-03-28,CJ McCollum,Hawks,G,30,22,4,5,1,0,1,1
2026,2025-12-31,Nigel Hayes-Davis,Suns,F,4,5,3,0,0,0,0,1
2026,2026-03-29,Darius Garland,Clippers,G,27,15,2,11,2,0,5,0
2026,2025-11-02,Jose Alvarado,Pelicans,G,18,3,2,2,1,0,0,2
2026,2025-12-22,Baylor Scheierman,Celtics,G,12,3,1,0,0,0,1,0
2026,2026-04-05,Kawhi Leonard,Clippers,F,30,26,6,3,0,0,1,1
2026,2026-04-07,Daeqwon Plowden,Kings,G,26,11,1,1,0,1,0,2
2026,2026-01-30,Desmond Bane,Magic,G,36,32,1,2,0,0,2,4
2026,2026-03-23,Jamal Shead,Raptors,G,29,7,1,14,0,0,2,5
2026,2025-12-03,Dru Smith,Heat,G,18,8,4,4,1,1,0,3
2026,2025-12-19,Josh Hart,Knicks,G,34,5,10,6,1,0,3,1
2026,2026-01-12,Jonathan Mogbo,Raptors,F,2,2,1,0,0,0,0,0
2026,2025-11-01,Naz Reid,Timberwolves,C,22,18,3,1,0,0,1,4
2026,2025-11-26,Jae'Sean Tate,Rockets,F,12,5,2,0,0,0,0,4
2026,2026-01-15,Kentavious Caldwell-Pope,Grizzlies,G,14,0,2,2,0,1,3,0
2026,2026-01-15,Keyonte George,Jazz,G,29,17,3,3,1,0,4,0
2026,2026-02-03,Marcus Smart,Lakers,G,18,6,3,1,1,0,1,2
2026,2025-11-02,Davion Mitchell,Heat,G,32,8,0,8,1,0,1,2
2026,2026-04-08,Sidy Cissoko,Trail Blazers,G,9,2,0,0,0,0,0,2
2026,2025-12-25,Mohamed Diawara,Knicks,F,4,5,1,1,0,0,0,1
2026,2025-12-07,Taylor Hendricks,Jazz,F,25,20,5,1,0,1,0,0
2026,2026-03-02,Aaron Holiday,Rockets,G,20,2,0,0,0,0,0,1
2026,2025-12-29,Derik Queen,Pelicans,C,29,7,9,5,1,2,2,2
2026,2026-04-12,Collin Murray-Boyles,Raptors,F,13,2,2,2,0,0,0,5
2026,2026-04-04,Andre Drummond,76ers,C,18,4,3,2,1,0,1,1
2026,2025-11-24,Jalen Duren,Pistons,C,30,17,12,2,0,0,3,5
2026,2025-10-24,Vit Krejci,Hawks,G,14,5,2,1,0,0,1,1
2026,2026-04-01,Pat Spencer,Warriors,G,38,14,8,7,1,1,5,1
2026,2026-03-29,Moussa Diabate,Hornets,F,25,4,6,0,0,0,0,1
2026,2026-03-31,OG Anunoby,Knicks,F,38,8,6,0,2,1,0,1
2026,2026-03-15,Quenton Jackson,Pacers,G,15,5,3,2,0,0,3,2
2026,2025-12-29,Kam Jones,Pacers,G,18,4,1,1,2,0,0,1
2026,2025-10-24,Ryan Rollins,Bucks,G,30,13,5,2,3,1,3,1
2026,2026-03-17,Lindy Waters III,Spurs,F,23,11,4,2,0,0,1,2
2026,2026-03-08,Karlo Matkovic,Pelicans,F,4,5,2,0,1,0,0,3
2026,2026-03-13,Al Horford,Warriors,C,5,3,1,0,0,0,1,1
2026,2026-04-02,Jordan Goodwin,Suns,G,12,3,1,0,0,1,1,3
2026,2025-10-29,Matisse Thybulle,Trail Blazers,G,5,3,0,1,2,0,0,0
2026,2026-01-19,Ryan Nembhard,Mavericks,G,22,4,3,5,1,0,2,1
2026,2026-02-22,Jamir Watkins,Wizards,G,16,13,4,1,0,1,0,2
2026,2026-02-22,Ousmane Dieng,Bucks,F,15,0,5,0,0,0,3,1
2026,2025-12-22,Trayce Jackson-Davis,Warriors,F,12,4,4,0,0,1,1,0
2026,2025-12-19,Isaiah Hartenstein,Thunder,C,28,1,10,0,0,1,2,3
2026,2025-11-12,Thomas Bryant,Cavaliers,C,13,4,7,0,0,1,0,1
2026,2026-02-15,Deni Avdija,World,F,8,5,0,2,0,0,1,0
2026,2025-12-06,Andre Jackson Jr.,Bucks,G,12,4,3,2,1,1,1,2
2026,2026-02-19,Al Horford,Warriors,C,28,5,8,4,0,1,2,1
2026,2025-12-31,Joe Ingles,Timberwolves,F,4,0,0,0,0,0,1,0
2026,2026-04-03,Kyle Anderson,Timberwolves,F,14,6,1,5,0,0,0,4
2026,2026-03-28,Rasheer Fleming,Suns,F,18,7,6,0,0,1,1,2
2026,2026-03-13,Matas Buzelis,Bulls,F,34,18,11,2,0,0,2,1
2026,2026-01-03,Bones Hyland,Timberwolves,G,21,4,0,3,1,0,0,1
2026,2026-01-26,Onyeka Okongwu,Hawks,F,31,12,10,2,0,1,1,3
2026,2026-04-10,Corey Kispert,Hawks,F,9,8,0,1,0,0,0,0
2026,2026-01-04,Jarred Vanderbilt,Lakers,F,22,7,7,3,0,1,2,1
2026,2026-01-26,Cedric Coward,Grizzlies,F,30,8,7,2,1,1,2,3
2026,2025-12-02,Draymond Green,Warriors,F,29,13,9,4,0,1,3,5
2026,2025-11-07,Jaylin Williams,Thunder,F,21,6,3,1,0,2,1,1
2026,2026-04-07,Rui Hachimura,Lakers,F,26,15,5,1,0,1,2,1
2026,2025-12-14,Deandre Ayton,Lakers,C,30,20,13,0,2,1,3,4
2026,2026-04-03,Quentin Grimes,76ers,G,25,10,4,1,0,2,0,2
2026,2026-03-17,Aaron Gordon,Nuggets,F,19,12,5,2,1,0,2,1
2026,2026-01-07,Tidjane Salaun,Hornets,F,21,4,6,0,0,0,3,1
2026,2025-12-05,VJ Edgecombe,76ers,G,24,12,4,1,0,0,0,4
2026,2026-02-10,De'Aaron Fox,Spurs,G,17,8,2,6,2,1,0,0
2026,2026-03-10,Cooper Flagg,Mavericks,F,32,14,12,5,0,0,2,1
2026,2025-11-09,VJ Edgecombe,76ers,G,32,11,6,2,1,1,5,4
2026,2025-12-21,Myles Turner,Bucks,C,38,13,5,4,0,0,0,2
2026,2026-01-04,Tristan Vukcevic,Wizards,F,13,8,2,2,0,1,1,0
2026,2025-12-18,Jarace Walker,Pacers,F,16,6,3,1,0,0,2,2
2026,2025-12-20,Marcus Sasser,Pistons,G,2,0,1,1,0,0,1,0
2026,2025-11-23,Jordan Goodwin,Suns,G,33,15,10,3,2,0,0,3
2026,2026-02-11,Anthony Black,Magic,G,25,13,3,3,1,0,2,3
2026,2025-10-26,Rudy Gobert,Timberwolves,C,34,14,18,1,0,2,1,2
2026,2026-04-09,Mikal Bridges,Knicks,G,31,10,2,6,0,0,0,1
2026,2026-02-20,Ben Sheppard,Pacers,G,20,8,5,3,1,0,0,1
2026,2025-12-21,Isaac Okoro,Bulls,F,19,14,1,1,2,0,0,6
2026,2026-02-26,Kasparas Jakucionis,Heat,G,17,3,5,1,0,0,1,3
2026,2025-11-12,Trey Murphy III,Pelicans,F,39,22,5,5,1,0,1,2
2026,2026-01-07,Noah Clowney,Nets,F,33,10,3,4,2,2,0,2
2026,2026-03-12,Jaylen Brown,Celtics,G,41,34,6,7,2,1,6,5
2026,2025-11-17,Myles Turner,Bucks,C,37,15,7,2,3,1,2,1
2026,2026-01-22,Anthony Gill,Wizards,F,12,2,4,0,0,1,0,1
2026,2026-02-24,Myron Gardner,Heat,F,3,0,1,0,0,0,0,0
2026,2025-12-29,Draymond Green,Warriors,F,25,7,5,3,1,1,1,5
2026,2026-01-18,Zach LaVine,Kings,G,29,18,0,1,1,0,1,2
2026,2026-04-09,Jalen Brunson,Knicks,G,37,25,1,10,0,0,1,3
2026,2025-11-21,Corey Kispert,Wizards,F,19,9,3,1,1,0,0,0
2026,2025-11-08,Jaxson Hayes,Lakers,C,17,4,3,0,0,1,0,0
2026,2026-03-25,Mike Conley,Timberwolves,G,29,5,5,6,1,1,1,2
2026,2025-11-28,LaMelo Ball,Hornets,G,29,16,7,8,2,0,2,2
2026,2025-11-08,Ochai Agbaji,Raptors,G,15,0,2,0,0,0,0,2
2026,2026-01-27,Tre Johnson,Wizards,G,32,18,4,2,0,1,0,2
2026,2026-01-19,Luka Garza,Celtics,C,15,10,4,0,2,0,2,4
2026,2026-01-05,Luka Garza,Celtics,C,23,8,4,0,1,2,0,0
2026,2025-12-26,Justin Edwards,76ers,F,4,0,0,1,1,0,0,1
2026,2026-02-15,De'Aaron Fox,Team Stripes,G,4,0,0,0,0,0,0,1
2026,2026-01-26,Buddy Hield,Warriors,G,29,5,2,3,1,1,1,3
2026,2025-11-05,Tristan Vukcevic,Wizards,F,6,5,1,1,0,0,0,0
2026,2026-02-11,Jericho Sims,Bucks,C,36,17,11,2,0,0,1,5
2026,2025-11-14,Dennis Schroder,Kings,G,28,14,6,6,1,0,1,2
2026,2025-11-07,Lindy Waters III,Spurs,F,6,3,1,0,0,0,0,0
2026,2025-11-29,Jamal Shead,Raptors,G,23,3,3,2,0,0,0,2
2026,2026-01-09,Dalton Knecht,Lakers,F,13,4,1,0,0,0,0,1
2026,2025-12-01,LeBron James,Lakers,F,31,10,0,3,0,0,3,2
2026,2025-12-03,Ayo Dosunmu,Bulls,G,36,16,2,1,3,1,2,1
2026,2026-01-26,Jaren Jackson Jr.,Grizzlies,F,32,17,7,1,1,2,1,3
2026,2025-10-23,Isaiah Jackson,Pacers,F,8,0,1,0,0,0,2,4
2026,2026-01-09,Noah Clowney,Nets,F,30,12,3,2,0,0,1,2
2026,2025-11-01,Xavier Tillman,Celtics,F,2,0,0,0,0,0,0,0
2026,2026-01-05,Tre Mann,Hornets,G,2,0,0,0,0,0,0,0
2026,2025-12-27,Dwight Powell,Mavericks,F,19,1,11,0,0,2,1,0
2026,2026-04-01,Josh Okogie,Rockets,G,13,8,1,1,0,0,1,0
2026,2025-11-10,Miles Bridges,Hornets,F,40,34,8,5,1,1,2,4
2026,2026-02-20,Vince Williams Jr.,Jazz,G,23,7,3,4,0,0,2,3
2026,2026-03-14,Corey Kispert,Hawks,F,15,13,4,1,0,0,0,1
2026,2026-02-09,Russell Westbrook,Kings,G,21,17,2,2,0,0,2,0
2026,2026-01-22,Jrue Holiday,Trail Blazers,G,19,15,2,7,0,0,0,3
2026,2025-12-19,Nae'Qwan Tomlin,Cavaliers,F,21,15,3,2,1,0,1,1
2026,2026-03-22,Nikola Jokic,Nuggets,C,35,22,14,14,2,1,5,3
2026,2026-03-23,Obi Toppin,Pacers,F,17,8,2,4,0,1,1,2
2026,2026-04-07,Julian Reese,Wizards,F,36,17,11,4,3,2,4,3
2026,2026-01-22,Sion James,Hornets,G,20,7,3,3,0,0,0,1
2026,2025-12-20,Reed Sheppard,Rockets,G,30,28,2,6,3,2,1,4
2026,2026-03-21,Jamaree Bouyea,Suns,G,9,4,2,2,0,0,0,1
2026,2026-02-26,Blake Wesley,Trail Blazers,G,14,10,0,4,1,0,2,2
2026,2026-01-04,Drake Powell,Nets,G,18,5,0,1,0,0,0,1
2026,2026-03-19,Matas Buzelis,Bulls,F,33,13,5,0,3,3,2,0
2026,2025-11-26,Ja'Kobe Walter,Raptors,G,32,13,4,1,2,0,0,0
2026,2025-12-13,Stephon Castle,Spurs,G,34,22,6,2,0,0,6,4
2026,2025-11-20,Carter Bryant,Spurs,F,2,0,2,0,0,0,0,0
2026,2026-03-05,Noah Clowney,Nets,F,34,17,7,4,2,1,1,0
2026,2026-01-11,Marvin Bagley III,Wizards,F,16,6,3,0,1,1,4,1
2026,2025-12-12,Joel Embiid,76ers,C,32,39,9,3,1,0,3,3
2026,2026-01-11,Ajay Mitchell,Thunder,G,27,16,4,1,0,0,1,1
2026,2025-10-29,Nic Claxton,Nets,C,29,18,11,1,0,1,1,1
2026,2026-01-15,Baylor Scheierman,Celtics,G,5,0,3,0,0,0,0,0
2026,2026-03-08,Leonard Miller,Bulls,F,1,0,0,0,0,0,0,0
2026,2025-12-03,Myles Turner,Bucks,C,20,9,3,1,0,2,0,4
2026,2026-01-02,Kevin McCullar Jr.,Knicks,G,17,0,5,6,0,0,0,4
2026,2026-03-18,Darius Garland,Clippers,G,29,13,1,6,1,0,0,1
2026,2026-04-01,Jalen Slawson,Pacers,F,24,8,8,5,2,3,2,3
2026,2025-11-24,Jaylen Clark,Timberwolves,G,6,0,3,0,0,0,0,2
2026,2025-11-14,Michael Porter Jr.,Nets,F,36,24,11,7,1,0,0,2
2026,2025-11-24,Vince Williams Jr.,Grizzlies,G,24,6,5,7,1,2,1,1
2026,2026-04-03,Kyle Filipowski,Jazz,F,30,17,7,2,1,0,0,6
2026,2025-11-02,Bam Adebayo,Heat,C,36,17,8,5,3,1,0,1
2026,2025-11-25,Franz Wagner,Magic,F,27,21,5,3,1,0,1,0
2026,2025-11-07,Donte DiVincenzo,Timberwolves,G,21,3,6,2,1,1,1,2
2026,2025-12-19,Kenrich Williams,Thunder,G,5,0,1,0,0,0,0,1
2026,2025-11-16,Nic Claxton,Nets,C,30,17,8,7,0,4,2,2
2026,2026-04-12,Jake LaRavia,Lakers,F,25,2,4,3,2,1,0,0
2026,2025-12-01,Cooper Flagg,Mavericks,F,33,24,8,2,2,1,2,1
2026,2025-10-27,Derrick White,Celtics,G,31,11,3,7,0,1,1,2
2026,2025-11-21,RJ Barrett,Raptors,F,29,24,8,4,0,0,2,2
2026,2025-11-26,Draymond Green,Warriors,F,34,12,9,8,0,2,4,3
2026,2025-12-04,Brice Sensabaugh,Jazz,F,22,8,3,3,1,0,2,3
2026,2026-03-25,Hugo Gonzalez,Celtics,G,9,3,2,0,0,0,0,1
2026,2026-03-30,Tyrese Proctor,Cavaliers,G,12,8,2,1,1,0,1,2
2026,2026-02-25,Thomas Bryant,Cavaliers,C,16,11,2,0,0,0,0,2
2026,2026-04-12,Pacome Dadiet,Knicks,F,27,12,4,2,0,0,1,2
2026,2025-11-16,Mouhamed Gueye,Hawks,F,10,0,1,0,0,0,1,3
2026,2025-11-25,Asa Newell,Hawks,F,7,0,1,2,1,0,0,0
2026,2026-02-20,Micah Potter,Pacers,C,26,18,5,2,1,0,2,1
2026,2025-11-22,Cole Anthony,Bucks,G,14,4,3,2,1,1,5,0
2026,2026-01-10,Brice Sensabaugh,Jazz,F,30,26,3,0,0,0,4,1
2026,2026-01-10,Thomas Bryant,Cavaliers,C,3,3,0,1,0,1,0,0
2026,2026-01-04,Kel'el Ware,Heat,C,25,16,12,1,0,1,1,2
2026,2025-10-26,Craig Porter Jr.,Cavaliers,G,16,5,3,1,3,0,2,1
2026,2025-11-09,Hugo Gonzalez,Celtics,G,13,3,1,1,2,0,1,0
2026,2026-02-03,Quenton Jackson,Pacers,G,17,24,1,3,3,0,0,1
2026,2025-11-14,Alperen Sengun,Rockets,C,36,25,10,9,3,3,0,3
2026,2026-01-23,Jordan Poole,Pelicans,G,12,6,4,3,0,0,1,1
2026,2025-11-19,Peyton Watson,Nuggets,G,34,32,12,3,1,0,4,4
2026,2025-12-18,Jase Richardson,Magic,G,19,9,1,2,1,0,2,2
2026,2025-10-24,N'Faly Dante,Hawks,C,4,0,3,0,0,0,1,0
2026,2026-03-04,Kyle Filipowski,Jazz,F,22,6,11,3,1,1,2,5
2026,2026-03-06,Andrew Nembhard,Pacers,G,31,17,2,8,1,0,1,3
2026,2025-11-14,Jeff Green,Rockets,F,4,0,0,0,0,0,0,1
2026,2026-01-16,Danny Wolf,Nets,F,19,13,4,4,1,1,0,2
2026,2026-02-08,Jaylen Clark,Timberwolves,G,4,8,1,0,1,0,1,0
2026,2026-03-18,Bez Mbeng,Jazz,G,20,0,2,1,1,0,1,5
2026,2025-11-22,Amir Coffey,Bucks,G,2,3,0,1,0,0,0,0
2026,2026-03-10,Malevy Leons,Warriors,F,2,0,1,0,0,0,0,0
2026,2025-10-26,Jaden Hardy,Mavericks,G,5,2,1,0,0,0,0,0
2026,2025-11-21,Hugo Gonzalez,Celtics,G,5,0,0,0,1,0,0,1
2026,2025-12-07,Olivier-Maxence Prosper,Grizzlies,F,3,2,2,0,0,0,0,0
2026,2025-11-12,KJ Simpson,Hornets,G,9,2,2,2,0,0,0,0
2026,2026-03-17,Javonte Green,Pistons,G,5,3,2,0,0,0,0,1
2026,2026-02-22,Josh Giddey,Bulls,G,23,6,2,6,2,0,2,1
2026,2025-10-24,Dwight Powell,Mavericks,F,0,0,0,0,0,0,0,0
2026,2026-01-28,Clint Capela,Rockets,C,9,5,4,0,0,2,0,0
2026,2025-12-25,Victor Wembanyama,Spurs,F,26,19,11,2,1,1,3,2
2026,2026-02-05,Ryan Kalkbrenner,Hornets,C,19,2,4,1,4,2,0,2
2026,2026-02-12,Javonte Cooke,Trail Blazers,G,1,0,0,0,0,0,0,1
2026,2026-03-21,Luke Kornet,Spurs,C,22,9,8,4,0,1,0,2
2026,2026-03-25,Anthony Gill,Wizards,F,22,8,6,5,0,0,2,2
2026,2026-02-06,Walter Clayton Jr.,Grizzlies,G,22,11,3,4,1,0,3,2
2026,2026-04-01,Cormac Ryan,Bucks,G,38,25,2,4,1,0,2,4
2026,2025-12-10,Jalen Williams,Thunder,G,23,15,5,5,1,0,3,1
2026,2026-04-05,Draymond Green,Warriors,F,34,7,6,12,1,0,1,5
2026,2026-02-26,Khris Middleton,Mavericks,F,33,17,5,4,0,0,3,1
2026,2026-02-03,Ben Saraf,Nets,G,17,3,1,2,0,0,1,1
2026,2026-01-04,Isaiah Joe,Thunder,G,10,0,2,0,0,0,0,1
2026,2026-03-23,Tyler Smith,Mavericks,F,6,0,0,0,0,0,0,1
2026,2026-03-28,Joel Embiid,76ers,C,36,29,6,2,0,2,0,0
2026,2026-03-25,Tim Hardaway Jr.,Nuggets,G,27,4,1,2,0,0,1,1
2026,2026-03-18,Jared McCain,Thunder,G,29,26,3,2,0,2,1,3
2026,2025-12-22,Anthony Black,Magic,G,31,19,6,3,0,1,2,5
2026,2025-12-03,Antonio Reeves,Hornets,G,10,0,0,0,1,0,0,1
2026,2026-04-12,Ja'Kobe Walter,Raptors,G,24,11,0,1,1,1,1,2
2026,2026-01-24,Wendell Carter Jr.,Magic,C,30,11,5,3,1,2,3,1
2026,2026-01-22,Adem Bona,76ers,C,7,1,3,1,0,0,1,2
2026,2026-04-10,Shaedon Sharpe,Trail Blazers,G,15,8,4,2,0,0,2,1
2026,2026-04-12,Deni Avdija,Trail Blazers,F,33,25,6,10,0,0,3,1
2026,2026-03-12,Cameron Johnson,Nuggets,F,31,15,5,1,0,0,0,2
2026,2026-03-27,CJ McCollum,Hawks,G,34,21,5,2,0,0,0,3
2026,2026-03-10,Josh Okogie,Rockets,G,6,0,1,0,0,0,0,1
2026,2026-01-27,Jerami Grant,Trail Blazers,F,24,6,4,0,0,1,1,1
2026,2026-04-05,Amen Thompson,Rockets,G,39,18,3,7,1,0,2,2
2026,2025-12-01,Bub Carrington,Wizards,G,22,5,2,5,0,0,2,1
2026,2025-10-30,Dru Smith,Heat,G,20,6,2,5,1,0,2,4
2026,2026-01-16,Nique Clifford,Kings,G,19,9,7,3,0,0,1,1
2026,2026-04-05,Shai Gilgeous-Alexander,Thunder,G,24,20,4,7,1,0,3,0
2026,2025-11-19,Keon Ellis,Kings,G,11,2,3,0,1,0,1,1
2026,2026-03-13,AJ Johnson,Mavericks,G,6,2,1,1,0,0,0,1
2026,2025-12-31,LaMelo Ball,Hornets,G,30,27,5,5,3,0,5,1
2026,2026-03-12,De'Aaron Fox,Spurs,G,36,27,3,9,1,0,4,5
2026,2026-02-25,Scottie Barnes,Raptors,F,31,15,4,2,3,1,5,4
2026,2026-03-08,Bryce McGowens,Pelicans,G,23,4,1,3,1,1,1,3
2026,2026-01-20,Kevin Huerter,Bulls,G,29,14,4,7,1,2,2,1
2026,2025-11-14,Jeremy Sochan,Spurs,F,13,5,3,2,0,0,2,3
2026,2025-11-28,Jaden Hardy,Mavericks,G,1,0,0,0,0,0,0,0
2026,2025-11-04,Ryan Rollins,Bucks,G,28,11,0,5,0,0,2,3
2026,2025-12-22,Draymond Green,Warriors,F,18,9,7,2,0,0,1,1
2026,2026-03-07,Donte DiVincenzo,Timberwolves,G,29,0,2,4,1,0,1,2
2026,2026-02-06,Nicolas Batum,Clippers,F,16,3,3,2,0,0,2,0
2026,2025-11-12,Alex Caruso,Thunder,G,17,10,4,3,2,0,1,0
2026,2025-11-02,Patrick Williams,Bulls,F,26,11,2,3,2,0,0,2
2026,2025-12-12,Garrison Mathews,Pacers,G,23,8,4,2,0,0,0,4
2026,2025-11-17,Jay Huff,Pacers,C,8,5,0,0,0,1,0,1
2026,2026-04-05,Adama Bal,Grizzlies,G,25,8,2,2,2,0,1,6
2026,2026-01-10,Hugo Gonzalez,Celtics,G,13,0,4,3,0,0,0,3
2026,2025-11-04,Quentin Grimes,76ers,G,30,10,3,4,4,1,4,2
2026,2026-02-07,Bub Carrington,Wizards,G,22,11,2,4,0,0,3,2
2026,2026-01-08,Kevin Love,Jazz,F,24,10,10,2,0,0,0,1
2026,2025-12-28,James Harden,Clippers,G,40,28,4,7,0,0,3,3
2026,2025-10-22,Trey Murphy III,Pelicans,F,32,13,7,3,0,0,1,4
2026,2025-11-02,Quentin Grimes,76ers,G,32,22,6,13,1,1,4,1
2026,2026-01-07,Zaccharie Risacher,Hawks,F,34,25,8,0,0,1,3,2
2026,2026-03-27,Isaiah Joe,Thunder,G,18,15,3,1,1,0,0,1
2026,2025-12-17,Brandon Clarke,Grizzlies,F,17,6,3,1,1,0,0,5
2026,2025-11-18,Jaxson Hayes,Lakers,C,15,8,3,0,1,0,0,1
2026,2026-01-24,Tre Johnson,Wizards,G,37,26,0,6,0,0,2,2
2026,2026-03-20,Karl-Anthony Towns,Knicks,C,29,26,15,1,1,0,4,4
2026,2026-02-09,Zion Williamson,Pelicans,F,27,18,5,6,1,0,2,1
2026,2026-01-17,Pat Spencer,Warriors,G,4,0,2,0,0,0,0,0
2026,2026-02-27,Derrick White,Celtics,G,32,12,3,7,1,2,1,1
2026,2026-01-26,Julian Phillips,Bulls,F,1,0,0,0,0,0,0,0
2026,2026-03-27,Lachlan Olbrich,Bulls,C,3,3,1,0,0,0,0,0
2026,2025-12-31,Jimmy Butler III,Warriors,F,31,19,5,7,1,0,3,1
2026,2025-12-25,Jabari Smith Jr.,Rockets,F,36,16,7,0,2,1,0,2
2026,2026-01-13,Ryan Rollins,Bucks,G,31,11,7,3,0,1,2,0
2026,2025-11-05,Darius Garland,Cavaliers,G,26,8,2,4,0,0,3,3
2026,2026-02-24,Myles Turner,Bucks,C,19,2,5,0,2,1,0,0
2026,2026-03-11,DeAndre Jordan,Pelicans,C,13,3,4,2,0,0,0,2
2026,2025-12-28,Brook Lopez,Clippers,C,36,7,7,2,2,1,2,3
2026,2025-12-18,Anthony Gill,Wizards,F,0,0,0,0,0,0,0,0
2026,2026-04-09,Pat Spencer,Warriors,G,38,12,4,6,1,0,3,0
2026,2025-11-02,Jusuf Nurkic,Jazz,C,22,3,9,2,2,0,1,4
2026,2025-10-22,Sharife Cooper,Wizards,G,2,0,0,0,0,0,1,0
2026,2025-11-05,Ronald Holland II,Pistons,F,28,9,6,4,2,1,0,2
2026,2026-03-01,Maxime Raynaud,Kings,C,34,16,13,1,0,0,6,3
2026,2026-01-03,Dylan Harper,Spurs,G,23,6,3,3,1,2,0,2
2026,2025-11-14,Jae'Sean Tate,Rockets,F,4,0,1,0,0,0,0,0
2026,2025-10-30,Ryan Rollins,Bucks,G,36,32,3,8,0,0,1,5
2026,2026-02-09,Jerami Grant,Trail Blazers,F,25,15,4,2,1,0,1,2
2026,2026-02-28,Sharife Cooper,Wizards,G,18,4,2,2,1,0,0,0
2026,2025-11-28,Ziaire Williams,Nets,F,30,10,4,1,1,0,1,0
2026,2025-11-18,Sidy Cissoko,Trail Blazers,G,28,8,3,5,2,0,2,2
2026,2025-12-07,Paolo Banchero,Magic,F,24,16,1,2,0,0,1,2
2026,2026-01-17,Jordan Clarkson,Knicks,G,22,6,3,0,0,0,1,3
2026,2025-11-05,Saddiq Bey,Pelicans,G,30,22,9,1,0,0,1,0
2026,2026-01-07,Stephon Castle,Spurs,G,29,15,5,4,2,1,2,5
2026,2026-03-18,Gradey Dick,Raptors,G,10,7,0,1,1,0,2,1
2026,2026-03-05,Ryan Dunn,Suns,F,24,6,11,1,2,1,0,1
2026,2025-11-23,Paul George,76ers,F,20,10,2,5,1,1,2,2
2026,2025-12-12,Paul Reed,Pistons,F,5,4,3,0,0,0,1,1
2026,2026-01-26,Jared McCain,76ers,G,23,16,3,3,0,1,3,0
2026,2026-01-18,Nolan Traore,Nets,G,26,16,1,2,0,0,1,1
2026,2026-03-12,Jaylen Wells,Grizzlies,F,32,23,2,2,2,1,0,3
2026,2025-12-02,Rudy Gobert,Timberwolves,C,38,26,13,2,1,1,0,5
2026,2026-01-24,Paul George,76ers,F,32,9,6,2,2,0,1,2
2026,2025-11-23,Donovan Clingan,Trail Blazers,C,20,8,8,2,0,2,2,5
2026,2026-02-24,Kasparas Jakucionis,Heat,G,10,2,3,1,0,0,1,2
2026,2026-04-02,Mike Conley,Timberwolves,G,22,14,2,2,2,0,1,4
2026,2025-11-21,Davion Mitchell,Heat,G,24,16,0,6,1,0,0,2
2026,2026-02-27,Gary Harris,Bucks,G,6,2,0,1,1,0,0,0
2026,2026-02-01,Julian Phillips,Bulls,F,23,10,3,0,1,0,0,1
2026,2026-04-01,A.J. Lawson,Raptors,G,16,2,1,1,0,0,0,2
2026,2026-02-24,Dru Smith,Heat,G,6,0,0,2,3,0,0,0
2026,2025-12-31,Stephon Castle,Spurs,G,27,5,2,7,0,0,3,3
2026,2026-02-22,Kobe Bufkin,Lakers,G,3,2,0,0,0,0,0,0
2026,2026-02-04,Reed Sheppard,Rockets,G,19,9,2,0,1,0,0,2
2026,2025-11-28,Garrison Mathews,Pacers,G,22,9,1,0,1,1,1,1
2026,2026-02-07,Jonathan Isaac,Magic,F,3,0,0,0,0,1,0,0
2026,2025-11-20,Julian Champagnie,Spurs,F,31,20,4,5,0,1,1,4
2026,2025-12-31,Isaac Okoro,Bulls,F,36,24,5,2,1,2,2,4
2026,2025-11-18,Jalen Johnson,Hawks,F,39,25,8,9,3,1,4,2
2026,2025-11-22,Chris Paul,Clippers,G,23,3,4,8,0,0,1,1
2026,2025-11-05,Christian Braun,Nuggets,G,35,11,8,7,2,1,0,2
2026,2026-01-11,Kyle Kuzma,Bucks,F,26,11,6,0,0,0,0,1
2026,2025-11-02,Taylor Hendricks,Jazz,F,25,14,7,1,0,0,0,1
2026,2026-03-03,Jalen Green,Suns,G,31,20,4,1,4,1,7,1
2026,2025-10-29,Caleb Martin,Mavericks,F,13,6,1,1,1,0,0,1
2026,2026-02-24,Sion James,Hornets,G,20,0,1,4,1,0,1,1
2026,2026-03-12,Quentin Grimes,76ers,G,32,14,3,5,1,1,3,0
2026,2025-10-29,Neemias Queta,Celtics,C,26,10,13,3,3,0,1,1
2026,2026-03-08,Deni Avdija,Trail Blazers,F,25,18,5,8,0,3,1,1
2026,2026-02-01,AJ Green,Bucks,G,29,3,2,1,0,0,0,1
2026,2026-02-03,Wendell Carter Jr.,Magic,C,23,9,7,2,1,0,1,1
2026,2026-03-23,Andre Jackson Jr.,Bucks,G,16,3,4,6,1,0,2,2
2026,2026-01-26,Tyus Jones,Magic,G,18,3,3,3,2,0,0,0
2026,2026-02-01,Thomas Bryant,Cavaliers,C,14,10,1,0,0,0,2,3
2026,2025-10-28,Luguentz Dort,Thunder,G,35,13,5,1,1,0,1,3
2026,2025-11-10,Mark Williams,Suns,C,20,2,7,1,1,2,0,2
2026,2025-12-20,Sion James,Hornets,G,22,5,5,0,1,1,1,1
2026,2025-10-24,Deni Avdija,Trail Blazers,F,29,26,5,6,0,0,3,4
2026,2025-10-24,Brandon Williams,Mavericks,G,7,0,0,1,1,0,0,1
2026,2025-11-07,Amir Coffey,Bucks,G,10,2,2,1,0,0,0,0
2026,2025-12-01,Kon Knueppel,Hornets,G,35,18,6,4,0,0,3,0
2026,2025-12-03,Ryan Rollins,Bucks,G,39,22,4,8,2,0,3,4
2026,2025-11-12,Pete Nance,Bucks,F,4,10,1,0,0,0,0,0
2026,2026-01-01,Amen Thompson,Rockets,G,32,23,4,3,2,1,1,3
2026,2026-03-22,Jordan Goodwin,Suns,G,25,14,7,0,2,0,4,1
2026,2026-01-22,De'Anthony Melton,Warriors,G,23,22,3,2,2,1,1,2
2026,2026-01-19,Payton Pritchard,Celtics,G,34,17,3,3,0,0,2,3
2026,2025-11-09,Day'Ron Sharpe,Nets,C,12,10,6,1,1,1,2,1
2026,2026-03-28,Olivier-Maxence Prosper,Grizzlies,F,15,12,4,1,1,0,1,3
2026,2025-10-24,Trayce Jackson-Davis,Warriors,F,17,6,4,1,1,1,1,3
2026,2026-02-09,Gary Harris,Bucks,G,14,0,0,0,0,1,0,0
2026,2025-11-16,Onyeka Okongwu,Hawks,F,37,27,4,5,2,2,2,3
2026,2025-10-27,Donovan Clingan,Trail Blazers,C,26,16,14,2,1,2,2,2
2026,2025-10-22,Jusuf Nurkic,Jazz,C,17,8,4,3,2,0,1,1
2026,2026-01-31,Trendon Watford,76ers,F,17,5,6,4,0,0,0,3
2026,2026-03-29,Pascal Siakam,Pacers,F,31,30,11,6,1,0,4,2
2026,2026-04-06,Olivier Sarr,Cavaliers,F,1,0,0,0,0,0,0,0
2026,2026-03-10,Carter Bryant,Spurs,F,13,8,0,0,0,0,0,1
2026,2025-10-22,Walker Kessler,Jazz,C,29,22,9,4,2,4,1,5
2026,2025-12-01,Kawhi Leonard,Clippers,F,30,36,7,2,3,0,1,1
2026,2025-12-30,Jarred Vanderbilt,Lakers,F,27,8,8,1,0,0,1,4
2026,2026-03-05,Bam Adebayo,Heat,C,25,21,7,2,1,1,1,5
2026,2025-12-14,Will Riley,Wizards,G,23,12,1,0,0,0,1,1
2026,2026-04-03,Aaron Holiday,Rockets,G,18,6,2,3,1,0,1,4
2026,2025-10-22,Jordan Hawkins,Pelicans,G,17,8,4,1,0,0,1,1
2026,2025-11-01,Julius Randle,Timberwolves,F,32,30,7,4,1,0,2,2
2026,2026-02-15,Karl-Anthony Towns,World,C,10,6,2,0,0,0,0,0
2026,2025-10-27,Jonathan Kuminga,Warriors,F,32,25,10,4,0,1,3,2
2026,2026-02-19,Karl-Anthony Towns,Knicks,C,31,21,11,4,1,0,2,3
2026,2025-12-23,Jaylen Wells,Grizzlies,F,32,12,1,4,4,1,2,2
2026,2025-11-28,Luke Kennard,Hawks,G,16,3,0,2,0,0,1,0
2026,2026-02-24,Naz Reid,Timberwolves,C,23,8,3,2,2,1,2,4
2026,2025-12-25,Alperen Sengun,Rockets,C,31,14,12,4,1,0,6,1
2026,2026-04-10,Gabe Vincent,Hawks,G,14,3,1,0,0,0,1,2
2026,2025-12-23,Saddiq Bey,Pelicans,G,26,11,3,2,0,0,0,0
2026,2026-01-12,Moussa Diabate,Hornets,F,35,13,15,4,1,4,1,3
2026,2026-03-21,Simone Fontecchio,Heat,F,38,21,3,3,1,0,0,1
2026,2025-12-09,Paolo Banchero,Magic,F,32,18,7,4,0,1,3,3
2026,2026-02-22,Micah Potter,Pacers,C,22,2,6,5,2,0,4,2
2026,2026-02-11,Karl-Anthony Towns,Knicks,C,26,21,11,5,1,1,2,3
2026,2026-02-04,Spencer Jones,Nuggets,F,12,0,3,0,1,1,0,1
2026,2026-01-17,Naz Reid,Timberwolves,C,5,0,0,0,1,0,0,0
2026,2025-12-07,Jordan Clarkson,Knicks,G,17,0,2,0,0,0,2,1
2026,2026-02-21,Bryce McGowens,Pelicans,G,27,13,1,1,0,0,0,4
2026,2026-02-09,LeBron James,Lakers,F,36,22,6,10,1,0,3,1
2026,2026-01-30,Sidy Cissoko,Trail Blazers,G,27,15,2,2,1,1,0,2
2026,2025-12-19,Jabari Walker,76ers,F,14,3,1,0,0,1,0,1
2026,2025-12-20,Taylor Hendricks,Jazz,F,11,6,2,0,0,0,0,3
2026,2025-12-18,Justin Champagnie,Wizards,F,18,5,9,0,0,1,1,0
2026,2026-03-10,Rui Hachimura,Lakers,F,24,9,1,1,0,0,0,5
2026,2026-04-09,Nikola Vucevic,Celtics,C,24,10,5,2,0,0,2,2
2026,2025-11-28,Jabari Walker,76ers,F,12,4,2,1,0,1,0,5
2026,2026-01-14,Mitchell Robinson,Knicks,C,19,8,11,0,1,1,0,3
2026,2026-02-07,Patrick Williams,Bulls,F,20,8,2,2,1,0,0,0
2026,2026-03-27,Ziaire Williams,Nets,F,25,16,2,2,3,0,1,4
2026,2025-11-10,Harrison Barnes,Spurs,F,28,7,3,2,1,1,1,1
2026,2025-12-20,Tre Mann,Hornets,G,18,3,4,3,2,0,2,3
2026,2026-03-08,Micah Peavy,Pelicans,G,4,2,0,0,0,0,0,1
2026,2026-03-12,Anthony Gill,Wizards,F,16,4,2,2,0,1,0,3
2026,2025-11-17,Bryce McGowens,Pelicans,G,13,4,3,0,0,0,0,3
2026,2026-01-09,Miles McBride,Knicks,G,39,17,2,2,3,0,1,4
2026,2026-02-20,Derik Queen,Pelicans,C,28,18,9,4,3,2,4,3
2026,2026-03-29,Jae'Sean Tate,Rockets,F,13,4,2,0,0,0,0,2
2026,2025-12-29,JD Davison,Rockets,G,2,2,0,1,1,0,1,1
2026,2025-11-03,Chris Boucher,Celtics,F,7,5,1,0,1,0,0,3
2026,2026-01-25,Jaden McDaniels,Timberwolves,F,28,3,3,1,1,0,4,3
2026,2025-12-27,Jamal Cain,Magic,F,5,7,1,0,0,0,0,1
2026,2026-03-16,Jordan McLaughlin,Spurs,G,10,3,2,1,0,0,0,0
2026,2025-12-01,Ausar Thompson,Pistons,G,30,8,7,1,1,1,1,2
2026,2026-02-03,Ousmane Dieng,Thunder,F,6,2,1,1,0,0,1,0
2026,2025-11-30,Hugo Gonzalez,Celtics,G,7,3,0,0,1,0,0,1
2026,2025-10-22,Alex Sarr,Wizards,C,26,10,11,3,0,0,1,1
2026,2025-11-07,Nickeil Alexander-Walker,Hawks,G,30,20,2,3,0,0,3,3
2026,2025-12-26,Dru Smith,Heat,G,19,6,3,1,3,0,0,2
2026,2026-02-26,Matas Buzelis,Bulls,F,36,20,7,4,2,1,4,4
2026,2025-11-12,Kyshawn George,Wizards,F,36,16,7,9,2,1,3,4
2026,2025-11-10,Jett Howard,Magic,G,19,3,2,2,0,1,0,1
2026,2025-12-05,Pete Nance,Bucks,F,1,0,0,0,0,0,0,0
2026,2025-11-28,De'Aaron Fox,Spurs,G,34,15,1,12,1,1,3,0
2026,2026-02-12,Thanasis Antetokounmpo,Bucks,F,3,0,1,0,0,0,0,0
2026,2026-01-26,Bones Hyland,Timberwolves,G,25,17,7,5,2,0,1,4
2026,2025-12-23,Onyeka Okongwu,Hawks,F,36,10,7,3,0,0,1,6
2026,2025-12-21,Trae Young,Hawks,G,26,35,1,9,0,0,2,3
2026,2026-03-05,Bilal Coulibaly,Wizards,G,34,17,3,2,3,0,3,3
2026,2025-12-09,Brandon Ingram,Raptors,F,39,31,6,6,2,0,3,1
2026,2026-03-19,Gary Harris,Bucks,G,8,6,0,1,1,0,2,2
2026,2026-03-22,Jaylen Brown,Celtics,G,35,29,7,4,0,0,3,1
2026,2026-02-09,Daniss Jenkins,Pistons,G,19,4,3,1,2,0,1,2
2026,2026-02-26,Collin Sexton,Bulls,G,18,10,0,3,1,0,3,5
2026,2026-01-18,Kentavious Caldwell-Pope,Grizzlies,G,17,7,1,1,3,0,1,2
2026,2026-03-31,Daniss Jenkins,Pistons,G,37,21,5,5,0,1,3,3
2026,2026-02-27,Aaron Wiggins,Thunder,G,8,2,2,0,2,0,1,1
2026,2026-01-28,Kevin Durant,Rockets,F,36,24,2,6,0,1,3,2
2026,2025-11-24,Gary Trent Jr.,Bucks,G,32,12,2,3,1,0,2,3
2026,2025-10-27,Keyonte George,Jazz,G,43,26,5,10,1,0,4,5
2026,2026-01-07,Kenrich Williams,Thunder,G,8,2,0,1,1,0,1,0
2026,2025-12-30,Yanic Konan Niederhauser,Clippers,C,25,16,6,2,0,1,1,1
2026,2026-03-19,VJ Edgecombe,76ers,G,39,38,7,11,2,0,1,2
2026,2026-02-01,Mikal Bridges,Knicks,G,30,10,0,2,1,0,0,1
2026,2026-03-25,Cameron Payne,76ers,PG,24,15,4,3,0,0,0,2
2026,2026-03-21,Naji Marshall,Mavericks,F,37,28,2,4,2,0,2,2
2026,2025-12-12,Kyshawn George,Wizards,F,26,15,2,3,1,1,2,5
2026,2025-11-26,Jalen Duren,Pistons,C,30,12,16,1,0,0,3,3
2026,2026-01-15,Josh Green,Hornets,G,14,0,3,2,1,1,0,0
2026,2026-01-02,Jamal Cain,Magic,F,15,8,3,0,0,0,0,5
2026,2026-01-02,Quenton Jackson,Pacers,G,1,0,0,0,0,0,0,0
2026,2026-02-27,Andre Jackson Jr.,Bucks,G,6,0,2,0,1,0,1,0
2026,2026-01-17,Carter Bryant,Spurs,F,6,0,2,1,0,0,0,0
2026,2026-01-23,T.J. McConnell,Pacers,G,19,6,2,3,2,0,0,3
2026,2026-02-07,Sion James,Hornets,G,17,3,3,4,1,0,0,4
2026,2026-02-27,Alex Caruso,Thunder,G,28,12,1,1,2,0,1,1
2026,2026-01-04,Desmond Bane,Magic,G,37,31,6,6,2,1,2,4
2026,2026-03-30,Matas Buzelis,Bulls,F,28,12,6,2,1,3,2,2
2026,2026-01-27,Walter Clayton Jr.,Jazz,G,19,5,2,2,0,1,2,2
2026,2026-02-27,Ariel Hukporti,Knicks,C,6,0,3,1,0,0,1,0
2026,2025-12-21,Amen Thompson,Rockets,G,45,18,9,8,3,0,2,2
2026,2026-01-06,Wendell Carter Jr.,Magic,C,20,2,7,3,0,0,1,3
2026,2025-10-26,Domantas Sabonis,Kings,F,31,10,14,3,3,0,2,5
2026,2026-01-02,Dillon Brooks,Suns,F,25,18,2,1,1,0,0,2
2026,2026-04-01,Peyton Watson,Nuggets,G,9,6,3,0,0,0,1,1
2026,2025-10-26,Ronald Holland II,Pistons,F,19,7,1,1,2,1,3,2
2026,2026-01-06,Rudy Gobert,Timberwolves,C,33,13,16,1,0,2,3,2
2026,2026-02-19,Dyson Daniels,Hawks,G,37,15,7,2,1,0,2,3
2026,2026-03-03,Jonathan Isaac,Magic,F,4,0,1,0,0,0,0,1
2026,2026-01-02,Day'Ron Sharpe,Nets,C,30,14,9,3,2,2,1,2
2026,2025-12-29,Jordan Hawkins,Pelicans,G,12,2,2,1,0,1,1,2
2026,2025-12-23,Jonas Valanciunas,Nuggets,C,14,8,1,1,0,0,1,1
2026,2026-03-11,Karlo Matkovic,Pelicans,F,13,4,3,0,1,0,0,1
2026,2025-10-30,Chris Youngblood,Thunder,G,6,0,1,0,0,0,0,0
2026,2026-01-01,Dennis Schroder,Kings,G,28,18,3,7,0,0,2,1
2026,2025-12-09,Guerschon Yabusele,Knicks,F,7,0,2,0,0,0,0,0
2026,2026-01-13,Jaylin Williams,Thunder,F,23,11,10,5,0,2,0,3
2026,2025-12-05,Anthony Davis,Mavericks,F,24,2,8,6,0,1,2,1
2026,2025-10-26,Khris Middleton,Wizards,F,20,11,3,1,1,0,2,3
2026,2026-03-31,Jordan Miller,Clippers,G,25,16,2,3,1,0,0,0
2026,2026-04-12,Justin Edwards,76ers,F,23,17,1,2,4,0,1,0
2026,2025-10-26,Ben Saraf,Nets,G,15,0,1,5,1,0,0,3
2026,2026-02-01,Devin Carter,Kings,G,16,4,3,2,2,0,1,1
2026,2026-03-18,Jalen Johnson,Hawks,F,37,17,11,9,2,0,4,2
2026,2025-12-04,Kyshawn George,Wizards,F,28,15,3,1,2,0,4,4
2026,2026-04-10,Chris Youngblood,Trail Blazers,G,2,0,0,0,0,0,0,1
2026,2026-01-15,Jake LaRavia,Lakers,F,37,18,3,3,2,0,2,2
2026,2025-10-22,Joel Embiid,76ers,C,20,4,6,2,0,1,0,2
2026,2026-02-12,Dalton Knecht,Lakers,F,2,0,1,0,0,0,0,0
2026,2025-12-23,Jaden Hardy,Mavericks,G,28,10,2,2,1,0,1,2
2026,2025-11-23,Keyonte George,Jazz,G,39,27,5,8,1,0,3,3
2026,2025-12-13,Shai Gilgeous-Alexander,Thunder,G,37,29,4,5,0,1,5,4
2026,2026-01-03,Alijah Martin,Raptors,G,1,0,0,0,0,0,0,0
2026,2025-11-17,Kyle Kuzma,Bucks,F,24,10,5,2,1,0,0,4
2026,2026-04-12,Rasheer Fleming,Suns,F,38,16,6,2,2,1,2,2
2026,2026-01-10,Andrew Nembhard,Pacers,G,29,29,6,9,2,0,0,0
2026,2025-12-30,Cedric Coward,Grizzlies,F,37,28,16,4,0,0,3,3
2026,2026-03-05,Davion Mitchell,Heat,G,23,2,2,4,2,0,0,3
2026,2025-10-30,Tristan da Silva,Magic,F,22,19,3,1,3,0,2,2
2026,2026-02-22,OG Anunoby,Knicks,F,34,9,9,2,2,1,1,2
2026,2025-12-01,Onyeka Okongwu,Hawks,F,36,20,6,4,1,3,3,4
2026,2025-11-22,Pacome Dadiet,Knicks,F,3,0,0,0,0,0,0,0
2026,2026-03-24,Jett Howard,Magic,G,16,5,1,2,0,0,0,2
2026,2025-12-29,Jaylen Clark,Timberwolves,G,19,11,4,0,3,1,0,0
2026,2026-02-15,Scottie Barnes,Team Stars,F,7,2,1,1,1,0,1,0
2026,2025-11-22,Max Christie,Mavericks,G,22,9,3,0,0,0,2,0
2026,2025-12-20,Kawhi Leonard,Clippers,F,42,32,12,3,3,2,3,2
2026,2025-11-21,Jordan Hawkins,Pelicans,G,12,3,2,1,0,0,1,0
2026,2026-03-27,Neemias Queta,Celtics,C,28,5,11,5,0,1,3,3
2026,2026-03-10,Gabe Vincent,Hawks,G,11,8,0,1,0,0,0,2
2026,2026-01-22,Tidjane Salaun,Hornets,F,18,13,5,0,0,0,0,1
2026,2026-03-27,Isaiah Jackson,Clippers,F,14,4,4,0,0,0,2,3
2026,2025-11-02,Julian Phillips,Bulls,F,6,0,0,0,0,0,0,0
2026,2026-02-02,Sion James,Hornets,G,19,3,5,0,0,0,1,2
2026,2026-01-31,Alperen Sengun,Rockets,C,35,14,14,7,0,0,2,4
2026,2025-12-31,Tyler Kolek,Knicks,G,15,3,3,6,0,0,0,3
2026,2026-01-17,Keyonte George,Jazz,G,37,29,1,6,2,1,1,1
2026,2026-04-10,Khris Middleton,Mavericks,F,25,14,3,3,0,0,0,2
2026,2026-04-03,Tre Mann,Hornets,G,4,4,1,0,0,0,0,0
2026,2025-11-11,Jaylen Wells,Grizzlies,F,29,18,3,4,2,0,1,1
2026,2025-11-02,Hunter Sallis,76ers,G,4,2,1,1,0,0,1,0
2026,2026-03-31,Derrick Jones Jr.,Clippers,F,23,1,3,2,0,3,0,3
2026,2026-03-06,Jose Alvarado,Knicks,G,11,4,1,3,0,0,0,1
2026,2025-11-03,Bam Adebayo,Heat,C,30,25,10,4,2,0,2,1
2026,2025-12-19,Quentin Grimes,76ers,G,18,5,1,1,1,1,2,1
2026,2026-02-19,Paolo Banchero,Magic,F,32,30,5,6,1,1,3,3
2026,2025-12-31,PJ Hall,Hornets,C,16,9,7,2,0,0,0,0
2026,2025-12-22,Caleb Martin,Mavericks,F,17,4,2,3,0,1,0,0
2026,2026-03-05,Immanuel Quickley,Raptors,G,30,18,3,7,1,0,2,3
2026,2026-04-04,Sharife Cooper,Wizards,G,25,20,2,7,0,0,3,2
2026,2026-02-07,Pat Spencer,Warriors,G,28,14,5,7,1,0,1,3
2026,2026-01-23,Christian Koloko,Hawks,C,12,2,1,0,0,2,2,2
2026,2025-12-27,Paolo Banchero,Magic,F,36,12,6,6,0,0,3,4
2026,2025-11-08,Marvin Bagley III,Wizards,F,17,10,5,1,0,1,2,1
2026,2026-04-07,Sam Hauser,Celtics,F,16,5,5,3,0,0,0,0
2026,2025-11-21,Brandon Ingram,Raptors,F,30,24,8,6,2,1,4,1
2026,2026-01-05,Bruce Brown,Nuggets,G,39,19,6,2,1,0,0,2
2026,2025-12-06,Caleb Martin,Mavericks,F,2,0,0,0,0,0,0,0
2026,2026-02-22,LaMelo Ball,Hornets,G,27,37,8,7,1,0,0,1
2026,2026-01-12,Donovan Mitchell,Cavaliers,G,34,21,3,2,1,0,0,2
2026,2025-12-04,Isaiah Collier,Jazz,G,15,3,1,3,0,0,2,2
2026,2026-04-05,Jericho Sims,Bucks,C,26,12,4,3,0,0,2,5
2026,2026-01-17,Duop Reath,Trail Blazers,C,13,5,5,0,0,1,0,1
2026,2025-11-19,Dominick Barlow,76ers,F,17,5,3,3,0,1,3,2
2026,2026-03-15,Caleb Martin,Mavericks,F,8,5,1,0,0,0,1,0
2026,2025-11-21,Anfernee Simons,Celtics,G,33,23,3,4,2,0,4,4
2026,2025-11-12,Shaedon Sharpe,Trail Blazers,G,30,35,5,3,2,0,1,2
2026,2026-03-23,Caris LeVert,Pistons,G,17,8,3,4,0,0,2,2
2026,2026-01-23,Rayan Rupert,Trail Blazers,G,16,0,1,1,0,0,0,0
2026,2026-04-01,Collin Murray-Boyles,Raptors,F,18,20,4,2,0,0,0,5
2026,2026-01-07,Tyler Kolek,Knicks,G,14,2,4,5,0,0,2,3
2026,2026-02-21,Marcus Sasser,Pistons,G,3,3,0,1,0,0,1,1
2026,2026-02-23,Keldon Johnson,Spurs,F,22,9,4,0,1,0,0,3
2026,2025-10-28,Corey Kispert,Wizards,F,25,13,5,1,0,0,1,1
2026,2026-02-01,Nikola Jokic,Nuggets,C,29,16,7,8,1,0,6,2
2026,2026-03-06,Alperen Sengun,Rockets,C,26,28,6,2,0,1,6,5
2026,2025-11-26,Derik Queen,Pelicans,C,23,10,2,9,1,1,1,1
2026,2025-10-25,Pascal Siakam,Pacers,F,26,13,6,6,0,1,2,3
2026,2026-03-18,Jalen Slawson,Pacers,F,37,17,7,4,1,3,0,3
2026,2025-10-27,Trae Young,Hawks,G,34,21,3,17,0,0,1,2
2026,2026-03-06,Clint Capela,Rockets,C,22,2,6,0,1,1,3,3
2026,2026-01-22,Jaxson Hayes,Lakers,C,17,6,2,0,0,1,1,2
2026,2025-11-09,Buddy Hield,Warriors,G,20,8,4,2,1,0,0,2
2026,2026-04-08,Caris LeVert,Pistons,G,20,7,3,4,1,2,1,0
2026,2025-12-13,Ajay Mitchell,Thunder,G,24,9,6,4,2,0,1,0
2026,2025-10-25,Desmond Bane,Magic,G,31,14,5,3,1,0,4,4
2026,2026-01-05,Jalen Pickett,Nuggets,G,42,29,5,7,0,0,4,3
2026,2025-11-12,Karl-Anthony Towns,Knicks,C,35,15,12,4,1,0,2,5
2026,2026-03-25,Dorian Finney-Smith,Rockets,F,6,0,1,0,0,0,1,0
2026,2025-12-18,Jaime Jaquez Jr.,Heat,F,29,19,5,1,0,0,3,1
2026,2026-03-31,Miles Bridges,Hornets,F,24,19,5,2,4,1,0,0
2026,2025-11-10,Austin Reaves,Lakers,G,29,24,5,7,2,0,1,2
2026,2026-03-04,John Konchar,Jazz,G,19,0,2,3,1,1,0,4
2026,2026-01-19,Drake Powell,Nets,G,25,11,1,3,0,0,1,1
2026,2025-11-02,Ryan Kalkbrenner,Hornets,C,22,2,4,0,4,4,1,1
2026,2025-12-14,Nikola Vucevic,Bulls,C,31,12,8,4,0,0,0,4
2026,2025-11-12,Moses Moody,Warriors,G,26,19,3,3,0,0,0,2
2026,2026-03-13,Khaman Maluach,Suns,C,4,2,1,1,0,0,0,0
2026,2025-12-18,Brook Lopez,Clippers,C,15,6,5,2,0,1,1,1
2026,2026-03-12,E.J. Liddell,Nets,F,13,4,6,0,0,2,2,2
2026,2026-03-21,Davion Mitchell,Heat,G,37,15,1,9,2,0,2,2
2026,2026-04-05,Kyle Anderson,Timberwolves,F,17,2,1,3,1,0,0,1
2026,2026-01-19,Jaylon Tyson,Cavaliers,G,33,16,10,4,0,0,4,1
2026,2026-02-01,Baylor Scheierman,Celtics,G,13,0,4,0,0,0,0,0
2026,2026-01-08,Aaron Nesmith,Pacers,G,35,16,5,2,1,1,2,5
2026,2026-03-02,Cam Thomas,Bucks,G,11,2,2,1,1,0,2,0
2026,2025-12-20,Ivica Zubac,Clippers,C,11,5,2,1,0,0,1,0
2026,2026-03-29,Alijah Martin,Raptors,G,13,8,4,1,1,1,0,0
2026,2025-11-05,Clint Capela,Rockets,C,16,6,10,2,0,0,0,2
2026,2026-01-18,Jaxson Hayes,Lakers,C,13,3,5,0,0,0,2,2
2026,2026-02-05,Kyle Filipowski,Jazz,F,28,15,17,1,0,0,3,5
2026,2025-12-23,Donovan Clingan,Trail Blazers,C,34,8,14,1,1,2,2,5
2026,2025-12-03,Tyler Herro,Heat,G,33,20,4,0,2,0,2,0
2026,2026-03-25,Davion Mitchell,Heat,G,32,11,2,3,1,1,2,2
2026,2025-11-01,Jonathan Isaac,Magic,F,16,8,6,0,0,0,1,1
2026,2025-12-09,Tyler Herro,Heat,G,34,20,7,3,0,0,1,2
2026,2025-12-27,Isaiah Livers,Suns,F,11,0,3,3,0,1,2,1
2026,2026-01-08,Walter Clayton Jr.,Jazz,G,21,12,0,3,2,0,0,2
2026,2026-03-29,Kristaps Porzingis,Warriors,C,29,23,3,2,1,0,2,1
2026,2025-11-28,Luka Doncic,Lakers,G,40,35,5,11,0,1,4,4
2026,2026-01-18,Yves Missi,Pelicans,C,30,10,6,3,1,2,0,2
2026,2025-12-02,Kenrich Williams,Thunder,G,17,5,2,2,0,0,1,1
2026,2025-12-31,Keldon Johnson,Spurs,F,31,19,8,0,2,0,1,1
2026,2026-03-20,Donovan Clingan,Trail Blazers,C,31,21,12,4,1,3,1,4
2026,2026-03-06,Tari Eason,Rockets,F,25,5,5,0,2,2,0,5
2026,2025-12-04,Anfernee Simons,Celtics,G,25,16,2,3,2,0,0,2
2026,2025-11-24,Tyrese Martin,Nets,G,27,4,7,5,1,0,0,2
2026,2025-12-21,Jamal Shead,Raptors,G,20,2,2,4,0,0,2,3
2026,2025-11-08,Ayo Dosunmu,Bulls,G,23,14,3,1,0,0,1,1
2026,2026-02-09,Onyeka Okongwu,Hawks,F,33,14,5,3,1,0,2,4
2026,2025-10-27,Jamal Murray,Nuggets,G,37,43,6,3,0,0,2,2
2026,2025-11-26,Jordan Clarkson,Knicks,G,14,8,2,0,1,0,0,5
2026,2025-11-30,Chet Holmgren,Thunder,C,30,19,9,1,1,3,2,6
2026,2025-11-14,D'Angelo Russell,Mavericks,G,39,28,6,5,2,0,7,3
2026,2025-12-14,Brandon Miller,Hornets,F,39,25,13,6,1,0,4,5
2026,2025-12-07,Branden Carlson,Thunder,C,24,13,6,0,0,1,1,2
2026,2026-01-23,Myles Turner,Bucks,C,29,17,7,2,1,6,1,4
2026,2026-02-24,Khaman Maluach,Suns,C,6,5,2,0,0,1,0,0
2026,2026-04-12,Leaky Black,Wizards,F,9,0,1,1,1,0,0,0
2026,2026-03-30,Kennedy Chandler,Jazz,G,40,12,4,5,0,1,5,2
2026,2025-11-05,OG Anunoby,Knicks,F,32,25,8,1,2,1,1,1
2026,2026-02-07,CJ McCollum,Hawks,G,28,12,1,3,1,0,1,2
2026,2025-10-28,Jahmir Young,Heat,G,3,0,0,1,0,0,0,1
2026,2026-03-18,Brook Lopez,Clippers,C,31,11,5,4,0,0,0,1
2026,2025-12-14,Pascal Siakam,Pacers,F,29,11,4,4,1,0,1,2
2026,2026-01-06,Sam Merrill,Cavaliers,G,31,19,4,2,0,0,1,2
2026,2026-04-03,Oscar Tshiebwe,Jazz,C,21,15,10,1,2,0,2,3
2026,2026-03-25,Ace Bailey,Jazz,G,29,15,5,3,2,2,1,3
2026,2026-02-21,Keegan Murray,Kings,F,36,20,2,2,1,1,1,3
2026,2025-12-19,Josh Minott,Celtics,F,7,2,1,0,2,0,1,2
2026,2026-01-16,Jaylon Tyson,Cavaliers,G,38,39,5,4,0,0,4,1
2026,2025-12-12,De'Andre Hunter,Cavaliers,F,27,15,4,0,0,0,0,1
2026,2026-01-31,Jaime Jaquez Jr.,Heat,F,32,20,6,7,2,1,4,4
2026,2025-12-20,VJ Edgecombe,76ers,G,35,26,6,4,0,0,2,4
2026,2026-04-12,Norman Powell,Heat,G,23,25,2,2,1,0,0,1
2026,2025-12-19,Jeremy Sochan,Spurs,F,10,0,1,0,0,0,0,1
2026,2026-03-16,Jaylen Wells,Grizzlies,F,23,16,3,1,1,0,2,0
2026,2026-03-13,Daniss Jenkins,Pistons,G,21,4,4,7,2,0,2,2
2026,2026-01-21,AJ Green,Bucks,G,32,15,3,1,0,0,2,2
2026,2026-02-25,Zeke Nnaji,Nuggets,F,7,0,3,0,0,1,0,1
2026,2026-03-22,Jrue Holiday,Trail Blazers,G,29,9,3,3,1,0,1,1
2026,2025-12-19,Keshad Johnson,Heat,F,1,3,0,0,0,0,0,0
2026,2025-10-25,Kon Knueppel,Hornets,G,30,14,3,1,0,0,3,4
2026,2026-02-28,Sidy Cissoko,Trail Blazers,G,7,0,0,1,0,0,0,1
2026,2026-04-12,Tyler Herro,Heat,G,22,5,10,8,1,0,3,1
2026,2026-04-10,Evan Mobley,Cavaliers,C,22,10,6,1,0,1,4,1
2026,2026-02-27,Nolan Traore,Nets,G,24,8,2,7,3,0,2,1
2026,2025-12-12,Nic Claxton,Nets,C,35,14,10,4,1,1,0,1
2026,2026-02-22,Josh Hart,Knicks,G,33,11,9,5,0,0,2,1
2026,2025-11-30,Evan Mobley,Cavaliers,C,39,27,14,4,0,0,1,1
2026,2026-04-05,Payton Pritchard,Celtics,G,30,17,1,3,3,0,1,2
2026,2026-04-12,Trevon Scott,Nets,F,26,8,3,1,1,0,2,2
2026,2026-02-04,Karl-Anthony Towns,Knicks,C,31,24,12,1,0,0,1,6
2026,2025-10-22,Keaton Wallace,Hawks,G,9,0,0,0,1,0,1,2
2026,2026-02-20,Day'Ron Sharpe,Nets,C,27,12,8,2,2,1,2,4
2026,2026-02-19,Day'Ron Sharpe,Nets,C,20,4,5,3,0,0,0,1
2026,2026-04-12,Jonas Valanciunas,Nuggets,C,19,16,11,4,0,1,1,2
2026,2026-01-22,Jaime Jaquez Jr.,Heat,F,26,4,5,3,0,0,2,2
2026,2026-01-20,Jarred Vanderbilt,Lakers,F,18,0,4,2,0,0,0,1
2026,2025-11-28,Dwight Powell,Mavericks,F,1,0,1,0,0,0,0,0
2026,2025-12-26,Tobias Harris,Pistons,F,27,16,7,4,1,0,0,2
2026,2026-03-10,Adem Bona,76ers,C,16,4,3,1,1,0,0,3
2026,2026-03-29,Gui Santos,Warriors,F,33,9,10,3,1,0,4,4
2026,2026-04-05,Dylan Cardwell,Kings,C,27,15,8,2,2,4,3,5
2026,2026-03-01,Brandon Williams,Mavericks,G,24,14,3,3,0,0,1,0
2026,2026-03-31,Kevin Durant,Rockets,F,35,27,6,8,0,2,2,1
2026,2026-01-22,Jamir Watkins,Wizards,G,18,3,5,1,1,1,1,3
2026,2026-02-11,Will Riley,Wizards,G,29,4,4,2,0,0,1,0
2026,2025-11-07,Kelly Olynyk,Spurs,F,6,2,1,0,0,0,0,0
2026,2026-01-20,Scottie Barnes,Raptors,F,39,26,7,11,0,0,4,1
2026,2026-02-21,Clint Capela,Rockets,C,11,4,1,0,1,1,0,0
2026,2026-02-09,Grant Williams,Hornets,F,25,12,2,5,1,1,1,4
2026,2025-11-07,E.J. Liddell,Nets,F,5,2,1,0,0,0,0,2
2026,2025-11-20,Bogdan Bogdanovic,Clippers,G,21,6,1,3,0,0,1,2
2026,2025-11-14,Will Richard,Warriors,G,16,10,1,0,2,1,0,4
2026,2025-12-14,Russell Westbrook,Kings,G,28,8,7,10,3,0,4,3
2026,2025-12-25,Kenrich Williams,Thunder,G,17,8,5,2,2,0,0,1
2026,2026-02-04,Karlo Matkovic,Pelicans,F,15,7,3,1,0,0,0,1
2026,2026-03-28,Carter Bryant,Spurs,F,11,4,1,2,0,0,0,0
2026,2026-04-07,Collin Murray-Boyles,Raptors,F,20,6,8,1,1,2,0,1
2026,2025-11-22,Noah Penda,Magic,F,2,0,1,0,0,0,0,0
2026,2025-12-10,Marcus Smart,Lakers,G,28,26,3,1,0,1,1,3
2026,2025-11-03,Tyler Kolek,Knicks,G,4,2,0,0,0,0,0,0
2026,2025-12-05,Ethan Thompson,Pacers,G,34,11,2,3,1,2,0,4
2026,2025-12-12,De'Anthony Melton,Warriors,G,20,9,2,1,1,0,1,3
2026,2025-11-10,Bryce McGowens,Pelicans,G,5,2,0,0,1,0,1,1
2026,2025-11-09,Clint Capela,Rockets,C,7,4,4,0,1,0,1,1
2026,2026-03-10,Ja'Kobe Walter,Raptors,G,21,6,2,1,2,1,0,1
2026,2025-11-16,Ziaire Williams,Nets,F,30,13,4,0,0,1,1,3
2026,2026-03-31,Moussa Diabate,Hornets,F,27,10,12,1,0,0,2,3
2026,2025-10-24,Stephen Curry,Warriors,G,27,35,6,3,1,2,4,1
2026,2025-11-11,Kyle Filipowski,Jazz,F,20,16,7,3,0,0,1,2
2026,2026-03-24,Dejounte Murray,Pelicans,G,28,7,5,12,1,0,1,3
2026,2025-11-11,Nique Clifford,Kings,G,14,5,3,2,0,0,1,2
2026,2025-11-18,Egor Demin,Nets,G,23,12,3,4,1,0,4,1
2026,2026-03-06,Brandon Miller,Hornets,F,34,22,13,5,2,1,3,3
2026,2026-03-05,Nolan Traore,Nets,G,25,9,3,9,0,0,3,1
2026,2026-03-11,Amen Thompson,Rockets,G,30,16,5,4,1,0,2,2
2026,2026-02-07,Jaylon Tyson,Cavaliers,G,27,10,6,0,0,0,3,1
2026,2026-03-30,Jahmai Mashack,Grizzlies,G,37,14,3,2,2,0,4,1
2026,2026-01-04,Cason Wallace,Thunder,G,18,3,0,0,0,0,0,3
2026,2025-12-03,Deni Avdija,Trail Blazers,F,36,27,8,7,1,0,4,4
2026,2025-10-26,Day'Ron Sharpe,Nets,C,15,6,3,1,2,0,4,4
2026,2026-01-02,Alex Sarr,Wizards,C,29,19,5,4,0,4,1,3
2026,2025-12-23,Bobby Portis,Bucks,F,32,14,9,2,0,0,1,1
2026,2025-11-26,Dillon Brooks,Suns,F,33,13,3,0,0,0,3,1
2026,2025-11-22,LaMelo Ball,Hornets,G,25,18,4,7,0,0,3,5
2026,2026-02-02,Andrew Nembhard,Pacers,G,32,7,1,8,1,1,3,1
2026,2026-03-06,Jalen Brunson,Knicks,G,34,9,3,15,1,0,1,3
2026,2026-03-04,Payton Pritchard,Celtics,G,24,0,2,0,0,0,2,2
2026,2026-02-24,Isaac Okoro,Bulls,F,27,7,2,2,1,0,0,0
2026,2026-02-03,Johni Broome,76ers,F,2,0,0,0,0,0,0,0
2026,2025-11-02,Andre Drummond,76ers,C,23,5,8,0,1,1,1,3
2026,2025-11-02,Evan Mobley,Cavaliers,C,35,14,8,5,3,1,3,1
2026,2025-12-12,Zach Collins,Bulls,F,20,16,8,2,0,1,1,1
2026,2025-11-04,Aaron Wiggins,Thunder,G,26,12,2,2,0,0,0,2
2026,2025-11-07,CJ McCollum,Wizards,G,28,25,2,3,1,0,3,4
2026,2025-12-11,Jeremiah Fears,Pelicans,G,25,19,7,4,1,0,3,3
2026,2026-01-22,Pat Connaughton,Hornets,G,4,0,0,1,0,0,0,0
2026,2026-01-15,Cody Williams,Jazz,F,31,13,6,0,1,0,1,2
2026,2026-01-29,Bones Hyland,Timberwolves,G,23,9,4,1,2,0,5,3
2026,2026-03-31,Marcus Sasser,Pistons,G,8,8,0,1,0,0,1,1
2026,2026-03-04,Matisse Thybulle,Trail Blazers,G,13,0,3,1,1,0,1,3
2026,2025-12-13,Luke Kornet,Spurs,C,24,2,8,1,1,0,0,1
2026,2026-03-28,Zaccharie Risacher,Hawks,F,19,13,2,0,0,0,0,1
2026,2026-03-18,T.J. McConnell,Pacers,G,20,7,5,10,1,0,2,2
2026,2026-02-05,De'Aaron Fox,Spurs,G,32,17,3,7,0,0,2,3
2026,2025-12-23,Tyus Jones,Magic,G,35,16,4,7,1,0,0,3
2026,2026-02-27,Jahmai Mashack,Grizzlies,G,23,8,3,1,1,1,0,3
2026,2026-01-26,Rob Dillingham,Timberwolves,G,5,0,1,1,1,0,1,0
2026,2026-03-12,Jalen Green,Suns,G,34,36,3,4,4,0,5,2
2026,2025-11-07,Anthony Gill,Wizards,F,2,3,0,0,0,0,1,0
2026,2026-03-01,Yanic Konan Niederhauser,Clippers,C,20,7,6,0,0,1,0,5
2026,2025-10-27,Michael Porter Jr.,Nets,F,28,18,4,2,0,0,3,3
2026,2025-11-28,Drake Powell,Nets,G,21,4,1,1,0,0,1,2
2026,2026-03-20,Cameron Johnson,Nuggets,F,31,6,5,2,2,0,1,1
2026,2026-02-10,Josh Hart,Knicks,G,41,15,11,11,2,1,3,3
2026,2026-01-25,Bobi Klintman,Pistons,F,3,0,0,0,0,0,0,1
2026,2025-12-31,Thomas Bryant,Cavaliers,C,4,3,0,0,0,0,0,0
2026,2026-01-26,Sion James,Hornets,G,19,0,1,1,0,0,1,1
2026,2025-12-27,Jarrett Allen,Cavaliers,C,18,6,4,2,2,1,2,2
2026,2026-02-24,Luguentz Dort,Thunder,G,34,15,5,3,1,0,1,3
2026,2026-03-25,Cody Williams,Jazz,F,37,24,4,1,2,1,4,1
2026,2026-03-21,Adem Bona,76ers,C,27,16,5,0,1,2,0,3
2026,2026-03-21,Keon Ellis,Cavaliers,G,23,7,2,1,1,0,1,3
2026,2026-03-13,Cooper Flagg,Mavericks,F,29,25,4,5,0,0,3,0
2026,2026-03-04,Jaylin Williams,Thunder,F,18,8,5,2,0,0,1,2
2026,2025-11-19,Tony Bradley,Pacers,C,4,2,0,0,0,0,0,3
2026,2026-01-11,Jaren Jackson Jr.,Grizzlies,F,30,14,5,2,0,3,3,4
2026,2025-12-23,Michael Porter Jr.,Nets,F,34,28,5,1,2,0,3,4
2026,2025-10-21,Alex Caruso,Thunder,G,30,8,2,3,2,1,0,2
2026,2026-03-28,Ousmane Dieng,Bucks,F,36,12,6,5,4,0,4,1
2026,2026-03-23,Isaiah Joe,Thunder,G,19,9,2,1,2,0,0,2
2026,2025-10-26,Bam Adebayo,Heat,C,38,19,13,3,1,0,6,1
2026,2025-12-14,Luka Doncic,Lakers,G,38,29,3,6,1,0,6,3
2026,2025-12-29,Matas Buzelis,Bulls,F,24,13,5,2,0,1,2,2
2026,2025-11-30,Saddiq Bey,Pelicans,G,33,22,11,3,1,0,1,0
2026,2025-11-26,Jaden McDaniels,Timberwolves,F,30,10,6,3,0,0,3,4
2026,2026-04-10,Brandon Miller,Hornets,F,31,22,3,0,4,0,1,4
2026,2025-12-19,Jalen Williams,Thunder,G,32,17,7,2,2,1,4,5
2026,2025-11-22,Cedric Coward,Grizzlies,F,25,9,2,1,0,0,0,1
2026,2026-02-08,Myron Gardner,Heat,F,21,10,7,6,2,0,2,3
2026,2026-01-17,Tidjane Salaun,Hornets,F,17,2,4,2,0,0,1,3
2026,2025-10-26,Dru Smith,Heat,G,18,6,2,0,1,0,1,1
2026,2025-12-04,Adou Thiero,Lakers,F,10,4,1,1,1,0,0,0
2026,2026-01-07,OG Anunoby,Knicks,F,32,20,3,0,1,0,2,3
2026,2025-11-05,Kelly Oubre Jr.,76ers,G,38,19,3,2,2,0,1,4
2026,2025-12-16,Julian Champagnie,Spurs,F,25,3,2,1,1,1,0,1
2026,2026-03-27,Mouhamed Gueye,Hawks,F,10,3,1,0,1,1,0,1
2026,2026-02-03,Christian Braun,Nuggets,G,26,6,0,2,0,0,0,3
2026,2025-11-18,Rasheer Fleming,Suns,F,10,4,6,0,0,0,2,0
2026,2025-12-29,Egor Demin,Nets,G,32,23,3,3,1,0,3,4
2026,2026-03-14,Jamal Murray,Nuggets,G,36,5,6,6,2,0,2,6
2026,2025-11-21,Trayce Jackson-Davis,Warriors,F,3,2,0,0,0,0,0,0
2026,2026-01-04,Jake LaRavia,Lakers,F,35,26,5,4,1,0,0,2
2026,2026-01-17,Myron Gardner,Heat,F,15,11,5,1,0,1,0,2
2026,2025-12-06,Thomas Bryant,Cavaliers,C,12,2,6,0,0,0,0,2
2026,2025-11-07,Tyus Jones,Magic,G,8,0,1,0,0,0,0,1
2026,2026-02-19,Ziaire Williams,Nets,F,22,2,2,1,1,0,1,0
2026,2026-03-27,Jake LaRavia,Lakers,F,18,0,2,0,1,0,2,4
2026,2025-12-26,Wendell Carter Jr.,Magic,C,28,16,8,1,1,1,1,4
2026,2025-10-24,Payton Pritchard,Celtics,G,36,8,5,6,1,0,1,3
2026,2025-12-27,Ethan Thompson,Pacers,G,12,0,3,0,0,0,3,3
2026,2025-12-18,Ryan Dunn,Suns,F,17,4,2,2,0,1,2,2
2026,2026-02-04,Kobe Sanders,Clippers,G,20,4,2,2,1,0,2,3
2026,2026-03-02,Bennedict Mathurin,Clippers,G,31,17,7,0,1,1,4,2
2026,2026-04-10,David Roddy,Nuggets,F,26,21,2,0,2,1,2,2
2026,2025-12-18,Jamal Shead,Raptors,G,23,8,2,11,0,0,3,2
2026,2026-03-10,Doug McDermott,Kings,F,4,0,0,0,0,0,0,0
2026,2025-11-07,Ryan Kalkbrenner,Hornets,C,27,10,5,0,0,4,3,1
2026,2026-03-07,Jared McCain,Thunder,G,13,9,2,1,0,0,0,3
2026,2026-04-08,Royce O'Neale,Suns,F,23,14,4,1,0,1,0,1
2026,2026-02-11,Maxime Raynaud,Kings,C,28,7,4,1,1,1,0,2
2026,2026-02-09,LaMelo Ball,Hornets,G,29,20,4,4,0,0,3,5
2026,2026-02-07,Brandon Miller,Hornets,F,35,16,6,4,1,1,4,4
2026,2026-03-21,Donovan Mitchell,Cavaliers,G,39,27,7,3,1,0,1,1
2026,2025-11-13,Lauri Markkanen,Jazz,F,36,40,7,2,1,0,4,3
2026,2025-12-15,Jahmai Mashack,Grizzlies,G,2,0,0,0,0,0,1,0
2026,2026-01-17,Royce O'Neale,Suns,F,30,10,5,2,1,0,1,1
2026,2026-02-07,Zeke Nnaji,Nuggets,F,2,0,1,0,0,0,0,0
2026,2026-01-05,Isaac Okoro,Bulls,F,25,5,3,1,0,1,1,1
2026,2026-01-03,Nikola Vucevic,Bulls,C,34,28,7,8,0,1,2,2
2026,2026-02-23,GG Jackson,Grizzlies,F,26,16,6,1,0,1,2,0
2026,2026-03-25,Ben Sheppard,Pacers,G,18,13,2,2,1,0,0,3
2026,2026-01-09,Maxi Kleber,Lakers,F,3,0,2,1,0,0,0,1
2026,2025-12-29,Caleb Love,Trail Blazers,G,34,24,3,2,0,0,1,1
2026,2026-03-10,Khaman Maluach,Suns,C,15,8,0,0,0,0,1,1
2026,2026-03-10,Royce O'Neale,Suns,F,32,21,5,4,2,0,2,3
2026,2025-12-23,Caris LeVert,Pistons,G,19,5,3,4,2,3,2,2
2026,2026-03-03,Dejounte Murray,Pelicans,G,28,15,8,8,1,1,3,3
2026,2026-02-04,Josh Okogie,Rockets,G,17,2,1,0,1,0,0,0
2026,2026-02-09,Toumani Camara,Trail Blazers,F,27,30,3,1,3,0,3,3
2026,2025-11-07,Clint Capela,Rockets,C,6,0,3,1,0,1,0,0
2026,2026-02-11,Scotty Pippen Jr.,Grizzlies,G,18,8,0,3,1,1,2,5
2026,2026-02-19,Bennedict Mathurin,Clippers,G,34,38,5,4,3,0,3,4
2026,2026-03-23,Keldon Johnson,Spurs,F,24,21,6,1,0,0,1,2
2026,2025-10-27,Walter Clayton Jr.,Jazz,G,23,6,3,2,0,0,2,6
2026,2026-04-01,Jordan Clarkson,Knicks,G,11,8,1,0,0,0,0,0
2026,2026-02-11,Keshon Gilbert,Wizards,G,6,2,1,0,2,0,2,0
2026,2026-01-26,Adem Bona,76ers,C,16,2,2,0,2,0,1,3
2026,2025-12-06,Brandin Podziemski,Warriors,G,21,10,3,2,1,0,1,1
2026,2025-12-28,Quentin Grimes,76ers,G,22,13,2,3,0,0,1,4
2026,2026-03-29,RJ Barrett,Raptors,F,26,24,3,3,3,0,1,4
2026,2026-04-10,Jase Richardson,Magic,G,6,8,0,0,3,0,0,1
2026,2026-01-02,Ryan Rollins,Bucks,G,37,29,4,8,3,1,1,3
2026,2026-01-17,Harrison Barnes,Spurs,F,29,8,8,0,0,0,1,2
2026,2025-11-18,Jake LaRavia,Lakers,F,26,16,4,2,1,0,0,1
2026,2026-01-22,Peyton Watson,Nuggets,G,40,35,8,3,2,4,1,2
2026,2026-03-12,Jett Howard,Magic,G,20,10,6,2,0,0,1,1
2026,2026-02-21,Paul Reed,Pistons,F,19,15,9,0,1,1,1,2
2026,2026-04-07,Jordan Hawkins,Pelicans,G,23,25,6,4,3,1,1,0
2026,2025-11-04,Andre Jackson Jr.,Bucks,G,6,0,1,2,1,0,0,0
2026,2026-03-09,Riley Minix,Cavaliers,F,4,0,0,0,0,0,1,0
2026,2026-02-15,LeBron James,Team Stripes,F,6,5,4,0,0,0,2,0
2026,2026-01-27,Brooks Barnhizer,Thunder,F,5,0,1,0,0,0,0,0
2026,2026-03-25,Lachlan Olbrich,Bulls,C,6,2,2,0,0,0,0,0
2026,2026-03-18,Jay Huff,Pacers,C,21,11,2,1,0,1,0,3
2026,2025-12-27,Rob Dillingham,Timberwolves,G,11,7,1,1,0,0,1,0
2026,2026-03-01,Derrick White,Celtics,G,39,21,6,8,2,2,4,4
2026,2026-03-04,Mohamed Diawara,Knicks,F,13,9,3,0,1,0,2,1
2026,2026-03-20,Immanuel Quickley,Raptors,G,34,15,4,8,3,0,1,2
2026,2026-03-31,Coby White,Hornets,G,21,16,2,5,0,0,3,3
2026,2026-04-02,Robert Williams III,Trail Blazers,C,23,6,9,1,0,3,0,1
2026,2026-03-15,Luguentz Dort,Thunder,G,18,3,0,0,1,0,0,0
2026,2026-03-31,RJ Barrett,Raptors,F,31,24,6,2,1,0,2,1
2026,2026-02-10,Jordan Clarkson,Knicks,G,13,4,0,0,0,0,1,1
2026,2026-01-02,T.J. McConnell,Pacers,G,18,14,2,3,2,0,1,1
2026,2025-11-20,Tristan da Silva,Magic,F,30,17,8,1,0,0,0,2
2026,2025-12-20,Luka Garza,Celtics,C,26,12,10,2,0,1,1,4
2026,2026-02-12,Yang Hansen,Trail Blazers,C,3,2,0,0,0,0,0,1
2026,2025-11-28,Oso Ighodaro,Suns,F,22,6,6,4,1,1,0,4
2026,2026-02-01,Paolo Banchero,Magic,F,35,19,10,4,1,0,4,1
2026,2026-02-11,Blake Wesley,Trail Blazers,G,24,4,4,6,1,0,2,0
2026,2025-12-20,Draymond Green,Warriors,F,8,4,3,1,1,1,1,0
2026,2026-01-12,Jarrett Allen,Cavaliers,C,32,8,4,3,1,0,2,1
2026,2025-11-10,Jeremy Sochan,Spurs,F,10,1,1,0,1,0,0,0
2026,2025-12-01,Khaman Maluach,Suns,C,2,0,0,0,0,0,0,0
2026,2025-10-29,Brandon Williams,Mavericks,G,22,20,7,2,0,1,2,3
2026,2025-11-26,Jamal Shead,Raptors,G,17,2,2,3,1,0,1,3
2026,2026-01-29,Justin Edwards,76ers,F,7,3,1,0,0,0,0,1
2026,2025-11-17,Jeremiah Fears,Pelicans,G,25,24,1,1,0,0,3,2
2026,2025-11-12,Brooks Barnhizer,Thunder,F,8,2,2,0,0,0,0,1
2026,2025-12-23,Jake LaRavia,Lakers,F,29,12,5,1,2,2,2,2
2026,2026-01-21,Christian Koloko,Hawks,C,11,5,1,0,1,1,1,3
2026,2025-12-07,Collin Murray-Boyles,Raptors,F,6,0,2,1,0,0,1,1
2026,2026-04-10,AJ Johnson,Mavericks,G,20,13,1,2,0,1,1,1
2026,2026-03-03,Tre Johnson,Wizards,G,24,9,0,1,0,1,3,3
2026,2025-11-24,Kyle Filipowski,Jazz,F,16,11,9,1,0,1,0,0
2026,2026-01-07,Cam Spencer,Grizzlies,G,27,14,3,5,2,0,3,0
2026,2025-12-26,CJ McCollum,Wizards,G,31,21,3,4,0,0,1,2
2026,2026-04-12,Devin Vassell,Spurs,G,33,19,4,2,2,0,3,1
2026,2026-01-10,Miles Bridges,Hornets,F,22,15,7,5,0,0,0,1
2026,2026-04-06,Sam Merrill,Cavaliers,G,28,21,2,2,3,0,0,0
2026,2026-02-11,Tristan da Silva,Magic,F,23,5,4,0,0,1,1,3
2026,2025-12-18,Dyson Daniels,Hawks,G,32,14,3,6,1,0,2,1
2026,2026-03-07,Gabe Vincent,Hawks,G,4,0,0,1,0,0,2,2
2026,2025-11-19,Simone Fontecchio,Heat,F,19,10,4,2,1,0,4,0
2026,2025-11-09,Tristan da Silva,Magic,F,23,12,5,0,0,0,0,0
2026,2026-03-03,Moritz Wagner,Magic,F,16,10,3,0,0,0,0,2
2026,2026-02-24,Craig Porter Jr.,Cavaliers,G,3,0,1,0,0,0,0,1
2026,2026-03-23,Jarace Walker,Pacers,F,33,20,5,2,0,0,1,1
2026,2026-03-22,Jamison Battle,Raptors,F,11,7,2,0,0,0,1,1
2026,2025-10-28,Sion James,Hornets,G,23,8,3,0,1,0,0,0
2026,2025-12-14,Jaden McDaniels,Timberwolves,F,38,21,4,2,2,0,2,4
2026,2026-01-12,Kawhi Leonard,Clippers,F,31,35,5,3,0,0,1,0
2026,2025-11-09,Precious Achiuwa,Kings,PF,29,12,10,0,0,1,1,3
2026,2025-11-18,Brandin Podziemski,Warriors,G,27,5,6,0,0,0,0,2
2026,2026-03-25,GG Jackson,Grizzlies,F,30,20,7,2,2,1,0,1
2026,2025-12-21,Jordan Clarkson,Knicks,G,18,10,2,1,0,0,2,2
2026,2026-01-11,Robert Williams III,Trail Blazers,C,16,12,4,2,1,2,1,0
2026,2026-01-30,Spencer Jones,Nuggets,F,35,4,6,1,1,1,0,3
2026,2025-11-07,Johnny Juzang,Timberwolves,G,5,0,0,0,0,0,1,0
2026,2025-12-30,Lauri Markkanen,Jazz,F,38,22,9,2,2,1,0,1
2026,2025-11-07,Keon Ellis,Kings,G,12,3,1,0,0,0,0,3
2026,2025-11-25,Jacob Toppin,Hawks,F,7,2,0,0,0,0,0,0
2026,2026-01-13,Pelle Larsson,Heat,G,27,2,3,2,0,0,0,2
2026,2026-01-17,Stephon Castle,Spurs,G,28,8,6,9,3,0,2,6
2026,2025-10-26,Dwight Powell,Mavericks,F,2,2,2,2,0,0,1,0
2026,2026-01-21,Ron Harper Jr.,Celtics,G,2,2,0,0,0,0,0,0
2026,2025-11-26,Isaiah Hartenstein,Thunder,C,28,15,7,2,1,1,0,1
2026,2026-01-21,Ariel Hukporti,Knicks,C,11,2,5,0,0,1,0,1
2026,2025-11-12,Anfernee Simons,Celtics,G,22,6,4,7,0,0,1,0
2026,2025-11-09,Kentavious Caldwell-Pope,Grizzlies,G,23,9,4,3,1,1,1,4
2026,2026-04-01,RJ Barrett,Raptors,F,36,20,5,6,0,1,5,4
2026,2025-10-29,Terance Mann,Nets,G,30,11,5,6,1,0,2,5
2026,2025-12-29,Julius Randle,Timberwolves,F,28,17,5,14,1,0,0,2
2026,2026-02-05,Jase Richardson,Magic,G,23,1,1,2,2,0,0,2
2026,2025-11-19,Drew Peterson,Hornets,F,19,4,3,0,1,0,0,1
2026,2026-01-01,Drake Powell,Nets,G,25,8,0,1,1,0,2,2
2026,2025-12-03,Kawhi Leonard,Clippers,F,35,21,6,5,2,0,3,0
2026,2026-03-20,Terrence Shannon Jr.,Timberwolves,G,11,0,1,1,0,0,0,1
2026,2025-11-12,Ron Harper Jr.,Celtics,G,4,6,0,0,0,1,0,1
2026,2025-12-20,Javonte Green,Pistons,G,14,2,3,1,3,0,0,0
2026,2025-12-01,Ryan Nembhard,Mavericks,G,35,28,3,10,0,0,0,4
2026,2025-12-03,Drake Powell,Nets,G,13,5,1,2,0,0,1,0
2026,2025-12-29,Robert Williams III,Trail Blazers,C,20,8,8,2,0,1,2,1
2026,2026-01-27,Tim Hardaway Jr.,Nuggets,G,32,14,4,3,0,0,0,1
2026,2026-01-07,Dalen Terry,Bulls,F,12,0,0,1,1,1,0,2
2026,2026-01-09,VJ Edgecombe,76ers,G,40,6,9,7,2,0,1,3
2026,2026-03-29,Noah Clowney,Nets,F,20,15,7,1,2,2,1,1
2026,2026-03-05,Trevor Keels,Heat,G,0,0,0,0,0,0,0,0
2026,2025-12-23,Nicolas Batum,Clippers,F,25,6,0,0,0,0,1,2
2026,2026-01-14,Aaron Nesmith,Pacers,G,31,6,5,2,1,1,4,2
2026,2026-02-06,Donte DiVincenzo,Timberwolves,G,26,6,3,2,1,0,2,2
2026,2026-03-06,Caleb Martin,Mavericks,F,16,4,3,0,0,0,1,1
2026,2025-12-02,Sandro Mamukelashvili,Raptors,F,19,6,7,2,0,1,1,1
2026,2026-03-28,Jock Landale,Hawks,C,34,19,13,4,0,2,1,4
2026,2026-02-11,Kevin Porter Jr.,Bucks,G,39,18,10,11,0,2,3,1
2026,2026-03-06,Jordan Miller,Clippers,G,25,11,2,6,1,0,0,0
2026,2025-11-02,Jeremiah Fears,Pelicans,G,26,16,4,4,0,0,5,2
2026,2025-12-21,Ziaire Williams,Nets,F,14,2,1,0,3,1,3,0
2026,2026-02-24,Baylor Scheierman,Celtics,G,32,11,11,2,1,0,2,2
2026,2025-11-24,Toumani Camara,Trail Blazers,F,32,13,7,3,2,1,2,1
2026,2025-12-19,Stephon Castle,Spurs,G,24,17,2,7,0,1,3,0
2026,2026-02-06,Simone Fontecchio,Heat,F,19,2,2,0,1,1,0,1
2026,2026-02-01,Kobe Sanders,Clippers,G,31,12,2,4,0,0,2,3
2026,2025-11-28,Peyton Watson,Nuggets,G,34,15,6,3,1,1,1,3
2026,2026-01-07,Jeremy Sochan,Spurs,F,11,6,0,1,0,0,0,3
2026,2025-12-06,Jae'Sean Tate,Rockets,F,17,5,3,3,1,0,1,3
2026,2025-11-22,Isaiah Stewart,Pistons,F,23,7,2,1,0,3,0,3
2026,2026-03-11,Sandro Mamukelashvili,Raptors,F,21,8,5,1,0,1,1,2
2026,2026-02-26,Leonard Miller,Bulls,F,23,11,3,2,0,2,2,2
2026,2025-11-30,Yves Missi,Pelicans,C,24,2,6,1,0,0,2,4
2026,2026-03-10,Kam Jones,Pacers,G,27,14,4,9,2,0,2,4
2026,2026-03-13,Tyler Smith,Mavericks,F,6,0,1,0,0,0,1,0
2026,2026-01-22,Justin Champagnie,Wizards,F,18,3,2,3,1,0,0,1
2026,2026-03-19,Russell Westbrook,Kings,G,27,11,3,8,1,2,4,1
2026,2026-02-27,OG Anunoby,Knicks,F,28,24,3,3,2,0,1,3
2026,2026-02-26,Ochai Agbaji,Nets,G,16,0,2,1,0,0,0,0
2026,2025-11-10,Duop Reath,Trail Blazers,C,4,0,0,0,0,0,0,3
2026,2026-01-27,Mikal Bridges,Knicks,G,38,18,3,5,0,0,1,1
2026,2026-03-22,Oso Ighodaro,Suns,F,26,6,7,1,1,3,1,2
2026,2026-01-18,Jordan Poole,Pelicans,G,25,13,4,2,0,0,2,1
2026,2025-11-03,Naji Marshall,Mavericks,F,22,9,2,2,2,0,0,3
2026,2025-10-24,Reed Sheppard,Rockets,G,20,9,2,1,3,0,3,2
2026,2026-02-03,Noah Clowney,Nets,F,21,6,4,2,0,0,2,1
2026,2026-03-13,Ariel Hukporti,Knicks,C,14,0,1,1,0,0,0,3
2026,2025-10-27,Carter Bryant,Spurs,F,11,3,0,0,0,1,2,1
2026,2026-04-01,Jabari Walker,76ers,F,3,0,2,0,0,0,1,0
2026,2025-12-10,Jaxson Hayes,Lakers,C,12,2,3,0,0,1,0,1
2026,2025-11-19,Quentin Grimes,76ers,G,32,21,2,2,2,0,1,2
2026,2025-11-05,Neemias Queta,Celtics,C,24,15,12,5,1,1,0,4
2026,2026-03-02,Dorian Finney-Smith,Rockets,F,27,5,6,1,1,0,0,2
2026,2026-03-30,Gabe Vincent,Hawks,G,14,2,1,1,1,0,1,2
2026,2025-11-24,Kyle Kuzma,Bucks,F,27,15,6,0,0,0,0,2
2026,2026-03-25,Jayson Tatum,Celtics,F,35,19,12,7,3,1,5,2
2026,2025-11-03,Tristan Vukcevic,Wizards,F,4,4,0,2,1,1,0,2
2026,2026-03-22,Ayo Dosunmu,Timberwolves,G,32,17,8,6,1,2,2,3
2026,2025-12-31,Kenrich Williams,Thunder,G,12,3,2,3,1,0,1,0
2026,2026-02-07,Harrison Barnes,Spurs,F,22,9,1,1,0,0,0,0
2026,2025-12-12,Tidjane Salaun,Hornets,F,17,5,2,3,2,0,0,1
2026,2025-11-07,Jalen Pickett,Nuggets,G,5,0,2,3,0,0,0,0
2026,2026-02-22,Kelly Oubre Jr.,76ers,G,35,18,5,2,4,0,2,2
2026,2025-10-24,PJ Hall,Grizzlies,C,14,7,3,0,0,1,0,3
2026,2025-12-27,P.J. Washington,Mavericks,F,34,17,5,1,0,4,2,1
2026,2026-03-25,Leonard Miller,Bulls,F,21,15,7,2,0,0,1,3
2026,2026-02-01,Isaiah Collier,Jazz,G,30,19,4,7,2,1,3,1
2026,2025-11-21,Clint Capela,Rockets,C,4,0,0,0,1,0,0,0
2026,2025-12-23,Maxi Kleber,Lakers,F,9,2,2,1,0,0,1,0
2026,2026-03-29,Daeqwon Plowden,Kings,G,26,2,2,3,1,0,1,5
2026,2026-03-19,Marcus Sasser,Pistons,G,14,2,1,5,0,0,0,2
2026,2025-12-23,Lindy Waters III,Spurs,F,2,3,0,0,0,0,0,0
2026,2026-01-15,Moritz Wagner,Magic,F,14,7,4,0,0,0,1,1
2026,2025-10-30,Amir Coffey,Bucks,G,13,0,3,0,0,0,0,1
2026,2025-11-16,Ryan Dunn,Suns,F,24,12,4,4,2,0,1,4
2026,2026-02-05,Rui Hachimura,Lakers,F,35,14,7,1,0,0,0,2
2026,2026-02-26,Danny Wolf,Nets,F,22,14,5,2,0,0,1,3
2026,2025-12-17,Craig Porter Jr.,Cavaliers,G,18,4,2,4,3,0,1,1
2026,2026-01-24,Jaxson Hayes,Lakers,C,15,6,1,1,0,1,0,2
2026,2026-01-29,Bub Carrington,Wizards,G,29,13,4,6,1,0,3,0
2026,2026-03-13,Dejounte Murray,Pelicans,G,31,35,7,4,1,0,2,3
2026,2026-01-21,A.J. Lawson,Raptors,G,3,0,1,0,0,0,1,1
2026,2025-11-28,Bub Carrington,Wizards,G,27,6,7,3,0,0,1,1
2026,2025-10-22,Bobby Portis,Bucks,F,17,2,6,1,0,0,0,0
2026,2025-12-20,Tobias Harris,Pistons,F,27,16,5,3,1,1,1,2
2026,2025-10-22,Jonathan Isaac,Magic,F,7,0,1,0,1,0,0,0
2026,2026-03-22,Leaky Black,Wizards,F,17,3,3,1,1,0,1,1
2026,2026-04-02,Ryan Kalkbrenner,Hornets,C,23,8,7,1,1,4,0,1
2026,2026-03-15,Bez Mbeng,Jazz,G,33,2,3,3,2,1,3,5
2026,2025-11-12,Nikola Jokic,Nuggets,C,34,55,12,6,1,1,2,1
2026,2025-11-17,Cameron Johnson,Nuggets,F,37,19,4,3,0,0,0,0
2026,2026-04-05,TyTy Washington Jr.,Clippers,G,5,0,1,0,0,0,0,1
2026,2026-01-29,Jordan Goodwin,Suns,G,23,2,4,3,2,0,1,2
2026,2026-03-14,Jamal Cain,Magic,F,19,12,7,0,0,1,2,2
2026,2026-01-30,Jock Landale,Grizzlies,C,31,12,8,0,1,0,1,2
2026,2025-12-23,Tobias Harris,Pistons,F,29,24,4,4,0,0,1,0
2026,2026-01-23,Jaylen Wells,Grizzlies,F,25,11,3,3,1,0,5,2
2026,2026-04-05,Cam Christie,Clippers,G,7,2,2,1,0,0,1,1
2026,2026-03-21,Luka Doncic,Lakers,G,38,33,5,8,4,1,4,2
2026,2026-03-01,Tobias Harris,Pistons,F,33,23,7,1,2,1,0,1
2026,2025-10-27,Jonas Valanciunas,Nuggets,C,10,4,4,0,0,1,1,3
2026,2026-02-07,DaRon Holmes II,Nuggets,F,1,0,0,0,0,0,0,0
2026,2026-03-16,Rasheer Fleming,Suns,F,15,1,3,0,0,2,0,1
2026,2026-03-23,Jabari Walker,76ers,F,10,4,4,1,0,0,0,1
2026,2026-01-23,Onyeka Okongwu,Hawks,F,36,25,5,5,2,0,3,2
2026,2025-12-28,Alex Caruso,Thunder,G,16,7,1,0,0,0,0,0
2026,2026-04-05,Bones Hyland,Timberwolves,G,29,18,6,6,2,1,2,1
2026,2026-02-09,Rudy Gobert,Timberwolves,C,33,18,6,1,0,1,2,4
2026,2025-10-30,Luguentz Dort,Thunder,G,26,7,6,1,2,0,0,0
2026,2025-12-23,Bruce Brown,Nuggets,G,26,13,7,3,1,1,2,3
2026,2026-02-03,Kyle Filipowski,Jazz,F,36,16,16,5,3,1,4,5
2026,2025-11-22,Mikal Bridges,Knicks,G,38,18,7,2,2,1,1,1
2026,2026-03-07,Brooks Barnhizer,Thunder,F,12,2,1,2,0,0,0,0
2026,2026-01-23,Jay Huff,Pacers,C,2,0,0,0,0,0,0,0
2026,2025-10-29,Ronald Holland II,Pistons,F,23,10,2,1,3,0,1,4
2026,2026-01-26,Santi Aldama,Grizzlies,F,27,17,7,2,0,0,1,1
2026,2025-12-21,Nic Claxton,Nets,C,28,12,7,2,0,0,2,2
2026,2026-03-27,Collin Murray-Boyles,Raptors,F,12,9,2,0,0,1,0,1
2026,2025-11-14,Caleb Love,Trail Blazers,G,5,5,0,0,0,0,0,1
2026,2026-03-12,Trae Young,Wizards,G,21,15,3,6,0,0,2,4
2026,2025-12-04,De'Anthony Melton,Warriors,G,21,14,1,3,2,1,1,3
2026,2026-02-22,Bobby Portis,Bucks,F,18,6,7,1,0,0,0,3
2026,2026-01-07,Jahmai Mashack,Grizzlies,G,4,0,0,0,0,0,0,0
2026,2025-12-12,Kon Knueppel,Hornets,G,36,33,5,9,0,0,2,3
2026,2026-03-30,Khaman Maluach,Suns,C,13,6,11,0,0,3,1,0
2026,2026-03-08,Yuki Kawamura,Bulls,G,1,0,0,0,0,0,0,1
2026,2026-03-13,Jordan Miller,Clippers,G,27,14,3,3,1,1,1,0
2026,2026-03-17,Carter Bryant,Spurs,F,20,7,3,2,1,1,0,1
2026,2026-03-25,Stephon Castle,Spurs,G,26,15,3,9,0,0,5,1
2026,2026-03-16,Clint Capela,Rockets,C,26,9,8,2,1,0,3,4
2026,2026-03-08,Luke Kennard,Lakers,G,27,12,2,1,1,0,2,2
2026,2026-01-20,Russell Westbrook,Kings,G,31,22,2,7,2,1,6,3
2026,2026-01-12,Jarred Vanderbilt,Lakers,F,26,0,4,0,0,0,0,3
2026,2025-12-22,Jamal Murray,Nuggets,G,27,27,6,5,1,0,1,1
2026,2025-12-12,Caris LeVert,Pistons,G,23,10,1,8,2,0,1,2
2026,2026-04-07,Pelle Larsson,Heat,G,26,7,3,1,0,0,3,4
2026,2026-02-03,Drew Timme,Lakers,F,6,2,2,0,0,0,0,0
2026,2025-11-17,Jabari Walker,76ers,F,4,0,0,0,0,0,0,0
2026,2025-11-19,Brandon Ingram,Raptors,F,31,22,0,5,0,0,4,5
2026,2026-03-31,Amen Thompson,Rockets,G,39,17,4,8,0,2,1,0
2026,2025-11-29,Buddy Hield,Warriors,G,17,8,4,0,1,0,1,2
2026,2025-11-04,Zaccharie Risacher,Hawks,F,26,21,4,1,1,0,0,2
2026,2025-11-12,JD Davison,Rockets,G,3,3,0,0,0,0,0,1
2026,2026-03-17,Kevin McCullar Jr.,Knicks,G,3,2,2,0,1,0,0,0
2026,2026-03-30,Ace Bailey,Jazz,G,35,19,2,5,0,0,1,3
2026,2025-12-05,Amari Williams,Celtics,F,2,0,0,0,0,0,0,0
2026,2025-12-25,Maxi Kleber,Lakers,F,6,2,0,1,1,0,1,2
2026,2026-02-20,Chet Holmgren,Thunder,C,26,15,7,2,0,0,4,1
2026,2026-02-05,Bub Carrington,Wizards,G,22,12,0,4,1,0,1,1
2026,2026-04-07,Brandon Miller,Hornets,F,34,20,0,2,0,0,0,2
2026,2025-12-05,Liam McNeeley,Hornets,G,18,2,6,0,0,0,2,3
2026,2025-12-18,Kevin McCullar Jr.,Knicks,G,0,0,0,0,0,0,0,0
2026,2025-12-01,Kel'el Ware,Heat,C,16,0,9,0,0,1,0,2
2026,2025-11-18,Buddy Hield,Warriors,G,15,2,0,0,0,0,1,0
2026,2026-01-30,Oso Ighodaro,Suns,F,22,4,6,2,1,2,1,3
2026,2026-01-16,Bub Carrington,Wizards,G,39,11,2,9,2,0,3,3
2026,2026-02-21,DeMar DeRozan,Kings,G,35,20,1,5,2,1,2,2
2026,2026-02-04,Kawhi Leonard,Clippers,F,27,25,7,4,1,0,4,1
2026,2026-01-09,Payton Pritchard,Celtics,G,30,27,5,8,0,1,1,0
2026,2026-01-01,Cade Cunningham,Pistons,G,40,31,8,11,3,2,7,4
2026,2026-02-06,DeMar DeRozan,Kings,G,20,5,5,1,2,1,1,1
2026,2025-11-16,Isaac Okoro,Bulls,F,40,5,6,3,1,1,1,4
2026,2025-11-10,Max Christie,Mavericks,G,30,13,5,3,0,3,1,1
2026,2026-04-09,OG Anunoby,Knicks,F,36,13,4,1,2,0,1,3
2026,2026-02-22,Anthony Edwards,Timberwolves,G,34,28,9,3,2,2,7,0
2026,2025-11-07,Kevin Durant,Rockets,F,37,24,1,2,1,0,8,5
2026,2025-12-02,Julius Randle,Timberwolves,F,33,16,5,6,0,0,2,4
2026,2026-02-22,De'Anthony Melton,Warriors,G,25,20,4,2,4,0,0,2
2026,2026-03-04,Keaton Wallace,Hawks,G,2,0,0,0,0,0,1,0
2026,2026-02-03,Dwight Powell,Mavericks,F,11,4,2,0,1,0,1,1
2026,2026-03-17,Daeqwon Plowden,Kings,G,28,14,1,1,2,0,2,3
2026,2025-10-28,Yanic Konan Niederhauser,Clippers,C,5,0,1,2,0,0,0,0
2026,2025-11-15,Zach Edey,Grizzlies,C,25,13,7,0,2,2,1,4
2026,2026-03-17,Marcus Sasser,Pistons,G,25,9,1,4,1,0,4,5
2026,2025-11-10,Myles Turner,Bucks,C,28,14,7,2,1,1,1,3
2026,2025-11-18,Zach Edey,Grizzlies,C,25,8,11,2,0,2,3,3
2026,2025-12-31,Sandro Mamukelashvili,Raptors,F,12,0,4,1,1,1,1,1
2026,2026-03-14,Chaney Johnson,Nets,F,24,6,10,1,3,1,0,3
2026,2025-12-11,Alperen Sengun,Rockets,C,36,22,15,5,4,0,5,5
2026,2026-01-13,Jake LaRavia,Lakers,F,36,17,4,3,1,0,2,3
2026,2025-12-29,Buddy Hield,Warriors,G,11,6,3,0,2,1,0,1
2026,2026-01-11,Moses Moody,Warriors,G,17,2,1,1,0,0,0,1
2026,2026-02-06,Jay Huff,Pacers,C,23,5,3,1,1,2,0,2
2026,2026-01-07,Chris Manon,Lakers,G,1,0,0,0,0,0,0,0
2026,2026-01-07,Will Richard,Warriors,G,13,0,1,0,0,0,0,1
2026,2026-03-10,Ron Harper Jr.,Celtics,G,33,22,3,2,0,0,0,0
2026,2026-02-11,Ayo Dosunmu,Timberwolves,G,28,12,1,4,2,0,0,1
2026,2026-03-08,Jordan McLaughlin,Spurs,G,4,3,1,1,0,0,0,0
2026,2026-01-27,Javonte Green,Pistons,G,19,10,6,1,0,0,1,3
2026,2026-03-18,Jamal Shead,Raptors,G,18,0,1,5,0,0,0,1
2026,2025-12-26,Shaedon Sharpe,Trail Blazers,G,32,16,4,2,1,0,1,0
2026,2025-11-08,Nikola Jovic,Heat,F,31,29,9,6,2,1,6,5
2026,2025-12-12,Thomas Bryant,Cavaliers,C,8,2,2,0,0,0,1,1
2026,2026-01-28,Bronny James,Lakers,G,8,8,2,1,1,0,0,0
2026,2025-12-22,Isaiah Stewart,Pistons,F,21,3,4,0,0,3,0,1
2026,2025-10-28,Pelle Larsson,Heat,G,31,17,5,3,1,0,0,0
2026,2025-11-15,Myles Turner,Bucks,C,30,3,8,1,0,1,1,3
2026,2026-04-05,Ryan Kalkbrenner,Hornets,C,16,2,5,0,0,0,0,2
2026,2026-03-25,Isaac Okoro,Bulls,F,23,13,2,1,1,0,0,2
2026,2026-02-19,Amen Thompson,Rockets,G,37,9,7,2,4,1,3,4
2026,2026-04-07,Jalen Green,Suns,G,32,15,3,1,0,4,3,3
2026,2026-04-01,Luka Garza,Celtics,C,15,12,2,0,0,1,0,2
2026,2026-02-05,Grant Williams,Hornets,F,16,2,3,0,0,0,1,1
2026,2026-01-10,Jordan Miller,Clippers,G,28,9,1,1,1,0,2,1
2026,2026-03-03,Alex Caruso,Thunder,G,19,8,4,1,2,0,1,0
2026,2026-01-18,Ayo Dosunmu,Bulls,G,30,19,1,5,1,1,0,4
2026,2025-11-28,Javonte Green,Pistons,G,10,0,2,0,1,2,1,2
2026,2026-04-02,Brook Lopez,Clippers,C,24,6,6,3,0,1,0,4
2026,2026-03-21,Kelly Olynyk,Spurs,F,4,0,0,0,0,0,0,0
2026,2025-12-01,De'Andre Hunter,Cavaliers,F,28,13,3,4,0,0,1,3
2026,2025-12-06,Bogdan Bogdanovic,Clippers,G,23,9,1,2,0,0,0,4
2026,2026-01-14,Jaylon Tyson,Cavaliers,G,25,12,5,3,1,0,2,1
2026,2025-12-27,Naji Marshall,Mavericks,F,26,11,2,1,1,0,2,2
2026,2025-11-03,Chris Paul,Clippers,G,14,3,4,4,1,0,2,2
2026,2026-01-07,Moussa Diabate,Hornets,F,30,6,11,1,2,2,2,1
2026,2026-03-27,Bronny James,Lakers,G,4,3,0,0,0,0,0,0
2026,2025-11-29,Dillon Brooks,Suns,F,28,27,3,2,1,0,2,5
2026,2026-03-21,Reed Sheppard,Rockets,G,37,23,2,14,4,0,0,3
2026,2026-02-04,Jaylon Tyson,Cavaliers,G,25,17,4,1,1,0,2,1
2026,2025-10-26,Chris Manon,Lakers,G,3,0,1,0,0,1,0,0
2026,2026-03-03,Goga Bitadze,Magic,C,21,9,6,2,0,1,1,2
2026,2025-11-19,Kevin Huerter,Bulls,G,23,2,2,2,1,1,0,2
2026,2026-01-06,Justin Champagnie,Wizards,F,22,17,3,3,0,2,1,5
2026,2026-01-09,Desmond Bane,Magic,G,38,23,5,5,0,0,2,3
2026,2026-03-25,Cameron Johnson,Nuggets,F,29,12,1,3,0,1,1,3
2026,2025-12-20,Jamal Shead,Raptors,G,24,6,3,2,0,0,1,1
2026,2026-03-30,Lachlan Olbrich,Bulls,C,4,0,1,0,0,0,0,0
2026,2025-11-22,Mohamed Diawara,Knicks,F,10,0,4,2,1,0,3,3
2026,2026-03-15,Jordan Clarkson,Knicks,G,22,14,0,0,0,0,0,0
2026,2025-11-12,Kevin Huerter,Bulls,G,27,20,2,2,2,0,2,5
2026,2026-01-06,Deandre Ayton,Lakers,C,32,18,11,3,1,2,1,0
2026,2025-12-27,Nique Clifford,Kings,G,20,8,9,1,2,0,1,1
2026,2026-02-08,Nikola Jovic,Heat,F,6,4,1,2,1,0,0,1
2026,2025-10-30,Jaime Jaquez Jr.,Heat,F,34,6,8,6,0,0,1,1
2026,2026-01-21,LaMelo Ball,Hornets,G,22,2,5,7,2,1,2,4
2026,2025-12-05,Patrick Williams,Bulls,F,26,9,3,0,0,0,1,4
2026,2025-10-27,Chaz Lanier,Pistons,G,12,6,1,0,0,0,1,0
2026,2025-11-28,Cade Cunningham,Pistons,G,40,39,13,11,0,0,8,2
2026,2026-03-14,Kel'el Ware,Heat,C,27,13,10,1,1,2,1,3
2026,2026-03-23,Kasparas Jakucionis,Heat,G,22,8,6,5,2,1,0,1
2026,2026-01-27,Ousmane Dieng,Thunder,F,19,4,4,2,0,0,0,2
2026,2026-03-26,Sion James,Hornets,G,14,0,1,1,1,0,0,3
2026,2026-01-07,Nolan Traore,Nets,G,20,6,3,2,1,1,1,2
2026,2025-11-15,Monte Morris,Pacers,PG,5,1,1,1,0,0,0,0
2026,2026-02-25,Nikola Jokic,Nuggets,C,33,30,12,6,0,0,1,2
2026,2026-02-01,Kyle Filipowski,Jazz,F,9,6,5,1,0,0,1,2
2026,2025-11-01,Kyshawn George,Wizards,F,24,17,3,1,0,1,4,5
2026,2026-03-30,Julian Champagnie,Spurs,F,28,13,8,3,0,0,0,1
2026,2026-01-18,Jamison Battle,Raptors,F,8,0,2,0,0,0,0,1
2026,2026-04-08,Ryan Rollins,Bucks,G,33,23,2,6,2,1,3,2
2026,2025-12-31,Collin Murray-Boyles,Raptors,F,26,6,9,2,2,2,1,5
2026,2025-11-17,LaMelo Ball,Hornets,G,28,20,5,8,1,0,3,2
2026,2025-12-23,Keaton Wallace,Hawks,G,9,2,1,1,0,0,0,0
2026,2026-01-26,Jalen Suggs,Magic,G,27,4,5,6,2,1,3,3
2026,2025-12-19,Nickeil Alexander-Walker,Hawks,G,33,23,2,4,0,0,3,1
2026,2025-10-28,Stephen Curry,Warriors,G,26,19,2,8,2,0,2,1
2026,2025-11-12,Sidy Cissoko,Trail Blazers,G,17,2,0,1,0,0,1,2
2026,2026-01-22,John Collins,Clippers,F,33,13,5,1,0,0,1,1
2026,2026-03-19,Chaz Lanier,Pistons,G,3,0,0,0,2,0,0,0
2026,2026-01-05,Devin Booker,Suns,G,33,27,0,3,0,0,4,0
2026,2025-12-14,Oso Ighodaro,Suns,F,16,2,5,3,1,0,4,4
2026,2026-01-04,Sam Merrill,Cavaliers,G,27,15,3,2,1,0,2,6
2026,2025-12-12,Pascal Siakam,Pacers,F,34,20,5,2,1,0,1,3
2026,2026-04-06,Joel Embiid,76ers,C,39,34,12,1,0,4,4,3
2026,2026-02-27,Evan Mobley,Cavaliers,C,37,23,12,1,0,4,1,2
2026,2025-12-05,Jerami Grant,Trail Blazers,F,34,29,6,4,1,1,2,3
2026,2026-01-22,Jamal Cain,Magic,F,4,0,0,0,0,0,0,2
2026,2025-12-14,Marvin Bagley III,Wizards,F,32,23,14,1,1,1,2,4
2026,2026-02-06,Mikal Bridges,Knicks,G,28,19,1,2,0,0,3,2
2026,2026-01-11,Immanuel Quickley,Raptors,G,40,20,5,7,4,0,2,1
2026,2025-11-19,Ben Sheppard,Pacers,G,31,15,4,2,2,0,0,1
2026,2025-11-10,CJ McCollum,Wizards,G,43,42,6,4,1,0,4,3
2026,2026-01-15,Jaden Ivey,Pistons,G,17,15,2,1,0,0,2,0
2026,2026-01-14,Isaiah Collier,Jazz,G,22,8,0,4,1,0,4,4
2026,2026-01-04,Rob Dillingham,Timberwolves,G,7,0,0,0,0,0,2,2
2026,2025-10-21,Marcus Smart,Lakers,G,23,9,0,0,1,0,3,4
2026,2026-01-07,Kentavious Caldwell-Pope,Grizzlies,G,17,14,3,2,0,0,1,1
2026,2026-04-05,Dennis Schroder,Cavaliers,G,20,6,2,3,0,0,1,1
2026,2026-04-02,Austin Reaves,Lakers,G,27,15,4,1,0,0,4,1
2026,2026-02-19,Yanic Konan Niederhauser,Clippers,C,13,4,4,1,0,0,0,4
2026,2025-12-29,Nic Claxton,Nets,C,36,15,9,4,3,3,1,4
2026,2026-03-21,Draymond Green,Warriors,F,26,13,6,4,0,0,2,3
2026,2026-03-01,Derrick Jones Jr.,Clippers,F,28,17,2,0,0,0,0,2
2026,2026-01-19,Jordan Clarkson,Knicks,G,2,1,0,0,1,0,0,0
2026,2025-11-05,Brice Sensabaugh,Jazz,F,0,0,0,0,0,0,0,0
2026,2025-10-29,Grayson Allen,Suns,G,36,14,3,4,0,0,5,2
2026,2025-12-18,Shai Gilgeous-Alexander,Thunder,G,29,32,7,6,2,2,1,3
2026,2025-11-14,Rudy Gobert,Timberwolves,C,34,11,8,1,1,1,1,3
2026,2026-01-17,Duncan Robinson,Pistons,F,22,16,2,2,0,0,1,1
2026,2026-03-31,Ryan Kalkbrenner,Hornets,C,18,8,3,0,0,1,0,2
2026,2025-11-26,Russell Westbrook,Kings,G,31,19,8,3,0,0,5,1
2026,2025-12-22,Tre Mann,Hornets,G,17,13,5,3,0,1,1,1
2026,2026-04-02,LeBron James,Lakers,F,26,13,6,2,1,1,2,1
2026,2025-11-11,Ja Morant,Grizzlies,G,34,16,3,10,0,0,8,3
2026,2026-01-09,Yanic Konan Niederhauser,Clippers,C,2,0,0,0,0,0,0,0
2026,2026-04-02,Jaxson Hayes,Lakers,C,21,12,1,1,0,0,1,3
2026,2026-04-12,Jonathan Mogbo,Raptors,F,5,2,1,2,1,0,0,0
2026,2025-11-22,Guerschon Yabusele,Knicks,F,14,4,1,0,0,0,1,3
2026,2026-03-08,Payton Pritchard,Celtics,G,35,18,3,7,1,0,2,2
2026,2026-02-02,Jaylen Clark,Timberwolves,G,8,0,0,0,0,0,0,3
2026,2025-12-26,Payton Pritchard,Celtics,G,38,29,9,5,1,0,3,3
2026,2025-11-20,Jett Howard,Magic,G,15,8,1,0,1,0,0,1
2026,2026-04-06,Karl-Anthony Towns,Knicks,C,32,21,12,6,2,1,3,2
2026,2025-12-26,Norman Powell,Heat,G,33,25,7,5,1,0,2,2
2026,2026-04-03,Andre Drummond,76ers,C,9,4,6,0,1,1,1,1
2026,2025-11-10,Jalen Smith,Bulls,F,21,11,12,2,0,0,1,2
2026,2026-02-23,Jaylen Wells,Grizzlies,F,26,12,3,2,1,0,2,3
2026,2025-10-22,Dylan Harper,Spurs,G,23,15,4,2,0,0,4,5
2026,2026-02-19,Collin Murray-Boyles,Raptors,F,29,11,6,1,1,1,0,1
2026,2026-01-27,Shai Gilgeous-Alexander,Thunder,G,36,29,6,4,0,0,3,3
2026,2025-10-22,Ryan Nembhard,Mavericks,G,16,8,0,5,0,0,3,0
2026,2026-03-29,Terance Mann,Nets,G,22,8,2,3,2,0,3,1
2026,2026-03-20,Josh Okogie,Rockets,G,19,2,3,0,1,0,1,1
2026,2026-03-08,Kevin Durant,Rockets,F,33,23,5,4,0,2,1,1
2026,2026-02-04,Devin Vassell,Spurs,G,25,5,3,0,1,0,1,0
2026,2026-01-12,DeMar DeRozan,Kings,G,37,32,2,6,3,0,0,2
2026,2026-03-21,Kevin Durant,Rockets,F,37,27,3,3,0,0,3,0
2026,2026-03-04,Ousmane Dieng,Bucks,F,28,14,4,0,0,0,3,3
2026,2026-03-11,Jaden McDaniels,Timberwolves,F,31,11,2,3,0,0,3,2
2026,2025-12-06,Nicolas Batum,Clippers,F,17,3,4,0,0,0,0,1
2026,2026-01-13,Marcus Smart,Lakers,G,29,16,5,4,0,1,0,3
2026,2025-12-18,Isaiah Collier,Jazz,G,28,18,0,13,0,0,3,5
2026,2026-01-22,Svi Mykhailiuk,Jazz,G,19,9,1,1,0,0,0,0
2026,2025-12-19,Dominick Barlow,76ers,F,18,11,4,1,0,1,0,3
2026,2026-04-12,Liam McNeeley,Hornets,G,4,0,1,1,0,0,0,0
2026,2025-12-04,Jamal Shead,Raptors,G,21,4,2,6,2,0,1,4
2026,2026-03-16,Collin Gillespie,Suns,G,23,3,3,1,2,0,0,1
2026,2025-11-14,Micah Peavy,Pelicans,G,7,0,0,0,0,0,0,3
2026,2026-03-23,Kyle Filipowski,Jazz,F,30,6,8,4,1,1,4,3
2026,2025-11-24,Deni Avdija,Trail Blazers,F,31,22,4,5,0,1,4,3
2026,2026-02-07,Christian Braun,Nuggets,G,32,10,4,2,1,1,1,1
2026,2026-03-14,Bruce Brown,Nuggets,G,20,12,4,2,1,1,0,0
2026,2026-04-09,Kelly Oubre Jr.,76ers,G,27,16,4,1,3,1,2,4
2026,2026-01-02,E.J. Liddell,Nets,F,3,0,0,0,0,0,0,0
2026,2026-03-20,Ausar Thompson,Pistons,G,25,8,3,4,7,1,5,2
2026,2026-01-09,Jeremiah Fears,Pelicans,G,32,21,5,6,3,0,6,2
2026,2025-12-18,Kevin Porter Jr.,Bucks,G,40,22,4,13,1,1,7,3
2026,2026-01-14,Keon Ellis,Kings,G,5,0,0,0,0,0,0,0
2026,2026-02-07,Doug McDermott,Kings,F,8,0,1,0,0,0,0,1
2026,2025-12-23,Derik Queen,Pelicans,C,25,21,7,5,1,0,1,2
2026,2026-01-21,Corey Kispert,Hawks,F,14,8,1,2,1,0,0,0
2026,2025-12-05,Moussa Diabate,Hornets,F,16,3,4,1,0,0,1,0
2026,2025-12-26,Miles Bridges,Hornets,F,35,16,11,5,1,3,0,2
2026,2026-04-09,Brandin Podziemski,Warriors,G,24,17,1,1,0,0,0,0
2026,2026-02-27,Miles Kelly,Mavericks,G,31,9,5,4,1,1,2,1
2026,2026-01-07,Malaki Branham,Wizards,G,31,8,4,8,3,1,2,2
2026,2026-02-20,Nolan Traore,Nets,G,27,17,1,3,2,1,4,0
2026,2025-11-07,Dwight Powell,Mavericks,F,9,0,4,2,0,0,0,1
2026,2026-02-03,Rui Hachimura,Lakers,F,26,5,3,0,1,0,1,0
2026,2026-01-26,Payton Pritchard,Celtics,G,35,23,4,3,0,0,0,1
2026,2026-01-17,Caris LeVert,Pistons,G,20,10,1,4,1,2,2,2
2026,2026-04-08,Wendell Moore Jr.,Pistons,F,5,0,0,1,0,0,0,2
2026,2025-11-08,Dru Smith,Heat,G,22,13,5,6,4,0,1,0
2026,2025-12-27,Jonas Valanciunas,Nuggets,C,10,4,4,1,0,0,3,4
2026,2026-03-25,Josh Okogie,Rockets,G,1,0,0,0,0,0,0,0
2026,2026-01-29,Jamaree Bouyea,Suns,G,20,6,2,1,2,0,1,0
2026,2025-12-05,Bennedict Mathurin,Pacers,G,38,28,5,3,2,1,2,4
2026,2025-10-22,Nique Clifford,Kings,G,24,2,8,2,2,1,1,4
2026,2025-12-31,Immanuel Quickley,Raptors,G,34,22,3,4,1,0,0,5
2026,2026-02-07,Nic Claxton,Nets,C,28,11,5,4,0,0,1,1
2026,2025-11-07,Pat Connaughton,Hornets,G,10,6,5,0,0,0,1,1
2026,2026-01-19,Mark Williams,Suns,C,29,16,8,0,2,3,2,2
2026,2026-03-14,Nikola Jokic,Nuggets,C,43,24,16,14,5,1,4,2
2026,2026-01-31,Clint Capela,Rockets,C,13,6,4,1,1,0,0,1
2026,2026-03-14,E.J. Liddell,Nets,F,11,10,2,3,0,1,0,3
2026,2025-12-05,Pelle Larsson,Heat,G,19,0,1,1,0,0,0,2
2026,2025-11-07,Jaylen Wells,Grizzlies,F,25,8,5,1,0,0,1,2
2026,2026-03-13,Marvin Bagley III,Mavericks,F,27,4,4,0,0,1,2,1
2026,2026-01-07,Paul Reed,Pistons,F,26,9,6,6,1,0,0,2
2026,2025-11-01,Tristan da Silva,Magic,F,22,2,2,1,1,0,1,0
2026,2025-12-01,Nigel Hayes-Davis,Suns,F,12,4,0,1,1,0,0,1
2026,2025-11-19,De'Andre Hunter,Cavaliers,F,31,25,4,2,0,0,3,3
2026,2025-12-03,Jalen Duren,Pistons,C,26,8,6,3,1,0,1,6
2026,2026-02-01,Kris Dunn,Clippers,G,30,8,5,3,1,0,5,5
2026,2025-10-29,Trey Murphy III,Pelicans,F,32,7,7,0,1,0,1,1
2026,2025-11-05,Derrick White,Celtics,G,29,12,3,8,3,2,0,0
2026,2025-10-26,Nicolas Batum,Clippers,F,15,3,3,1,3,2,0,1
2026,2026-01-05,Marcus Sasser,Pistons,G,5,8,0,1,1,1,1,1
2026,2025-11-29,Jonathan Kuminga,Warriors,F,19,10,1,2,0,0,2,2
2026,2025-11-02,Tre Mann,Hornets,G,22,13,4,0,0,0,0,4
2026,2025-10-27,Ausar Thompson,Pistons,G,15,6,3,0,0,0,1,4
2026,2026-01-23,Nae'Qwan Tomlin,Cavaliers,F,15,4,1,0,1,1,0,4
2026,2026-02-25,Daniss Jenkins,Pistons,G,13,4,3,0,0,0,0,0
2026,2026-02-09,Jeremiah Fears,Pelicans,G,30,20,4,3,2,2,3,4
2026,2026-04-07,Gary Payton II,Warriors,G,25,12,4,3,3,0,1,0
2026,2026-02-15,Jalen Brunson,Team Stripes,G,8,8,1,2,0,0,0,0
2026,2026-01-16,Kobe Sanders,Clippers,G,37,13,3,0,3,0,1,3
2026,2026-03-11,Wendell Carter Jr.,Magic,C,35,11,11,4,0,1,0,4
2026,2025-11-26,Devin Booker,Suns,G,39,19,7,6,1,0,1,2
2026,2025-12-05,Tidjane Salaun,Hornets,F,22,21,3,1,1,1,0,3
2026,2025-12-25,Dalton Knecht,Lakers,F,3,2,0,0,0,0,0,0
2026,2026-03-10,Trendon Watford,76ers,F,15,11,4,2,0,2,2,4
2026,2025-12-20,Caris LeVert,Pistons,G,18,2,2,0,2,1,2,0
2026,2025-12-14,DeMar DeRozan,Kings,G,39,17,4,3,1,1,0,2
2026,2026-03-15,Omer Yurtseven,Warriors,C,13,0,4,0,0,0,1,2
2026,2026-04-10,Jamal Cain,Magic,F,25,20,8,2,0,2,2,2
2026,2026-02-20,CJ McCollum,Hawks,G,27,20,2,1,0,0,3,2
2026,2026-04-10,Josh Hart,Knicks,G,30,3,4,2,2,0,2,2
2026,2026-01-14,Kris Dunn,Clippers,G,23,4,2,3,3,0,0,2
2026,2025-12-27,Nikola Vucevic,Bulls,C,26,16,7,1,1,1,2,2
2026,2026-01-27,Zeke Nnaji,Nuggets,F,17,4,6,1,0,1,3,1
2026,2025-12-25,Dean Wade,Cavaliers,F,29,6,4,2,0,0,0,2
2026,2026-01-14,Bilal Coulibaly,Wizards,G,10,3,2,0,0,0,0,0
2026,2026-03-25,RJ Barrett,Raptors,F,32,12,6,4,1,0,1,5
2026,2025-11-23,Zaccharie Risacher,Hawks,F,22,5,2,3,0,1,0,0
2026,2026-03-21,Josh Okogie,Rockets,G,3,1,0,0,0,0,0,0
2026,2026-01-11,Tre Johnson,Wizards,G,30,19,5,3,0,0,2,2
2026,2025-11-12,Jeremy Sochan,Spurs,F,6,3,3,1,0,0,0,2
2026,2025-11-19,Pat Spencer,Warriors,G,32,11,8,13,2,0,2,4
2026,2025-12-05,Kristaps Porzingis,Hawks,C,20,25,2,1,1,2,1,4
2026,2026-01-22,Tre Jones,Bulls,G,27,12,3,7,1,0,2,1
2026,2026-03-18,Sandro Mamukelashvili,Raptors,F,22,17,4,5,1,0,2,2
2026,2025-10-25,Ousmane Dieng,Thunder,F,5,0,2,0,0,0,1,1
2026,2026-01-24,Miles McBride,Knicks,G,26,9,1,2,2,0,0,3
2026,2026-03-09,Oscar Tshiebwe,Jazz,C,20,10,8,1,1,0,0,1
2026,2025-11-14,Mark Sears,Bucks,G,0,0,0,0,0,0,0,0
2026,2025-10-28,Trendon Watford,76ers,F,18,2,4,3,0,0,1,1
2026,2026-01-20,Deandre Ayton,Lakers,C,15,4,8,0,0,0,0,1
2026,2026-04-03,Saddiq Bey,Pelicans,G,29,20,1,3,1,0,0,2
2026,2026-03-03,Keon Ellis,Cavaliers,G,27,7,4,2,2,1,0,6
2026,2025-11-26,Rob Dillingham,Timberwolves,G,12,6,1,2,0,0,0,1
2026,2026-02-01,Tyus Jones,Magic,G,9,0,1,2,0,0,0,0
2026,2026-03-07,Kris Dunn,Clippers,G,22,0,3,3,2,0,3,1
2026,2026-03-03,Bam Adebayo,Heat,C,35,23,9,4,6,1,0,3
2026,2025-11-03,Shaedon Sharpe,Trail Blazers,G,28,23,7,2,3,0,2,2
2026,2026-01-23,Malik Monk,Kings,G,33,16,1,7,1,0,1,0
2026,2025-11-07,Trayce Jackson-Davis,Warriors,F,19,9,7,3,0,2,0,3
2026,2025-11-08,Gradey Dick,Raptors,G,12,3,1,0,1,0,1,0
2026,2026-03-12,Ben Saraf,Nets,G,31,10,1,4,0,0,5,5
2026,2026-03-27,Jae'Sean Tate,Rockets,F,9,2,1,0,0,0,1,0
2026,2025-12-29,Kenrich Williams,Thunder,G,5,0,1,0,0,1,1,1
2026,2025-11-26,Jordan Hawkins,Pelicans,G,15,14,1,1,1,1,1,0
2026,2025-11-20,Vit Krejci,Hawks,G,30,5,0,1,1,0,0,4
2026,2026-04-07,Julian Phillips,Timberwolves,F,3,0,0,0,0,0,1,2
2026,2026-02-11,Jordan Miller,Clippers,G,17,4,3,0,0,0,1,1
2026,2026-02-25,Scotty Pippen Jr.,Grizzlies,G,20,8,3,4,1,0,2,2
2026,2026-04-01,Yuki Kawamura,Bulls,G,16,0,3,3,2,0,1,0
2026,2025-11-26,Donovan Clingan,Trail Blazers,C,26,9,11,1,0,1,0,1
2026,2025-12-20,LaMelo Ball,Hornets,G,23,8,1,6,2,2,4,6
2026,2025-11-18,Goga Bitadze,Magic,C,14,6,2,3,1,1,1,1
2026,2026-01-06,Derik Queen,Pelicans,C,32,10,13,8,2,0,4,2
2026,2025-12-27,Saddiq Bey,Pelicans,G,33,17,5,2,2,0,0,1
2026,2026-04-12,Nikola Topic,Thunder,G,39,18,4,14,0,0,5,3
2026,2026-04-08,Julian Strawther,Nuggets,G,15,10,2,1,0,1,0,3
2026,2026-02-25,Ron Harper Jr.,Celtics,G,11,3,1,2,0,0,1,2
2026,2025-10-24,Carter Bryant,Spurs,F,3,0,1,0,0,0,0,0
2026,2025-10-22,Rudy Gobert,Timberwolves,C,32,10,6,0,0,1,0,6
2026,2026-03-03,Cason Wallace,Thunder,G,29,17,1,5,2,0,1,2
2026,2025-11-15,Gary Harris,Bucks,G,26,6,1,1,0,1,0,1
2026,2026-04-03,Ace Bailey,Jazz,G,33,22,6,1,0,1,2,4
2026,2025-11-05,PJ Hall,Grizzlies,C,2,2,2,1,0,0,0,0
2026,2026-01-18,JD Davison,Rockets,G,4,0,0,0,1,0,0,0
2026,2025-10-30,Goga Bitadze,Magic,C,13,6,3,0,0,1,0,1
2026,2025-11-08,Kris Dunn,Clippers,G,33,6,2,3,2,0,2,5
2026,2026-01-07,Cason Wallace,Thunder,G,31,4,6,0,4,1,3,3
2026,2025-11-26,Jakob Poeltl,Raptors,C,32,8,9,3,1,1,2,4
2026,2025-10-27,Keaton Wallace,Hawks,G,5,0,2,1,0,0,0,1
2026,2026-03-23,Myron Gardner,Heat,F,18,9,2,0,1,2,0,3
2026,2025-12-08,Naz Reid,Timberwolves,C,30,6,9,0,1,0,1,0
2026,2026-03-07,Isaiah Joe,Thunder,G,35,18,4,3,0,0,0,4
2026,2026-04-10,Kenrich Williams,Thunder,G,32,15,12,1,2,0,2,2
2026,2025-12-31,Bennedict Mathurin,Pacers,G,37,23,5,2,0,0,5,1
2026,2026-03-10,Max Christie,Mavericks,G,25,6,3,1,1,0,1,1
2026,2025-11-11,Jonathan Kuminga,Warriors,F,24,13,3,4,0,1,5,0
2026,2026-04-01,Jahmai Mashack,Grizzlies,G,23,7,4,0,3,0,4,4
2026,2025-10-27,Royce O'Neale,Suns,F,46,17,13,7,5,0,4,5
2026,2025-11-04,Cam Christie,Clippers,G,7,5,2,0,0,0,0,0
2026,2025-12-15,Payton Pritchard,Celtics,G,35,12,4,5,0,0,1,0
2026,2026-01-25,Yanic Konan Niederhauser,Clippers,C,7,4,2,0,0,0,0,1
2026,2026-02-03,Khris Middleton,Wizards,F,22,12,2,2,0,0,2,2
2026,2026-01-07,Steven Adams,Rockets,C,30,7,11,4,2,2,2,3
2026,2025-12-05,Wendell Carter Jr.,Magic,C,28,7,7,1,0,0,0,5
2026,2026-01-10,Julian Champagnie,Spurs,F,35,12,13,3,0,1,0,3
2026,2026-01-11,Jalen Williams,Thunder,G,29,18,4,4,2,0,3,2
2026,2026-03-19,Jalen Green,Suns,G,34,17,8,4,1,0,3,1
2026,2026-04-02,Gui Santos,Warriors,F,31,25,4,4,2,0,3,5
2026,2026-01-21,Kam Jones,Pacers,G,4,0,1,2,0,0,1,0
2026,2026-02-06,Landry Shamet,Knicks,G,21,5,2,3,0,0,0,2
2026,2026-03-11,Jordan Miller,Clippers,G,29,14,3,7,1,0,1,1
2026,2025-10-27,Riley Minix,Spurs,F,2,0,0,1,0,0,0,0
2026,2026-02-15,Cade Cunningham,Team Stars,G,9,11,3,4,0,1,3,0
2026,2026-02-20,Ayo Dosunmu,Timberwolves,G,27,5,2,3,0,0,0,3
2026,2025-11-07,Tim Hardaway Jr.,Nuggets,G,19,7,3,2,0,0,0,0
2026,2026-03-25,Taurean Prince,Bucks,F,29,13,6,2,1,0,0,1
2026,2026-02-01,Jerami Grant,Trail Blazers,F,28,15,2,1,1,0,2,1
2026,2026-01-25,Scottie Barnes,Raptors,F,32,10,11,8,1,3,2,5
2026,2025-11-19,Karl-Anthony Towns,Knicks,C,35,18,14,6,2,0,3,4
2026,2026-02-03,Aaron Wiggins,Thunder,G,19,9,3,0,0,0,1,2
2026,2026-02-01,Jamison Battle,Raptors,F,4,0,1,0,0,0,1,0
2026,2026-01-17,Daniss Jenkins,Pistons,G,12,3,1,4,3,0,2,0
2026,2026-04-05,Lachlan Olbrich,Bulls,C,16,1,5,3,1,0,0,3
2026,2026-02-19,Zaccharie Risacher,Hawks,F,27,10,7,2,1,1,0,2
2026,2026-03-06,Jalen Green,Suns,G,31,25,5,3,0,0,2,2
2026,2026-03-27,Scoot Henderson,Trail Blazers,G,22,9,2,3,3,0,3,2
2026,2026-02-22,Kris Dunn,Clippers,G,34,7,5,0,2,0,1,2
2026,2026-03-03,Jarrett Allen,Cavaliers,C,21,8,3,0,1,0,1,2
2026,2026-04-08,Jase Richardson,Magic,G,4,0,0,0,0,0,0,0
2026,2025-12-31,Matas Buzelis,Bulls,F,27,19,6,2,1,0,0,4
2026,2025-10-22,Tyrese Martin,Nets,G,26,5,3,5,2,0,3,1
2026,2026-01-03,Adem Bona,76ers,C,18,2,6,0,1,0,0,3
2026,2026-01-26,Donovan Mitchell,Cavaliers,G,35,45,4,4,1,0,4,2
2026,2025-12-08,Andrew Nembhard,Pacers,G,33,28,4,12,2,0,3,3
2026,2025-12-06,Andrew Wiggins,Heat,F,26,13,4,4,0,0,3,2
2026,2026-03-16,Jalen Johnson,Hawks,F,37,24,15,13,1,0,4,2
2026,2026-01-21,DeMar DeRozan,Kings,G,33,9,1,2,1,0,0,0
2026,2025-10-25,Moussa Diabate,Hornets,F,17,6,2,0,1,1,0,2
2026,2026-02-20,Marvin Bagley III,Mavericks,F,24,15,13,0,0,1,1,1
2026,2025-12-26,Dyson Daniels,Hawks,G,36,8,6,3,2,0,3,1
2026,2025-12-22,Kenrich Williams,Thunder,G,25,11,6,3,4,0,0,2
2026,2025-12-22,Miles Bridges,Hornets,F,30,17,6,4,0,1,1,0
2026,2026-03-10,Deandre Ayton,Lakers,C,34,14,12,2,1,0,0,4
2026,2025-12-18,Luke Kennard,Hawks,G,14,4,1,1,0,0,1,1
2026,2025-12-22,Karlo Matkovic,Pelicans,F,14,5,6,1,0,1,1,3
2026,2025-11-02,Miles McBride,Knicks,G,23,8,4,3,1,0,0,1
2026,2026-04-10,Mark Williams,Suns,C,20,7,5,0,0,1,2,3
2026,2026-02-05,Jett Howard,Magic,G,12,7,0,2,1,0,0,2
2026,2026-04-01,Tyler Kolek,Knicks,G,19,9,3,7,0,0,0,2
2026,2026-02-04,Julian Champagnie,Spurs,F,27,8,5,3,0,0,2,2
2026,2026-01-30,Will Riley,Wizards,G,25,13,2,5,4,0,2,1
2026,2025-12-10,Bronny James,Lakers,G,1,0,0,0,0,0,0,0
2026,2026-02-20,Davion Mitchell,Heat,G,27,7,5,7,1,3,2,3
2026,2026-04-03,Brandon Miller,Hornets,F,30,22,6,3,1,1,0,2
2026,2025-12-26,Paolo Banchero,Magic,F,31,13,5,2,2,1,1,3
2026,2025-12-03,Donovan Mitchell,Cavaliers,G,34,33,5,5,1,0,4,4
2026,2025-12-01,Cameron Johnson,Nuggets,F,36,10,1,2,2,0,1,2
2026,2025-10-24,Jimmy Butler III,Warriors,F,27,14,3,4,1,0,1,1
2026,2026-01-31,Quentin Grimes,76ers,G,16,4,4,2,0,0,0,0
2026,2025-12-01,Caleb Martin,Mavericks,F,7,0,2,1,1,1,0,2
2026,2026-03-08,Cam Thomas,Bucks,G,20,17,1,6,1,0,2,2
2026,2026-03-20,Pat Spencer,Warriors,G,23,6,4,2,0,1,2,0
2026,2026-03-29,Jaime Jaquez Jr.,Heat,F,26,17,8,2,0,0,1,1
2026,2025-12-31,Gary Payton II,Warriors,G,10,9,1,0,0,0,0,4
2026,2025-11-28,Jeremiah Robinson-Earl,Pacers,F,26,3,11,4,1,0,1,0
2026,2025-10-24,Gradey Dick,Raptors,G,18,5,4,1,1,0,1,1
2026,2026-03-31,Pat Connaughton,Hornets,G,4,2,1,0,0,0,0,0
2026,2026-03-01,Trendon Watford,76ers,F,15,4,0,1,0,0,0,0
2026,2026-02-06,Yves Missi,Pelicans,C,15,2,4,1,1,1,0,0
2026,2026-03-08,Ousmane Dieng,Bucks,F,25,2,4,5,1,1,1,2
2026,2026-04-09,VJ Edgecombe,76ers,G,40,20,6,8,2,0,2,4
2026,2026-02-22,Gary Trent Jr.,Bucks,G,7,0,0,0,0,0,0,1
2026,2025-12-23,Jaden Ivey,Pistons,G,14,8,3,3,0,2,0,4
2026,2026-02-24,Adem Bona,76ers,C,15,6,5,3,2,1,1,2
2026,2025-10-30,Isaiah Joe,Thunder,G,24,20,6,1,1,0,0,2
2026,2025-11-11,Pat Spencer,Warriors,G,12,12,1,1,1,0,0,2
2026,2026-03-22,Jaden McDaniels,Timberwolves,F,33,19,6,3,0,0,2,1
2026,2026-01-25,Trey Murphy III,Pelicans,F,38,17,6,9,0,0,1,2
2026,2026-03-06,Payton Pritchard,Celtics,G,34,18,7,6,0,2,1,0
2026,2026-01-08,Sion James,Hornets,G,22,4,2,2,0,0,1,2
2026,2026-01-03,Paul George,76ers,F,35,15,8,6,0,2,1,5
2026,2026-03-25,Trayce Jackson-Davis,Raptors,F,4,2,0,0,0,0,0,0
2026,2026-04-10,Ryan Nembhard,Mavericks,G,31,13,1,7,0,0,0,3
2026,2025-12-22,Cade Cunningham,Pistons,G,26,14,6,9,1,0,5,6
2026,2025-11-24,Jimmy Butler III,Warriors,F,29,18,6,7,1,0,0,1
2026,2026-03-12,Dru Smith,Heat,G,21,9,4,2,0,0,2,1
2026,2025-11-28,Jalen Wilson,Nets,F,10,0,0,1,0,0,0,0
2026,2026-02-07,Vince Williams Jr.,Jazz,G,9,0,0,1,0,1,0,2
2026,2026-01-17,Jeremiah Robinson-Earl,Mavericks,F,20,6,4,2,0,0,0,1
2026,2026-03-17,Simone Fontecchio,Heat,F,24,10,2,1,0,0,0,4
2026,2026-04-04,Kasparas Jakucionis,Heat,G,28,14,3,9,0,2,3,3
2026,2026-03-04,Trendon Watford,76ers,F,22,7,7,3,0,1,1,4
2026,2026-01-29,Dylan Cardwell,Kings,C,14,0,4,0,0,1,2,5
2026,2026-01-04,Oso Ighodaro,Suns,F,24,5,8,0,0,0,1,3
2026,2025-11-21,Jeremiah Fears,Pelicans,G,32,21,7,2,4,0,4,2
2026,2025-12-02,Anthony Gill,Wizards,F,8,2,1,0,0,1,0,1
2026,2026-02-24,Alex Caruso,Thunder,G,23,16,2,4,2,0,4,1
2026,2026-01-30,Jalen Duren,Pistons,C,30,21,13,3,1,0,1,5
2026,2025-11-28,Jaxson Hayes,Lakers,C,12,6,2,1,0,1,1,3
2026,2026-04-06,Goga Bitadze,Magic,C,24,9,4,1,1,3,2,3
2026,2026-03-13,Kobe Brown,Pacers,G,30,8,7,0,0,1,1,1
2026,2026-01-23,Kevin Durant,Rockets,F,41,32,7,3,1,1,0,4
2026,2025-11-05,Ajay Mitchell,Thunder,G,31,21,4,3,1,0,5,3
2026,2026-02-02,Ryan Kalkbrenner,Hornets,C,18,10,7,1,0,3,2,3
2026,2025-12-22,Craig Porter Jr.,Cavaliers,G,3,2,0,0,0,0,0,1
2026,2026-01-25,Marcus Sasser,Pistons,G,4,2,0,0,0,0,0,0
2026,2026-01-23,Bruce Brown,Nuggets,G,26,15,3,3,2,0,2,1
2026,2026-02-07,Anfernee Simons,Bulls,G,32,15,4,6,0,0,0,3
2026,2025-11-05,Taelon Peter,Pacers,G,16,3,3,4,0,1,1,0
2026,2026-02-07,Moussa Diabate,Hornets,F,32,11,15,2,0,0,0,0
2026,2025-12-29,Giannis Antetokounmpo,Bucks,F,25,24,4,7,1,0,2,3
2026,2026-03-27,Derik Queen,Pelicans,C,23,13,8,0,1,1,2,3
2026,2026-01-15,Miles McBride,Knicks,G,37,25,3,6,0,0,3,1
2026,2026-03-20,Sandro Mamukelashvili,Raptors,F,14,4,2,2,0,0,0,2
2026,2026-03-08,Collin Gillespie,Suns,G,36,24,5,4,0,0,1,3
2026,2026-03-16,Brook Lopez,Clippers,C,24,3,1,1,1,2,0,1
2026,2026-03-12,AJ Green,Bucks,G,15,3,0,2,0,0,1,1
2026,2025-11-02,Pelle Larsson,Heat,G,26,17,5,6,0,0,1,4
2026,2025-12-12,Onyeka Okongwu,Hawks,F,28,14,3,3,2,4,5,4
2026,2026-02-09,Anfernee Simons,Bulls,G,34,23,3,7,0,1,5,3
2026,2026-01-27,Landry Shamet,Knicks,G,17,2,1,3,2,0,1,2
2026,2025-11-30,Robert Williams III,Trail Blazers,C,19,7,9,1,1,1,0,2
2026,2025-11-26,Rayan Rupert,Trail Blazers,G,9,0,2,0,1,1,1,1
2026,2026-01-18,Jake LaRavia,Lakers,F,19,2,5,2,1,0,0,0
2026,2025-12-21,Malik Monk,Kings,G,5,2,0,0,0,0,0,0
2026,2026-01-02,Ayo Dosunmu,Bulls,G,21,17,3,7,0,0,1,2
2026,2026-03-27,Markelle Fultz,Raptors,G,2,2,0,0,0,0,1,1
2026,2025-12-12,Brice Sensabaugh,Jazz,F,17,11,3,2,1,0,0,1
2026,2026-03-01,Naz Reid,Timberwolves,C,26,11,6,2,1,1,2,3
2026,2026-02-07,Anthony Gill,Wizards,F,28,9,5,2,1,0,0,3
2026,2026-03-13,Yves Missi,Pelicans,C,25,5,7,0,1,1,0,2
2026,2026-03-16,P.J. Washington,Mavericks,F,31,18,7,2,1,0,0,1
2026,2025-12-23,Jordan Goodwin,Suns,G,22,8,1,3,2,0,1,2
2026,2025-12-03,Simone Fontecchio,Heat,F,21,8,3,2,1,1,1,0
2026,2026-01-12,Joel Embiid,76ers,C,36,27,8,4,2,0,7,1
2026,2026-01-02,Jamal Murray,Nuggets,G,39,34,6,7,0,1,1,0
2026,2025-11-24,Jalen Smith,Bulls,F,26,13,6,1,0,0,2,3
2026,2026-03-22,E.J. Liddell,Nets,F,29,1,2,4,0,2,0,3
2026,2026-02-20,John Collins,Clippers,F,16,12,1,0,1,0,2,0
2026,2026-01-29,Tre Johnson,Wizards,G,11,8,0,2,0,0,0,0
2026,2026-02-12,Naji Marshall,Mavericks,F,29,19,2,4,2,0,2,2
2026,2026-02-25,Nikola Vucevic,Celtics,C,23,2,8,1,0,0,0,2
2026,2026-04-03,Derik Queen,Pelicans,C,28,8,6,2,5,1,2,4
2026,2026-03-24,Malik Monk,Kings,G,30,7,3,14,1,0,0,3
2026,2026-02-22,Royce O'Neale,Suns,F,25,0,7,0,1,1,2,2
2026,2025-10-30,Khris Middleton,Wizards,F,20,6,1,2,0,0,2,4
2026,2026-03-16,Jayson Kent,Trail Blazers,G,3,2,1,0,0,0,0,0
2026,2026-03-11,RJ Barrett,Raptors,F,28,16,7,1,1,0,2,1
2026,2026-02-28,Pat Spencer,Warriors,G,27,4,3,4,0,0,0,2
2026,2026-01-29,Ronald Holland II,Pistons,F,17,0,1,2,0,1,0,1
2026,2026-01-19,Naji Marshall,Mavericks,F,33,19,8,4,1,0,1,1
2026,2025-12-14,Royce O'Neale,Suns,F,24,12,5,1,1,0,2,3
2026,2026-03-27,Dennis Schroder,Cavaliers,G,20,8,0,5,1,0,0,1
2026,2026-03-21,Brooks Barnhizer,Thunder,F,5,0,3,0,0,0,0,0
2026,2026-03-27,Josh Minott,Nets,F,26,18,6,0,1,0,1,3
2026,2025-11-03,Ja Morant,Grizzlies,G,35,18,5,10,1,0,5,2
2026,2026-02-20,Caleb Martin,Mavericks,F,15,4,2,1,2,0,1,2
2026,2026-01-17,Johnny Juzang,Timberwolves,G,4,0,2,0,0,0,0,0
2026,2026-03-06,Karlo Matkovic,Pelicans,F,13,9,3,0,1,0,2,1
2026,2026-01-02,Mark Williams,Suns,C,22,15,9,0,1,1,1,2
2026,2025-10-24,Jusuf Nurkic,Jazz,C,18,4,11,2,1,0,1,1
2026,2025-12-22,Pat Connaughton,Hornets,G,6,3,2,0,0,0,0,0
2026,2026-02-03,Deandre Ayton,Lakers,C,28,7,8,3,1,0,1,3
2026,2026-02-20,Tyler Herro,Heat,G,23,24,4,3,1,0,0,3
2026,2025-11-21,Keyonte George,Jazz,G,30,20,3,8,0,0,4,3
2026,2026-01-11,Jamal Cain,Magic,F,3,0,0,0,0,0,0,1
2026,2025-12-04,Jeremiah Fears,Pelicans,G,34,20,7,6,1,0,3,3
2026,2025-10-29,Jarace Walker,Pacers,F,36,20,6,5,3,1,1,3
2026,2026-03-21,Aaron Holiday,Rockets,G,13,8,0,2,1,0,0,1
2026,2025-12-25,Adou Thiero,Lakers,F,3,2,2,0,0,0,0,0
2026,2026-01-27,Andre Jackson Jr.,Bucks,G,2,0,0,0,0,0,0,0
2026,2025-12-18,Jett Howard,Magic,G,29,12,6,2,1,0,0,2
2026,2026-03-07,Cason Wallace,Thunder,G,31,9,0,2,4,0,3,2
2026,2026-01-04,Nique Clifford,Kings,G,19,7,2,1,1,0,0,1
2026,2026-01-09,Julian Strawther,Nuggets,G,10,0,1,0,0,0,2,2
2026,2026-03-20,OG Anunoby,Knicks,F,35,16,3,1,2,1,4,2
2026,2026-02-03,Cole Anthony,Bucks,G,12,4,3,5,0,1,2,1
2026,2026-03-01,Herbert Jones,Pelicans,F,21,2,4,0,0,0,0,5
2026,2026-02-09,Javonte Cooke,Trail Blazers,G,5,2,2,0,0,0,1,1
2026,2025-11-22,GG Jackson,Grizzlies,F,8,2,2,0,0,0,1,0
2026,2026-03-21,Gui Santos,Warriors,F,24,2,2,6,2,0,4,2
2026,2025-12-14,Donte DiVincenzo,Timberwolves,G,34,18,6,6,4,2,1,3
2026,2025-11-30,Jusuf Nurkic,Jazz,C,19,14,6,9,0,1,1,3
2026,2025-11-16,Karlo Matkovic,Pelicans,F,20,4,2,3,2,0,1,1
2026,2025-11-11,Andre Drummond,76ers,C,33,14,13,0,0,1,0,1
2026,2025-11-24,Daniss Jenkins,Pistons,G,8,5,2,3,0,1,1,0
2026,2025-11-26,Daniss Jenkins,Pistons,G,8,0,0,1,0,0,0,1
2026,2025-12-25,P.J. Washington,Mavericks,F,34,14,10,2,2,1,2,0
2026,2025-11-17,Isaiah Hartenstein,Thunder,C,27,16,7,6,4,1,2,1
2026,2026-02-04,Micah Peavy,Pelicans,G,12,2,2,0,1,0,0,0
2026,2026-03-03,Jalen Duren,Pistons,C,27,24,14,1,0,1,3,3
2026,2026-03-18,Chaney Johnson,Nets,F,27,12,7,3,1,0,2,2
2026,2026-02-01,Mitchell Robinson,Knicks,C,23,0,7,1,0,1,1,0
2026,2025-11-25,Jake LaRavia,Lakers,F,17,4,1,0,1,0,0,1
2026,2026-02-06,Jaylen Wells,Grizzlies,F,27,13,3,4,0,1,1,0
2026,2026-01-24,Isaiah Collier,Jazz,G,28,16,6,9,0,1,2,3
2026,2025-10-22,Sam Hauser,Celtics,F,22,8,2,1,0,0,3,3
2026,2026-01-07,Micah Peavy,Pelicans,G,29,11,5,6,2,2,0,1
2026,2026-03-08,Trey Murphy III,Pelicans,F,29,24,5,4,1,0,0,0
2026,2025-10-22,Kevin Porter Jr.,Bucks,G,9,10,0,2,1,0,0,0
2026,2026-02-24,Bryce McGowens,Pelicans,G,18,7,4,0,1,1,0,0
2026,2026-01-07,Kyle Kuzma,Bucks,F,21,13,2,2,0,1,0,1
2026,2026-01-13,Micah Peavy,Pelicans,G,12,2,1,0,1,0,0,1
2026,2026-02-04,Zach LaVine,Kings,G,22,11,1,0,1,0,1,2
2026,2025-11-26,DeMar DeRozan,Kings,G,37,10,3,3,0,0,1,3
2026,2026-03-03,DeAndre Jordan,Pelicans,C,16,6,6,2,1,1,1,2
2026,2025-11-10,Bobby Portis,Bucks,F,27,13,7,0,0,0,0,1
2026,2025-11-12,Kon Knueppel,Hornets,G,34,16,6,1,0,0,3,1
2026,2026-03-27,Baylor Scheierman,Celtics,G,28,3,6,2,0,0,1,2
2026,2026-02-05,Guerschon Yabusele,Bulls,F,33,15,11,3,2,0,1,2
2026,2025-11-22,Jordan Hawkins,Pelicans,G,19,5,2,0,0,0,0,1
2026,2025-10-22,Donovan Mitchell,Cavaliers,G,36,31,2,5,2,1,3,2
2026,2025-12-20,Brandon Ingram,Raptors,F,35,24,4,7,0,1,3,2
2026,2025-11-18,Jonathan Isaac,Magic,F,7,0,2,0,0,0,1,1
2026,2025-12-18,Devin Booker,Suns,G,33,25,2,2,1,0,3,2
2026,2025-10-24,Johnny Juzang,Timberwolves,G,3,1,1,0,0,0,0,1
2026,2025-10-29,RayJ Dennis,Pacers,G,30,17,5,5,0,0,1,3
2026,2026-01-07,Dylan Harper,Spurs,G,20,2,4,2,2,0,0,1
2026,2026-04-05,Clint Capela,Rockets,C,4,0,2,0,0,0,0,0
2026,2026-03-25,Sam Hauser,Celtics,F,29,9,5,0,0,0,0,2
2026,2026-03-31,Jeff Green,Rockets,F,2,0,1,0,0,0,0,0
2026,2026-04-10,Jaylen Clark,Timberwolves,G,12,2,1,1,1,0,1,1
2026,2026-03-29,Kawhi Leonard,Clippers,F,23,20,8,2,1,0,1,1
2026,2026-02-19,Kelly Oubre Jr.,76ers,G,32,17,3,3,3,1,2,3
2026,2026-02-07,Jonas Valanciunas,Nuggets,C,13,10,4,1,0,1,1,3
2026,2026-02-09,Luguentz Dort,Thunder,G,29,7,5,1,1,1,4,4
2026,2026-03-25,Reed Sheppard,Rockets,G,28,10,8,3,2,0,2,0
2026,2026-02-08,Payton Pritchard,Celtics,G,31,6,2,7,2,0,1,0
2026,2025-11-13,Isaiah Jackson,Pacers,F,17,8,4,0,0,0,1,2
2026,2026-03-19,Yves Missi,Pelicans,C,27,11,11,4,0,1,4,5
2026,2025-11-18,Ace Bailey,Jazz,G,23,13,1,1,1,0,1,3
2026,2025-12-29,Jimmy Butler III,Warriors,F,31,21,5,4,1,0,1,1
2026,2026-01-06,Dalton Knecht,Lakers,F,11,6,0,0,0,0,0,2
2026,2026-03-12,Jalen Slawson,Pacers,F,32,10,8,5,2,1,3,2
2026,2026-04-07,Khaman Maluach,Suns,C,1,0,0,0,0,0,0,0
2026,2026-03-19,Jordan McLaughlin,Spurs,G,10,0,2,5,1,1,1,0
2026,2026-02-25,Duncan Robinson,Pistons,F,30,16,3,3,1,0,1,0
2026,2026-04-01,Jaylen Brown,Celtics,G,37,43,3,7,0,0,1,3
2026,2025-11-26,Dru Smith,Heat,G,19,5,3,1,3,1,1,2
2026,2026-01-10,Anthony Edwards,Timberwolves,G,35,25,5,3,0,2,1,1
2026,2026-04-09,Immanuel Quickley,Raptors,G,23,11,3,4,1,0,0,2
2026,2025-12-08,T.J. McConnell,Pacers,G,16,4,1,3,0,0,1,1
2026,2025-11-14,Jalen Suggs,Magic,G,28,14,7,6,0,1,5,5
2026,2026-02-25,Nikola Topic,Thunder,G,16,0,2,4,0,0,1,1
2026,2026-02-11,AJ Green,Bucks,G,30,6,1,2,1,0,0,0
2026,2026-02-01,Jarred Vanderbilt,Lakers,F,20,1,2,0,1,0,0,2
2026,2026-03-18,Ja'Kobe Walter,Raptors,G,21,18,4,1,0,1,0,1
2026,2026-03-12,Baylor Scheierman,Celtics,G,34,11,7,5,0,0,1,0
2026,2025-11-28,Dominick Barlow,76ers,F,25,10,10,4,0,1,1,4
2026,2025-11-29,Jaden Ivey,Pistons,G,14,9,2,1,0,0,1,1
2026,2026-03-03,Maxime Raynaud,Kings,C,36,22,10,4,2,0,3,4
2026,2026-03-28,De'Aaron Fox,Spurs,G,21,12,2,6,1,0,1,0
2026,2026-02-22,Gui Santos,Warriors,F,28,17,5,7,1,0,2,5
2026,2026-02-21,Olivier-Maxence Prosper,Grizzlies,F,26,9,3,4,4,0,1,2
2026,2026-03-08,Jarred Vanderbilt,Lakers,F,10,3,2,1,0,1,0,2
2026,2026-04-12,Seth Curry,Warriors,G,12,6,1,2,0,0,0,0
2026,2025-11-16,Royce O'Neale,Suns,F,25,3,6,1,0,0,0,1
2026,2026-03-01,Derik Queen,Pelicans,C,29,19,5,2,2,1,3,3
2026,2025-12-18,Harrison Barnes,Spurs,F,18,2,1,2,0,0,0,0
2026,2025-12-31,Noah Penda,Magic,F,9,4,0,0,1,0,0,2
2026,2025-10-27,Ayo Dosunmu,Bulls,G,27,21,3,2,0,0,0,2
2026,2025-12-26,Tre Mann,Hornets,G,8,0,2,3,0,0,0,0
2026,2025-11-01,Brandon Williams,Mavericks,G,17,12,0,0,1,0,3,2
2026,2026-04-02,James Harden,Cavaliers,G,37,19,2,5,0,0,4,1
2026,2025-11-30,Collin Murray-Boyles,Raptors,F,22,11,8,2,1,0,3,2
2026,2026-01-13,Jordan Poole,Pelicans,G,20,16,1,2,1,0,3,2
2026,2026-04-05,Royce O'Neale,Suns,F,22,3,3,2,0,0,2,2
2026,2025-11-05,Quentin Grimes,76ers,G,32,27,3,3,0,0,4,4
2026,2026-03-31,Ben Saraf,Nets,G,19,7,2,3,0,0,3,1
2026,2026-01-27,Nic Claxton,Nets,C,29,8,5,8,0,2,2,3
2026,2025-12-06,Amen Thompson,Rockets,G,33,7,6,6,3,1,6,4
2026,2025-11-14,Quinten Post,Warriors,C,7,3,2,0,0,1,1,0
2026,2025-11-25,Kris Dunn,Clippers,G,30,19,0,3,1,0,2,2
2026,2026-02-03,Jrue Holiday,Trail Blazers,G,29,15,4,5,3,0,5,3
2026,2026-02-04,TyTy Washington Jr.,Clippers,G,8,0,0,3,0,0,1,0
2026,2026-04-01,Tyrese Maxey,76ers,G,34,28,2,9,1,0,2,1
2026,2025-11-02,Bronny James,Lakers,G,18,2,0,2,3,0,0,3
2026,2026-02-07,Naji Marshall,Mavericks,F,25,6,3,5,3,0,1,2
2026,2026-02-07,Luguentz Dort,Thunder,G,27,2,2,3,0,0,1,2
2026,2025-10-27,Kentavious Caldwell-Pope,Grizzlies,G,26,7,2,4,0,1,1,2
2026,2025-11-13,Grayson Allen,Suns,G,12,12,1,2,1,0,0,0
2026,2026-04-12,Stephon Castle,Spurs,G,29,10,11,9,1,0,2,3
2026,2026-03-28,AJ Green,Bucks,G,27,7,3,3,0,2,0,1
2026,2025-11-12,Spencer Jones,Nuggets,F,15,3,0,1,1,0,0,5
2026,2025-11-23,Kawhi Leonard,Clippers,F,26,20,3,2,3,0,4,4
2026,2026-03-11,Julian Strawther,Nuggets,G,8,6,1,0,0,0,0,0
2026,2025-11-20,Kobe Brown,Clippers,G,16,9,3,1,0,0,1,1
2026,2025-11-07,Hunter Tyson,Nuggets,F,4,0,1,0,0,0,0,1
2026,2025-11-09,Adem Bona,76ers,C,12,2,4,0,1,3,0,1
2026,2026-02-28,Tyler Herro,Heat,G,33,18,2,3,1,0,4,3
2026,2026-01-09,Vit Krejci,Hawks,G,27,0,0,1,2,2,0,3
2026,2026-02-09,Jake LaRavia,Lakers,F,24,14,4,1,1,1,1,3
2026,2026-02-19,Tre Jones,Bulls,G,22,12,1,6,0,1,0,0
2026,2026-02-19,Jevon Carter,Magic,G,23,14,3,4,1,0,1,2
2026,2025-11-29,Tre Jones,Bulls,G,29,17,1,2,0,0,2,0
2026,2026-02-24,Drake Powell,Nets,G,21,2,2,1,1,0,1,0
2026,2025-12-18,Jericho Sims,Bucks,C,26,6,7,1,0,0,4,4
2026,2026-01-24,Drew Timme,Lakers,F,8,0,3,1,2,0,0,0
2026,2026-01-19,Norman Powell,Heat,G,30,21,3,3,0,0,3,3
2026,2026-02-27,Sam Merrill,Cavaliers,G,36,20,1,3,2,0,2,3
2026,2026-01-18,Karlo Matkovic,Pelicans,F,18,5,3,0,0,0,0,1
2026,2025-11-03,RayJ Dennis,Pacers,G,8,3,1,0,0,0,1,0
2026,2026-04-12,Dorian Finney-Smith,Rockets,F,21,9,2,1,1,0,0,1
2026,2025-11-24,JD Davison,Rockets,G,18,5,1,4,1,0,0,1
2026,2026-02-11,Brook Lopez,Clippers,C,37,15,1,3,2,2,1,1
2026,2025-11-05,Rui Hachimura,Lakers,F,35,15,2,0,1,0,0,2
2026,2025-11-22,Thanasis Antetokounmpo,Bucks,F,2,2,0,0,0,1,0,2
2026,2026-04-02,Brooks Barnhizer,Thunder,F,5,0,0,1,1,0,0,0
2026,2025-12-20,De'Anthony Melton,Warriors,G,16,2,2,5,1,2,2,4
2026,2025-11-21,Al Horford,Warriors,C,18,7,6,3,2,1,1,1
2026,2026-03-25,Rudy Gobert,Timberwolves,C,28,14,14,1,1,5,1,6
2026,2026-02-26,Daeqwon Plowden,Kings,G,26,19,4,0,0,0,0,1
2026,2026-03-29,Jalen Williams,Thunder,G,29,22,1,2,1,0,2,1
2026,2026-02-21,Royce O'Neale,Suns,F,46,6,7,4,2,2,1,4
2026,2026-03-03,Rudy Gobert,Timberwolves,C,26,5,12,1,0,0,1,4
2026,2025-11-07,Bub Carrington,Wizards,G,28,6,4,11,0,1,2,1
2026,2026-01-02,Asa Newell,Hawks,F,11,0,0,1,0,0,1,1
2026,2025-11-07,Precious Achiuwa,Kings,PF,17,4,4,0,1,0,0,0
2026,2026-03-10,Bronny James,Lakers,G,2,0,0,1,0,0,0,0
2026,2025-12-21,Jericho Sims,Bucks,C,19,9,6,2,1,0,1,2
2026,2026-04-01,Caleb Houstan,Hawks,G,3,9,3,0,0,0,0,2
2026,2026-01-22,Quinten Post,Warriors,C,6,2,0,0,0,0,0,1
2026,2025-12-05,Clint Capela,Rockets,C,18,4,7,1,0,4,2,2
2026,2026-02-06,Yang Hansen,Trail Blazers,C,4,2,1,0,0,0,2,1
2026,2026-03-01,Jalen Brunson,Knicks,G,32,24,4,7,0,0,3,4
2026,2026-03-14,Desmond Bane,Magic,G,35,21,4,4,0,1,3,6
2026,2026-03-15,Naji Marshall,Mavericks,F,32,25,5,7,1,0,3,1
2026,2026-04-10,Keaton Wallace,Hawks,G,8,0,0,2,1,0,2,0
2026,2026-03-06,Jay Huff,Pacers,C,33,16,6,2,1,2,0,1
2026,2026-01-15,Josh Okogie,Rockets,G,22,5,5,1,2,1,2,1
2026,2026-03-08,DeAndre Jordan,Pelicans,C,19,2,5,1,0,1,0,1
2026,2026-02-20,Jahmai Mashack,Grizzlies,G,31,11,5,2,2,1,4,0
2026,2025-11-19,Bam Adebayo,Heat,C,29,20,7,3,1,2,1,1
2026,2026-01-11,Khris Middleton,Wizards,F,18,2,2,5,0,0,2,2
2026,2026-03-14,Alex Sarr,Wizards,C,22,4,5,0,2,1,3,1
2026,2026-02-12,Nikola Topic,Thunder,G,12,2,1,1,0,0,3,0
2026,2026-04-05,Nique Clifford,Kings,G,38,18,5,5,1,1,3,2
2026,2026-04-10,Nicolas Batum,Clippers,F,5,0,1,0,0,0,0,0
2026,2026-03-04,Pete Nance,Bucks,F,14,3,1,0,0,0,0,2
2026,2026-03-21,Dylan Harper,Spurs,G,28,24,4,3,0,0,0,4
2026,2026-02-22,Payton Pritchard,Celtics,G,38,30,4,8,0,0,4,4
2026,2025-12-18,Nick Smith Jr.,Lakers,G,5,0,0,0,0,0,0,1
2026,2025-11-04,Brandon Ingram,Raptors,F,31,13,8,4,0,2,2,3
2026,2025-12-12,Brandin Podziemski,Warriors,G,23,2,2,4,0,0,2,2
2026,2026-04-09,Dominick Barlow,76ers,F,27,2,8,0,2,4,0,4
2026,2026-01-08,Donte DiVincenzo,Timberwolves,G,34,22,1,4,1,0,1,4
2026,2025-11-09,Jimmy Butler III,Warriors,F,30,21,9,7,2,1,1,1
2026,2026-01-27,Taylor Hendricks,Jazz,F,12,0,1,2,0,0,3,0
2026,2026-03-26,Doug McDermott,Kings,F,12,6,0,2,0,0,0,0
2026,2026-01-31,Trey Murphy III,Pelicans,F,38,19,9,2,0,1,0,2
2026,2026-03-18,Gui Santos,Warriors,F,28,13,5,0,0,0,3,4
2026,2026-03-29,Spencer Jones,Nuggets,F,6,0,0,1,1,1,1,1
2026,2026-03-29,Jamir Watkins,Wizards,G,17,8,2,0,1,0,1,4
2026,2026-01-01,Hugo Gonzalez,Celtics,G,19,3,6,1,1,0,0,2
2026,2026-03-09,Cameron Payne,76ers,PG,28,12,6,4,0,0,0,2
2026,2026-01-30,DaRon Holmes II,Nuggets,F,2,2,0,0,0,0,0,1
2026,2025-12-31,Saddiq Bey,Pelicans,G,34,16,4,3,0,0,0,1
2026,2026-01-27,Caleb Love,Trail Blazers,G,17,6,2,1,0,0,1,0
2026,2025-12-03,Yanic Konan Niederhauser,Clippers,C,3,0,2,0,0,0,0,0
2026,2025-12-20,Jett Howard,Magic,G,15,5,2,2,0,0,1,1
2026,2025-12-25,Brandon Williams,Mavericks,G,30,26,3,3,0,0,2,2
2026,2025-11-20,Jaylen Wells,Grizzlies,F,19,13,1,2,1,0,0,3
2026,2026-03-02,Will Riley,Wizards,G,33,7,1,1,3,0,2,3
2026,2025-11-30,Santi Aldama,Grizzlies,F,22,7,6,4,1,1,2,1
2026,2026-02-15,Jalen Johnson,Team Stars,F,7,4,0,1,0,1,0,0
2026,2025-10-24,Dalton Knecht,Lakers,F,7,0,1,0,0,0,0,1
2026,2026-02-19,Tyrese Proctor,Cavaliers,G,10,6,2,0,1,0,1,1
2026,2025-10-31,Tim Hardaway Jr.,Nuggets,G,22,11,2,2,1,0,0,0
2026,2025-10-22,Santi Aldama,Grizzlies,F,24,5,6,2,1,2,2,5
2026,2026-03-29,Mohamed Diawara,Knicks,F,2,0,0,0,0,0,0,0
2026,2025-11-21,Tristan Vukcevic,Wizards,F,17,4,3,1,1,0,2,1
2026,2025-12-25,Jae'Sean Tate,Rockets,F,3,2,0,0,0,0,0,0
2026,2026-01-11,Dorian Finney-Smith,Rockets,F,16,4,3,0,0,1,0,2
2026,2026-03-03,Yves Missi,Pelicans,C,6,2,1,0,0,0,0,0
2026,2025-12-03,Jae'Sean Tate,Rockets,F,4,2,1,1,0,0,0,0
2026,2026-02-08,Donte DiVincenzo,Timberwolves,G,24,1,4,2,1,0,2,6
2026,2025-12-04,Al Horford,Warriors,C,18,3,6,4,1,1,0,0
2026,2026-04-12,Tristan da Silva,Magic,F,24,8,6,2,1,0,2,0
2026,2026-01-18,Paolo Banchero,Magic,F,36,16,8,9,0,0,4,0
2026,2026-02-26,Grayson Allen,Suns,G,31,28,1,6,1,1,1,3
2026,2026-02-12,Luguentz Dort,Thunder,G,28,9,2,1,1,0,2,2
2026,2026-03-03,Derik Queen,Pelicans,C,19,2,2,4,0,1,2,4
2026,2026-03-10,Chaney Johnson,Nets,F,22,5,1,1,0,0,1,3
2026,2026-03-28,Rayan Rupert,Grizzlies,G,30,14,4,2,2,0,0,6
2026,2026-01-09,Jamal Shead,Raptors,G,24,13,1,8,0,1,1,3
2026,2026-04-03,Brandon Williams,Mavericks,G,26,23,2,5,2,0,3,0
2026,2025-12-12,Nikola Vucevic,Bulls,C,22,13,3,4,0,1,1,0
2026,2026-02-22,Evan Mobley,Cavaliers,C,25,15,2,1,1,0,1,4
2026,2026-02-11,Isaiah Hartenstein,Thunder,C,18,8,4,6,0,0,1,1
2026,2026-01-07,Isaiah Stewart,Pistons,F,30,31,3,1,1,2,0,2
2026,2025-11-04,Collin Murray-Boyles,Raptors,F,15,2,1,0,0,0,1,3
2026,2026-03-11,Sam Merrill,Cavaliers,G,30,13,4,2,1,0,0,4
2026,2026-01-17,Ryan Nembhard,Mavericks,G,20,7,1,4,0,0,1,2
2026,2025-10-31,Dalton Knecht,Lakers,F,15,5,2,1,1,0,0,2
2026,2026-01-15,Brandon Williams,Mavericks,G,25,18,2,3,0,1,3,3
2026,2026-03-21,Cam Thomas,Bucks,G,16,7,1,1,1,0,3,1
2026,2025-11-17,Julius Randle,Timberwolves,F,27,12,6,4,1,0,1,3
2026,2026-02-20,Michael Porter Jr.,Nets,F,38,22,9,5,2,0,2,3
2026,2026-03-23,Kawhi Leonard,Clippers,F,25,28,5,3,3,1,2,1
2026,2026-02-03,Maxi Kleber,Lakers,F,3,0,0,0,0,0,0,0
2026,2025-10-30,Myles Turner,Bucks,C,29,17,7,3,0,1,1,1
2026,2026-03-05,DeMar DeRozan,Kings,G,27,15,2,2,1,0,1,1
2026,2026-01-02,Isaiah Livers,Suns,F,12,0,1,1,1,0,0,3
2026,2026-03-16,Bilal Coulibaly,Wizards,G,33,21,8,4,1,0,2,4
2026,2026-03-14,Jalen Suggs,Magic,G,34,14,5,6,1,0,3,0
2026,2026-03-25,Thomas Bryant,Cavaliers,C,16,4,5,0,0,0,1,2
2026,2025-11-30,Donovan Mitchell,Cavaliers,G,39,18,7,8,3,0,5,5
2026,2026-03-25,Amen Thompson,Rockets,G,45,11,9,10,0,2,2,4
2026,2026-03-18,Saddiq Bey,Pelicans,G,35,25,5,4,2,0,2,1
2026,2026-01-24,Collin Sexton,Hornets,G,16,9,1,2,3,0,2,0
2026,2026-01-04,Branden Carlson,Thunder,C,7,0,1,0,0,0,0,0
2026,2025-10-29,Spencer Jones,Nuggets,F,6,2,1,0,0,0,2,2
2026,2026-01-18,Maxime Raynaud,Kings,C,23,6,9,1,0,1,0,3
2026,2025-12-29,Patrick Williams,Bulls,F,20,7,3,2,0,2,2,3
2026,2026-03-05,Lindy Waters III,Spurs,F,1,0,0,0,0,0,0,0
2026,2026-02-23,Isaiah Crawford,Rockets,F,2,0,0,0,0,0,0,0
2026,2025-12-01,Simone Fontecchio,Heat,F,21,7,4,2,0,0,0,0
2026,2025-11-14,Cole Anthony,Bucks,G,19,10,3,5,1,0,4,3
2026,2025-10-30,Bam Adebayo,Heat,C,37,31,10,3,1,1,2,2
2026,2026-01-14,Jalen Brunson,Knicks,G,5,4,0,0,0,0,1,0
2026,2025-12-21,Dyson Daniels,Hawks,G,39,8,9,9,2,0,1,1
2026,2025-12-19,Coby White,Bulls,G,30,13,6,9,0,0,3,3
2026,2026-02-05,Brice Sensabaugh,Jazz,F,30,18,4,2,0,0,1,6
2026,2026-01-21,Mohamed Diawara,Knicks,F,8,7,3,1,0,0,0,0
2026,2025-12-27,Jericho Sims,Bucks,C,17,4,6,0,0,0,1,1
2026,2026-02-07,Cason Wallace,Thunder,G,34,23,4,4,4,0,3,1
2026,2026-01-01,Maxime Raynaud,Kings,C,35,12,8,1,0,0,0,2
2026,2026-01-31,Derik Queen,Pelicans,C,19,9,6,2,0,1,3,3
2026,2025-11-05,Brandon Williams,Mavericks,G,19,10,1,3,2,0,1,2
2026,2026-02-24,Jase Richardson,Magic,G,5,0,0,0,0,0,0,0
2026,2025-12-29,De'Andre Hunter,Cavaliers,F,24,11,9,2,2,0,1,3
2026,2026-01-31,VJ Edgecombe,76ers,G,37,15,3,5,1,0,1,1
2026,2026-01-05,Svi Mykhailiuk,Jazz,G,20,8,1,0,0,0,0,2
2026,2026-04-12,Quenton Jackson,Pacers,G,30,21,0,8,3,0,1,1
2026,2026-03-29,Andrew Nembhard,Pacers,G,36,15,3,10,0,0,2,1
2026,2025-12-26,Ayo Dosunmu,Bulls,G,24,8,3,4,1,0,1,1
2026,2025-12-19,Anthony Edwards,Timberwolves,G,41,26,12,3,3,2,3,2
2026,2025-11-07,Gradey Dick,Raptors,G,13,11,1,0,1,0,0,2
2026,2025-12-17,Jaylen Wells,Grizzlies,F,31,17,4,2,4,0,1,0
2026,2025-11-23,Johni Broome,76ers,F,1,0,1,0,0,0,0,0
2026,2025-11-18,Cam Spencer,Grizzlies,G,24,15,2,3,0,0,1,1
2026,2026-02-02,Cam Spencer,Grizzlies,G,25,16,4,5,0,0,1,1
2026,2025-10-21,Ajay Mitchell,Thunder,G,15,16,2,2,0,1,0,2
2026,2025-10-31,RayJ Dennis,Pacers,G,26,8,5,5,1,0,2,3
2026,2025-12-31,Devin Booker,Suns,G,33,32,2,4,1,1,1,5
2026,2025-11-28,Caleb Martin,Mavericks,F,1,0,0,0,0,0,0,0
2026,2025-11-16,Alperen Sengun,Rockets,C,45,30,12,8,0,2,5,5
2026,2026-02-21,Grayson Allen,Suns,G,33,27,7,2,1,1,2,0
2026,2025-12-18,Moses Moody,Warriors,G,30,5,8,3,1,1,1,3
2026,2026-03-01,Luke Kennard,Lakers,G,26,11,1,5,1,1,1,0
2026,2025-10-21,Tari Eason,Rockets,F,22,3,6,0,0,1,4,1
2026,2026-02-12,Maxi Kleber,Lakers,F,13,5,1,0,0,0,1,3
2026,2026-02-03,Jahmir Young,Heat,G,1,3,0,0,0,0,0,0
2026,2026-04-06,Julian Strawther,Nuggets,G,19,11,0,0,1,0,0,1
2026,2026-02-26,Dominick Barlow,76ers,F,31,9,2,0,1,0,0,3
2026,2026-04-03,Desmond Bane,Magic,G,33,27,7,5,3,0,1,3
2026,2025-11-07,Keaton Wallace,Hawks,G,20,7,3,3,2,1,1,2
2026,2025-11-23,RJ Barrett,Raptors,F,20,16,2,1,2,0,2,1
2026,2026-04-01,GG Jackson,Grizzlies,F,25,20,3,4,0,1,0,0
2026,2025-10-27,Kevin Huerter,Bulls,G,21,15,0,2,0,1,2,4
2026,2025-12-06,Ausar Thompson,Pistons,G,27,13,6,8,1,0,1,0
2026,2026-02-21,Guerschon Yabusele,Bulls,F,24,12,9,8,0,1,3,1
2026,2026-04-07,Derrick Jones Jr.,Clippers,F,23,11,10,2,0,1,0,3
2026,2025-11-11,Keyonte George,Jazz,G,27,10,5,7,0,0,3,5
2026,2026-03-23,Tristan da Silva,Magic,F,34,21,3,5,2,0,0,2
2026,2026-02-28,Toumani Camara,Trail Blazers,F,33,12,6,2,1,0,1,2
2026,2026-02-02,Vince Williams Jr.,Grizzlies,G,23,16,1,5,2,0,0,3
2026,2026-01-29,Precious Achiuwa,Kings,PF,34,8,13,3,1,1,2,3
2026,2026-01-12,Anfernee Simons,Celtics,G,24,16,3,4,0,0,2,2
2026,2025-12-09,Ariel Hukporti,Knicks,C,1,0,0,0,0,0,0,0
2026,2026-03-19,Kon Knueppel,Hornets,G,25,17,6,4,0,0,2,4
2026,2025-12-03,Sion James,Hornets,G,30,11,1,0,0,2,0,2
2026,2025-11-30,Karl-Anthony Towns,Knicks,C,31,22,8,2,0,0,4,3
2026,2026-04-05,Devin Carter,Kings,G,36,21,5,5,1,1,3,4
2026,2026-03-12,Ethan Thompson,Pacers,G,38,11,2,2,1,0,2,5
2026,2026-02-24,Wendell Carter Jr.,Magic,C,36,20,11,2,0,0,1,2
2026,2025-11-21,Patrick Williams,Bulls,F,18,8,1,2,1,1,1,6
2026,2026-04-10,Cam Christie,Clippers,G,2,0,0,0,0,0,0,0
2026,2026-01-30,Cody Williams,Jazz,F,28,6,2,1,1,1,1,2
2026,2026-04-12,Bub Carrington,Wizards,G,38,20,2,9,2,1,3,3
2026,2025-11-07,Joan Beringer,Timberwolves,F,9,6,3,0,0,1,2,2
2026,2025-12-03,Peyton Watson,Nuggets,G,36,11,7,0,1,3,0,4
2026,2026-03-31,Taurean Prince,Bucks,F,22,6,2,2,0,0,2,2
2026,2025-11-17,Gary Harris,Bucks,G,5,2,0,0,0,0,0,1
2026,2026-03-03,Donte DiVincenzo,Timberwolves,G,30,7,4,6,1,0,1,1
2026,2026-03-16,Isaiah Jackson,Clippers,F,17,11,1,0,1,1,1,3
2026,2025-11-30,De'Aaron Fox,Spurs,G,32,25,2,4,1,0,3,1
2026,2026-02-07,Jake LaRavia,Lakers,F,27,2,4,1,0,2,4,1
2026,2026-01-06,Jock Landale,Grizzlies,C,24,19,9,2,0,1,1,4
2026,2026-03-08,Ryan Rollins,Bucks,G,23,15,1,1,3,0,5,1
2026,2026-02-05,Jordan McLaughlin,Spurs,G,4,3,1,0,0,0,0,0
2026,2025-11-22,Jaden Hardy,Mavericks,G,12,0,0,1,0,0,0,1
2026,2026-01-27,Saddiq Bey,Pelicans,G,33,16,13,5,2,0,1,1
2026,2025-12-05,Brandon Miller,Hornets,F,30,12,3,2,1,1,4,3
2026,2025-11-16,Tre Johnson,Wizards,G,17,6,0,1,0,0,1,3
2026,2025-12-12,Nickeil Alexander-Walker,Hawks,G,31,22,2,0,0,0,2,3
2026,2025-12-31,Tony Bradley,Pacers,C,12,0,5,1,0,0,1,1
2026,2026-04-05,Sion James,Hornets,G,22,5,5,4,1,0,1,1
2026,2026-04-03,Lachlan Olbrich,Bulls,C,11,8,2,1,0,0,1,4
2026,2025-12-01,Isaiah Collier,Jazz,G,12,3,0,4,1,0,1,1
2026,2026-03-05,Julian Strawther,Nuggets,G,29,18,2,0,1,0,2,4
2026,2026-01-26,Tari Eason,Rockets,F,27,17,7,0,2,1,3,1
2026,2025-11-02,Dyson Daniels,Hawks,G,36,18,4,3,4,1,2,1
2026,2025-11-02,Mohamed Diawara,Knicks,F,1,0,0,0,0,0,0,0
2026,2026-03-18,Jabari Smith Jr.,Rockets,F,38,18,5,4,0,0,0,4
2026,2025-11-22,Ivica Zubac,Clippers,C,30,18,9,6,0,1,1,1
2026,2025-12-31,Jalen Suggs,Magic,G,25,11,3,3,3,0,3,4
2026,2026-03-21,Bub Carrington,Wizards,G,33,19,3,3,0,0,2,3
2026,2026-01-24,Desmond Bane,Magic,G,38,20,4,3,2,0,3,4
2026,2026-03-07,Taylor Hendricks,Grizzlies,F,26,18,4,2,2,2,1,3
2026,2026-03-10,Luka Doncic,Lakers,G,35,31,11,11,2,1,4,0
2026,2026-04-07,Tre Jones,Bulls,G,27,20,2,9,1,0,2,1
2026,2026-01-05,Jalen Brunson,Knicks,G,31,25,3,0,0,0,6,3
2026,2026-03-17,Jalen Slawson,Pacers,F,22,8,1,3,3,2,0,2
2026,2026-02-27,Nikola Vucevic,Celtics,C,25,28,11,4,0,1,1,2
2026,2025-12-07,Pat Spencer,Warriors,G,27,12,5,6,1,0,4,1
2026,2026-03-16,Ziaire Williams,Nets,F,20,7,1,0,2,0,1,2
2026,2026-02-07,Paolo Banchero,Magic,F,38,23,7,8,3,1,5,0
2026,2025-12-15,Jaylen Wells,Grizzlies,F,30,16,5,3,1,0,1,2
2026,2025-12-03,Thomas Bryant,Cavaliers,C,13,14,6,0,0,2,0,3
2026,2026-01-02,Jock Landale,Grizzlies,C,20,14,5,0,0,0,1,3
2026,2025-11-12,DeMar DeRozan,Kings,G,19,4,2,2,1,0,2,1
2026,2025-10-22,Saddiq Bey,Pelicans,G,30,13,6,3,1,0,0,2
2026,2025-11-28,Malaki Branham,Wizards,G,7,0,1,0,0,1,0,1
2026,2025-11-26,Quinten Post,Warriors,C,22,12,5,1,3,1,0,3
2026,2026-03-01,Dominick Barlow,76ers,F,28,14,8,1,3,0,1,4
2026,2025-11-14,John Collins,Clippers,F,24,8,3,0,2,0,3,5
2026,2025-11-12,Miles Bridges,Hornets,F,33,20,6,6,1,0,3,2
2026,2025-11-01,Ryan Rollins,Bucks,G,36,16,4,8,2,0,3,3
2026,2025-11-10,Vit Krejci,Hawks,G,30,28,3,2,0,1,0,2
2026,2026-03-05,Tyler Herro,Heat,G,31,25,4,5,0,0,3,1
2026,2026-01-21,Andrew Nembhard,Pacers,G,33,9,4,9,0,0,3,0
2026,2026-01-03,Daniel Gafford,Mavericks,F,19,9,8,1,0,2,1,0
2026,2026-03-22,Joan Beringer,Timberwolves,F,1,0,0,0,0,0,0,0
2026,2025-12-06,Micah Peavy,Pelicans,G,16,2,1,2,1,0,0,0
2026,2026-01-11,Zion Williamson,Pelicans,F,32,22,3,3,2,1,1,4
2026,2025-10-29,Yves Missi,Pelicans,C,24,10,4,0,0,2,0,1
2026,2025-12-26,Davion Mitchell,Heat,G,29,6,1,7,2,0,2,4
2026,2026-01-21,Jalen Brunson,Knicks,G,31,20,4,5,0,0,2,2
2026,2026-03-12,Luka Garza,Celtics,C,21,7,4,0,0,0,1,3
2026,2026-03-19,Coby White,Hornets,G,23,27,3,5,0,0,4,2
2026,2025-10-29,Santi Aldama,Grizzlies,F,31,14,10,5,3,0,1,1
2026,2025-12-26,Ethan Thompson,Pacers,G,26,11,4,6,0,0,2,4
2026,2026-01-31,Moussa Diabate,Hornets,F,33,12,10,6,0,2,0,3
2026,2026-01-28,Mouhamed Gueye,Hawks,F,19,5,4,2,0,0,0,2
2026,2026-03-17,Dalen Terry,76ers,F,18,8,0,3,0,0,0,2
2026,2025-12-15,Santi Aldama,Grizzlies,F,31,3,2,2,1,0,1,1
2026,2025-11-26,Jericho Sims,Bucks,C,17,4,2,2,1,0,2,3
2026,2026-03-14,VJ Edgecombe,76ers,G,35,16,4,7,2,1,4,1
2026,2026-01-13,Jamal Murray,Nuggets,G,37,35,2,9,3,1,3,2
2026,2026-02-26,Amen Thompson,Rockets,G,28,9,5,3,1,1,3,3
2026,2025-11-12,PJ Hall,Grizzlies,C,7,4,3,1,0,0,0,0
2026,2026-01-31,Daniel Gafford,Mavericks,F,28,16,11,1,0,0,0,1
2026,2026-03-07,Kelly Oubre Jr.,76ers,G,36,24,5,4,2,0,5,0
2026,2026-03-13,Pacome Dadiet,Knicks,F,6,3,1,0,0,1,0,2
2026,2026-02-11,Luka Garza,Celtics,C,7,0,0,0,0,0,0,1
2026,2025-12-26,Jaren Jackson Jr.,Grizzlies,F,30,24,9,1,1,5,2,3
2026,2025-10-27,Caleb Love,Trail Blazers,G,11,5,4,1,0,0,0,0
2026,2025-12-22,Jaylon Tyson,Cavaliers,G,20,0,1,3,3,0,2,1
2026,2025-11-14,Devin Vassell,Spurs,G,32,11,3,2,2,0,2,3
2026,2026-01-13,Amen Thompson,Rockets,G,42,23,5,2,2,0,3,3
2026,2026-01-19,Jabari Walker,76ers,F,24,5,6,0,4,0,0,3
2026,2025-11-11,Drake Powell,Nets,G,22,6,1,3,2,0,1,2
2026,2025-12-09,Mohamed Diawara,Knicks,F,1,0,0,0,0,0,0,0
2026,2026-03-07,Noah Penda,Magic,F,14,0,6,1,1,1,0,0
2026,2026-03-26,DeAndre Jordan,Pelicans,C,17,4,5,3,1,1,0,1
2026,2026-02-22,Tidjane Salaun,Hornets,F,21,9,2,1,1,0,0,1
2026,2025-12-25,Luguentz Dort,Thunder,G,29,8,4,3,0,2,1,4
2026,2025-12-18,CJ McCollum,Wizards,G,29,11,4,3,2,0,2,0
2026,2026-03-14,Jaime Jaquez Jr.,Heat,F,30,22,2,7,3,0,2,4
2026,2026-02-20,Keshad Johnson,Heat,F,3,5,1,0,0,0,0,1
2026,2025-11-18,Jordan Goodwin,Suns,G,22,10,4,1,3,1,1,2
2026,2025-12-25,Donovan Mitchell,Cavaliers,G,33,34,7,6,4,0,1,3
2026,2026-03-26,Tolu Smith,Pistons,F,2,2,1,1,0,0,1,0
2026,2026-01-27,Bub Carrington,Wizards,G,28,11,1,1,2,0,3,2
2026,2025-11-07,Gary Trent Jr.,Bucks,G,23,5,3,0,0,0,1,0
2026,2026-02-27,Michael Porter Jr.,Nets,F,26,18,2,2,2,0,1,2
2026,2026-02-10,Ryan Dunn,Suns,F,17,12,4,2,0,0,1,1
2026,2026-04-03,Toby Okani,Grizzlies,F,28,7,7,0,1,1,0,3
2026,2026-03-23,Sidy Cissoko,Trail Blazers,G,28,5,2,4,0,1,2,6
2026,2026-03-18,Karlo Matkovic,Pelicans,F,25,9,8,0,0,1,1,1
2026,2026-03-27,Jaylin Williams,Thunder,F,19,12,10,0,2,2,0,1
2026,2025-10-26,Keldon Johnson,Spurs,F,29,19,6,1,1,0,0,1
2026,2026-04-07,Joan Beringer,Timberwolves,F,3,2,1,0,0,1,2,0
2026,2026-03-28,Precious Achiuwa,Kings,PF,20,16,6,2,2,0,1,1
2026,2025-10-27,Payton Pritchard,Celtics,G,31,18,3,8,1,0,1,2
2026,2025-11-07,Duncan Robinson,Pistons,F,31,7,1,8,2,0,1,2
2026,2026-04-03,Gradey Dick,Raptors,G,7,7,4,0,0,0,0,1
2026,2025-10-24,Xavier Tillman,Celtics,F,14,7,3,0,0,0,1,2
2026,2026-02-07,Dennis Schroder,Cavaliers,G,17,7,3,4,0,0,0,1
2026,2026-02-03,Donovan Clingan,Trail Blazers,C,27,14,15,3,0,2,0,0
2026,2025-12-18,Ochai Agbaji,Raptors,G,20,10,2,1,1,0,0,3
2026,2026-03-05,Khris Middleton,Mavericks,F,32,19,2,7,0,0,6,2
2026,2026-03-16,Nolan Traore,Nets,G,16,4,1,1,1,0,0,0
2026,2026-02-07,Ryan Kalkbrenner,Hornets,C,15,6,5,0,0,0,2,0
2026,2026-02-12,Svi Mykhailiuk,Jazz,G,17,14,1,3,1,0,2,2
2026,2025-11-14,Daniel Gafford,Mavericks,F,27,10,8,1,1,3,3,5
2026,2026-01-20,Buddy Hield,Warriors,G,19,25,1,2,1,0,0,0
2026,2026-04-12,Franz Wagner,Magic,F,26,20,4,1,1,0,1,2
2026,2025-11-09,Isaiah Joe,Thunder,G,21,8,2,0,0,1,0,1
2026,2026-01-14,Jordan Clarkson,Knicks,G,23,11,3,1,2,1,0,1
2026,2025-10-24,Terance Mann,Nets,G,24,4,1,2,1,0,0,4
2026,2026-01-29,Alex Sarr,Wizards,C,32,16,17,2,1,2,2,2
2026,2026-03-10,Russell Westbrook,Kings,G,25,16,7,9,0,0,1,1
2026,2025-12-05,Duncan Robinson,Pistons,F,34,14,7,0,2,0,1,2
2026,2025-12-29,Steven Adams,Rockets,C,22,8,5,0,0,0,0,2
2026,2026-01-23,Cam Thomas,Nets,G,19,7,2,4,0,0,3,1
2026,2026-01-23,Drake Powell,Nets,G,20,6,1,1,2,0,0,2
2026,2025-11-03,Simone Fontecchio,Heat,F,17,11,1,0,1,0,3,1
2026,2026-02-22,Kyshawn George,Wizards,F,18,13,2,1,1,1,0,0
2026,2026-02-22,Karl-Anthony Towns,Knicks,C,32,28,11,2,3,0,3,4
2026,2025-11-09,Moses Moody,Warriors,G,23,13,3,1,2,1,0,4
2026,2026-01-17,Jordan Goodwin,Suns,G,20,13,3,3,2,0,0,2
2026,2026-03-25,Ben Saraf,Nets,G,32,14,4,7,2,0,4,2
2026,2026-03-27,Kristaps Porzingis,Warriors,C,29,28,8,3,0,0,0,0
2026,2025-11-05,Jalen Wilson,Nets,F,21,6,1,0,0,0,0,2
2026,2026-04-08,Isaiah Joe,Thunder,G,23,21,2,2,0,0,0,2
2026,2026-03-10,Jrue Holiday,Trail Blazers,G,32,4,1,5,1,0,2,3
2026,2025-11-29,Immanuel Quickley,Raptors,G,37,22,3,10,0,0,3,2
2026,2026-03-23,Cameron Payne,76ers,PG,26,10,2,6,2,0,1,3
2026,2026-02-09,Naz Reid,Timberwolves,C,21,7,6,2,2,1,1,2
2026,2026-02-01,Nikola Vucevic,Bulls,C,22,12,2,1,1,0,1,3
2026,2026-04-07,Pat Connaughton,Hornets,G,2,0,1,0,0,0,0,0
2026,2026-01-03,Nikola Jovic,Heat,F,28,14,3,4,1,0,3,2
2026,2026-04-01,Kennedy Chandler,Jazz,G,32,16,5,6,1,1,0,3
2026,2026-02-22,Jakob Poeltl,Raptors,C,26,6,8,2,2,0,0,0
2026,2026-03-14,Rui Hachimura,Lakers,F,25,6,4,0,0,0,0,2
2026,2026-02-19,Devin Booker,Suns,G,9,5,1,0,0,0,1,1
2026,2026-01-16,Scottie Barnes,Raptors,F,41,24,7,6,1,1,3,5
2026,2025-10-22,Derik Queen,Pelicans,C,15,3,5,0,0,1,0,3
2026,2025-11-11,Guerschon Yabusele,Knicks,F,15,2,6,1,0,0,0,0
2026,2026-01-15,Gary Trent Jr.,Bucks,G,14,3,0,1,0,0,1,1
2026,2026-04-05,Yves Missi,Pelicans,C,40,18,13,3,0,4,3,4
2026,2025-11-12,Ronald Holland II,Pistons,F,28,9,6,1,3,0,2,2
2026,2026-01-15,Dylan Harper,Spurs,G,25,13,4,5,0,0,1,1
2026,2025-12-17,Tyrese Proctor,Cavaliers,G,7,0,3,1,0,0,1,0
2026,2026-04-05,Josh Okogie,Rockets,G,12,2,2,0,0,0,1,1
2026,2025-10-26,Toumani Camara,Trail Blazers,F,33,5,2,4,1,0,0,3
2026,2025-12-26,Jarace Walker,Pacers,F,18,12,3,2,0,0,0,1
2026,2025-11-12,Jabari Smith Jr.,Rockets,F,30,15,8,3,1,1,1,2
2026,2025-11-26,Zach LaVine,Kings,G,32,13,2,2,1,0,6,2
2026,2026-03-28,Dylan Cardwell,Kings,C,19,3,7,4,1,0,1,3
2026,2025-12-09,Ja'Kobe Walter,Raptors,G,18,13,1,0,0,0,0,2
2026,2026-04-10,Jalen Suggs,Magic,G,20,12,1,4,0,0,2,3
2026,2025-10-26,Brook Lopez,Clippers,C,13,5,3,0,0,3,0,2
2026,2026-01-02,Quinten Post,Warriors,C,23,11,3,2,1,0,1,5
2026,2026-03-09,Chaney Johnson,Nets,F,5,4,1,0,1,1,0,1
2026,2025-12-27,Jett Howard,Magic,G,2,0,0,0,0,0,0,0
2026,2026-03-01,Devin Carter,Kings,G,21,6,2,3,0,0,1,0
2026,2026-02-02,Josh Green,Hornets,G,10,0,0,0,0,0,1,1
2026,2026-03-04,Kris Dunn,Clippers,G,23,6,6,3,1,0,2,2
2026,2026-01-08,Bones Hyland,Timberwolves,G,10,2,1,3,0,0,0,2
2026,2026-03-22,Kris Murray,Trail Blazers,F,18,2,2,4,1,0,0,0
2026,2026-02-09,Jevon Carter,Magic,G,4,0,1,0,0,0,0,0
2026,2026-01-21,Hugo Gonzalez,Celtics,G,11,5,2,0,0,0,1,1
2026,2026-03-21,Khris Middleton,Mavericks,F,14,8,0,0,1,0,1,2
2026,2026-03-20,Jose Alvarado,Knicks,G,13,2,1,2,1,0,2,2
2026,2025-11-18,Ziaire Williams,Nets,F,27,12,4,3,1,0,1,2
2026,2026-03-29,Nique Clifford,Kings,G,37,17,7,2,0,0,4,3
2026,2025-10-22,Goga Bitadze,Magic,C,19,8,8,4,1,1,0,1
2026,2026-03-17,Mikal Bridges,Knicks,G,33,10,4,5,1,1,0,1
2026,2026-01-23,Grayson Allen,Suns,G,30,16,3,3,4,0,2,2
2026,2026-03-21,Wendell Carter Jr.,Magic,C,29,13,9,2,1,0,1,4
2026,2026-02-24,T.J. McConnell,Pacers,G,15,7,2,3,1,0,2,2
2026,2026-01-23,Curtis Jones,Nuggets,G,9,5,1,2,0,0,0,1
2026,2025-10-22,Bones Hyland,Timberwolves,G,8,2,2,1,0,0,1,2
2026,2026-03-01,Christian Braun,Nuggets,G,38,15,6,1,0,0,0,2
2026,2026-01-09,Quentin Grimes,76ers,G,29,6,1,3,1,1,1,2
2026,2025-10-30,Tre Johnson,Wizards,G,27,10,3,2,0,0,1,4
2026,2026-03-10,Nick Richards,Bulls,C,28,10,10,1,0,2,1,3
2026,2026-03-12,Will Riley,Wizards,G,33,8,5,0,0,1,1,2
2026,2026-02-01,Drew Timme,Lakers,F,1,0,0,0,0,0,0,0
2026,2026-03-28,Matas Buzelis,Bulls,F,39,29,10,3,1,3,4,3
2026,2026-02-26,Elijah Harkless,Jazz,G,21,11,3,6,4,1,2,1
2026,2026-02-21,Anfernee Simons,Bulls,G,13,4,2,0,0,0,1,1
2026,2026-03-27,Riley Minix,Cavaliers,F,5,6,0,1,0,0,1,1
2026,2025-11-17,Moussa Diabate,Hornets,F,20,8,7,2,0,4,1,1
2026,2026-01-27,Dominick Barlow,76ers,F,12,4,4,2,0,0,0,1
2026,2025-12-01,Pascal Siakam,Pacers,F,31,26,7,2,0,0,0,2
2026,2025-11-30,Devin Vassell,Spurs,G,32,22,1,3,2,0,1,2
2026,2026-02-07,Tim Hardaway Jr.,Nuggets,G,29,23,3,1,0,0,1,1
2026,2025-10-26,Tyrese Martin,Nets,G,12,4,2,3,0,0,1,1
2026,2026-03-21,Shai Gilgeous-Alexander,Thunder,G,32,40,3,7,1,0,3,3
2026,2026-04-08,Jamal Cain,Magic,F,16,8,2,1,0,0,0,1
2026,2026-03-23,Andrew Wiggins,Heat,F,20,9,3,1,2,1,0,4
2026,2025-11-29,Kel'el Ware,Heat,C,22,12,7,0,1,1,2,2
2026,2026-03-27,Kevin Durant,Rockets,F,35,25,6,10,1,0,3,0
2026,2026-02-05,Anthony Black,Magic,G,28,18,2,5,1,1,0,3
2026,2026-02-12,Kevin Porter Jr.,Bucks,G,32,12,3,7,3,0,3,0
2026,2026-03-03,Luke Kornet,Spurs,C,12,2,2,2,0,1,0,1
2026,2026-03-28,Kelly Olynyk,Spurs,F,5,1,2,2,1,0,0,0
2026,2025-11-25,Drew Timme,Lakers,F,1,2,0,0,1,0,0,0
2026,2026-03-30,Ajay Mitchell,Thunder,G,36,14,2,3,2,1,1,3
2026,2025-11-28,Tobias Harris,Pistons,F,30,18,5,1,0,0,0,4
2026,2026-01-15,Jerami Grant,Trail Blazers,F,23,16,2,3,0,2,1,4
2026,2025-12-03,Craig Porter Jr.,Cavaliers,G,10,0,0,2,0,1,1,1
2026,2026-01-31,Joel Embiid,76ers,C,39,40,11,4,1,2,5,2
2026,2026-02-24,Tyler Herro,Heat,G,26,14,2,6,0,1,3,0
2026,2025-12-01,Oso Ighodaro,Suns,F,21,4,2,1,1,0,1,2
2026,2025-12-18,Amen Thompson,Rockets,G,41,23,6,4,1,1,4,2
2026,2026-03-21,Kawhi Leonard,Clippers,F,36,34,3,5,2,1,2,1
2026,2026-03-28,Adem Bona,76ers,C,6,2,0,0,0,0,0,1
2026,2026-02-22,Julian Strawther,Nuggets,G,18,6,3,2,1,1,0,1
2026,2026-01-29,Tidjane Salaun,Hornets,F,10,2,3,0,1,0,2,0
2026,2026-01-07,Mitchell Robinson,Knicks,C,24,4,9,1,0,2,0,1
2026,2026-02-23,Victor Wembanyama,Spurs,F,36,21,17,4,1,6,3,4
2026,2026-01-07,Harrison Barnes,Spurs,F,30,7,0,6,1,0,0,2
2026,2026-04-03,John Konchar,Jazz,G,30,3,5,3,2,1,0,2
2026,2025-11-21,Nic Claxton,Nets,C,35,18,11,12,1,1,3,2
2026,2026-04-12,Moussa Cisse,Mavericks,C,41,17,20,1,2,2,3,4
2026,2025-12-29,Wendell Carter Jr.,Magic,C,32,9,6,2,1,1,1,6
2026,2025-12-23,Jay Huff,Pacers,C,21,9,7,3,1,1,1,2
2026,2025-12-03,Bennedict Mathurin,Pacers,G,28,15,7,2,0,0,4,2
2026,2025-11-26,Devin Vassell,Spurs,G,35,23,6,0,1,0,0,1
2026,2026-03-19,Justin Edwards,76ers,F,33,32,0,4,2,0,0,0
2026,2025-12-20,Justin Champagnie,Wizards,F,24,4,11,4,1,1,1,2
2026,2026-03-20,Keaton Wallace,Hawks,G,3,0,0,0,0,0,1,0
2026,2026-02-08,Derrick White,Celtics,G,34,19,1,4,0,0,0,0
2026,2026-03-30,Zaccharie Risacher,Hawks,F,16,9,2,0,1,1,0,3
2026,2026-04-09,Mitchell Robinson,Knicks,C,19,7,7,0,3,1,0,3
2026,2025-11-19,Justin Edwards,76ers,F,23,8,2,2,1,0,2,2
2026,2026-02-10,Bronny James,Lakers,G,25,12,3,6,0,1,2,3
2026,2025-12-27,Tyrese Proctor,Cavaliers,G,7,7,0,1,0,0,0,0
2026,2026-02-01,Kyshawn George,Wizards,F,19,6,1,2,0,1,2,1
2026,2026-02-01,Toumani Camara,Trail Blazers,F,30,12,4,1,0,0,2,3
2026,2025-10-22,Anthony Edwards,Timberwolves,G,39,41,7,1,0,1,4,4
2026,2026-01-27,Cody Williams,Jazz,F,25,11,2,0,2,0,2,2
2026,2026-03-12,Payton Pritchard,Celtics,G,39,14,4,4,0,0,2,0
2026,2025-11-22,Jonas Valanciunas,Nuggets,C,11,8,2,1,0,1,1,1
2026,2026-03-25,Isaiah Joe,Thunder,G,12,5,0,0,0,0,0,3
2026,2026-01-19,Shai Gilgeous-Alexander,Thunder,G,34,30,1,3,1,2,0,2
2026,2025-10-30,Brandin Podziemski,Warriors,G,26,9,5,3,3,0,2,1
2026,2026-01-01,Paul George,76ers,F,33,14,7,2,1,0,5,3
2026,2026-01-05,Draymond Green,Warriors,F,32,6,5,12,2,0,1,1
2026,2026-01-07,Dalton Knecht,Lakers,F,19,2,3,0,0,1,3,1
2026,2026-03-19,Pelle Larsson,Heat,G,33,11,2,5,0,0,4,3
2026,2026-01-07,Jimmy Butler III,Warriors,F,32,21,5,3,1,0,2,3
2026,2025-12-03,Spencer Jones,Nuggets,F,17,1,3,0,0,0,0,4
2026,2025-11-21,Jordan Goodwin,Suns,G,29,13,6,4,2,0,2,0
2026,2026-02-01,Tyrese Martin,Nets,G,8,0,1,0,0,0,1,0
2026,2026-03-28,Rob Dillingham,Bulls,G,15,8,2,2,0,0,5,3
2026,2026-01-27,Myles Turner,Bucks,C,35,31,4,3,1,2,2,3
2026,2025-11-08,Oso Ighodaro,Suns,F,4,0,0,2,0,0,0,1
2026,2026-03-11,Jamison Battle,Raptors,F,10,3,1,0,0,0,0,0
2026,2026-02-04,Jarrett Allen,Cavaliers,C,23,10,11,3,2,1,0,0
2026,2026-01-17,Stephen Curry,Warriors,G,30,14,3,5,0,0,3,0
2026,2026-04-12,Matisse Thybulle,Trail Blazers,G,7,5,1,0,0,0,0,1
2026,2026-01-26,Will Richard,Warriors,G,28,4,2,3,6,0,1,1
2026,2026-03-10,Kristaps Porzingis,Warriors,C,20,17,4,2,0,4,1,2
2026,2026-02-27,Bobby Portis,Bucks,F,17,14,2,0,0,0,2,2
2026,2026-04-01,Seth Curry,Warriors,G,10,12,2,0,0,0,0,0
2026,2025-11-08,Zeke Nnaji,Nuggets,F,3,0,1,0,0,0,1,2
2026,2025-11-29,Cade Cunningham,Pistons,G,38,29,4,8,2,1,8,5
2026,2026-03-14,Onyeka Okongwu,Hawks,F,27,4,4,4,1,0,1,5
2026,2026-03-17,Isaiah Joe,Thunder,G,22,5,4,0,1,0,0,0
2026,2026-03-21,Mouhamed Gueye,Hawks,F,26,16,10,2,0,3,2,1
2026,2026-03-14,RayJ Dennis,Hawks,G,3,0,0,0,0,0,0,0
2026,2025-11-19,Spencer Jones,Nuggets,F,11,0,0,2,1,0,0,2
2026,2025-12-03,Franz Wagner,Magic,F,36,25,4,6,2,1,0,1
2026,2025-12-15,Olivier-Maxence Prosper,Grizzlies,F,2,0,1,0,0,0,0,1
2026,2025-12-11,Doug McDermott,Kings,F,3,0,0,0,0,0,0,1
2026,2026-01-19,Jimmy Butler III,Warriors,F,21,17,3,4,2,0,2,0
2026,2026-02-26,Desmond Bane,Magic,G,38,30,6,4,2,0,1,3
2026,2026-02-21,Saddiq Bey,Pelicans,G,27,20,4,2,0,0,3,4
2026,2026-02-24,Justin Edwards,76ers,F,7,2,0,1,1,0,0,1
2026,2026-02-01,Day'Ron Sharpe,Nets,C,22,8,11,0,0,0,5,1
2026,2026-03-03,Jamison Battle,Raptors,F,5,0,0,0,0,0,0,0
2026,2025-12-29,Evan Mobley,Cavaliers,C,29,16,7,2,0,3,1,4
2026,2025-11-05,Paul Reed,Pistons,F,7,2,0,0,0,0,1,3
2026,2025-11-01,Caleb Martin,Mavericks,F,12,2,2,1,0,0,0,2
2026,2026-01-17,Robert Williams III,Trail Blazers,C,17,8,6,0,0,1,1,1
2026,2025-12-06,Gary Trent Jr.,Bucks,G,29,11,1,1,1,0,0,1
2026,2026-02-27,Thomas Bryant,Cavaliers,C,16,13,8,1,0,1,1,1
2026,2026-03-15,Brandin Podziemski,Warriors,G,37,25,5,6,2,0,4,1
2026,2026-03-16,Carter Bryant,Spurs,F,21,10,5,1,0,0,0,4
2026,2025-12-20,Dominick Barlow,76ers,F,30,21,4,2,2,0,1,2
2026,2025-10-21,Buddy Hield,Warriors,G,22,17,1,0,1,0,2,0
2026,2025-10-31,Luka Garza,Celtics,C,15,9,5,1,0,0,0,2
2026,2026-04-05,Sam Hauser,Celtics,F,26,8,2,1,0,0,1,1
2026,2025-12-05,Brooks Barnhizer,Thunder,F,8,5,1,2,1,0,0,0
2026,2026-04-06,Dennis Schroder,Cavaliers,G,29,22,5,11,0,0,3,1
2026,2026-02-28,Jarred Vanderbilt,Lakers,F,12,2,2,0,0,0,0,0
2026,2026-02-04,Josh Minott,Celtics,F,7,0,2,0,0,1,1,1
2026,2026-04-07,Jaylen Clark,Timberwolves,G,18,11,1,0,4,0,0,2
2026,2025-11-17,Dalen Terry,Bulls,F,18,5,3,4,0,0,1,2
2026,2026-02-11,Jalen Pickett,Nuggets,G,9,3,1,0,0,0,0,0
2026,2026-01-23,Dyson Daniels,Hawks,G,37,8,8,4,0,0,1,1
2026,2025-11-11,Jared McCain,76ers,G,7,0,1,1,0,0,1,1
2026,2025-12-14,Asa Newell,Hawks,F,14,9,4,2,0,0,1,2
2026,2026-01-22,Jake LaRavia,Lakers,F,22,7,5,1,3,4,1,1
2026,2025-10-26,Alex Sarr,Wizards,C,25,23,4,5,0,3,2,1
2026,2025-11-03,Devin Carter,Kings,G,3,0,0,0,0,0,0,0
2026,2025-11-15,Dalton Knecht,Lakers,F,34,9,6,1,3,1,1,0
2026,2026-03-15,Scottie Barnes,Raptors,F,38,14,10,8,1,3,1,2
2026,2026-01-20,Coby White,Bulls,G,31,27,2,6,1,1,3,2
2026,2025-11-20,Malik Monk,Kings,G,14,2,2,2,0,1,1,2
2026,2026-03-30,Taylor Hendricks,Grizzlies,F,18,5,2,0,0,0,1,3
2026,2026-03-17,Paul Reed,Pistons,F,13,10,4,1,0,0,0,1
2026,2026-01-31,Luke Kennard,Hawks,G,18,11,0,0,0,0,0,0
2026,2026-03-08,Devin Booker,Suns,G,35,30,3,10,0,0,2,2
2026,2025-12-14,Onyeka Okongwu,Hawks,F,36,20,15,4,1,2,4,4
2026,2026-03-16,Jalen Green,Suns,G,33,21,7,1,0,0,1,1
2026,2026-03-25,Victor Wembanyama,Spurs,F,27,19,15,3,3,7,2,1
2026,2026-01-21,Jeremiah Fears,Pelicans,G,20,12,5,0,2,0,1,2
2026,2026-03-03,Jaime Jaquez Jr.,Heat,F,27,20,5,4,0,2,1,0
2026,2025-11-12,Jarrett Allen,Cavaliers,C,27,30,10,2,0,0,1,0
2026,2026-01-14,Jordan Hawkins,Pelicans,G,15,2,2,0,0,0,0,0
2026,2026-03-12,Dominick Barlow,76ers,F,26,11,4,0,2,1,1,4
2026,2025-10-24,Dereck Lively II,Mavericks,C,19,8,6,2,2,1,2,1
2026,2026-01-23,Shaedon Sharpe,Trail Blazers,G,32,21,7,4,1,0,3,1
2026,2025-12-15,Jamal Shead,Raptors,G,23,8,3,10,0,1,1,0
2026,2026-04-07,Alex Caruso,Thunder,G,10,6,1,2,0,0,2,0
2026,2025-12-29,Deni Avdija,Trail Blazers,F,39,27,9,11,2,0,6,4
2026,2026-01-09,Brook Lopez,Clippers,C,21,3,5,3,2,2,0,2
2026,2025-10-24,Jaylen Clark,Timberwolves,G,13,9,3,1,0,0,0,4
2026,2026-04-12,Chaz Lanier,Pistons,G,6,2,0,0,0,0,1,0
2026,2026-03-11,Daeqwon Plowden,Kings,G,30,13,4,0,1,0,1,2
2026,2026-02-24,Donte DiVincenzo,Timberwolves,G,33,19,1,4,2,0,1,3
2026,2026-01-25,Cason Wallace,Thunder,G,16,3,1,1,0,0,1,1
2026,2026-03-08,Ryan Kalkbrenner,Hornets,C,19,10,7,0,0,1,0,1
2026,2025-11-19,Bub Carrington,Wizards,G,17,3,1,1,0,0,1,3
2026,2026-03-17,Jericho Sims,Bucks,C,16,4,6,0,0,0,1,3
2026,2026-02-22,Pat Spencer,Warriors,G,19,2,0,5,1,0,2,4
2026,2026-04-05,Kobe Brown,Pacers,G,40,11,7,5,1,0,1,1
2026,2025-10-26,Collin Sexton,Hornets,G,33,20,2,3,2,0,3,2
2026,2025-12-09,Karl-Anthony Towns,Knicks,C,31,14,16,1,1,2,1,4
2026,2026-02-07,Isaiah Hartenstein,Thunder,C,25,4,8,11,0,1,3,0
2026,2025-11-06,Kris Dunn,Clippers,G,24,9,2,6,1,0,2,0
2026,2026-02-09,Jrue Holiday,Trail Blazers,G,28,13,7,7,1,0,3,2
2026,2025-11-29,Gary Payton II,Warriors,G,25,19,11,3,0,0,1,4
2026,2026-01-24,Tristan da Silva,Magic,F,20,0,1,0,1,0,0,1
2026,2026-03-05,Amir Coffey,Suns,G,17,12,4,0,0,0,0,2
2026,2026-03-01,Carter Bryant,Spurs,F,4,0,1,0,0,0,0,1
2026,2026-02-08,Dru Smith,Heat,G,6,0,1,2,1,0,0,1
2026,2026-02-04,Neemias Queta,Celtics,C,39,10,19,2,2,5,2,2
2026,2025-11-26,Maxime Raynaud,Kings,C,9,0,2,0,1,0,0,2
2026,2025-12-12,Jaylon Tyson,Cavaliers,G,31,13,6,3,0,0,0,2
2026,2026-04-01,Justin Champagnie,Wizards,F,21,17,7,0,1,2,0,0
2026,2025-12-21,Dru Smith,Heat,G,18,9,0,3,1,0,0,0
2026,2025-12-23,Jase Richardson,Magic,G,12,2,2,2,0,0,1,1
2026,2025-12-22,Jaden Hardy,Mavericks,G,11,4,2,1,0,0,0,0
2026,2026-01-21,Micah Potter,Pacers,C,17,9,2,1,0,1,0,1
2026,2025-12-13,Keldon Johnson,Spurs,F,14,3,6,0,1,0,1,2
2026,2025-11-09,Wendell Carter Jr.,Magic,C,32,12,4,1,1,1,3,5
2026,2026-04-06,Scoot Henderson,Trail Blazers,G,36,18,3,3,1,1,1,4
2026,2025-12-28,Ajay Mitchell,Thunder,G,20,13,1,3,2,0,0,4
2026,2026-02-09,Jock Landale,Hawks,C,18,12,6,0,0,0,1,1
2026,2025-11-11,Landry Shamet,Knicks,G,21,10,1,0,1,0,0,4
2026,2025-10-23,Aaron Nesmith,Pacers,G,27,5,7,0,0,0,1,6
2026,2025-12-23,Jaxson Hayes,Lakers,C,5,2,1,0,0,0,1,2
2026,2025-11-15,Tyrese Proctor,Cavaliers,G,4,0,0,0,0,0,0,0
2026,2026-01-19,Brook Lopez,Clippers,C,20,6,2,0,4,1,0,0
2026,2026-03-17,Ronald Holland II,Pistons,F,15,11,5,0,3,0,1,3
2026,2026-03-20,Brandin Podziemski,Warriors,G,30,15,6,3,1,1,2,1
2026,2025-12-19,Kelly Olynyk,Spurs,F,8,4,1,0,0,0,1,0
2026,2026-01-19,Dillon Brooks,Suns,F,34,27,5,2,0,0,0,3
2026,2025-12-20,Tyrese Maxey,76ers,G,41,38,2,4,1,1,0,0
2026,2026-02-03,Derrick White,Celtics,G,38,11,2,8,0,0,3,0
2026,2025-12-12,Moses Moody,Warriors,G,23,11,4,2,3,0,0,5
2026,2025-12-18,Caris LeVert,Pistons,G,27,6,3,3,1,0,0,1
2026,2026-03-13,Ayo Dosunmu,Timberwolves,G,31,12,8,7,0,0,2,2
2026,2026-04-06,Evan Mobley,Cavaliers,C,26,24,6,4,0,0,3,2
2026,2025-12-31,AJ Green,Bucks,G,34,9,2,2,0,0,0,0
2026,2026-01-28,Devin Vassell,Spurs,G,23,5,1,0,1,0,0,1
2026,2025-12-26,AJ Johnson,Wizards,G,3,0,0,0,0,0,1,0
2026,2026-01-23,Jarrett Allen,Cavaliers,C,34,15,9,0,2,1,0,2
2026,2026-01-16,Tyrese Proctor,Cavaliers,G,11,13,2,1,2,0,0,1
2026,2025-12-02,Jaylin Williams,Thunder,F,22,1,9,2,1,1,2,1
2026,2026-01-30,Taylor Hendricks,Jazz,F,15,7,3,1,0,0,0,1
2026,2025-10-28,Al Horford,Warriors,C,21,2,4,0,1,0,1,1
2026,2025-11-07,Dennis Schroder,Kings,G,25,2,2,8,0,0,0,1
2026,2026-02-27,Cam Thomas,Bucks,G,17,7,2,1,0,1,0,1
2026,2026-03-11,Rocco Zikarsky,Timberwolves,C,6,2,3,0,0,1,0,0
2026,2026-03-21,Quinten Post,Warriors,C,14,8,3,1,0,1,1,2
2026,2026-02-26,Sidy Cissoko,Trail Blazers,G,17,3,4,2,1,1,2,4
2026,2026-01-23,Baylor Scheierman,Celtics,G,34,6,7,4,2,0,0,0
2026,2025-11-07,Steven Adams,Rockets,C,20,3,8,1,1,0,0,2
2026,2026-04-03,Rayan Rupert,Grizzlies,G,25,4,4,1,0,0,1,4
2026,2026-02-10,Collin Gillespie,Suns,G,31,5,8,8,1,0,3,3
2026,2026-03-10,Andre Jackson Jr.,Bucks,G,0,0,0,0,0,0,0,0
2026,2025-12-23,Mark Williams,Suns,C,21,18,9,2,0,2,0,1
2026,2026-02-11,Xavier Tillman,Hornets,F,1,0,0,0,0,0,0,0
2026,2026-03-19,Derrick Jones Jr.,Clippers,F,34,22,4,3,1,0,1,4
2026,2025-11-18,Nick Richards,Suns,C,11,8,2,0,0,1,0,2
2026,2025-10-21,Rui Hachimura,Lakers,F,35,9,4,3,0,0,1,2
2026,2026-04-05,Reed Sheppard,Rockets,G,26,11,0,2,2,1,1,0
2026,2025-11-04,Onyeka Okongwu,Hawks,F,27,14,7,3,1,1,1,4
2026,2025-10-29,Luka Garza,Celtics,C,16,10,5,2,1,1,0,3
2026,2026-03-18,Nolan Traore,Nets,G,27,13,3,6,1,2,6,2
2026,2026-03-31,Mikal Bridges,Knicks,G,34,7,3,4,1,0,1,1
2026,2026-03-29,Deni Avdija,Trail Blazers,F,28,20,7,5,2,0,4,1
2026,2026-02-21,Harrison Barnes,Spurs,F,21,14,2,1,0,0,0,1
2026,2026-03-24,Daeqwon Plowden,Kings,G,36,22,2,1,1,0,2,3
2026,2025-11-26,Jock Landale,Grizzlies,C,18,11,3,1,0,1,2,1
2026,2025-11-30,Jock Landale,Grizzlies,C,17,5,5,3,0,0,1,3
2026,2026-02-04,Jordan McLaughlin,Spurs,G,13,3,1,1,1,0,0,0
2026,2026-01-29,Asa Newell,Hawks,F,20,5,7,0,0,1,1,0
2026,2026-02-12,Cam Thomas,Bucks,G,20,12,1,2,0,0,1,1
2026,2025-12-29,Andrew Wiggins,Heat,F,31,19,5,6,3,3,0,2
2026,2026-01-01,Ziaire Williams,Nets,F,27,14,2,0,5,0,0,1
2026,2025-12-20,Jalen Pickett,Nuggets,G,22,10,4,1,0,0,1,2
2026,2026-03-23,Micah Potter,Pacers,C,20,6,4,3,0,0,0,2
2026,2026-03-05,Trayce Jackson-Davis,Raptors,F,4,2,4,0,0,0,0,0
2026,2025-11-21,Ryan Dunn,Suns,F,24,4,3,1,2,1,1,3
2026,2026-03-29,Nolan Traore,Nets,G,30,17,3,6,1,0,4,4
2026,2026-01-29,Kyshawn George,Wizards,F,36,23,5,5,2,1,1,1
2026,2025-11-05,Amen Thompson,Rockets,G,39,28,10,7,2,0,2,3
2026,2026-03-02,Bobby Portis,Bucks,F,23,12,1,1,0,0,0,0
2026,2026-04-01,Paolo Banchero,Magic,F,26,11,8,3,1,0,3,3
2026,2026-02-19,Will Riley,Wizards,G,4,6,0,0,0,0,0,0
2026,2025-11-07,Tyrese Proctor,Cavaliers,G,19,17,2,3,0,0,1,2
2026,2026-01-30,John Collins,Clippers,F,31,18,6,4,1,1,0,4
2026,2025-10-31,Nick Richards,Suns,C,7,4,0,0,0,0,0,1
2026,2025-10-27,Luka Garza,Celtics,C,19,16,6,1,0,0,1,4
2026,2025-11-21,Jeremiah Robinson-Earl,Pacers,F,12,2,3,0,0,0,1,2
2026,2026-01-10,Caris LeVert,Pistons,G,23,8,1,4,2,1,2,3
2026,2025-10-22,Jamison Battle,Raptors,F,9,2,3,0,0,0,0,0
2026,2026-03-27,DeAndre Jordan,Pelicans,C,19,8,7,0,0,1,0,1
2026,2025-11-23,Andre Drummond,76ers,C,38,14,24,1,0,2,2,1
2026,2026-02-20,Jericho Sims,Bucks,C,19,4,6,1,0,2,2,4
2026,2026-03-05,Maxime Raynaud,Kings,C,26,10,5,1,0,0,2,2
2026,2025-11-24,Jordan Goodwin,Suns,G,27,7,4,0,2,0,5,2
2026,2026-02-19,Alondes Williams,Wizards,G,28,6,5,5,0,1,1,1
2026,2026-02-24,Daniel Gafford,Mavericks,F,17,9,4,1,1,1,0,5
2026,2025-12-26,Kris Dunn,Clippers,G,33,7,3,4,2,0,1,1
2026,2026-01-26,Drew Timme,Lakers,F,0,0,0,0,0,0,0,0
2026,2025-11-03,E.J. Liddell,Nets,F,4,0,3,0,0,0,0,0
2026,2026-03-22,Jayson Kent,Trail Blazers,G,4,3,1,0,0,0,0,0
2026,2026-02-26,Kris Murray,Trail Blazers,F,28,10,5,3,1,1,0,1
2026,2026-03-20,Mohamed Diawara,Knicks,F,19,8,7,5,0,0,1,0
2026,2025-12-03,Darius Garland,Cavaliers,G,29,6,2,4,0,1,0,4
2026,2026-01-31,Kevin Huerter,Bulls,G,22,9,7,5,1,1,3,4
2026,2026-02-01,Jahmir Young,Heat,G,10,2,1,2,0,0,0,1
2026,2026-03-18,Corey Kispert,Hawks,F,13,10,3,0,0,0,1,2
2026,2026-01-21,Tony Bradley,Pacers,C,6,2,3,0,1,0,0,0
2026,2026-02-09,Jaden McDaniels,Timberwolves,F,34,18,5,3,1,4,0,2
2026,2025-11-15,Giannis Antetokounmpo,Bucks,F,32,32,10,5,0,1,5,3
2026,2025-11-01,Max Christie,Mavericks,G,33,13,6,5,0,0,1,2
2026,2025-12-03,Liam McNeeley,Hornets,G,21,10,3,1,0,1,0,3
2026,2026-03-04,Kawhi Leonard,Clippers,F,23,29,8,2,1,0,0,1
2026,2025-10-27,Jalen Pickett,Nuggets,G,1,0,0,0,0,0,0,0
2026,2025-11-29,Liam McNeeley,Hornets,G,13,7,3,0,1,0,1,0
2026,2026-01-09,Kevin Durant,Rockets,F,39,30,12,4,0,2,2,0
2026,2025-10-26,Pelle Larsson,Heat,G,5,1,0,0,0,0,0,0
2026,2026-04-01,Jamal Cain,Magic,F,27,17,1,0,0,0,0,3
2026,2025-11-03,Ziaire Williams,Nets,F,23,14,2,0,0,1,0,4
2026,2026-03-19,Ryan Rollins,Bucks,G,23,15,3,5,0,0,3,3
2026,2026-01-02,Cam Spencer,Grizzlies,G,17,5,2,5,0,0,2,0
2026,2025-11-19,Aaron Holiday,Rockets,G,19,18,0,0,1,0,0,2
2026,2025-12-18,Gary Harris,Bucks,G,21,7,3,1,1,0,0,0
2026,2025-11-04,Isaiah Livers,Suns,F,7,2,2,1,0,0,1,0
2026,2025-10-27,Rudy Gobert,Timberwolves,C,26,8,5,1,1,2,1,4
2026,2026-03-08,Jeremiah Fears,Pelicans,G,24,18,5,7,1,1,2,3
2026,2025-11-16,Caleb Martin,Mavericks,F,5,0,1,1,0,0,0,2
2026,2025-11-01,Liam McNeeley,Hornets,G,10,0,1,0,0,0,2,0
2026,2026-04-03,Sion James,Hornets,G,23,13,6,3,1,0,0,1
2026,2026-01-19,John Collins,Clippers,F,26,11,4,0,1,1,1,4
2026,2025-11-19,Jamal Shead,Raptors,G,20,0,2,6,1,0,1,1
2026,2026-04-03,Andre Jackson Jr.,Bucks,G,10,7,0,1,1,0,0,1
2026,2025-12-29,Alex Caruso,Thunder,G,24,16,8,2,2,0,1,1
2026,2025-12-01,Jericho Sims,Bucks,C,18,5,7,0,0,0,0,3
2026,2026-01-15,Pacome Dadiet,Knicks,F,1,2,0,0,0,0,0,0
2026,2026-01-15,Kenrich Williams,Thunder,G,14,7,2,0,0,1,0,1
2026,2026-04-07,Bronny James,Lakers,G,23,4,2,2,1,0,1,0
2026,2025-12-26,Adem Bona,76ers,C,8,1,1,0,0,0,0,1
2026,2026-02-28,Dorian Finney-Smith,Rockets,F,16,0,2,0,1,0,0,2
2026,2025-12-14,Kon Knueppel,Hornets,G,44,29,4,3,1,1,2,5
2026,2025-12-18,Jordan Miller,Clippers,G,20,3,6,3,0,1,4,0
2026,2025-12-01,Bennedict Mathurin,Pacers,G,22,11,4,1,0,0,3,3
2026,2025-11-28,Kyle Kuzma,Bucks,F,28,20,4,3,2,0,2,1
2026,2026-04-08,Jericho Sims,Bucks,C,39,11,11,10,2,0,2,4
2026,2026-02-04,Jae'Sean Tate,Rockets,F,7,0,0,0,1,0,0,1
2026,2025-11-07,Marvin Bagley III,Wizards,F,12,2,7,0,0,0,0,1
2026,2026-01-03,Cody Williams,Jazz,F,13,6,3,0,0,0,0,2
2026,2026-03-29,Jayson Tatum,Celtics,F,31,32,5,8,0,1,0,2
2026,2025-12-17,Zach Collins,Bulls,F,16,10,4,2,2,0,2,1
2026,2025-11-01,Zach LaVine,Kings,G,39,31,4,2,1,0,0,2
2026,2026-02-06,Chaz Lanier,Pistons,G,6,7,2,1,0,0,0,1
2026,2025-11-10,Tre Johnson,Wizards,G,23,10,4,3,0,0,1,0
2026,2026-01-11,Malaki Branham,Wizards,G,4,0,0,0,1,0,0,0
2026,2025-12-06,AJ Johnson,Wizards,G,2,0,0,0,0,0,0,0
2026,2025-12-04,Jaxson Hayes,Lakers,C,16,4,4,0,0,3,0,0
2026,2025-11-11,Quinten Post,Warriors,C,17,6,3,2,0,1,1,1
2026,2026-03-04,Keyonte George,Jazz,G,30,30,4,2,1,0,2,3
2026,2025-11-11,Tyrese Martin,Nets,G,14,0,1,1,0,0,0,1
2026,2026-03-30,Bez Mbeng,Jazz,G,29,5,3,5,3,0,3,5
2026,2025-11-19,Brandon Williams,Mavericks,G,20,9,2,4,1,0,3,4
2026,2025-11-24,Russell Westbrook,Kings,G,29,7,7,7,2,0,4,3
2026,2026-04-03,Jalen Suggs,Magic,G,31,19,4,9,3,0,3,5
2026,2026-03-03,Sandro Mamukelashvili,Raptors,F,16,4,4,1,0,0,0,3
2026,2026-03-23,Josh Okogie,Rockets,G,3,0,1,0,0,0,0,0
2026,2026-02-22,Sharife Cooper,Wizards,G,22,9,3,3,1,0,1,4
2026,2026-02-04,Jordan Miller,Clippers,G,30,5,4,3,1,0,2,0
2026,2025-11-30,Dyson Daniels,Hawks,G,44,17,9,8,2,0,4,4
2026,2026-01-29,CJ McCollum,Hawks,G,31,23,5,2,0,0,3,1
2026,2026-02-06,Bam Adebayo,Heat,C,35,16,7,1,1,0,0,2
2026,2026-01-22,Spencer Jones,Nuggets,F,28,2,5,0,0,1,0,1
2026,2025-11-29,Bruce Brown,Nuggets,G,27,4,2,10,1,1,1,3
2026,2025-11-14,Stephen Curry,Warriors,G,36,49,4,2,2,0,3,2
2026,2026-02-22,Jaxson Hayes,Lakers,C,5,2,1,0,0,0,0,0
2026,2026-01-20,A.J. Lawson,Raptors,G,11,6,1,0,0,0,0,0
2026,2026-03-23,Deni Avdija,Trail Blazers,F,21,18,5,2,1,0,3,5
2026,2025-10-24,Brook Lopez,Clippers,C,18,6,7,1,0,2,1,2
2026,2026-03-30,Brandon Williams,Mavericks,G,28,15,6,7,2,0,3,0
2026,2025-10-24,Jabari Smith Jr.,Rockets,F,40,11,6,2,1,1,2,4
2026,2026-02-19,Pat Spencer,Warriors,G,27,5,2,7,2,0,0,0
2026,2025-11-05,Luka Doncic,Lakers,G,42,35,9,13,5,2,4,5
2026,2026-03-27,Kasparas Jakucionis,Heat,G,19,14,3,1,0,0,0,3
2026,2026-02-04,Sandro Mamukelashvili,Raptors,F,32,14,4,2,0,1,1,4
2026,2026-02-19,Jalen Smith,Bulls,F,24,9,10,2,3,1,2,1
2026,2025-10-22,Kelly Oubre Jr.,76ers,G,34,10,4,1,0,1,2,1
2026,2026-02-15,LeBron James,Team Stripes,F,7,8,1,1,1,0,0,0
2026,2026-02-09,Isaac Okoro,Bulls,F,36,10,4,4,4,0,1,3
2026,2025-10-27,Tre Jones,Bulls,G,31,14,7,9,2,1,2,2
2026,2026-01-04,Norman Powell,Heat,G,29,34,3,3,2,0,0,3
2026,2025-12-07,Sam Hauser,Celtics,F,26,9,3,0,1,2,0,3
2026,2026-02-21,Devin Carter,Kings,G,6,0,1,1,0,0,0,0
2026,2025-11-07,D'Angelo Russell,Mavericks,G,16,9,3,5,0,0,3,0
2026,2026-02-22,Dean Wade,Cavaliers,F,18,0,3,1,0,1,1,2
2026,2025-11-02,Aaron Wiggins,Thunder,G,26,15,1,1,0,1,0,2
2026,2026-01-30,Chris Boucher,Celtics,F,4,3,0,0,0,0,0,1
2026,2026-01-09,Ryan Dunn,Suns,F,12,7,5,3,1,0,2,2
2026,2025-12-12,Gui Santos,Warriors,F,6,2,1,0,0,0,1,1
2026,2026-01-20,Moses Moody,Warriors,G,18,10,5,0,0,0,0,0
2026,2025-11-08,Jeremy Sochan,Spurs,F,20,8,3,4,1,2,1,2
2026,2025-11-09,Luka Garza,Celtics,C,17,16,8,3,1,0,1,4
2026,2026-04-09,Jordan Clarkson,Knicks,G,14,8,1,2,0,0,0,1
2026,2026-03-16,Chaney Johnson,Nets,F,25,17,9,1,0,0,0,3
2026,2025-11-17,Chaz Lanier,Pistons,G,18,3,2,1,1,0,0,0
2026,2026-03-11,DeMar DeRozan,Kings,G,41,39,4,6,2,1,4,3
2026,2026-02-10,Kam Jones,Pacers,G,21,2,1,1,0,0,0,3
2026,2025-11-16,Kevin Love,Jazz,F,18,10,8,2,0,1,0,0
2026,2025-11-01,Jeremiah Robinson-Earl,Pacers,F,6,0,1,0,0,0,0,0
2026,2026-01-29,Isaiah Joe,Thunder,G,25,6,3,3,3,1,1,1
2026,2026-01-09,Gradey Dick,Raptors,G,24,9,1,1,1,1,0,5
2026,2026-03-23,Leonard Miller,Bulls,F,23,17,9,3,0,0,1,1
2026,2025-11-02,Keyonte George,Jazz,G,33,25,2,7,1,1,4,2
2026,2026-01-17,De'Anthony Melton,Warriors,G,21,24,6,3,1,0,1,2
2026,2025-10-22,Nikola Vucevic,Bulls,C,33,28,14,2,1,0,1,2
2026,2025-10-31,Deni Avdija,Trail Blazers,F,33,23,4,4,0,0,4,5
2026,2025-10-26,Caleb Martin,Mavericks,F,12,4,1,0,2,0,1,5
2026,2026-01-04,Jamal Murray,Nuggets,G,40,27,6,16,0,0,4,3
2026,2025-11-17,Jevon Carter,Bulls,G,18,15,4,1,0,0,1,2
2026,2026-02-28,Tari Eason,Rockets,F,36,10,11,5,1,0,1,3
2026,2025-10-22,Josh Giddey,Bulls,G,29,19,5,11,0,1,6,5
2026,2026-01-10,Sion James,Hornets,G,26,4,7,5,2,1,0,2
2026,2026-01-31,Zion Williamson,Pelicans,F,30,11,5,2,0,2,2,1
2026,2025-10-22,Mouhamed Gueye,Hawks,F,5,0,0,0,0,1,0,0
2026,2026-01-02,Tyus Jones,Magic,G,18,0,1,2,1,0,0,0
2026,2026-02-19,Reed Sheppard,Rockets,G,24,13,4,3,1,2,2,1
2026,2026-03-13,Saddiq Bey,Pelicans,G,30,5,5,1,2,0,1,2
2026,2026-01-07,Trendon Watford,76ers,F,5,0,0,3,0,0,0,0
2026,2025-12-03,Ben Sheppard,Pacers,G,18,14,5,2,2,0,1,1
2026,2026-03-26,Daniss Jenkins,Pistons,G,33,19,2,9,1,0,3,4
2026,2026-03-16,Dyson Daniels,Hawks,G,36,15,12,3,1,1,2,3
2026,2026-01-02,Will Riley,Wizards,G,19,9,3,4,0,1,3,0
2026,2025-11-14,Kobe Sanders,Clippers,G,14,3,1,1,0,0,2,3
2026,2026-02-06,Cedric Coward,Grizzlies,F,25,11,8,1,3,0,4,1
2026,2025-10-22,James Harden,Clippers,G,29,15,2,11,0,0,2,1
2026,2026-04-03,Xavier Tillman,Hornets,F,17,2,3,2,0,2,0,2
2026,2026-02-11,Joan Beringer,Timberwolves,F,4,2,1,0,0,0,0,0
2026,2026-02-11,Amir Coffey,Suns,G,20,9,5,2,0,0,0,1
2026,2025-11-03,Jrue Holiday,Trail Blazers,G,36,8,3,6,1,0,2,3
2026,2025-12-06,D'Angelo Russell,Mavericks,G,13,4,1,2,0,0,3,0
2026,2025-11-05,Jeremiah Robinson-Earl,Pacers,F,24,8,15,2,1,0,0,1
2026,2025-12-18,Royce O'Neale,Suns,F,31,9,5,3,3,0,1,1
2026,2026-03-29,Scoot Henderson,Trail Blazers,G,25,21,3,7,0,0,2,4
2026,2025-10-22,Moussa Cisse,Mavericks,C,4,0,0,0,0,0,0,0
2026,2026-03-21,Jared McCain,Thunder,G,28,18,3,1,0,1,0,2
2026,2026-02-01,DaRon Holmes II,Nuggets,F,3,2,0,0,0,0,0,0
2026,2026-01-09,Micah Peavy,Pelicans,G,28,9,1,1,1,0,0,6
2026,2026-03-31,Jae'Sean Tate,Rockets,F,11,2,1,0,0,0,0,2
2026,2026-01-18,DaRon Holmes II,Nuggets,F,26,7,3,2,0,0,1,3
2026,2025-11-26,Ochai Agbaji,Raptors,G,5,0,0,0,0,0,1,2
2026,2026-01-30,Nique Clifford,Kings,G,34,15,3,1,0,0,1,2
2026,2025-10-26,Myles Turner,Bucks,C,31,13,6,2,1,2,3,4
2026,2025-12-11,Malik Monk,Kings,G,30,18,4,5,1,0,5,0
2026,2025-11-17,Brooks Barnhizer,Thunder,F,7,2,2,1,0,0,0,1
2026,2025-12-21,Keldon Johnson,Spurs,F,24,12,9,0,0,0,1,2
2026,2025-10-29,Rob Dillingham,Timberwolves,G,16,8,1,5,1,0,1,4
2026,2025-11-26,Will Richard,Warriors,G,28,18,6,0,2,0,0,4
2026,2025-11-29,Jordan Goodwin,Suns,G,15,8,2,1,1,0,0,0
2026,2026-03-03,Josh Minott,Nets,F,14,0,3,1,1,1,1,0
2026,2026-03-09,Tyson Etienne,Nets,G,5,3,0,1,0,0,1,2
2026,2026-03-11,Landry Shamet,Knicks,G,31,7,3,4,1,0,0,2
2026,2026-02-27,Thanasis Antetokounmpo,Bucks,F,5,1,0,0,1,0,0,0
2026,2025-11-07,Sion James,Hornets,G,33,10,2,1,0,0,3,2
2026,2025-11-07,Jalen Duren,Pistons,C,30,30,11,0,3,0,1,4
2026,2026-01-20,Spencer Jones,Nuggets,F,37,16,5,0,1,1,1,5
2026,2025-11-02,Jarred Vanderbilt,Lakers,F,10,4,4,0,1,0,0,3
2026,2025-10-26,Donovan Clingan,Trail Blazers,C,24,9,10,3,1,1,1,1
2026,2026-03-31,Bronny James,Lakers,G,7,0,0,0,0,0,0,2
2026,2025-12-26,Kevin Huerter,Bulls,G,23,9,1,1,0,0,1,3
2026,2025-11-03,Walter Clayton Jr.,Jazz,G,16,7,3,6,2,0,0,0
2026,2026-01-12,Svi Mykhailiuk,Jazz,G,26,11,1,3,0,0,3,3
2026,2026-03-27,Spencer Jones,Nuggets,F,14,0,6,0,1,0,0,3
2026,2026-04-10,Carter Bryant,Spurs,F,25,12,4,2,0,1,2,3
2026,2025-10-24,Rasheer Fleming,Suns,F,9,0,0,2,1,0,0,2
2026,2025-11-16,Ayo Dosunmu,Bulls,G,26,18,1,5,0,0,3,3
2026,2025-11-19,Julian Phillips,Bulls,F,5,2,2,0,0,0,0,0
2026,2025-11-11,Jeremiah Robinson-Earl,Pacers,F,22,6,4,3,1,0,0,3
2026,2026-01-22,Brandon Williams,Mavericks,G,27,19,5,4,0,0,4,2
2026,2026-01-23,Daniss Jenkins,Pistons,G,19,10,2,4,1,0,1,1
2026,2026-03-11,Spencer Jones,Nuggets,F,20,0,3,2,2,0,0,1
2026,2025-11-01,Josh Okogie,Rockets,G,21,12,0,2,1,0,0,1
2026,2026-02-06,Saddiq Bey,Pelicans,G,34,30,9,5,1,0,1,1
2026,2026-01-15,Bronny James,Lakers,G,2,0,0,0,0,0,0,1
2026,2025-11-13,Sandro Mamukelashvili,Raptors,F,17,13,5,1,0,0,1,1
2026,2025-12-29,DaRon Holmes II,Nuggets,F,8,4,3,0,0,0,0,1
2026,2025-11-29,Jakob Poeltl,Raptors,C,33,8,11,9,2,1,3,4
2026,2026-02-25,Jaylin Williams,Thunder,F,35,30,11,4,1,1,4,2
2026,2026-03-15,Giannis Antetokounmpo,Bucks,F,23,31,14,8,0,0,1,1
2026,2026-04-10,Dariq Whitehead,Grizzlies,F,24,21,3,0,0,0,3,0
2026,2025-12-06,Ziaire Williams,Nets,F,15,9,1,0,2,0,0,1
2026,2025-12-01,Ivica Zubac,Clippers,C,31,16,13,2,0,1,1,1
2026,2026-02-12,Luke Kennard,Lakers,G,18,9,7,3,1,0,0,2
2026,2026-01-26,Mouhamed Gueye,Hawks,F,13,7,6,1,1,0,0,1
2026,2026-02-23,Svi Mykhailiuk,Jazz,G,11,3,0,1,0,0,0,0
2026,2026-03-02,Svi Mykhailiuk,Jazz,G,26,15,3,2,1,0,1,1
2026,2026-02-20,Jamir Watkins,Wizards,G,23,11,4,2,2,0,0,4
2026,2026-01-13,Luka Doncic,Lakers,G,33,27,5,12,0,1,7,4
2026,2026-04-06,Devin Vassell,Spurs,G,30,9,4,4,1,0,0,1
2026,2025-12-27,Jalen Pickett,Nuggets,G,10,0,1,1,0,0,2,2
2026,2025-12-02,Payton Pritchard,Celtics,G,30,10,4,3,1,0,1,3
2026,2026-03-06,Keldon Johnson,Spurs,F,22,10,6,0,0,0,0,2
2026,2026-02-08,Nikola Vucevic,Celtics,C,23,11,6,0,0,1,2,4
2026,2026-02-25,Luka Garza,Celtics,C,6,0,2,1,0,0,0,1
2026,2025-10-31,John Collins,Clippers,F,19,14,3,1,0,0,1,0
2026,2026-01-23,Derik Queen,Pelicans,C,27,8,9,5,3,0,4,3
2026,2026-04-03,Precious Achiuwa,Kings,PF,25,12,7,2,2,0,3,2
2026,2026-02-21,OG Anunoby,Knicks,F,40,20,2,1,4,0,1,2
2026,2026-03-04,Josh Hart,Knicks,G,25,10,12,3,0,0,1,3
2026,2026-01-06,Jeremy Sochan,Spurs,F,14,2,6,1,0,0,1,2
2026,2025-12-19,Nikola Vucevic,Bulls,C,32,24,15,2,1,2,1,1
2026,2026-03-17,Bub Carrington,Wizards,G,37,30,4,2,0,0,0,3
2026,2026-03-23,GG Jackson,Grizzlies,F,30,26,3,0,0,0,4,1
2026,2025-11-08,Kevon Looney,Pelicans,F,17,5,6,0,0,0,1,3
2026,2026-03-17,Jonas Valanciunas,Nuggets,C,19,8,9,1,0,0,1,1
2026,2026-03-11,Jose Alvarado,Knicks,G,15,4,2,7,2,0,2,4
2026,2025-11-26,Keon Ellis,Kings,G,23,6,2,1,3,3,1,0
2026,2026-01-15,Jalen Duren,Pistons,C,28,16,18,2,0,2,1,1
2026,2026-02-03,Gui Santos,Warriors,F,26,13,2,3,2,2,1,1
2026,2026-02-22,Tyrese Maxey,76ers,G,35,39,3,8,2,1,5,2
2026,2025-10-22,Lauri Markkanen,Jazz,F,33,20,6,5,0,0,1,0
2026,2025-12-31,Caleb Love,Trail Blazers,G,30,10,5,4,3,0,3,3
2026,2025-12-08,Maxime Raynaud,Kings,C,23,13,8,3,0,0,3,3
2026,2026-03-17,Anthony Gill,Wizards,F,16,2,1,1,1,1,2,6
2026,2025-11-24,Pacome Dadiet,Knicks,F,3,0,1,0,0,0,0,0
2026,2025-11-10,Donovan Clingan,Trail Blazers,C,29,2,9,0,0,0,0,3
2026,2026-03-16,Gui Santos,Warriors,F,28,18,4,5,1,0,1,5
2026,2025-12-14,Jake LaRavia,Lakers,F,21,6,8,1,2,2,0,4
2026,2025-12-10,Adou Thiero,Lakers,F,1,0,0,0,1,0,0,0
2026,2025-12-11,Amir Coffey,Bucks,G,2,0,0,0,0,0,0,0
2026,2026-04-07,Shai Gilgeous-Alexander,Thunder,G,28,25,1,8,2,0,3,2
2026,2026-01-05,Dalen Terry,Bulls,F,5,3,0,0,0,0,0,0
2026,2026-03-14,Zaccharie Risacher,Hawks,F,20,7,6,2,0,0,3,0
2026,2025-12-30,GG Jackson,Grizzlies,F,23,6,1,2,0,2,1,0
2026,2026-01-13,Jarred Vanderbilt,Lakers,F,16,3,1,1,0,0,0,0
2026,2026-03-05,Jalen Green,Suns,G,32,12,3,3,1,0,1,1
2026,2026-04-10,Scoot Henderson,Trail Blazers,G,31,9,1,3,2,0,2,3
2026,2025-12-12,CJ McCollum,Wizards,G,37,27,4,6,1,0,1,3
2026,2026-02-06,Nikola Jovic,Heat,F,6,0,0,1,0,1,0,0
2026,2025-12-05,Antonio Reeves,Hornets,G,4,2,1,1,0,0,0,0
2026,2025-10-26,Payton Pritchard,Celtics,G,34,21,10,4,0,0,1,1
2026,2026-01-03,OG Anunoby,Knicks,F,37,19,6,6,1,1,4,3
2026,2025-11-26,Amari Williams,Celtics,F,15,1,3,0,0,2,0,1
2026,2026-01-04,Danny Wolf,Nets,F,17,2,3,1,1,0,0,2
2026,2026-02-26,Guerschon Yabusele,Bulls,F,21,6,5,1,0,1,4,2
2026,2026-04-01,Ja'Kobe Walter,Raptors,G,32,8,4,3,3,0,1,3
2026,2025-11-29,Tim Hardaway Jr.,Nuggets,G,27,23,3,0,0,0,0,2
2026,2026-03-12,Aaron Wiggins,Thunder,G,15,9,3,0,1,0,2,0
2026,2026-01-09,Malaki Branham,Wizards,G,24,10,2,1,2,1,1,0
2026,2025-10-28,Alex Sarr,Wizards,C,34,31,11,5,2,2,5,4
2026,2026-04-12,Sion James,Hornets,G,21,8,5,2,1,0,2,1
2026,2025-11-22,Jalen Duren,Pistons,C,27,19,6,5,0,0,3,1
2026,2025-12-23,Gary Trent Jr.,Bucks,G,5,5,2,1,0,0,0,0
2026,2025-12-31,Miles McBride,Knicks,G,26,21,3,2,0,0,0,0
2026,2025-12-07,Ja'Kobe Walter,Raptors,G,12,0,0,1,0,0,1,0
2026,2026-01-10,Jaden Hardy,Mavericks,G,13,14,1,0,0,0,2,1
2026,2025-11-24,Anthony Edwards,Timberwolves,G,40,43,7,4,3,1,3,1
2026,2025-12-22,Cooper Flagg,Mavericks,F,35,16,6,6,1,1,2,2
2026,2026-02-25,Jamison Battle,Raptors,F,6,2,0,0,0,0,1,0
2026,2025-10-29,Tobias Harris,Pistons,F,30,23,2,3,2,0,3,2
2026,2026-02-19,Will Richard,Warriors,G,24,17,5,2,1,1,0,3
2026,2026-03-12,Jalen Duren,Pistons,C,15,14,10,2,0,1,0,4
2026,2026-02-03,Alex Sarr,Wizards,C,25,11,9,3,1,0,2,3
2026,2025-11-26,Kyle Kuzma,Bucks,F,29,8,12,6,0,0,2,2
2026,2026-02-22,Marcus Smart,Lakers,G,22,0,1,4,0,0,0,4
2026,2025-11-03,Nic Claxton,Nets,C,30,19,8,7,0,1,2,1
2026,2026-02-04,Max Shulga,Celtics,G,2,0,0,0,0,0,0,0
2026,2026-03-08,James Harden,Cavaliers,G,38,19,4,10,0,0,0,0
2026,2026-01-04,Nikola Jovic,Heat,F,26,19,6,3,3,2,2,0
2026,2026-01-14,Quenton Jackson,Pacers,G,19,14,5,2,1,0,0,0
2026,2026-02-11,Aaron Wiggins,Thunder,G,25,12,3,2,2,0,1,0
2026,2026-01-04,Day'Ron Sharpe,Nets,C,32,17,6,4,3,1,1,3
2026,2026-01-15,Jeff Green,Rockets,F,4,3,2,0,0,0,0,0
2026,2026-03-15,Jalen Slawson,Pacers,F,27,3,4,0,2,2,2,5
2026,2026-02-19,Caris LeVert,Pistons,G,20,8,2,3,1,2,1,0
2026,2025-12-31,Anthony Black,Magic,G,31,15,4,5,2,1,4,3
2026,2026-02-07,Stephon Castle,Spurs,G,32,40,12,12,3,1,6,2
2026,2026-04-03,Brice Sensabaugh,Jazz,F,33,20,3,5,0,1,6,0
2026,2025-11-07,Maxime Raynaud,Kings,C,24,8,10,1,1,0,1,1
2026,2025-12-26,Paul Reed,Pistons,F,4,0,2,1,0,2,0,0
2026,2026-03-16,Jamal Cain,Magic,F,14,2,3,1,0,0,0,2
2026,2026-02-22,Matisse Thybulle,Trail Blazers,G,12,3,3,0,1,0,2,2
2026,2026-02-19,Josh Green,Hornets,G,14,2,2,0,1,0,1,0
2026,2026-01-30,Josh Hart,Knicks,G,30,20,6,5,2,1,2,4
2026,2026-03-19,Andersson Garcia,Jazz,G,48,7,11,6,3,0,1,4
2026,2026-03-16,Deandre Ayton,Lakers,C,27,7,11,0,1,1,1,1
2026,2026-03-19,Bez Mbeng,Jazz,G,35,5,5,6,3,1,3,5
2026,2026-04-07,Neemias Queta,Celtics,C,25,12,5,3,0,1,0,3
2026,2025-11-05,Johni Broome,76ers,F,1,0,0,0,0,0,0,0
2026,2025-10-22,Brandon Ingram,Raptors,F,27,16,9,3,2,0,5,3
2026,2025-11-03,Amir Coffey,Bucks,G,4,0,0,1,0,0,0,1
2026,2026-03-16,Kris Dunn,Clippers,G,23,9,2,1,1,1,1,3
2026,2025-10-22,Simone Fontecchio,Heat,F,19,13,2,1,0,0,1,2
2026,2026-02-06,Derrick White,Celtics,G,41,21,3,5,1,4,0,1
2026,2026-01-10,Jaylen Brown,Celtics,G,43,27,8,7,0,0,5,4
2026,2026-01-15,Gary Harris,Bucks,G,21,3,2,0,0,0,1,2
2026,2026-01-26,Jordan Walsh,Celtics,G,3,1,1,0,0,0,1,0
2026,2026-04-10,Dylan Cardwell,Kings,C,24,7,7,1,2,2,0,5
2026,2026-01-15,Rui Hachimura,Lakers,F,18,3,1,1,0,1,1,2
2026,2025-11-03,Kyle Filipowski,Jazz,F,19,13,8,0,0,1,2,4
2026,2025-10-26,Luka Garza,Celtics,C,13,2,2,1,0,0,1,4
2026,2026-03-02,Amari Williams,Celtics,F,2,0,0,1,0,0,1,0
2026,2026-01-23,Mouhamed Gueye,Hawks,F,9,1,3,1,0,0,0,0
2026,2026-03-25,Sam Merrill,Cavaliers,G,29,18,2,4,0,0,3,1
2026,2025-11-28,Alex Sarr,Wizards,C,33,24,9,1,2,2,1,1
2026,2026-03-30,Max Shulga,Celtics,G,0,0,0,0,0,0,0,0
2026,2026-03-31,Jalen Green,Suns,G,20,8,1,2,2,0,4,1
2026,2026-03-28,Joe Ingles,Timberwolves,F,4,0,0,0,0,0,0,0
2026,2025-11-07,Jock Landale,Grizzlies,C,29,11,7,3,0,0,1,1
2026,2026-02-08,Jalen Brunson,Knicks,G,33,31,3,8,0,0,3,1
2026,2025-12-19,Norman Powell,Heat,G,34,18,4,3,1,0,1,3
2026,2026-01-21,Nic Claxton,Nets,C,23,4,4,1,1,2,0,2
2026,2026-04-01,Omer Yurtseven,Warriors,C,29,17,8,4,0,1,1,5
2026,2025-11-29,Jonas Valanciunas,Nuggets,C,15,9,3,3,0,1,1,3
2026,2026-03-25,Collin Murray-Boyles,Raptors,F,24,10,5,0,1,1,2,3
2026,2026-04-05,Jalen Suggs,Magic,G,34,11,4,8,1,0,1,4
2026,2025-11-26,Moses Moody,Warriors,G,30,9,7,1,0,0,0,4
2026,2026-02-22,Tre Johnson,Wizards,G,19,11,1,3,0,0,3,2
2026,2025-11-19,Trayce Jackson-Davis,Warriors,F,25,8,12,0,0,1,1,1
2026,2026-03-08,Guerschon Yabusele,Bulls,F,22,4,5,3,0,0,1,1
2026,2025-12-18,Michael Porter Jr.,Nets,F,34,28,6,3,0,0,1,1
2026,2025-12-03,Duop Reath,Trail Blazers,C,11,4,2,0,0,0,0,2
2026,2026-03-11,Nique Clifford,Kings,G,41,18,4,8,2,1,1,4
2026,2025-11-17,Brook Lopez,Clippers,C,14,6,1,0,0,0,1,2
2026,2025-10-22,Cam Christie,Clippers,G,8,5,2,1,0,0,0,0
2026,2025-12-26,Matas Buzelis,Bulls,F,20,10,8,0,0,3,3,5
2026,2026-02-24,Pelle Larsson,Heat,G,36,10,6,5,0,0,2,4
2026,2026-02-24,Tyler Kolek,Knicks,G,3,4,0,2,0,0,0,0
2026,2026-02-24,Rudy Gobert,Timberwolves,C,36,10,19,4,1,2,3,3
2026,2025-12-29,Jaden McDaniels,Timberwolves,F,23,7,5,3,0,0,0,1
2026,2025-12-26,Christian Koloko,Grizzlies,C,28,4,3,1,3,1,0,1
2026,2025-12-15,Jonas Valanciunas,Nuggets,C,14,8,3,1,0,0,2,6
2026,2026-01-13,Bobby Portis,Bucks,F,27,14,7,1,2,0,0,0
2026,2025-11-01,Donte DiVincenzo,Timberwolves,G,31,18,3,4,1,0,0,2
2026,2025-12-31,Josh Green,Hornets,G,17,5,2,2,0,0,0,1
2026,2026-02-20,Zion Williamson,Pelicans,F,30,32,2,2,0,0,0,1
2026,2025-12-27,Lonzo Ball,Cavaliers,G,18,2,1,0,2,0,0,1
2026,2026-01-17,Khris Middleton,Wizards,F,27,16,7,4,0,0,1,2
2026,2026-03-14,Wendell Carter Jr.,Magic,C,35,15,8,2,0,0,1,5
2026,2026-02-19,Ja'Kobe Walter,Raptors,G,22,14,4,0,3,0,1,1
2026,2025-12-01,Jake LaRavia,Lakers,F,16,2,2,1,0,0,1,1
2026,2026-03-31,Reed Sheppard,Rockets,G,28,20,5,2,2,1,2,3
2026,2026-01-16,Ben Sheppard,Pacers,G,15,4,3,2,0,0,0,1
2026,2026-03-05,RJ Barrett,Raptors,F,30,25,6,0,0,1,1,3
2026,2026-01-18,Sandro Mamukelashvili,Raptors,F,24,20,6,2,1,1,0,1
2026,2026-02-24,Pat Connaughton,Hornets,G,13,5,3,0,0,0,1,1
2026,2025-11-18,De'Aaron Fox,Spurs,G,33,26,1,3,2,1,2,3
2026,2026-01-07,Vit Krejci,Hawks,G,19,5,4,1,1,1,0,3
2026,2026-03-19,Luke Kennard,Lakers,G,13,0,2,0,0,0,0,0
2026,2026-04-10,Moussa Diabate,Hornets,F,25,8,6,2,0,2,1,4
2026,2026-02-02,Jaylen Wells,Grizzlies,F,26,18,1,2,1,0,1,5
2026,2026-01-24,Jordan Walsh,Celtics,G,18,7,1,0,0,0,0,1
2026,2026-02-24,Leonard Miller,Bulls,F,5,5,2,0,0,1,1,0
2026,2026-01-20,De'Anthony Melton,Warriors,G,20,6,3,5,1,0,5,3
2026,2026-03-25,Alex Caruso,Thunder,G,21,9,4,2,1,0,0,2
2026,2025-10-28,Simone Fontecchio,Heat,F,19,10,0,3,1,1,1,2
2026,2025-10-25,Asa Newell,Hawks,F,25,12,10,1,0,0,2,5
2026,2025-12-06,Gary Payton II,Warriors,G,27,6,3,1,3,0,3,4
2026,2026-03-16,Oso Ighodaro,Suns,F,33,4,4,8,2,0,0,3
2026,2026-02-01,Tristan da Silva,Magic,F,28,7,5,3,1,0,1,0
2026,2025-11-16,Robert Williams III,Trail Blazers,C,17,6,5,1,2,1,0,1
2026,2026-03-11,Norchad Omier,Clippers,F,6,6,0,1,1,0,0,2
2026,2026-04-09,Gary Payton II,Warriors,G,14,10,1,0,1,0,0,0
2026,2026-02-23,Javon Small,Grizzlies,G,25,21,6,9,0,0,1,1
2026,2026-01-28,Jarred Vanderbilt,Lakers,F,16,4,6,2,1,0,0,1
2026,2025-11-05,Tony Bradley,Pacers,C,14,4,2,1,0,0,0,1
2026,2025-12-23,Alex Caruso,Thunder,G,19,2,4,1,0,0,2,1
2026,2025-12-08,Harrison Barnes,Spurs,F,35,24,2,1,0,0,2,3
2026,2025-11-12,Nikola Vucevic,Bulls,C,25,6,6,3,0,0,3,1
2026,2025-11-21,Brandon Williams,Mavericks,G,28,5,5,12,1,2,6,1
2026,2025-11-02,Cedric Coward,Grizzlies,F,29,12,5,5,0,0,1,1
2026,2026-03-25,Julius Randle,Timberwolves,F,42,24,6,6,2,0,5,3
2026,2025-11-12,Gary Harris,Bucks,G,6,0,0,1,1,0,0,0
2026,2025-11-29,Danny Wolf,Nets,F,30,22,4,4,0,1,2,2
2026,2025-11-11,Miles McBride,Knicks,G,16,9,1,2,0,0,0,0
2026,2026-03-19,Daeqwon Plowden,Kings,G,31,20,2,1,0,0,1,2
2026,2025-10-29,Desmond Bane,Magic,G,31,12,5,2,0,0,1,2
2026,2026-02-21,Victor Wembanyama,Spurs,F,30,28,15,6,1,4,1,3
2026,2025-12-04,Taylor Hendricks,Jazz,F,7,2,1,0,0,0,0,1
2026,2026-03-13,Jaylon Tyson,Cavaliers,G,20,8,3,2,0,0,2,4
2026,2025-12-14,Matas Buzelis,Bulls,F,24,9,6,3,1,0,0,2
2026,2025-10-22,Yanic Konan Niederhauser,Clippers,C,4,4,1,0,0,0,0,0
2026,2026-01-31,Josh Green,Hornets,G,11,0,1,2,0,0,0,1
2026,2025-11-13,Pascal Siakam,Pacers,F,31,19,5,2,0,0,2,4
2026,2026-01-16,Jeremiah Fears,Pelicans,G,31,16,6,5,2,0,0,2
2026,2026-04-05,Daeqwon Plowden,Kings,G,36,15,2,3,1,0,1,4
2026,2025-11-12,Mikal Bridges,Knicks,G,28,6,2,2,2,0,0,2
2026,2025-10-28,CJ McCollum,Wizards,G,40,14,1,7,1,0,1,4
2026,2026-04-06,Zaccharie Risacher,Hawks,F,7,3,2,0,1,0,0,2
2026,2025-12-31,Robert Williams III,Trail Blazers,C,16,8,8,0,1,1,0,2
2026,2026-01-30,Walter Clayton Jr.,Jazz,G,13,1,1,1,0,1,1,1
2026,2025-10-24,Dillon Brooks,Suns,F,27,21,3,2,2,0,4,5
2026,2026-03-27,Noah Clowney,Nets,F,24,5,3,2,1,0,1,3
2026,2025-10-27,Keldon Johnson,Spurs,F,24,10,5,0,1,0,1,1
2026,2026-03-01,Thomas Bryant,Cavaliers,C,10,4,2,1,1,0,0,3
2026,2025-11-09,Sam Hauser,Celtics,F,17,0,4,0,0,0,0,1
2026,2025-10-23,Bruce Brown,Nuggets,G,19,4,5,3,1,0,0,4
2026,2025-11-24,Matas Buzelis,Bulls,F,21,10,4,0,0,2,2,3
2026,2025-12-03,Kyle Kuzma,Bucks,F,21,4,4,3,1,2,3,2
2026,2025-12-21,Julius Randle,Timberwolves,F,32,12,7,2,2,0,2,3
2026,2026-03-16,Tyson Etienne,Nets,G,23,15,2,1,0,0,2,1
2026,2026-04-09,Bronny James,Lakers,G,21,10,1,3,2,0,3,1
2026,2025-12-18,Sidy Cissoko,Trail Blazers,G,29,3,0,3,2,0,2,4
2026,2026-01-19,Will Riley,Wizards,G,18,1,2,0,0,0,0,0
2026,2025-11-30,DeMar DeRozan,Kings,G,35,23,1,4,3,1,0,2
2026,2025-10-22,Tyrese Proctor,Cavaliers,G,16,5,1,2,0,0,0,2
2026,2026-01-05,Ja'Kobe Walter,Raptors,G,12,3,1,0,0,1,0,1
2026,2026-01-28,Jaylen Wells,Grizzlies,F,25,6,2,0,1,1,1,3
2026,2025-12-05,Jock Landale,Grizzlies,C,17,7,1,1,1,1,1,4
2026,2025-11-16,Dereck Lively II,Mavericks,C,12,2,3,1,0,2,2,6
2026,2026-03-07,Brook Lopez,Clippers,C,12,4,1,0,0,0,0,1
2026,2025-11-16,Dyson Daniels,Hawks,G,37,11,7,12,3,0,4,4
2026,2025-11-07,Jordan Walsh,Celtics,G,19,2,6,0,1,1,2,1
2026,2026-01-19,Simone Fontecchio,Heat,F,27,13,8,2,2,1,2,3
2026,2026-03-22,Karl-Anthony Towns,Knicks,C,26,26,16,3,1,0,2,2
2026,2025-10-22,Jrue Holiday,Trail Blazers,G,33,14,6,7,3,0,4,3
2026,2025-12-27,Bruce Brown,Nuggets,G,27,2,3,4,2,0,1,4
2026,2025-11-28,Anthony Davis,Mavericks,F,28,12,5,5,0,3,0,2
2026,2026-03-01,Terance Mann,Nets,G,14,0,1,4,0,0,0,2
2026,2026-02-04,Tyler Kolek,Knicks,G,13,1,1,4,0,0,2,0
2026,2025-10-31,Baylor Scheierman,Celtics,G,3,0,0,0,0,0,0,1
2026,2025-10-22,Matisse Thybulle,Trail Blazers,G,14,2,2,2,2,0,0,1
2026,2025-12-31,Gradey Dick,Raptors,G,12,0,0,0,0,0,1,0
2026,2026-04-10,Josh Green,Hornets,G,11,0,0,0,0,1,0,0
2026,2026-03-10,Javonte Green,Pistons,G,23,8,4,0,3,0,0,1
2026,2025-11-08,Nick Richards,Suns,C,15,4,5,0,0,2,1,2
2026,2025-11-16,Terance Mann,Nets,G,29,10,7,3,0,0,2,2
2026,2025-11-25,Justin Champagnie,Wizards,F,17,4,5,1,1,1,0,0
2026,2026-01-15,Karl-Anthony Towns,Knicks,C,31,17,20,2,1,1,2,5
2026,2025-12-23,Jarrett Allen,Cavaliers,C,26,14,9,3,0,0,1,4
2026,2025-11-10,Davion Mitchell,Heat,G,38,11,2,8,1,0,5,5
2026,2025-12-20,Brice Sensabaugh,Jazz,F,25,12,4,2,0,0,1,1
2026,2025-11-22,Ayo Dosunmu,Bulls,G,29,8,5,1,0,0,0,0
2026,2026-03-11,Cameron Johnson,Nuggets,F,25,17,2,4,2,2,0,1
2026,2025-11-04,Kris Dunn,Clippers,G,30,6,5,3,2,1,3,2
2026,2026-01-04,De'Andre Hunter,Cavaliers,F,24,14,6,0,0,0,3,1
2026,2026-01-03,Cooper Flagg,Mavericks,F,35,10,7,6,2,1,2,2
2026,2025-11-30,Jeff Green,Rockets,F,7,4,0,0,0,0,0,0
2026,2026-03-22,Jonathan Mogbo,Raptors,F,17,8,1,2,3,1,0,0
2026,2025-11-01,Sion James,Hornets,G,27,8,2,0,0,0,0,1
2026,2025-12-20,Jusuf Nurkic,Jazz,C,21,4,8,5,1,0,1,5
2026,2026-02-09,Kyle Anderson,Grizzlies,F,26,8,4,0,2,2,5,2
2026,2025-12-05,Ousmane Dieng,Thunder,F,22,7,1,1,0,0,0,1
2026,2025-11-12,Devin Carter,Kings,G,22,11,6,3,1,0,2,4
2026,2025-10-28,Aaron Wiggins,Thunder,G,34,18,6,6,1,3,3,1
2026,2025-11-07,Zach LaVine,Kings,G,29,9,2,2,1,0,2,3
2026,2025-12-26,Nikola Jovic,Heat,F,21,10,7,4,1,0,2,1
2026,2025-10-29,Dalton Knecht,Lakers,F,36,15,1,1,1,2,0,0
2026,2025-11-04,Paolo Banchero,Magic,F,37,22,11,8,1,0,3,4
2026,2026-03-08,Jakob Poeltl,Raptors,C,30,16,10,4,1,2,1,2
2026,2026-02-26,Mark Williams,Suns,C,13,4,10,0,0,0,1,4
2026,2026-03-28,Luke Kornet,Spurs,C,21,2,1,0,1,0,1,0
2026,2025-12-26,Ochai Agbaji,Raptors,G,26,8,3,0,2,0,1,3
2026,2025-10-24,Chris Boucher,Celtics,F,15,0,4,0,1,4,0,2
2026,2026-01-11,Jalen Brunson,Knicks,G,37,26,6,8,1,0,2,4
2026,2026-01-15,Pat Spencer,Warriors,G,1,0,0,0,0,0,0,0
2026,2025-12-18,Drake Powell,Nets,G,4,0,3,0,0,0,0,0
2026,2026-01-30,Duncan Robinson,Pistons,F,30,15,2,2,0,0,2,2
2026,2025-12-22,Moses Moody,Warriors,G,32,20,3,3,0,2,0,4
2026,2026-03-15,Micah Potter,Pacers,C,5,3,1,1,1,0,0,0
2026,2025-11-28,Isaiah Jackson,Pacers,F,18,10,2,0,2,0,0,3
2026,2025-12-11,Andre Jackson Jr.,Bucks,G,2,0,0,0,0,0,0,0
2026,2025-10-26,Isaac Jones,Kings,C,1,0,0,0,0,0,0,0
2026,2025-12-05,Dalen Terry,Bulls,F,20,7,3,0,3,1,4,1
2026,2026-01-01,Noah Clowney,Nets,F,26,11,1,0,0,2,3,2
2026,2025-11-11,Kelly Oubre Jr.,76ers,G,31,12,7,0,0,0,2,5
2026,2025-12-18,Derik Queen,Pelicans,C,35,16,12,3,0,3,3,4
2026,2025-11-07,Rudy Gobert,Timberwolves,C,29,8,9,2,1,3,2,3
2026,2025-12-20,Jaden Ivey,Pistons,G,13,5,1,2,1,0,1,3
2026,2026-03-18,Marvin Bagley III,Mavericks,F,16,2,7,0,1,0,0,0
2026,2026-03-04,Oscar Tshiebwe,Jazz,C,5,2,3,0,0,0,1,1
2026,2025-12-22,Santi Aldama,Grizzlies,F,25,9,7,1,0,0,2,1
2026,2026-01-14,Thomas Bryant,Cavaliers,C,5,4,1,0,0,0,0,2
2026,2025-12-05,Amir Coffey,Bucks,G,1,0,0,0,0,0,0,0
2026,2025-11-29,Jamal Murray,Nuggets,G,37,24,3,4,1,0,5,2
2026,2026-04-01,Onyeka Okongwu,Hawks,F,31,16,7,4,2,2,3,4
2026,2026-03-14,Luke Kornet,Spurs,C,20,10,8,1,0,0,0,0
2026,2026-03-28,Paul George,76ers,F,36,26,13,2,4,1,3,5
2026,2026-02-08,Davion Mitchell,Heat,G,25,5,2,3,1,0,3,2
2026,2025-10-31,Jarred Vanderbilt,Lakers,F,14,2,4,1,0,1,0,1
2026,2026-04-09,Trevor Keels,Heat,G,3,6,0,0,0,0,0,0
2026,2025-11-21,Bilal Coulibaly,Wizards,G,26,9,3,2,2,0,1,2
2026,2025-12-07,Brooks Barnhizer,Thunder,F,12,3,1,0,0,0,1,1
2026,2026-04-05,Hugo Gonzalez,Celtics,G,1,0,0,0,0,0,0,0
2026,2025-11-02,Oso Ighodaro,Suns,F,14,4,5,2,0,1,3,2
2026,2025-11-05,Jaylen Clark,Timberwolves,G,13,3,1,0,1,0,0,1
2026,2026-04-07,Kris Dunn,Clippers,G,27,2,7,3,2,0,2,1
2026,2026-02-26,Nicolas Batum,Clippers,F,26,0,6,3,1,0,1,1
2026,2026-03-29,Christian Braun,Nuggets,G,33,12,3,0,0,0,0,1
2026,2026-02-11,Toumani Camara,Trail Blazers,F,32,9,8,2,0,0,2,2
2026,2026-01-19,Harrison Barnes,Spurs,F,22,10,1,4,0,1,0,1
2026,2025-11-07,Cameron Johnson,Nuggets,F,25,0,1,4,1,0,0,1
2026,2026-03-17,Tyus Jones,Nuggets,G,10,5,1,2,0,0,0,0
2026,2025-12-05,Aaron Wiggins,Thunder,G,20,11,2,3,0,0,0,0
2026,2026-01-09,Maxime Raynaud,Kings,C,26,8,7,2,0,2,2,3
2026,2026-01-29,LaMelo Ball,Hornets,G,31,22,3,9,0,1,3,1
2026,2025-11-20,Jock Landale,Grizzlies,C,15,21,6,0,0,0,0,0
2026,2026-01-29,Paul Reed,Pistons,F,4,2,0,0,1,0,0,0
2026,2026-03-15,Evan Mobley,Cavaliers,C,36,18,11,4,0,4,4,3
2026,2026-03-12,Alex Caruso,Thunder,G,23,7,4,2,2,1,1,1
2026,2026-01-19,Marvin Bagley III,Wizards,F,17,6,8,1,0,2,4,3
2026,2026-03-06,Collin Gillespie,Suns,G,32,12,6,6,1,0,1,2
2026,2026-01-06,Max Christie,Mavericks,G,36,11,3,2,0,0,2,1
2026,2025-12-19,Carter Bryant,Spurs,F,8,1,1,1,0,0,1,0
2026,2025-10-30,Wendell Carter Jr.,Magic,C,27,18,8,3,0,1,1,3
2026,2025-12-01,Julian Phillips,Bulls,F,21,10,3,0,0,0,0,3
2026,2026-03-27,Ryan Nembhard,Mavericks,G,12,0,3,2,0,0,2,1
2026,2025-12-01,Dean Wade,Cavaliers,F,26,9,2,3,1,0,1,6
2026,2026-01-19,Justin Champagnie,Wizards,F,26,9,4,0,1,0,3,2
2026,2026-01-27,Isaiah Collier,Jazz,G,29,12,4,9,0,0,1,3
2026,2026-04-07,Jordan Walsh,Celtics,G,18,9,6,0,1,0,1,0
2026,2026-04-12,Jose Alvarado,Knicks,G,34,16,5,7,2,1,1,2
2026,2025-11-28,Tristan Vukcevic,Wizards,F,15,5,1,2,0,1,2,1
2026,2026-01-01,Jaylen Brown,Celtics,G,35,29,10,4,0,0,5,6
2026,2026-02-04,Gradey Dick,Raptors,G,13,6,4,0,0,0,0,2
2026,2026-01-11,Alex Sarr,Wizards,C,28,19,15,1,1,3,2,1
2026,2026-03-13,Kris Murray,Trail Blazers,F,14,0,3,2,1,1,1,0
2026,2026-01-08,Quenton Jackson,Pacers,G,18,4,0,5,1,1,1,2
2026,2025-11-12,Caleb Martin,Mavericks,F,7,0,1,3,0,0,0,1
2026,2025-11-13,Keaton Wallace,Hawks,G,15,0,2,5,1,0,0,1
2026,2025-11-26,Jimmy Butler III,Warriors,F,33,21,5,5,2,0,0,3
2026,2025-10-29,Nigel Hayes-Davis,Suns,F,14,4,0,2,1,0,1,3
2026,2026-01-04,Paul Reed,Pistons,F,30,8,8,4,1,0,1,1
2026,2026-03-15,Taelon Peter,Pacers,G,13,9,0,0,0,0,1,0
2026,2026-03-05,Caris LeVert,Pistons,G,20,0,3,3,0,0,0,1
2026,2025-10-24,Rob Dillingham,Timberwolves,G,1,0,0,0,0,0,0,1
2026,2026-03-05,Anthony Edwards,Timberwolves,G,34,22,4,3,1,0,4,1
2026,2026-01-15,Gui Santos,Warriors,F,5,3,1,0,0,1,0,1
2026,2026-03-31,Wendell Carter Jr.,Magic,C,28,15,12,0,2,0,6,4
2026,2025-12-01,Naji Marshall,Mavericks,F,33,9,7,6,0,0,3,3
2026,2026-02-10,Oso Ighodaro,Suns,F,23,10,10,4,0,2,0,4
2026,2025-12-29,Ryan Nembhard,Mavericks,G,17,0,2,6,0,0,1,0
2026,2025-12-05,Miles Bridges,Hornets,F,32,15,9,5,1,0,2,1
2026,2025-11-07,Terance Mann,Nets,G,22,3,0,3,0,0,1,3
2026,2025-12-20,Maxi Kleber,Lakers,F,16,0,1,0,0,1,0,3
2026,2026-03-20,Chaz Lanier,Pistons,G,12,0,0,0,0,0,0,0
2026,2026-01-08,Lauri Markkanen,Jazz,F,40,33,7,4,0,2,3,2
2026,2025-12-18,Asa Newell,Hawks,F,10,3,1,1,0,0,0,2
2026,2026-02-20,Dean Wade,Cavaliers,F,26,8,4,0,1,0,0,2
2026,2026-01-03,Gui Santos,Warriors,F,8,0,1,2,1,0,0,2
2026,2026-01-26,Gary Payton II,Warriors,G,12,4,1,0,1,0,2,6
2026,2025-10-29,Jaden McDaniels,Timberwolves,F,41,30,7,1,1,0,2,1
2026,2026-02-19,Landry Shamet,Knicks,G,28,15,2,2,0,1,0,1
2026,2026-01-21,Chet Holmgren,Thunder,C,32,10,7,2,1,1,2,1
2026,2026-01-02,Khris Middleton,Wizards,F,23,9,4,2,1,0,3,3
2026,2026-04-10,Tristan Enaruna,Cavaliers,F,12,7,1,1,1,0,0,0
2026,2026-03-27,Marvin Bagley III,Mavericks,F,27,26,9,3,1,1,1,5
2026,2026-04-08,Chaz Lanier,Pistons,G,6,3,2,1,0,0,0,0
2026,2025-11-03,Dwight Powell,Mavericks,F,9,0,0,0,0,0,0,4
2026,2026-01-31,Andrew Wiggins,Heat,F,33,17,1,1,3,1,4,0
2026,2025-12-23,Tim Hardaway Jr.,Nuggets,G,29,23,2,1,0,0,0,0
2026,2026-01-28,Nae'Qwan Tomlin,Cavaliers,F,29,8,4,3,2,1,1,2
2026,2026-01-18,Scottie Barnes,Raptors,F,35,22,9,3,1,0,2,2
2026,2026-04-01,Sandro Mamukelashvili,Raptors,F,33,17,6,3,1,2,0,1
2026,2025-12-18,Klay Thompson,Mavericks,G,19,5,1,2,0,0,2,2
2026,2026-02-26,Bones Hyland,Timberwolves,G,15,3,2,4,0,0,0,0
2026,2026-01-30,Guerschon Yabusele,Knicks,F,4,0,2,0,0,0,0,1
2026,2025-12-29,Jamir Watkins,Wizards,G,17,3,4,0,0,0,1,4
2026,2025-12-05,Johnny Furphy,Pacers,G,16,2,1,1,0,0,0,3
2026,2026-02-11,Jordan Goodwin,Suns,G,28,12,4,4,1,0,1,1
2026,2026-03-14,LaMelo Ball,Hornets,G,22,17,4,2,3,1,1,4
2026,2026-01-25,Jaime Jaquez Jr.,Heat,F,36,20,5,6,0,1,2,2
2026,2026-01-02,Kevin Huerter,Bulls,G,24,20,4,2,0,0,2,1
2026,2025-10-24,Lauri Markkanen,Jazz,F,36,33,4,1,0,0,1,1
2026,2026-04-12,Jaylon Tyson,Cavaliers,G,26,18,6,3,1,0,4,2
2026,2026-03-03,Nique Clifford,Kings,G,39,10,8,4,3,0,2,3
2026,2025-11-01,Jalen Suggs,Magic,G,19,6,2,5,5,0,3,1
2026,2026-01-11,Jabari Smith Jr.,Rockets,F,33,9,7,0,1,1,2,1
2026,2026-01-02,Jeremiah Fears,Pelicans,G,29,18,5,4,0,2,4,0
2026,2026-04-03,Herbert Jones,Pelicans,F,13,3,1,1,1,0,1,3
2026,2026-02-05,Justin Edwards,76ers,F,5,2,1,0,0,0,0,3
2026,2026-02-09,Craig Porter Jr.,Cavaliers,G,9,0,1,0,0,0,2,1
2026,2026-02-01,Julian Champagnie,Spurs,F,31,11,8,1,0,0,0,4
2026,2025-11-18,Desmond Bane,Magic,G,39,23,6,5,5,0,3,4
2026,2026-01-18,Brandon Ingram,Raptors,F,34,19,6,7,3,1,3,1
2026,2026-02-19,Hugo Gonzalez,Celtics,G,12,7,4,0,1,0,0,0
2026,2026-03-17,Mohamed Diawara,Knicks,F,6,0,1,1,0,0,0,1
2026,2025-12-12,Kentavious Caldwell-Pope,Grizzlies,G,22,7,2,5,2,0,1,0
2026,2025-12-04,Jordan Walsh,Celtics,G,30,22,7,3,2,1,0,4
2026,2026-03-14,Anthony Gill,Wizards,F,6,0,0,1,0,0,0,0
2026,2025-10-24,Bronny James,Lakers,G,3,0,0,0,0,0,0,1
2026,2025-10-29,Naji Marshall,Mavericks,F,22,3,2,2,0,0,1,3
2026,2025-11-14,Robert Williams III,Trail Blazers,C,15,4,3,0,1,1,1,2
2026,2026-03-25,Matas Buzelis,Bulls,F,30,18,8,2,0,1,3,4
2026,2025-10-24,Dennis Schroder,Kings,G,33,17,5,3,2,0,4,1
2026,2025-12-29,Isaiah Livers,Suns,F,10,3,2,2,0,0,0,2
2026,2025-10-29,Austin Reaves,Lakers,G,40,28,1,16,2,0,3,1
2026,2026-03-22,Sidy Cissoko,Trail Blazers,G,19,7,2,1,0,0,0,3
2026,2026-02-09,Scotty Pippen Jr.,Grizzlies,G,20,11,0,4,4,1,1,4
2026,2026-01-11,Buddy Hield,Warriors,G,7,0,1,1,0,0,0,1
2026,2026-01-26,Larry Nance Jr.,Cavaliers,F,6,2,1,0,0,0,0,0
2026,2026-01-30,Mark Williams,Suns,C,23,10,7,2,2,1,2,1
2026,2026-03-23,Darius Garland,Clippers,G,18,15,2,6,1,0,3,1
2026,2026-02-09,Ausar Thompson,Pistons,G,25,6,8,2,2,0,1,4
2026,2025-11-21,P.J. Washington,Mavericks,F,37,24,9,1,0,3,4,1
2026,2026-02-22,Jarrett Allen,Cavaliers,C,29,11,13,2,1,0,3,1
2026,2025-11-11,Gui Santos,Warriors,F,12,4,3,0,1,0,0,1
2026,2025-11-24,Nic Claxton,Nets,C,26,8,4,1,0,1,0,2
2026,2026-04-10,Xavier Tillman,Hornets,F,4,2,2,0,0,0,0,0
2026,2025-12-21,Will Riley,Wizards,G,17,8,1,1,0,0,0,0
2026,2025-11-24,Trey Jemison III,Knicks,F,3,0,0,0,0,0,1,2
2026,2025-12-21,Coby White,Bulls,G,31,21,2,5,0,0,3,2
2026,2025-11-10,Jalen Duren,Pistons,C,40,19,14,3,2,0,5,2
2026,2026-02-26,Brook Lopez,Clippers,C,32,8,6,2,2,0,3,2
2026,2025-10-22,Kobe Brown,Clippers,G,4,2,1,2,0,0,0,0
2026,2026-02-25,Ausar Thompson,Pistons,G,28,11,4,7,3,2,3,1
2026,2026-04-12,Trey Jemison III,Knicks,F,18,4,2,2,0,0,3,2
2026,2025-11-10,Cam Whitmore,Wizards,F,29,20,2,1,2,0,1,3
2026,2026-02-08,Aaron Nesmith,Pacers,G,23,7,1,1,1,0,0,1
2026,2026-03-21,Isaiah Joe,Thunder,G,31,9,4,2,0,0,1,0
2026,2026-03-02,Julian Reese,Wizards,F,28,2,4,0,3,0,4,6
2026,2026-03-07,Duncan Robinson,Pistons,F,23,15,0,4,0,0,0,4
2026,2026-03-01,Matisse Thybulle,Trail Blazers,G,15,7,1,1,1,4,1,1
2026,2026-03-28,DeJon Jarreau,Grizzlies,G,19,14,2,3,1,2,1,4
2026,2025-11-07,Jordan McLaughlin,Spurs,G,9,9,1,1,1,0,0,0
2026,2026-01-09,Jake LaRavia,Lakers,F,34,13,2,2,2,0,2,0
2026,2025-11-08,Pelle Larsson,Heat,G,27,16,1,5,0,0,1,3
2026,2025-11-21,Mike Conley,Timberwolves,G,14,3,2,1,0,0,1,2
2026,2026-01-04,Donovan Mitchell,Cavaliers,G,33,30,6,3,3,0,2,2
2026,2026-01-13,Draymond Green,Warriors,F,22,10,7,0,2,2,6,1
2026,2026-02-06,Yanic Konan Niederhauser,Clippers,C,6,2,0,0,0,0,1,0
2026,2026-01-09,Luka Doncic,Lakers,G,36,24,9,9,2,0,3,6
2026,2025-11-03,Bobby Portis,Bucks,F,16,8,2,1,0,0,2,3
2026,2025-12-18,Tyrese Martin,Nets,G,19,2,2,3,0,0,1,2
2026,2026-01-29,Donte DiVincenzo,Timberwolves,G,32,11,5,5,2,1,1,4
2026,2025-11-16,Jaylen Brown,Celtics,G,39,33,13,3,2,1,1,1
2026,2026-04-12,Tyson Etienne,Nets,G,37,20,1,4,2,0,1,2
2026,2026-03-01,Kam Jones,Pacers,G,33,10,2,10,1,0,2,0
2026,2025-12-22,Sam Hauser,Celtics,F,20,6,3,1,1,0,1,1
2026,2026-03-30,Derrick White,Celtics,G,36,7,5,4,1,2,1,2
2026,2026-01-16,Nic Claxton,Nets,C,29,7,14,5,1,2,3,2
2026,2026-03-05,Jonas Valanciunas,Nuggets,C,10,4,4,1,0,0,2,1
2026,2025-11-22,Kevon Looney,Pelicans,F,14,2,5,1,0,1,0,1
2026,2026-02-07,Victor Wembanyama,Spurs,F,27,16,11,1,0,3,0,1
2026,2025-12-07,Jevon Carter,Bulls,G,22,13,1,2,3,0,1,2
2026,2026-01-17,Miles Kelly,Mavericks,G,11,8,3,1,0,0,0,1
2026,2026-03-18,Sidy Cissoko,Trail Blazers,G,10,2,1,4,0,0,0,2
2026,2026-03-24,Jamaree Bouyea,Suns,G,4,0,0,0,0,0,0,0
2026,2025-12-23,Kel'el Ware,Heat,C,21,5,9,0,2,0,0,0
2026,2026-03-29,Ron Harper Jr.,Celtics,G,14,7,3,1,1,1,0,2
2026,2026-02-08,Ben Sheppard,Pacers,G,27,12,5,4,0,0,2,4
2026,2025-11-14,Ronald Holland II,Pistons,F,24,9,5,2,3,0,3,3
2026,2025-10-28,Kyshawn George,Wizards,F,40,20,9,7,2,1,1,5
2026,2026-02-20,Deandre Ayton,Lakers,C,28,13,7,1,0,1,1,2
2026,2025-11-15,Jarred Vanderbilt,Lakers,F,8,0,1,1,0,0,2,0
2026,2026-01-25,Khaman Maluach,Suns,C,3,2,1,0,0,0,0,0
2026,2026-04-08,Jalen Johnson,Hawks,F,34,12,11,6,1,0,2,6
2026,2025-10-22,Zach LaVine,Kings,G,35,30,2,1,0,0,2,3
2026,2025-12-29,Miles Bridges,Hornets,F,7,3,3,0,0,0,0,1
2026,2026-02-24,Desmond Bane,Magic,G,36,22,1,6,1,0,1,3
2026,2025-11-11,Hugo Gonzalez,Celtics,G,6,5,2,0,1,0,1,2
2026,2026-01-17,Oso Ighodaro,Suns,F,22,2,3,0,1,0,1,3
2026,2026-04-12,Will Richard,Warriors,G,20,0,2,1,1,0,0,2
2026,2025-12-31,Rasheer Fleming,Suns,F,4,0,0,0,0,1,0,0
2026,2026-01-16,Derik Queen,Pelicans,C,28,14,12,3,0,0,1,1
2026,2025-10-27,Karlo Matkovic,Pelicans,F,3,0,0,0,0,0,0,0
2026,2025-12-29,De'Aaron Fox,Spurs,G,32,14,2,3,1,0,2,2
2026,2026-03-09,Dean Wade,Cavaliers,F,20,13,10,2,0,1,0,3
2026,2025-10-29,Jase Richardson,Magic,G,4,0,0,1,0,0,1,0
2026,2025-11-17,Jakob Poeltl,Raptors,C,32,13,9,1,0,0,1,3
2026,2025-11-04,Taurean Prince,Bucks,F,21,0,0,1,0,0,1,4
2026,2026-02-01,Peyton Watson,Nuggets,G,37,29,5,3,1,1,4,3
2026,2025-12-14,Josh Green,Hornets,G,15,8,2,0,1,0,0,1
2026,2026-03-29,Wendell Carter Jr.,Magic,C,26,4,4,1,0,0,1,3
2026,2026-03-09,Danny Wolf,Nets,F,28,14,9,2,1,1,1,3
2026,2025-11-10,Dyson Daniels,Hawks,G,39,6,3,8,3,1,4,3
2026,2026-02-03,Cason Wallace,Thunder,G,23,5,1,5,4,0,0,2
2026,2025-12-18,Aaron Wiggins,Thunder,G,23,5,4,0,0,1,0,0
2026,2026-03-17,Pelle Larsson,Heat,G,28,14,2,0,0,0,4,5
2026,2026-01-10,Rudy Gobert,Timberwolves,C,31,8,12,2,1,3,2,4
2026,2025-12-12,Lonzo Ball,Cavaliers,G,24,5,3,2,3,1,0,0
2026,2026-01-26,GG Jackson,Grizzlies,F,27,14,3,1,1,0,0,2
2026,2026-04-12,Bismack Biyombo,Spurs,C,6,2,1,0,0,0,1,0
2026,2026-01-08,Miles Bridges,Hornets,F,36,19,6,4,1,0,2,1
2026,2025-12-27,Klay Thompson,Mavericks,G,25,14,5,0,1,1,0,0
2026,2026-02-01,Amir Coffey,Bucks,G,4,0,0,0,0,0,0,0
2026,2025-10-29,Domantas Sabonis,Kings,F,32,18,11,6,1,0,2,4
2026,2026-01-06,Donte DiVincenzo,Timberwolves,G,31,12,5,2,0,1,0,2
2026,2025-10-26,Javonte Green,Pistons,G,17,7,3,1,0,0,0,1
2026,2026-01-07,Bobby Portis,Bucks,F,23,6,6,0,0,0,0,0
2026,2026-01-30,Keon Ellis,Kings,G,20,6,2,2,1,2,1,2
2026,2025-12-13,Desmond Bane,Magic,G,37,18,6,7,1,0,3,6
2026,2025-11-16,Kyshawn George,Wizards,F,32,29,6,5,0,0,4,6
2026,2025-12-31,Carter Bryant,Spurs,F,7,0,0,0,0,0,0,3
2026,2025-10-30,Gary Trent Jr.,Bucks,G,30,13,2,3,4,0,0,2
2026,2026-04-08,Ryan Nembhard,Mavericks,G,32,9,5,7,0,0,0,3
2026,2026-01-16,Adem Bona,76ers,C,15,4,4,0,0,3,1,2
2026,2025-12-23,Taelon Peter,Pacers,G,1,0,0,0,0,0,0,0
2026,2026-02-24,Derik Queen,Pelicans,C,18,8,7,2,0,1,1,2
2026,2025-11-08,Devin Vassell,Spurs,G,33,16,2,0,0,1,0,2
2026,2025-11-21,Brice Sensabaugh,Jazz,F,17,7,2,1,0,0,2,1
2026,2025-11-19,Clint Capela,Rockets,C,14,4,5,0,1,1,1,1
2026,2026-02-28,Derik Queen,Pelicans,C,19,7,9,3,0,1,2,2
2026,2025-12-18,Saddiq Bey,Pelicans,G,34,29,9,1,2,0,1,0
2026,2026-01-30,Mitchell Robinson,Knicks,C,17,2,7,2,0,0,1,3
2026,2026-04-08,Gabe Vincent,Hawks,G,15,10,1,1,0,0,0,1
2026,2026-01-30,Jonathan Isaac,Magic,F,13,4,4,0,0,0,3,2
2026,2026-03-05,Ja'Kobe Walter,Raptors,G,17,2,0,0,1,0,1,2
2026,2025-12-29,Jordan Goodwin,Suns,G,28,14,7,2,2,0,1,1
2026,2026-04-12,Enrique Freeman,Timberwolves,F,26,13,7,2,2,2,2,5
2026,2025-11-24,Julian Phillips,Bulls,F,15,7,2,1,1,1,1,1
2026,2025-12-23,Yves Missi,Pelicans,C,13,7,2,2,1,2,1,1
2026,2026-04-04,Aaron Gordon,Nuggets,F,41,15,6,3,0,0,2,4
2026,2026-03-10,Rob Dillingham,Bulls,G,20,5,3,4,0,0,1,5
2026,2026-03-10,Malik Monk,Kings,G,11,4,0,0,0,0,0,1
2026,2026-03-30,Dwight Powell,Mavericks,F,24,9,8,2,1,0,1,0
2026,2026-01-04,Kam Jones,Pacers,G,6,0,0,0,0,0,0,0
2026,2025-10-26,AJ Green,Bucks,G,31,20,2,2,0,0,3,4
2026,2026-03-03,A.J. Lawson,Raptors,G,1,0,0,0,0,0,0,0
2026,2025-11-20,Jonathan Isaac,Magic,F,16,9,7,1,0,2,0,0
2026,2025-10-21,Deandre Ayton,Lakers,C,34,10,6,0,0,1,4,3
2026,2025-11-23,Brooks Barnhizer,Thunder,F,8,5,3,1,0,0,1,0
2026,2026-04-12,Terrence Shannon Jr.,Timberwolves,G,35,26,4,5,1,0,3,2
2026,2025-11-07,Svi Mykhailiuk,Jazz,G,18,6,2,2,0,0,1,3
2026,2025-11-11,Kentavious Caldwell-Pope,Grizzlies,G,15,4,2,0,2,0,0,0
2026,2026-01-19,Cam Christie,Clippers,G,19,6,2,1,0,0,2,0
2026,2026-01-31,GG Jackson,Grizzlies,F,28,19,4,5,0,1,2,3
2026,2026-03-05,Rob Dillingham,Bulls,G,21,11,2,1,0,0,2,3
2026,2025-10-24,Kobe Sanders,Clippers,G,5,2,0,0,1,0,1,0
2026,2025-12-27,Taylor Hendricks,Jazz,F,18,2,3,1,0,1,0,2
2026,2026-03-05,Jeremiah Fears,Pelicans,G,28,13,6,6,0,0,1,5
2026,2026-02-23,DeMar DeRozan,Kings,G,29,19,2,4,2,2,0,2
2026,2026-04-07,Reed Sheppard,Rockets,G,21,12,5,1,1,0,1,3
2026,2025-11-29,Tyson Etienne,Nets,G,5,6,0,0,0,0,1,1
2026,2026-03-13,Collin Gillespie,Suns,G,26,0,3,2,1,1,1,1
2026,2026-02-12,Gary Trent Jr.,Bucks,G,3,0,0,0,0,0,0,0
2026,2026-01-26,Pascal Siakam,Pacers,F,35,26,9,4,0,3,0,0
2026,2026-03-18,Leonard Miller,Bulls,F,27,13,4,0,0,0,0,3
2026,2025-10-25,Jordan Goodwin,Suns,G,5,2,1,1,2,0,1,0
2026,2025-11-17,Mike Conley,Timberwolves,G,16,5,2,3,3,0,1,4
2026,2026-02-01,Myles Turner,Bucks,C,26,7,4,1,2,0,2,2
2026,2025-10-27,Javon Small,Grizzlies,G,16,4,3,4,0,0,1,0
2026,2026-03-30,Pelle Larsson,Heat,G,36,20,10,3,1,0,0,2
2026,2025-12-05,Deni Avdija,Trail Blazers,F,38,35,9,7,1,0,4,4
2026,2025-12-04,Adem Bona,76ers,C,6,2,2,0,0,0,0,0
2026,2026-03-18,Tre Jones,Bulls,G,24,6,2,5,2,0,3,1
2026,2025-12-03,Nickeil Alexander-Walker,Hawks,G,31,21,5,3,1,0,1,2
2026,2025-12-31,Ayo Dosunmu,Bulls,G,25,12,4,6,0,1,0,1
2026,2026-01-13,Trey Murphy III,Pelicans,F,34,31,5,2,1,0,4,5
2026,2026-02-03,Shaedon Sharpe,Trail Blazers,G,31,19,1,1,0,0,1,2
2026,2026-02-06,John Collins,Clippers,F,34,22,7,1,0,2,1,5
2026,2026-02-01,Sharife Cooper,Wizards,G,13,5,7,3,0,0,1,1
2026,2026-03-29,Isaiah Joe,Thunder,G,10,3,1,0,1,0,1,2
2026,2026-02-21,Jamaree Bouyea,Suns,G,2,0,0,0,0,0,0,0
2026,2026-04-12,Rayan Rupert,Grizzlies,G,42,21,12,5,2,1,6,4
2026,2025-11-10,Ryan Rollins,Bucks,G,33,13,4,8,2,1,1,5
2026,2026-02-25,Moses Moody,Warriors,G,28,14,2,3,1,0,1,2
2026,2026-03-18,Patrick Williams,Bulls,F,26,7,5,0,2,0,1,1
2026,2026-04-02,Marcus Sasser,Pistons,G,8,2,0,1,0,0,0,0
2026,2026-03-10,Immanuel Quickley,Raptors,G,33,12,4,6,1,0,1,3
2026,2025-12-11,Anfernee Simons,Celtics,G,26,7,0,2,1,0,0,1
2026,2025-10-22,Onyeka Okongwu,Hawks,F,30,18,6,1,0,0,0,2
2026,2026-03-18,Matas Buzelis,Bulls,F,31,19,7,1,2,1,2,1
2026,2026-01-19,Dyson Daniels,Hawks,G,30,17,9,10,3,1,2,5
2026,2026-03-27,Nikola Jokic,Nuggets,C,39,33,15,12,1,0,7,0
2026,2025-12-14,Marcus Smart,Lakers,G,32,8,4,6,1,2,2,3
2026,2026-01-10,Jarrett Allen,Cavaliers,C,28,16,11,4,1,1,0,3
2026,2025-12-11,Russell Westbrook,Kings,G,27,17,3,5,0,0,2,2
2026,2025-10-29,Isaiah Livers,Suns,F,8,0,0,0,0,0,0,0
2026,2025-12-31,Onyeka Okongwu,Hawks,F,27,17,8,5,0,0,0,3
2026,2026-02-07,Brandin Podziemski,Warriors,G,33,14,6,4,2,0,1,1
2026,2026-01-09,Tyrese Maxey,76ers,G,38,29,1,1,3,0,1,0
2026,2025-11-28,Jevon Carter,Bulls,G,10,2,0,2,0,0,0,2
2026,2025-11-12,Marvin Bagley III,Wizards,F,12,9,5,1,0,0,0,1
2026,2026-03-10,Alex Sarr,Wizards,C,20,28,6,1,0,2,1,3
2026,2026-03-31,Gradey Dick,Raptors,G,4,0,0,0,0,0,0,0
2026,2026-01-31,Cedric Coward,Grizzlies,F,27,8,6,3,1,2,3,2
2026,2025-10-24,Miles McBride,Knicks,G,32,10,4,4,1,1,0,2
2026,2025-10-31,Anfernee Simons,Celtics,G,29,19,4,2,0,1,1,1
2026,2026-01-25,RJ Barrett,Raptors,F,21,14,6,2,2,0,2,2
2026,2026-01-28,Donte DiVincenzo,Timberwolves,G,28,8,5,1,5,0,1,2
2026,2025-11-09,Rudy Gobert,Timberwolves,C,34,19,12,1,1,5,1,1
2026,2026-02-01,Jamaree Bouyea,Suns,G,10,2,1,0,1,0,0,1
2026,2026-04-09,Mac McClung,Bulls,G,15,2,2,2,3,0,3,1
2026,2026-03-06,Oso Ighodaro,Suns,F,27,13,6,1,1,1,1,6
2026,2026-01-26,Paolo Banchero,Magic,F,40,37,10,4,0,0,2,1
2026,2026-02-03,Egor Demin,Nets,G,27,11,2,2,1,0,6,0
2026,2026-01-06,Harrison Barnes,Spurs,F,20,2,3,1,0,0,0,0
2026,2025-12-20,Pat Connaughton,Hornets,G,2,0,0,0,0,0,0,0
2026,2025-12-05,Duop Reath,Trail Blazers,C,13,7,3,0,0,1,2,0
2026,2026-03-08,Keldon Johnson,Spurs,F,26,20,1,2,0,0,0,4
2026,2025-12-23,Andre Jackson Jr.,Bucks,G,1,2,0,0,0,0,0,0
2026,2026-03-17,Moussa Diabate,Hornets,F,31,8,13,4,2,1,2,3
2026,2026-02-24,LaMelo Ball,Hornets,G,23,16,3,7,1,0,2,3
2026,2025-12-31,Duop Reath,Trail Blazers,C,7,0,1,0,1,0,1,0
2026,2026-03-23,Nic Claxton,Nets,C,22,10,4,2,1,1,1,4
2026,2025-12-14,Andrew Nembhard,Pacers,G,30,7,2,6,0,0,0,2
2026,2025-12-23,D'Angelo Russell,Mavericks,G,15,9,2,4,0,0,0,0
2026,2026-01-21,Ausar Thompson,Pistons,G,28,12,9,3,3,0,0,2
2026,2026-02-09,Jaylon Tyson,Cavaliers,G,31,16,3,1,0,0,2,3
2026,2025-12-08,Jay Huff,Pacers,C,31,8,7,2,2,4,1,1
2026,2026-03-17,Keldon Johnson,Spurs,F,20,18,1,1,0,0,0,0
2026,2026-03-09,Craig Porter Jr.,Cavaliers,G,15,0,2,3,0,0,2,1
2026,2026-01-21,Ronald Holland II,Pistons,F,18,6,2,2,2,0,0,3
2026,2026-01-23,Jaren Jackson Jr.,Grizzlies,F,32,26,12,3,1,4,2,4
2026,2026-01-30,Svi Mykhailiuk,Jazz,G,21,3,2,3,0,0,0,2
2026,2026-03-27,Jamison Battle,Raptors,F,4,0,1,0,1,1,0,3
2026,2026-01-12,Zach LaVine,Kings,G,32,19,4,1,0,1,1,0
2026,2026-02-10,Dwight Powell,Mavericks,F,3,0,0,1,1,0,1,1
2026,2026-04-03,Javon Small,Grizzlies,G,27,14,6,4,0,0,4,4
2026,2026-02-26,Clint Capela,Rockets,C,17,4,6,3,0,4,1,1
2026,2025-10-22,Kris Murray,Trail Blazers,F,19,7,0,0,0,0,1,1
2026,2026-03-01,Paul Reed,Pistons,F,14,5,6,0,0,1,1,2
2026,2025-12-31,Goga Bitadze,Magic,C,19,14,9,3,0,0,2,2
2026,2026-02-19,RJ Barrett,Raptors,F,25,13,6,3,1,0,0,4
2026,2025-11-03,Mike Conley,Timberwolves,G,24,9,3,7,0,0,2,2
2026,2025-11-30,Dalton Knecht,Lakers,F,17,4,1,2,0,1,0,2
2026,2026-01-04,Santi Aldama,Grizzlies,F,31,12,10,7,1,0,1,4
2026,2025-12-08,Precious Achiuwa,Kings,PF,21,11,5,2,2,2,0,1
2026,2025-10-28,LaMelo Ball,Hornets,G,28,20,8,9,1,0,5,4
2026,2026-03-28,Patrick Williams,Bulls,F,23,4,3,0,0,1,0,0
2026,2026-02-24,Day'Ron Sharpe,Nets,C,16,7,2,1,1,0,2,3
2026,2025-10-23,Draymond Green,Warriors,F,34,13,8,8,0,1,1,2
2026,2026-03-27,P.J. Washington,Mavericks,F,27,5,5,0,0,0,1,1
2026,2026-04-09,Luke Kennard,Lakers,G,32,14,2,8,4,0,1,1
2026,2025-11-24,Josh Hart,Knicks,G,38,7,12,7,2,2,1,3
2026,2026-03-14,Myron Gardner,Heat,F,3,0,1,0,1,0,0,0
2026,2025-11-11,John Konchar,Grizzlies,G,3,0,1,0,0,0,0,1
2026,2025-11-12,Jarred Vanderbilt,Lakers,F,19,6,9,2,0,0,3,2
2026,2026-03-05,Caleb Martin,Mavericks,F,11,3,2,0,0,0,0,0
2026,2025-12-05,Luka Garza,Celtics,C,2,0,0,1,0,1,0,0
2026,2025-12-23,Scottie Barnes,Raptors,F,36,27,8,4,0,0,3,0
2026,2026-02-09,Caris LeVert,Pistons,G,23,5,2,1,2,1,1,2
2026,2026-03-22,Mohamed Diawara,Knicks,F,20,12,1,0,0,0,1,1
2026,2026-01-16,Karlo Matkovic,Pelicans,F,15,3,2,0,0,0,0,1
2026,2025-12-25,Daniel Gafford,Mavericks,F,15,6,5,0,0,0,2,2
2026,2025-12-23,Bennedict Mathurin,Pacers,G,34,13,6,1,0,0,1,2
2026,2026-01-10,Ausar Thompson,Pistons,G,34,6,3,6,2,3,1,5
2026,2026-03-23,Jett Howard,Magic,G,16,10,2,0,0,0,1,1
2026,2025-11-19,Jordan Hawkins,Pelicans,G,18,6,1,1,0,0,1,1
2026,2025-11-12,Luka Garza,Celtics,C,17,14,7,1,0,0,0,3
2026,2026-01-27,Khris Middleton,Wizards,F,27,19,6,5,3,1,1,2
2026,2026-03-14,Jonas Valanciunas,Nuggets,C,3,2,1,0,0,0,2,0
2026,2026-01-23,Jock Landale,Grizzlies,C,32,24,11,2,1,1,2,2
2026,2025-12-18,Jusuf Nurkic,Jazz,C,32,15,8,7,1,0,5,3
2026,2025-12-22,Gui Santos,Warriors,F,10,0,1,0,2,0,0,0
2026,2025-11-12,Brandin Podziemski,Warriors,G,29,6,6,4,3,1,3,3
2026,2025-12-25,Carter Bryant,Spurs,F,1,0,0,1,0,0,0,0
2026,2025-11-12,Tari Eason,Rockets,F,21,20,6,0,0,0,0,2
2026,2025-11-13,Jarace Walker,Pacers,F,26,2,4,2,0,1,1,1
2026,2026-02-09,Rayan Rupert,Trail Blazers,G,6,3,1,0,0,0,1,2
2026,2026-01-21,Ryan Kalkbrenner,Hornets,C,15,7,4,1,0,0,1,4
2026,2026-02-09,Will Richard,Warriors,G,15,3,4,0,0,0,2,5
2026,2026-01-09,Tyus Jones,Magic,G,17,0,0,0,3,0,0,1
2026,2025-11-04,Jabari Walker,76ers,F,19,2,3,1,0,0,0,1
2026,2025-12-20,Naji Marshall,Mavericks,F,34,22,9,4,2,0,5,3
2026,2025-11-28,Chris Paul,Clippers,G,15,5,2,0,0,0,1,2
2026,2025-10-24,Jock Landale,Grizzlies,C,18,4,5,0,0,1,2,2
2026,2025-12-04,Dalton Knecht,Lakers,F,3,3,0,0,0,0,0,1
2026,2025-12-26,James Harden,Clippers,G,39,34,2,6,0,0,3,1
2026,2026-02-11,Javonte Cooke,Trail Blazers,G,5,0,3,0,0,0,2,1
2026,2025-11-07,Corey Kispert,Wizards,F,20,16,3,4,1,0,1,2
2026,2025-11-28,Mouhamed Gueye,Hawks,F,24,12,3,2,1,2,0,2
2026,2026-01-28,Will Richard,Warriors,G,20,13,5,3,3,0,2,2
2026,2025-12-30,Baylor Scheierman,Celtics,G,12,0,1,0,0,0,1,3
2026,2026-02-06,Sam Hauser,Celtics,F,35,2,3,2,1,1,0,2
2026,2025-12-07,Jaylen Wells,Grizzlies,F,26,16,5,3,2,0,0,2
2026,2025-10-24,Jonathan Kuminga,Warriors,F,24,16,8,3,2,0,4,3
2026,2025-11-08,Brandon Ingram,Raptors,F,37,21,8,5,0,0,1,3
2026,2026-03-09,Quentin Grimes,76ers,G,36,17,5,3,0,0,1,1
2026,2026-01-19,Brandin Podziemski,Warriors,G,30,24,6,4,1,0,2,2
2026,2025-12-22,Jase Richardson,Magic,G,22,11,4,0,1,1,3,1
2026,2026-01-11,Noah Clowney,Nets,F,30,17,6,1,3,1,2,2
2026,2026-02-09,Gabe Vincent,Hawks,G,19,2,1,4,3,0,0,1
2026,2026-04-07,A.J. Lawson,Raptors,G,3,0,1,0,1,0,0,0
2026,2025-12-05,Mitchell Robinson,Knicks,C,16,4,7,1,2,1,1,1
2026,2026-02-26,Jaxson Hayes,Lakers,C,21,6,8,1,0,1,0,2
2026,2026-01-01,Yanic Konan Niederhauser,Clippers,C,27,6,10,1,0,2,1,4
2026,2025-10-28,Justin Champagnie,Wizards,F,0,0,0,0,0,0,0,0
2026,2026-02-22,Isaac Okoro,Bulls,F,33,12,6,1,0,0,2,3
2026,2026-01-28,Josh Green,Hornets,G,16,0,1,0,0,0,2,0
2026,2025-12-23,Shaedon Sharpe,Trail Blazers,G,27,22,3,2,2,0,3,2
2026,2025-12-21,Luke Kornet,Spurs,C,28,20,12,0,0,1,0,3
2026,2026-03-03,Julian Champagnie,Spurs,F,22,10,7,2,0,0,1,3
2026,2025-11-12,Amir Coffey,Bucks,G,12,2,1,0,0,0,0,1
2026,2025-12-05,Emanuel Miller,Bulls,F,7,4,1,2,0,0,0,0
2026,2026-04-10,Craig Porter Jr.,Cavaliers,G,17,6,5,3,0,0,1,1
2026,2026-03-09,Draymond Green,Warriors,F,32,6,2,11,0,0,0,4
2026,2025-11-28,Royce O'Neale,Suns,F,29,11,7,1,1,1,1,3
2026,2026-03-16,Noah Penda,Magic,F,14,2,1,1,1,0,0,0
2026,2025-12-29,Gary Trent Jr.,Bucks,G,20,9,1,1,1,0,0,1
2026,2025-11-08,Isaiah Jackson,Pacers,F,19,4,6,1,3,0,0,2
2026,2026-03-11,Karl-Anthony Towns,Knicks,C,30,21,7,7,0,0,2,1
2026,2025-10-25,Tristan da Silva,Magic,F,24,8,3,1,0,1,0,1
2026,2026-02-08,Kobe Sanders,Clippers,G,24,10,4,2,0,0,1,1
2026,2026-02-24,Ariel Hukporti,Knicks,C,3,0,0,0,0,0,0,0
2026,2026-03-07,Day'Ron Sharpe,Nets,C,21,13,7,4,2,0,3,2
2026,2026-03-08,Moussa Diabate,Hornets,F,27,2,4,2,0,4,2,2
2026,2025-12-17,Jaylen Clark,Timberwolves,G,9,2,1,0,1,1,1,1
2026,2026-03-21,Isaiah Livers,Suns,F,10,0,1,0,1,0,0,1
2026,2026-04-03,Onyeka Okongwu,Hawks,F,27,15,7,4,0,2,1,4
2026,2025-12-05,Rasheer Fleming,Suns,F,8,3,2,0,2,1,0,1
2026,2025-10-31,Tyrese Maxey,76ers,G,44,26,8,14,2,2,5,2
2026,2026-01-15,Mouhamed Gueye,Hawks,F,21,6,3,2,2,1,0,4
2026,2025-11-28,Dean Wade,Cavaliers,F,19,5,3,1,0,0,0,1
2026,2026-03-03,Jase Richardson,Magic,G,13,0,0,2,1,0,1,2
2026,2026-03-29,Davion Mitchell,Heat,G,35,12,3,8,2,0,1,4
2026,2026-02-11,Gradey Dick,Raptors,G,16,10,2,0,0,0,2,1
2026,2026-01-19,Dru Smith,Heat,G,8,5,2,1,0,0,0,0
2026,2026-02-06,Norman Powell,Heat,G,35,24,3,4,4,0,3,2
2026,2025-10-25,Anthony Black,Magic,G,30,19,5,1,1,1,5,3
2026,2025-10-24,Jaylen Brown,Celtics,G,35,23,4,3,1,1,7,5
2026,2025-12-12,Tre Johnson,Wizards,G,17,3,1,1,1,0,1,2
2026,2026-03-20,Matisse Thybulle,Trail Blazers,G,16,5,3,0,0,1,0,2
2026,2025-12-23,Collin Gillespie,Suns,G,28,16,4,8,3,0,2,1
2026,2025-11-23,Yanic Konan Niederhauser,Clippers,C,4,0,3,0,0,0,0,0
2026,2026-03-01,Julian Champagnie,Spurs,F,24,3,4,1,1,1,1,2
2026,2026-03-30,Tre Jones,Bulls,G,26,23,2,3,0,0,1,1
2026,2025-10-24,Tobias Harris,Pistons,F,40,9,8,4,1,1,1,3
2026,2026-03-08,Jett Howard,Magic,G,25,14,2,2,0,0,2,1
2026,2025-12-06,Josh Okogie,Rockets,G,23,7,6,0,2,1,2,1
2026,2026-03-19,Maxime Raynaud,Kings,C,36,30,4,2,0,1,0,2
2026,2026-03-21,Gabe Vincent,Hawks,G,13,2,1,2,0,0,1,1
2026,2026-01-17,Nickeil Alexander-Walker,Hawks,G,29,18,2,6,1,1,0,0
2026,2026-04-01,Ben Sheppard,Pacers,G,22,13,2,5,2,1,2,1
2026,2026-03-24,Xavier Tillman,Hornets,F,7,1,3,3,1,0,1,1
2026,2026-01-07,Tre Johnson,Wizards,G,28,20,5,3,1,0,3,2
2026,2026-02-11,Donovan Clingan,Trail Blazers,C,28,8,9,1,1,2,1,2
2026,2026-02-12,Sidy Cissoko,Trail Blazers,G,30,8,4,1,2,0,1,3
2026,2026-01-07,Julian Champagnie,Spurs,F,34,11,9,3,0,0,2,1
2026,2025-11-28,Pascal Siakam,Pacers,F,26,24,11,1,2,1,0,1
2026,2026-03-05,Gui Santos,Warriors,F,42,14,6,6,1,1,7,1
2026,2026-01-20,Jonathan Kuminga,Warriors,F,21,20,5,2,1,0,2,1
2026,2025-12-05,Adem Bona,76ers,C,24,10,6,0,1,0,1,4
2026,2025-12-26,Saddiq Bey,Pelicans,G,31,9,4,1,0,0,0,0
2026,2025-12-12,Andre Drummond,76ers,C,16,0,9,1,0,2,1,1
2026,2025-11-26,Pat Spencer,Warriors,G,6,0,0,1,0,0,0,0
2026,2026-01-07,Nick Richards,Suns,C,4,4,1,0,1,0,1,1
2026,2026-03-01,Sam Hauser,Celtics,F,29,8,4,2,0,0,0,2
2026,2025-11-15,Evan Mobley,Cavaliers,C,35,22,13,4,0,4,4,4
2026,2025-12-31,Sidy Cissoko,Trail Blazers,G,27,19,1,2,0,1,3,3
2026,2025-12-15,Jamal Murray,Nuggets,G,43,35,3,5,0,0,3,3
2026,2026-01-14,A.J. Lawson,Raptors,G,17,5,6,0,0,1,0,2
2026,2026-01-07,Walter Clayton Jr.,Jazz,G,27,15,6,4,0,1,3,4
2026,2025-10-24,Michael Porter Jr.,Nets,F,36,31,8,3,1,0,2,3
2026,2026-02-02,Collin Sexton,Hornets,G,12,5,0,0,0,0,1,0
2026,2026-04-12,Hunter Dickinson,Pelicans,C,21,6,4,2,1,0,0,2
2026,2026-04-01,Jock Landale,Hawks,C,15,8,1,1,0,0,1,3
2026,2026-04-07,Davion Mitchell,Heat,G,23,9,1,6,0,0,1,3
2026,2026-04-05,Svi Mykhailiuk,Jazz,G,23,17,4,1,1,0,3,1
2026,2026-04-10,DaRon Holmes II,Nuggets,F,2,2,0,0,1,0,0,0
2026,2025-11-12,Cason Wallace,Thunder,G,24,6,0,1,2,1,0,4
2026,2026-02-22,Nic Claxton,Nets,C,31,15,8,5,1,0,1,3
2026,2026-02-04,Javon Small,Grizzlies,G,21,5,6,2,0,0,1,2
2026,2025-12-13,Devin Vassell,Spurs,G,32,23,5,4,1,1,1,3
2026,2025-12-30,Jusuf Nurkic,Jazz,C,34,26,8,8,0,0,3,1
2026,2026-01-29,Paul George,76ers,F,36,15,2,5,2,0,1,1
2026,2026-03-09,Kelly Oubre Jr.,76ers,G,14,6,2,1,0,0,0,3
2026,2025-11-28,Nique Clifford,Kings,G,6,0,2,0,0,0,0,1
2026,2026-03-04,Ryan Rollins,Bucks,G,35,13,8,12,3,0,1,4
2026,2026-03-21,Trey Murphy III,Pelicans,F,41,10,6,0,1,2,1,2
2026,2026-02-20,Kris Murray,Trail Blazers,F,9,1,1,0,0,0,0,0
2026,2026-01-25,James Harden,Clippers,G,31,19,6,8,1,1,5,1
2026,2026-01-28,Christian Koloko,Hawks,C,13,0,2,1,0,0,0,3
2026,2026-02-04,Luke Kornet,Spurs,C,15,4,15,2,1,0,0,0
2026,2026-03-06,Bronny James,Lakers,G,5,0,0,0,0,0,0,0
2026,2025-11-20,GG Jackson,Grizzlies,F,18,6,9,1,1,1,1,1
2026,2025-10-27,Collin Gillespie,Suns,G,32,15,3,13,3,1,3,1
2026,2025-11-19,Bennedict Mathurin,Pacers,G,34,24,12,2,1,0,1,2
2026,2026-01-17,OG Anunoby,Knicks,F,39,21,8,5,3,1,4,1
2026,2025-12-12,Dyson Daniels,Hawks,G,34,18,10,5,1,1,3,1
2026,2026-01-15,Ousmane Dieng,Thunder,F,3,0,2,2,0,0,0,0
2026,2025-12-13,Anthony Black,Magic,G,37,12,8,4,1,2,4,3
2026,2026-04-10,KJ Simpson,Nuggets,G,7,2,2,0,0,0,0,0
2026,2025-12-20,Oso Ighodaro,Suns,F,30,10,7,2,0,0,1,5
2026,2026-03-18,Will Richard,Warriors,G,25,7,2,2,2,0,0,0
2026,2025-11-30,John Konchar,Grizzlies,G,12,2,3,0,0,1,0,0
2026,2025-11-01,Kon Knueppel,Hornets,G,31,5,8,2,1,0,3,2
2026,2025-11-05,Herbert Jones,Pelicans,F,35,12,5,2,2,1,2,2
2026,2026-02-26,Tristan da Silva,Magic,F,35,8,5,3,0,0,1,2
2026,2026-01-09,Mouhamed Gueye,Hawks,F,19,0,2,0,0,1,0,5
2026,2026-02-05,Dwight Powell,Mavericks,F,2,0,0,0,0,0,0,0
2026,2026-03-22,Ryan Dunn,Suns,F,27,12,3,2,3,1,1,1
2026,2025-12-06,Evan Mobley,Cavaliers,C,35,18,10,1,1,1,1,1
2026,2025-12-03,Kris Dunn,Clippers,G,21,8,0,2,2,0,0,4
2026,2026-03-22,Rudy Gobert,Timberwolves,C,26,9,14,1,1,4,0,1
2026,2026-01-29,Mark Williams,Suns,C,25,6,5,1,0,1,1,1
2026,2025-12-01,Wendell Carter Jr.,Magic,C,30,17,6,1,1,1,0,1
2026,2026-01-25,Al Horford,Warriors,C,23,10,5,2,1,1,0,1
2026,2026-01-06,Paolo Banchero,Magic,F,25,14,4,4,0,0,4,2
2026,2026-01-15,Moussa Cisse,Mavericks,C,23,10,13,2,0,3,1,3
2026,2026-03-17,Kyle Anderson,Timberwolves,F,25,7,5,6,0,1,1,0
2026,2025-12-11,James Harden,Clippers,G,40,22,3,7,3,0,4,3
2026,2025-11-25,Jahmyl Telfort,Clippers,F,2,0,0,0,0,0,0,0
2026,2025-11-26,Keegan Murray,Kings,F,38,19,8,3,2,2,0,3
2026,2025-11-19,Deni Avdija,Trail Blazers,F,38,32,11,11,2,1,3,2
2026,2026-03-13,Dorian Finney-Smith,Rockets,F,27,0,4,2,2,1,0,2
2026,2025-11-05,Ausar Thompson,Pistons,G,31,18,7,4,1,1,2,3
2026,2025-11-17,Collin Murray-Boyles,Raptors,F,15,4,1,1,0,0,1,2
2026,2025-11-28,Lindy Waters III,Spurs,F,8,3,0,0,0,0,0,0
2026,2026-04-07,Jericho Sims,Bucks,C,37,12,8,6,1,1,2,4
2026,2025-12-31,Jordan Hawkins,Pelicans,G,14,5,1,0,0,0,0,0
2026,2026-04-03,Max Christie,Mavericks,G,29,14,5,3,0,0,1,0
2026,2026-01-18,Sion James,Hornets,G,26,0,5,5,0,0,1,2
2026,2026-03-21,Saddiq Bey,Pelicans,G,36,19,5,4,0,0,1,4
2026,2026-02-04,De'Aaron Fox,Spurs,G,33,15,4,10,3,1,1,1
2026,2026-02-07,Miles Bridges,Hornets,F,34,26,6,5,1,0,3,3
2026,2026-03-16,Dwight Powell,Mavericks,F,13,1,3,1,0,0,0,3
2026,2026-02-19,Jamal Murray,Nuggets,G,35,20,8,8,2,1,4,1
2026,2025-11-21,Trey Murphy III,Pelicans,F,35,25,3,0,3,1,0,3
2026,2026-04-08,Alex Morales,Magic,G,5,6,0,0,0,0,1,2
2026,2025-11-03,Karl-Anthony Towns,Knicks,C,30,33,13,5,2,0,3,4
2026,2026-01-10,Ryan Nembhard,Mavericks,G,29,16,3,6,0,0,2,2
2026,2025-11-07,Liam McNeeley,Hornets,G,19,8,4,1,1,0,0,2
2026,2026-03-02,Quinten Post,Warriors,C,12,9,3,1,0,1,0,0
2026,2026-03-27,Myron Gardner,Heat,F,7,3,0,1,1,0,0,3
2026,2026-03-31,Xavier Tillman,Hornets,F,2,0,0,0,0,0,0,0
2026,2025-12-03,Wendell Carter Jr.,Magic,C,29,5,9,2,1,1,1,4
2026,2025-11-17,Paul George,76ers,F,21,9,7,3,0,2,1,0
2026,2026-03-30,Baylor Scheierman,Celtics,G,26,3,2,2,1,0,1,0
2026,2026-04-12,Miles McBride,Knicks,G,24,21,3,1,1,0,0,1
2026,2026-03-21,Marcus Smart,Lakers,G,31,2,1,1,1,0,1,3
2026,2026-03-20,Tobias Harris,Pistons,F,25,13,6,5,1,0,1,3
2026,2025-12-23,Julian Champagnie,Spurs,F,22,4,10,0,1,1,3,0
2026,2026-01-10,Nikola Jovic,Heat,F,17,4,1,0,0,0,1,0
2026,2025-11-03,Landry Shamet,Knicks,G,25,11,5,0,0,1,1,0
2026,2025-12-26,Andre Jackson Jr.,Bucks,G,3,3,0,0,0,0,1,1
2026,2026-03-21,Omer Yurtseven,Warriors,C,15,2,4,1,1,0,2,1
2026,2025-11-10,Moussa Cisse,Mavericks,C,20,7,4,0,0,2,0,1
2026,2026-02-19,Javonte Green,Pistons,G,20,9,5,0,2,0,2,1
2026,2026-04-05,Kobe Sanders,Clippers,G,20,17,0,1,4,0,0,4
2026,2026-02-05,Alex Sarr,Wizards,C,18,12,6,1,0,1,1,2
2026,2025-12-01,Jaylon Tyson,Cavaliers,G,31,27,11,4,1,0,2,3
2026,2026-01-21,Moussa Diabate,Hornets,F,29,4,5,0,1,3,2,4
2026,2026-03-08,Bilal Coulibaly,Wizards,G,24,5,4,1,0,0,0,4
2026,2026-01-26,Alperen Sengun,Rockets,C,34,33,9,6,1,0,5,5
2026,2026-03-14,Tim Hardaway Jr.,Nuggets,G,29,20,1,3,2,0,1,1
2026,2025-11-10,Dillon Brooks,Suns,F,26,18,5,0,1,0,3,2
2026,2025-11-05,Cedric Coward,Grizzlies,F,29,7,9,4,2,0,1,0
2026,2025-12-12,Rob Dillingham,Timberwolves,G,17,6,1,0,0,0,2,1
2026,2026-04-04,Kevin Huerter,Pistons,G,25,5,5,6,0,0,2,3
2026,2025-12-20,Olivier-Maxence Prosper,Grizzlies,F,17,8,2,5,0,0,0,0
2026,2026-02-06,Toumani Camara,Trail Blazers,F,30,15,4,3,1,0,1,1
2026,2025-12-28,Adou Thiero,Lakers,F,5,2,3,1,1,0,0,0
2026,2025-11-04,Brook Lopez,Clippers,C,16,12,2,0,0,0,2,2
2026,2026-02-02,Mike Conley,Timberwolves,G,14,0,1,2,0,0,0,1
2026,2025-11-14,Austin Reaves,Lakers,G,39,31,4,7,1,1,4,3
2026,2026-04-10,Charles Bassey,Warriors,C,15,6,4,1,0,1,0,3
2026,2026-02-26,Nick Richards,Bulls,C,27,14,10,1,0,0,0,0
2026,2025-12-19,Dyson Daniels,Hawks,G,26,11,6,3,0,0,1,0
2026,2025-12-07,Paul George,76ers,F,32,12,6,3,1,0,1,3
2026,2026-02-11,Myron Gardner,Heat,F,23,8,10,3,1,1,0,2
2026,2025-12-05,Daniss Jenkins,Pistons,G,14,4,1,3,1,0,0,1
2026,2026-02-26,Patrick Baldwin Jr.,Kings,G,6,1,1,0,0,0,0,1
2026,2025-11-02,Dylan Harper,Spurs,G,11,12,1,0,0,0,1,0
2026,2026-01-11,Jalen Wilson,Nets,F,18,11,1,1,1,0,0,2
2026,2026-02-11,Ryan Kalkbrenner,Hornets,C,24,5,6,1,2,2,2,4
2026,2026-03-21,Onyeka Okongwu,Hawks,F,26,6,5,5,0,1,2,1
2026,2026-03-29,De'Anthony Melton,Warriors,G,25,0,1,3,2,0,2,0
2026,2026-03-30,Cam Spencer,Grizzlies,G,18,16,3,5,0,0,2,0
2026,2026-01-09,Precious Achiuwa,Kings,PF,5,1,0,1,0,2,0,0
2026,2025-11-17,Donovan Mitchell,Cavaliers,G,36,37,5,7,1,0,2,4
2026,2026-02-01,Tim Hardaway Jr.,Nuggets,G,25,3,6,0,3,1,1,2
2026,2026-02-20,Tre Johnson,Wizards,G,19,14,1,1,1,1,0,0
2026,2026-03-15,Cade Cunningham,Pistons,G,37,33,3,9,2,0,4,4
2026,2025-12-23,Nick Smith Jr.,Lakers,G,28,12,1,1,0,0,2,5
2026,2026-04-12,Jordan McLaughlin,Spurs,G,2,2,1,1,0,0,0,0
2026,2025-12-20,Tim Hardaway Jr.,Nuggets,G,30,8,2,0,1,0,2,3
2026,2025-11-21,Jay Huff,Pacers,C,26,5,5,0,1,4,2,4
2026,2026-01-03,Quentin Grimes,76ers,G,34,10,6,5,3,2,1,2
2026,2026-04-03,Jase Richardson,Magic,G,2,0,0,0,0,0,0,0
2026,2025-11-24,Drew Eubanks,Kings,F,13,2,2,1,0,0,1,0
2026,2025-11-05,Tyrese Proctor,Cavaliers,G,1,0,0,0,0,0,0,0
2026,2025-11-30,Kyle Anderson,Jazz,F,25,7,0,3,3,1,1,5
2026,2026-02-24,Julius Randle,Timberwolves,F,31,13,7,6,1,0,2,4
2026,2026-03-25,Gabe Vincent,Hawks,G,11,8,1,0,2,0,0,0
2026,2025-11-26,Cole Anthony,Bucks,G,11,2,4,3,0,0,2,1
2026,2026-01-26,Jonathan Isaac,Magic,F,5,0,1,0,0,1,0,1
2026,2025-11-20,Olivier-Maxence Prosper,Grizzlies,F,18,11,1,1,1,0,0,0
2026,2025-12-31,Brandon Miller,Hornets,F,36,33,2,2,1,0,3,4
2026,2025-11-16,Ace Bailey,Jazz,G,10,5,1,0,0,1,0,6
2026,2026-02-27,Jaylin Williams,Thunder,F,26,12,5,3,0,1,1,2
2026,2026-02-24,Austin Reaves,Lakers,G,35,18,2,3,1,2,2,1
2026,2026-03-29,Draymond Green,Warriors,F,30,13,4,8,1,0,2,2
2026,2026-02-04,Tristan Enaruna,Cavaliers,F,7,2,3,1,0,0,0,0
2026,2026-03-17,Kam Jones,Pacers,G,10,3,1,1,0,0,1,1
2026,2026-03-15,Pat Spencer,Warriors,G,23,9,2,4,0,0,0,1
2026,2026-03-07,Cam Christie,Clippers,G,2,0,2,0,0,0,0,0
2026,2026-04-07,Jaylen Brown,Celtics,G,43,35,9,3,1,1,5,2
2026,2026-01-08,Tony Bradley,Pacers,C,15,7,3,0,1,0,2,1
2026,2025-12-30,Keon Ellis,Kings,G,19,2,2,2,0,1,1,1
2026,2026-03-09,Jose Alvarado,Knicks,G,8,0,1,3,0,0,0,1
2026,2026-02-24,Jalen Brunson,Knicks,G,36,20,1,4,0,1,2,4
2026,2026-04-10,Simone Fontecchio,Heat,F,27,24,4,2,1,0,1,2
2026,2025-12-05,Khaman Maluach,Suns,C,5,2,3,0,0,0,0,1
2026,2026-03-25,Darius Garland,Clippers,G,30,24,4,6,1,1,3,2
2026,2026-03-03,Luke Kennard,Lakers,G,21,9,2,1,0,0,2,2
2026,2026-03-23,Kel'el Ware,Heat,C,22,7,7,1,0,2,1,1
2026,2025-12-31,Jase Richardson,Magic,G,8,0,0,0,1,0,2,1
2026,2026-02-25,Dalano Banton,Celtics,F,6,0,0,1,0,1,0,0
2026,2026-03-13,Cam Spencer,Grizzlies,G,30,19,2,5,1,0,0,4
2026,2026-01-19,Nikola Jovic,Heat,F,4,2,0,2,0,0,0,0
2026,2025-12-18,Luke Kornet,Spurs,C,23,10,5,2,1,2,0,2
2026,2025-10-22,RJ Barrett,Raptors,F,30,25,8,5,2,0,4,5
2026,2026-02-09,Thomas Bryant,Cavaliers,C,13,5,3,1,0,0,0,4
2026,2026-01-25,Naz Reid,Timberwolves,C,25,0,10,1,0,1,2,1
2026,2025-12-26,Keyonte George,Jazz,G,35,31,7,8,2,1,2,3
2026,2025-12-04,Svi Mykhailiuk,Jazz,G,25,10,3,3,0,0,1,0
2026,2026-01-23,CJ McCollum,Hawks,G,29,21,4,0,0,0,2,1
2026,2026-03-19,Ousmane Dieng,Bucks,F,25,13,1,1,2,1,2,2
2026,2025-12-21,Kevin Porter Jr.,Bucks,G,37,24,10,9,4,1,6,2
2026,2026-01-10,Cody Williams,Jazz,F,32,15,2,0,0,0,0,3
2026,2025-12-30,Kyle Filipowski,Jazz,F,14,10,3,0,1,0,2,4
2026,2026-03-17,LaMelo Ball,Hornets,G,33,30,6,13,1,0,5,2
2026,2026-02-19,Jordan Miller,Clippers,G,13,1,1,4,1,0,0,1
2026,2025-12-06,Brandon Williams,Mavericks,G,23,20,1,5,2,0,0,2
2026,2025-11-14,Jordan Miller,Clippers,G,11,2,2,0,0,0,2,2
2026,2025-11-12,Jeremiah Fears,Pelicans,G,26,15,3,4,2,0,2,3
2026,2025-11-02,Jaime Jaquez Jr.,Heat,F,35,31,8,4,0,0,4,3
2026,2025-11-14,Bogdan Bogdanovic,Clippers,G,37,21,3,3,4,0,1,4
2026,2025-12-26,Kawhi Leonard,Clippers,F,41,28,8,6,3,1,4,1
2026,2025-11-21,Malaki Branham,Wizards,G,5,9,1,0,0,0,1,0
2026,2026-03-25,Caris LeVert,Pistons,G,15,4,5,2,1,1,1,0
2026,2025-12-27,Kevin Porter Jr.,Bucks,G,39,8,6,9,4,0,4,3
2026,2026-01-26,T.J. McConnell,Pacers,G,18,16,1,3,1,0,2,1
2026,2025-12-21,Andrew Wiggins,Heat,F,24,7,5,4,0,1,1,0
2026,2025-10-24,Bub Carrington,Wizards,G,26,7,3,3,2,0,2,3
2026,2026-01-06,Nikola Jovic,Heat,F,26,9,4,3,2,1,3,3
2026,2026-03-04,Robert Williams III,Trail Blazers,C,23,20,11,0,1,3,2,2
2026,2025-12-31,Jalen Johnson,Hawks,F,32,34,10,6,2,1,3,1
2026,2026-03-07,Brice Sensabaugh,Jazz,F,19,17,5,2,2,0,0,1
2026,2026-02-20,Tyus Jones,Mavericks,G,26,13,1,6,0,0,0,1
2026,2025-12-15,Immanuel Quickley,Raptors,G,34,15,4,4,1,0,3,2
2026,2026-04-08,Brook Lopez,Clippers,C,30,16,6,3,0,0,1,4
2026,2026-03-07,Ryan Rollins,Bucks,G,40,13,11,8,1,2,4,1
2026,2026-02-04,Cason Wallace,Thunder,G,34,13,3,5,3,1,3,4
2026,2025-11-04,Jase Richardson,Magic,G,7,0,0,1,0,0,1,0
2026,2025-10-28,Jaime Jaquez Jr.,Heat,F,28,28,4,5,1,0,3,2
2026,2026-02-25,Brandin Podziemski,Warriors,G,31,19,8,6,0,0,3,2
2026,2025-10-24,Onyeka Okongwu,Hawks,F,33,17,4,3,1,3,2,5
2026,2026-03-01,Nique Clifford,Kings,G,42,26,7,4,1,1,3,3
2026,2025-12-30,Kawhi Leonard,Clippers,F,33,33,5,5,3,1,1,1
2026,2026-03-18,Javon Small,Grizzlies,G,20,8,4,2,0,1,1,1
2026,2025-11-23,Rui Hachimura,Lakers,F,29,13,6,0,0,1,0,1
2026,2025-11-04,Jose Alvarado,Pelicans,G,31,18,3,6,2,0,1,1
2026,2025-10-27,Leonard Miller,Timberwolves,F,3,0,0,0,0,0,0,0
2026,2026-02-05,Paolo Banchero,Magic,F,31,22,5,4,0,2,1,1
2026,2025-10-22,Chris Boucher,Celtics,F,16,6,4,1,1,0,0,0
2026,2026-01-30,Moses Moody,Warriors,G,25,11,4,0,1,0,2,2
2026,2026-03-18,Brice Sensabaugh,Jazz,F,37,41,4,3,1,0,5,2
2026,2026-01-11,Sidy Cissoko,Trail Blazers,G,28,5,2,3,0,0,0,2
2026,2026-01-07,Jett Howard,Magic,G,14,4,2,1,0,1,0,0
2026,2026-04-10,Gradey Dick,Raptors,G,12,7,0,1,2,0,0,5
2026,2025-11-28,Matas Buzelis,Bulls,F,30,8,2,3,1,0,2,3
2026,2025-11-09,Drew Eubanks,Kings,F,13,6,1,1,1,1,1,0
2026,2025-12-29,Trayce Jackson-Davis,Warriors,F,22,11,6,1,1,2,1,1
2026,2025-10-31,Austin Reaves,Lakers,G,36,21,4,4,1,0,2,2
2026,2025-12-23,Kris Murray,Trail Blazers,F,28,13,6,1,0,1,1,2
2026,2026-04-05,Marvin Bagley III,Mavericks,F,21,9,4,0,1,1,0,1
2026,2026-01-23,Sidy Cissoko,Trail Blazers,G,33,3,3,1,0,1,1,4
2026,2026-04-05,Quenton Jackson,Pacers,G,29,15,5,4,2,0,3,1
2026,2026-01-02,Pascal Siakam,Pacers,F,36,23,9,5,2,0,2,3
2026,2026-03-12,Tristan da Silva,Magic,F,41,26,7,2,4,2,2,3
2026,2026-01-21,Dennis Schroder,Kings,G,20,16,1,3,0,0,1,1
2026,2026-03-10,Brandon Miller,Hornets,F,37,23,9,4,3,0,4,2
2026,2026-02-01,Brooks Barnhizer,Thunder,F,3,0,0,0,0,0,0,2
2026,2026-04-10,Bam Adebayo,Heat,C,38,20,11,8,1,1,2,0
2026,2025-10-25,Dillon Brooks,Suns,F,31,15,3,2,4,1,1,3
2026,2025-11-24,Cedric Coward,Grizzlies,F,27,5,3,2,1,0,1,2
2026,2026-04-05,Neemias Queta,Celtics,C,34,18,7,4,0,3,0,4
2026,2025-12-07,Cody Williams,Jazz,F,8,4,2,0,0,0,0,0
2026,2025-10-29,Bones Hyland,Timberwolves,G,8,8,1,2,0,0,2,3
2026,2026-02-24,Bam Adebayo,Heat,C,31,18,9,2,1,1,1,3
2026,2026-01-19,Craig Porter Jr.,Cavaliers,G,21,9,5,3,1,1,3,4
2026,2026-01-17,Tobias Harris,Pistons,F,18,7,5,4,1,0,3,2
2026,2026-01-23,Shai Gilgeous-Alexander,Thunder,G,35,47,4,4,1,1,1,2
2026,2026-01-10,Myron Gardner,Heat,F,12,2,7,0,1,1,0,4
2026,2026-01-21,Jarrett Allen,Cavaliers,C,35,13,9,0,0,2,1,1
2026,2026-03-10,Oso Ighodaro,Suns,F,21,8,4,2,0,0,1,4
2026,2026-01-18,Nikola Vucevic,Bulls,C,28,17,11,6,0,1,1,3
2026,2026-01-28,Moritz Wagner,Magic,F,4,3,1,0,0,0,0,0
2026,2026-02-01,Kel'el Ware,Heat,C,18,17,6,1,0,0,1,0
2026,2026-03-31,John Poulakidas,Mavericks,G,28,11,2,1,1,0,1,1
2026,2025-10-29,Jaylon Tyson,Cavaliers,G,27,19,5,1,3,0,3,6
2026,2026-03-29,Paolo Banchero,Magic,F,30,9,5,3,0,0,5,2
2026,2025-10-27,Mike Conley,Timberwolves,G,26,10,3,4,1,1,0,0
2026,2025-11-14,Aaron Holiday,Rockets,G,13,10,0,1,1,0,1,2
2026,2026-04-05,Lucas Williamson,Grizzlies,G,36,5,4,4,1,0,3,3
2026,2026-02-03,Tim Hardaway Jr.,Nuggets,G,28,6,2,0,0,0,0,2
2026,2026-04-10,Jarred Vanderbilt,Lakers,F,19,6,7,1,1,0,0,2
2026,2025-12-12,Dominick Barlow,76ers,F,34,10,8,1,0,1,0,3
2026,2026-02-22,VJ Edgecombe,76ers,G,37,24,7,1,2,0,1,4
2026,2026-01-27,Johni Broome,76ers,F,1,0,0,0,0,0,0,0
2026,2025-10-24,Walker Kessler,Jazz,C,30,3,9,2,3,0,6,4
2026,2026-03-04,Corey Kispert,Hawks,F,20,7,1,7,0,0,0,1
2026,2025-12-02,Devin Vassell,Spurs,G,28,12,5,2,0,1,0,5
2026,2025-11-08,Jerami Grant,Trail Blazers,F,22,18,3,4,1,0,4,6
2026,2025-11-15,Mike Conley,Timberwolves,G,25,5,1,2,0,0,0,2
2026,2025-11-12,Paolo Banchero,Magic,F,12,4,4,2,1,1,1,0
2026,2026-01-04,Christian Braun,Nuggets,G,24,3,2,0,0,1,0,3
2026,2026-04-10,Pelle Larsson,Heat,G,27,24,0,6,1,0,3,5
2026,2026-03-27,Luka Doncic,Lakers,G,39,41,8,3,3,1,5,5
2026,2026-03-11,Zion Williamson,Pelicans,F,32,19,6,4,1,0,2,1
2026,2026-02-06,Johnny Juzang,Timberwolves,G,10,3,1,0,0,1,0,0
2026,2025-11-01,Quenton Jackson,Pacers,G,31,25,6,10,3,0,0,3
2026,2026-03-09,Adem Bona,76ers,C,26,8,7,0,0,0,0,0
2026,2026-03-27,Nolan Traore,Nets,G,26,9,1,7,4,0,6,4
2026,2026-03-12,Myron Gardner,Heat,F,9,3,4,0,0,0,1,2
2026,2026-03-17,Christian Braun,Nuggets,G,27,22,5,3,1,0,0,0
2026,2026-03-05,Leonard Miller,Bulls,F,24,8,9,0,0,0,1,2
2026,2026-03-18,Zyon Pullin,Timberwolves,G,5,4,0,3,1,0,2,1
2026,2026-01-24,Jamir Watkins,Wizards,G,29,11,6,3,5,2,0,5
2026,2026-01-14,Kyle Anderson,Jazz,F,17,7,5,3,0,0,0,3
2026,2025-12-25,Jeff Green,Rockets,F,3,0,1,0,0,0,0,0
2026,2026-02-20,Mouhamed Gueye,Hawks,F,13,0,1,0,1,0,0,1
2026,2025-12-27,Tyus Jones,Magic,G,23,0,1,6,0,0,0,0
2026,2026-01-28,Jalen Smith,Bulls,F,28,13,11,3,1,0,2,3
2026,2026-01-11,Shai Gilgeous-Alexander,Thunder,G,32,29,5,8,1,1,3,4
2026,2026-03-07,Isaiah Stewart,Pistons,F,20,10,4,0,0,0,0,1
2026,2026-03-01,Isaiah Jackson,Clippers,F,4,2,0,1,0,1,0,2
2026,2025-12-23,Tari Eason,Rockets,F,18,7,5,0,0,1,0,2
2026,2025-11-29,Khaman Maluach,Suns,C,4,0,0,0,0,0,0,1
2026,2026-03-14,Dalen Terry,76ers,F,20,3,2,2,0,1,0,2
2026,2026-01-09,Russell Westbrook,Kings,G,28,13,4,7,0,0,3,4
2026,2026-01-07,Zeke Nnaji,Nuggets,F,25,12,2,1,2,2,0,3
2026,2025-12-07,Andre Drummond,76ers,C,18,11,12,0,0,1,0,1
2026,2025-11-29,Jay Huff,Pacers,C,25,14,8,2,0,4,0,0
2026,2026-02-11,Kyle Filipowski,Jazz,F,8,4,2,1,0,0,3,2
2026,2026-02-10,Kris Dunn,Clippers,G,28,6,2,7,4,0,1,5
2026,2026-01-03,Jordan Walsh,Celtics,G,30,13,13,2,0,1,1,1
2026,2026-02-22,Bennedict Mathurin,Clippers,G,30,21,9,5,0,0,2,2
2026,2026-04-01,Jett Howard,Magic,G,11,4,1,1,0,1,0,0
2026,2026-03-09,Nic Claxton,Nets,C,21,9,8,5,0,2,2,1
2026,2025-10-24,Malik Monk,Kings,G,21,20,1,3,2,2,1,2
2026,2025-11-10,Ronald Holland II,Pistons,F,24,5,1,1,1,0,2,4
2026,2026-01-08,Jaden McDaniels,Timberwolves,F,38,26,5,1,2,0,1,2
2026,2025-11-16,Deni Avdija,Trail Blazers,F,39,29,6,7,0,2,4,6
2026,2026-03-20,Jalen Brunson,Knicks,G,41,17,5,8,2,0,3,1
2026,2026-03-19,Doug McDermott,Kings,F,31,11,3,0,0,1,0,2
2026,2026-01-30,Maxi Kleber,Lakers,F,5,4,3,1,0,0,0,0
2026,2026-03-17,Will Riley,Wizards,G,37,21,3,1,2,0,0,1
2026,2026-01-25,Nigel Hayes-Davis,Suns,F,3,0,1,0,1,0,0,0
2026,2025-11-15,Cedric Coward,Grizzlies,F,25,10,8,2,0,1,2,1
2026,2026-03-21,Harrison Barnes,Spurs,F,23,12,4,1,0,0,0,0
2026,2026-01-17,Taelon Peter,Pacers,G,17,5,4,2,3,0,1,2
2026,2026-01-14,Jordan Poole,Pelicans,G,18,7,2,2,0,0,1,2
2026,2025-12-23,Jamaree Bouyea,Suns,G,24,14,4,2,0,1,1,0
2026,2026-02-19,Nolan Traore,Nets,G,30,8,1,5,2,0,4,2
2026,2025-11-07,Alex Sarr,Wizards,C,30,20,4,4,1,4,3,0
2026,2025-11-28,Cameron Johnson,Nuggets,F,38,28,6,1,2,1,3,3
2026,2025-10-22,Harrison Ingram,Spurs,F,4,3,1,0,0,0,0,0
2026,2025-10-24,Bam Adebayo,Heat,C,28,24,5,4,1,0,1,2
2026,2026-02-24,Will Richard,Warriors,G,17,0,2,0,2,0,0,1
2026,2025-11-10,Donovan Mitchell,Cavaliers,G,41,28,15,8,1,0,1,4
2026,2026-03-30,Khris Middleton,Mavericks,F,23,9,6,1,1,0,5,2
2026,2025-10-25,Joel Embiid,76ers,C,20,20,2,4,2,0,4,0
2026,2026-01-11,Trayce Jackson-Davis,Warriors,F,3,6,2,0,0,0,0,0
2026,2026-01-20,Kyle Filipowski,Jazz,F,33,11,8,4,1,0,3,5
2026,2025-12-05,Ryan Kalkbrenner,Hornets,C,26,12,6,1,1,2,0,2
2026,2025-10-29,Jett Howard,Magic,G,4,0,1,0,0,0,1,0
2026,2026-01-12,Ryan Nembhard,Mavericks,G,22,9,1,8,0,0,1,1
2026,2026-03-12,Jonas Valanciunas,Nuggets,C,5,4,2,1,0,0,0,1
2026,2025-12-02,Mohamed Diawara,Knicks,F,0,0,0,0,0,0,0,0
2026,2025-11-30,Guerschon Yabusele,Knicks,F,10,7,4,1,0,0,0,0
2026,2026-03-04,Andrew Nembhard,Pacers,G,24,5,4,5,1,0,3,0
2026,2026-01-18,Julian Strawther,Nuggets,G,20,15,2,2,2,0,0,2
2026,2025-11-18,Tyrese Martin,Nets,G,18,8,1,2,2,0,0,0
2026,2026-02-06,Cade Cunningham,Pistons,G,22,11,5,7,0,0,2,4
2026,2026-02-25,Devin Vassell,Spurs,G,32,21,5,2,2,0,2,3
2026,2025-11-28,Carter Bryant,Spurs,F,6,3,2,0,1,0,0,1
2026,2026-01-12,Grant Williams,Hornets,F,13,7,2,0,0,0,0,0
2026,2026-03-08,Royce O'Neale,Suns,F,32,3,7,1,3,2,0,0
2026,2026-01-29,VJ Edgecombe,76ers,G,35,5,5,3,3,0,1,1
2026,2026-02-26,Caleb Martin,Mavericks,F,20,10,0,2,3,0,0,2
2026,2025-11-01,Amari Williams,Celtics,F,6,2,1,1,1,0,0,1
2026,2025-11-30,Mouhamed Gueye,Hawks,F,23,13,4,0,2,1,1,3
2026,2026-04-12,Kyle Lowry,76ers,G,5,0,0,0,0,0,0,0
2026,2025-12-31,Naz Reid,Timberwolves,C,22,6,7,1,0,1,3,4
2026,2026-02-01,Caleb Love,Trail Blazers,G,30,21,2,3,2,0,2,2
2026,2025-12-23,Gary Harris,Bucks,G,16,5,2,1,0,1,1,5
2026,2026-03-10,Taurean Prince,Bucks,F,18,0,3,0,0,0,0,0
2026,2025-11-22,Kobe Brown,Clippers,G,8,0,0,0,0,0,1,0
2026,2026-03-18,Luke Kennard,Lakers,G,18,5,1,1,1,0,3,2
2026,2026-01-21,Kenrich Williams,Thunder,G,28,18,8,2,0,0,1,1
2026,2026-03-10,Nique Clifford,Kings,G,38,12,5,2,2,0,2,4
2026,2025-12-14,Jordan Poole,Pelicans,G,27,16,2,4,2,0,1,0
2026,2026-04-03,Charles Bassey,Celtics,C,6,6,1,0,0,0,0,2
2026,2026-04-05,Bogdan Bogdanovic,Clippers,G,3,0,0,0,0,0,0,0
2026,2025-11-26,Derrick White,Celtics,G,31,27,7,3,3,1,2,4
2026,2025-10-30,Bobby Portis,Bucks,F,19,12,5,2,0,0,2,0
2026,2025-10-27,Jaylen Brown,Celtics,G,24,15,7,4,0,0,3,5
2026,2025-10-28,Quinten Post,Warriors,C,25,12,8,0,1,1,2,1
2026,2025-11-22,Will Riley,Wizards,G,3,0,0,1,0,0,0,0
2026,2026-03-25,Derrick Jones Jr.,Clippers,F,28,2,7,0,0,0,1,0
2026,2026-01-12,De'Andre Hunter,Cavaliers,F,18,2,0,3,0,0,3,1
2026,2025-11-03,Keyonte George,Jazz,G,38,31,5,4,1,0,1,2
2026,2026-03-12,Corey Kispert,Hawks,F,20,7,3,4,0,0,1,1
2026,2025-11-11,Noah Clowney,Nets,F,35,18,8,3,2,2,4,3
2026,2026-03-28,Gabe Vincent,Hawks,G,25,2,3,3,2,0,3,1
2026,2025-10-25,Oso Ighodaro,Suns,F,23,4,1,1,0,1,2,5
2026,2026-03-11,Jeff Green,Rockets,F,8,0,1,0,0,0,0,0
2026,2025-10-31,Josh Minott,Celtics,F,22,2,8,1,0,1,0,2
2026,2025-10-29,Jalen Wilson,Nets,F,21,6,2,2,0,0,0,0
2026,2026-03-12,Khris Middleton,Mavericks,F,25,35,2,1,2,0,0,0
2026,2026-02-21,Jaime Jaquez Jr.,Heat,F,23,12,5,2,1,0,1,5
2026,2025-11-02,Nick Richards,Suns,C,11,10,3,2,0,0,1,2
2026,2025-12-14,Ziaire Williams,Nets,F,22,10,3,2,1,1,1,0
2026,2026-01-31,Naji Marshall,Mavericks,F,32,8,8,2,0,0,0,1
2026,2025-12-01,Josh Giddey,Bulls,G,36,22,9,6,3,1,8,2
2026,2026-01-01,Precious Achiuwa,Kings,PF,22,14,3,2,2,1,1,1
2026,2025-11-28,Ryan Nembhard,Mavericks,G,23,17,2,4,1,0,2,3
2026,2025-12-26,Bobby Portis,Bucks,F,35,15,12,3,2,0,3,2
2026,2026-04-10,Adou Thiero,Lakers,F,2,0,0,0,1,0,0,0
2026,2026-03-10,Donovan Clingan,Trail Blazers,C,26,11,11,3,1,3,1,2
2026,2026-01-06,Will Riley,Wizards,G,12,4,2,0,0,0,1,3
2026,2026-02-21,Dominick Barlow,76ers,F,29,9,5,0,1,2,1,3
2026,2025-11-07,Jimmy Butler III,Warriors,F,31,16,3,3,1,0,0,1
2026,2026-01-17,Jaylin Williams,Thunder,F,18,2,1,4,0,0,0,2
2026,2026-03-05,Javonte Green,Pistons,G,19,10,3,0,0,2,0,3
2026,2026-02-21,Ty Jerome,Grizzlies,G,22,17,6,4,2,0,2,2
2026,2025-12-25,Harrison Barnes,Spurs,F,30,15,6,1,0,0,1,0
2026,2026-02-07,Draymond Green,Warriors,F,33,9,4,6,1,0,2,5
2026,2026-02-25,Caris LeVert,Pistons,G,17,9,0,1,0,0,2,3
2026,2026-03-01,Obi Toppin,Pacers,F,11,4,4,5,2,0,0,0
2026,2026-04-12,Jahmir Young,Heat,G,3,3,0,1,0,0,0,0
2026,2025-11-14,Landry Shamet,Knicks,G,37,36,2,3,0,0,1,3
2026,2026-04-10,Drew Timme,Lakers,F,6,2,1,0,0,0,0,1
2026,2026-01-28,CJ McCollum,Hawks,G,29,13,3,3,1,0,1,2
2026,2026-01-21,Ja Morant,Grizzlies,G,30,23,2,12,1,3,5,4
2026,2026-01-02,Bruce Brown,Nuggets,G,24,0,3,4,4,0,3,0
2026,2025-10-22,Sion James,Hornets,G,17,2,4,2,0,1,0,2
2026,2025-11-20,Wendell Carter Jr.,Magic,C,32,7,7,6,1,0,0,4
2026,2025-10-22,Lonzo Ball,Cavaliers,G,23,3,4,6,0,0,4,0
2026,2026-03-27,Bub Carrington,Wizards,G,26,16,2,5,0,0,3,2
2026,2026-01-11,Gary Payton II,Warriors,G,16,6,5,0,1,0,2,2
2026,2025-10-30,Buddy Hield,Warriors,G,17,8,1,0,1,0,0,0
2026,2025-12-14,Kyle Lowry,76ers,G,8,0,1,1,0,0,1,2
2026,2026-02-20,AJ Green,Bucks,G,30,0,2,4,1,0,2,2
2026,2026-01-29,Spencer Jones,Nuggets,F,15,1,1,0,0,0,0,2
2026,2026-02-11,Micah Potter,Pacers,C,27,19,12,1,1,2,0,1
2026,2025-11-12,Kris Dunn,Clippers,G,16,3,0,2,1,0,1,5
2026,2025-11-03,Ausar Thompson,Pistons,G,27,9,4,1,4,2,2,3
2026,2026-02-06,Davion Mitchell,Heat,G,30,13,2,6,0,1,2,3
2026,2026-03-19,Josh Green,Hornets,G,18,5,3,0,1,0,0,2
2026,2025-11-13,Jakob Poeltl,Raptors,C,29,20,7,3,2,0,0,3
2026,2026-01-09,Dyson Daniels,Hawks,G,36,17,11,10,4,0,1,0
2026,2025-11-10,Kevon Looney,Pelicans,F,16,2,6,2,1,1,0,2
2026,2025-12-26,Kasparas Jakucionis,Heat,G,16,8,2,1,1,0,0,1
2026,2026-02-28,De'Anthony Melton,Warriors,G,24,10,1,4,0,1,0,0
2026,2025-12-01,Nic Claxton,Nets,C,33,13,11,6,1,1,1,0
2026,2026-03-14,Pelle Larsson,Heat,G,35,15,3,3,2,0,1,3
2026,2025-12-31,Kevin McCullar Jr.,Knicks,G,8,3,2,2,0,0,1,1
2026,2026-02-02,Saddiq Bey,Pelicans,G,35,8,3,5,1,0,0,1
2026,2026-03-08,Ryan Nembhard,Mavericks,G,5,2,1,2,1,0,0,0
2026,2025-10-22,Derrick Jones Jr.,Clippers,F,18,12,1,1,0,1,1,4
2026,2026-01-11,Quinten Post,Warriors,C,18,8,3,0,0,0,1,2
2026,2025-12-03,Donovan Clingan,Trail Blazers,C,25,5,13,2,0,1,2,2
2026,2025-10-28,OG Anunoby,Knicks,F,34,9,6,5,1,1,2,4
2026,2025-12-05,Jamaree Bouyea,Suns,G,18,18,2,1,1,0,0,1
2026,2026-03-05,Trae Young,Wizards,G,19,12,2,6,2,0,3,0
2026,2026-03-13,Seth Curry,Warriors,G,7,0,1,1,0,0,0,0
2026,2026-02-24,Quinten Post,Warriors,C,23,6,9,1,0,1,2,1
2026,2025-11-20,Kentavious Caldwell-Pope,Grizzlies,G,18,2,3,7,1,0,0,0
2026,2026-03-27,Pat Spencer,Warriors,G,25,13,5,2,1,0,2,2
2026,2025-11-10,Julian Champagnie,Spurs,F,22,0,2,1,3,0,3,0
2026,2026-01-24,Kon Knueppel,Hornets,G,32,16,4,3,1,0,1,1
2026,2025-10-25,Nickeil Alexander-Walker,Hawks,G,30,17,3,2,2,1,2,0
2026,2026-03-01,Maxi Kleber,Lakers,F,14,6,6,0,0,1,0,1
2026,2026-02-20,Kon Knueppel,Hornets,G,37,33,6,2,1,0,0,4
2026,2026-03-19,Colin Castleton,Magic,C,10,2,4,1,0,0,2,1
2026,2026-03-19,Elijah Harkless,Jazz,G,34,23,2,10,0,0,1,1
2026,2026-01-23,Immanuel Quickley,Raptors,G,34,20,8,7,2,0,1,1
2026,2026-01-11,Stephen Curry,Warriors,G,33,31,3,5,0,0,3,2
2026,2026-04-10,Tobias Harris,Pistons,F,25,8,6,0,0,0,1,2
2026,2026-01-26,Bennedict Mathurin,Pacers,G,25,16,2,1,1,0,1,1
2026,2026-03-05,Scottie Barnes,Raptors,F,36,16,2,3,0,1,0,3
2026,2026-03-23,Tyler Burton,Grizzlies,F,28,20,8,1,1,0,1,0
2026,2025-10-30,AJ Green,Bucks,G,33,10,2,0,1,0,1,3
2026,2026-02-15,Alperen Sengun,World,C,3,0,4,2,0,0,0,0
2026,2026-01-30,Dean Wade,Cavaliers,F,20,3,4,0,0,0,1,1
2026,2026-03-11,Jaylen Clark,Timberwolves,G,6,11,0,1,0,0,0,0
2026,2025-11-24,Jevon Carter,Bulls,G,18,11,1,1,1,0,0,2
2026,2025-11-04,Miles Bridges,Hornets,F,37,22,8,3,1,0,1,2
2026,2025-12-19,Jalen Smith,Bulls,F,15,4,4,0,0,0,1,1
2026,2025-12-04,Egor Demin,Nets,G,20,3,1,2,0,0,0,4
2026,2025-12-13,OG Anunoby,Knicks,F,40,24,6,4,3,1,4,2
2026,2026-04-03,Payton Pritchard,Celtics,G,26,16,3,6,0,0,1,0
2026,2026-01-28,Tari Eason,Rockets,F,25,10,6,0,3,1,0,4
2026,2025-11-12,Maxime Raynaud,Kings,C,15,7,4,1,0,1,3,2
2026,2026-01-05,Tre Jones,Bulls,G,23,10,5,4,0,0,1,1
2026,2025-11-07,Tre Jones,Bulls,G,29,17,5,4,1,0,0,2
2026,2026-04-07,Rasheer Fleming,Suns,F,1,0,0,0,0,0,0,0
2026,2026-02-20,Justin Champagnie,Wizards,F,11,0,7,1,0,0,2,2
2026,2026-02-07,Tristan Vukcevic,Wizards,F,20,14,2,2,1,1,1,3
2026,2025-11-10,Craig Porter Jr.,Cavaliers,G,5,2,1,0,0,0,0,0
2026,2025-12-20,Jabari Smith Jr.,Rockets,F,38,22,10,2,0,1,4,3
2026,2026-03-30,Deandre Ayton,Lakers,C,22,12,7,1,0,3,2,0
2026,2026-04-01,David Roddy,Nuggets,F,2,2,1,0,0,0,0,0
2026,2025-10-27,Jeremiah Fears,Pelicans,G,27,2,2,2,1,0,4,2
2026,2025-11-09,Jaden McDaniels,Timberwolves,F,26,21,5,3,0,2,2,4
2026,2025-12-12,Craig Porter Jr.,Cavaliers,G,11,4,5,4,2,0,1,0
2026,2026-01-22,Gary Payton II,Warriors,G,17,4,3,0,0,1,1,1
2026,2025-11-16,CJ McCollum,Wizards,G,32,17,2,3,2,0,1,3
2026,2026-02-05,Jamir Watkins,Wizards,G,26,6,3,2,1,1,1,2
2026,2025-11-29,Jevon Carter,Bulls,G,11,3,1,2,1,0,1,2
2026,2026-03-26,Paul Reed,Pistons,F,14,8,3,1,1,0,1,6
2026,2026-03-06,Vit Krejci,Trail Blazers,G,20,0,6,2,0,0,0,2
2026,2025-11-17,Cam Christie,Clippers,G,12,2,0,0,0,1,1,0
2026,2026-01-03,Matas Buzelis,Bulls,F,34,17,8,3,0,0,3,1
2026,2026-02-24,Nickeil Alexander-Walker,Hawks,G,25,16,3,5,2,0,2,2
2026,2026-02-11,Jaden Ivey,Bulls,G,29,10,3,4,0,1,0,1
2026,2026-03-28,VJ Edgecombe,76ers,G,31,13,5,3,0,0,1,4
2026,2025-12-15,Jock Landale,Grizzlies,C,27,8,4,3,1,1,0,1
2026,2026-01-03,Isaac Okoro,Bulls,F,27,2,2,1,1,0,1,3
2026,2026-03-01,Ronald Holland II,Pistons,F,26,11,3,2,1,0,1,3
2026,2026-03-15,Malevy Leons,Warriors,F,20,2,5,2,0,2,0,2
2026,2026-01-28,Dalton Knecht,Lakers,F,8,5,1,0,0,0,0,0
2026,2025-11-04,Kevon Looney,Pelicans,F,15,0,4,2,0,1,1,2
2026,2026-03-10,Jonathan Mogbo,Raptors,F,11,2,2,1,1,0,1,2
2026,2026-01-05,Isaiah Collier,Jazz,G,30,10,3,8,1,0,0,2
2026,2026-04-02,Sam Merrill,Cavaliers,G,28,3,2,5,1,0,2,1
2026,2026-02-11,Doug McDermott,Kings,F,19,14,0,0,2,0,1,0
2026,2026-02-26,Carter Bryant,Spurs,F,13,0,3,2,0,0,1,0
2026,2026-04-04,Dylan Harper,Spurs,G,20,12,3,3,0,0,2,3
2026,2025-11-14,Herbert Jones,Pelicans,F,34,13,5,3,1,1,2,5
2026,2025-12-29,Devin Vassell,Spurs,G,30,7,4,0,0,0,1,0
2026,2026-04-02,Jalen Green,Suns,G,34,25,4,7,2,1,3,1
2026,2025-10-24,Karl-Anthony Towns,Knicks,C,33,26,13,3,1,1,5,2
2026,2025-12-30,Dalton Knecht,Lakers,F,4,10,2,0,0,0,0,1
2026,2026-03-15,Jerami Grant,Trail Blazers,F,32,20,2,1,1,0,2,4
2026,2025-10-28,Kon Knueppel,Hornets,G,27,19,3,4,1,0,1,1
2026,2026-01-12,Payton Pritchard,Celtics,G,37,23,4,8,2,0,0,0
2026,2025-11-02,RJ Barrett,Raptors,F,36,27,6,6,0,0,2,2
2026,2026-02-20,Saddiq Bey,Pelicans,G,36,22,6,3,3,1,2,0
2026,2025-11-20,Zaccharie Risacher,Hawks,F,21,2,2,1,0,0,1,3
2026,2026-01-21,Precious Achiuwa,Kings,PF,21,11,8,1,0,0,0,1
2026,2026-02-02,Zion Williamson,Pelicans,F,31,14,11,4,0,0,1,4
2026,2026-03-22,Terance Mann,Nets,G,26,5,3,2,0,0,0,3
2026,2026-03-15,Gary Payton II,Warriors,G,28,19,6,4,2,1,0,2
2026,2025-11-08,Kelly Oubre Jr.,76ers,G,37,19,4,1,0,2,2,4
2026,2025-12-05,Craig Porter Jr.,Cavaliers,G,24,11,7,1,2,0,0,3
2026,2026-01-19,Andrew Wiggins,Heat,F,27,18,5,1,0,0,3,3
2026,2026-01-26,Pat Connaughton,Hornets,G,8,0,2,1,0,0,0,0
2026,2026-04-05,Rob Dillingham,Bulls,G,20,10,4,2,0,0,2,1
2026,2026-01-22,Jonathan Isaac,Magic,F,4,0,1,2,0,1,0,0
2026,2025-12-21,Nique Clifford,Kings,G,27,6,6,4,1,1,1,2
2026,2026-03-31,Ryan Rollins,Bucks,G,36,24,7,9,1,0,3,2
2026,2026-03-29,Yang Hansen,Trail Blazers,C,11,6,4,0,0,1,2,3
2026,2025-11-14,Jett Howard,Magic,G,10,6,0,0,0,0,0,0
2026,2025-11-29,Dwight Powell,Mavericks,F,34,9,5,3,6,1,1,5
2026,2025-12-31,Stephen Curry,Warriors,G,33,26,2,4,0,1,5,4
2026,2025-12-22,Isaiah Jackson,Pacers,F,2,0,0,0,0,1,1,2
2026,2026-01-27,Nicolas Batum,Clippers,F,21,8,2,0,0,0,0,2
2026,2025-10-29,Keyonte George,Jazz,G,32,29,2,8,1,0,6,3
2026,2026-03-27,Kel'el Ware,Heat,C,21,14,8,1,1,0,0,1
2026,2026-04-01,Alex Antetokounmpo,Bucks,F,4,0,0,0,0,0,0,0
2026,2026-01-27,Kelly Oubre Jr.,76ers,G,23,7,4,0,1,1,0,3
2026,2026-01-11,Brandin Podziemski,Warriors,G,16,3,1,1,1,0,0,0
2026,2025-12-01,Kasparas Jakucionis,Heat,G,1,0,0,0,1,0,0,0
2026,2026-03-01,Javon Small,Grizzlies,G,19,7,4,3,1,1,0,3
2026,2025-11-03,Bruce Brown,Nuggets,G,22,13,6,3,0,0,1,2
2026,2025-11-29,Hunter Tyson,Nuggets,F,1,0,1,1,0,0,0,1
2026,2025-12-12,Isaiah Stewart,Pistons,F,21,17,5,5,0,0,0,4
2026,2026-04-10,Donovan Clingan,Trail Blazers,C,28,18,13,2,0,2,0,2
2026,2025-11-07,Bones Hyland,Timberwolves,G,9,12,1,3,0,0,0,0
2026,2026-03-13,Klay Thompson,Mavericks,G,16,6,2,1,0,0,0,1
2026,2026-02-03,Royce O'Neale,Suns,F,36,11,7,0,2,0,2,1
2026,2026-02-05,Patrick Williams,Bulls,F,25,9,1,2,0,1,1,1
2026,2025-10-26,Corey Kispert,Wizards,F,20,0,1,0,1,0,0,1
2026,2026-03-18,Jamison Battle,Raptors,F,22,6,2,1,0,0,0,2
2026,2026-04-08,Dyson Daniels,Hawks,G,33,12,7,6,2,1,1,6
2026,2025-11-09,Pat Spencer,Warriors,G,16,2,0,2,1,1,0,0
2026,2026-03-08,Alex Sarr,Wizards,C,18,7,4,1,0,1,1,2
2026,2026-03-20,Kris Murray,Trail Blazers,F,16,0,2,0,0,1,0,1
2026,2026-04-07,Brook Lopez,Clippers,C,25,9,11,3,0,4,1,3
2026,2026-01-31,Anthony Edwards,Timberwolves,G,39,33,2,3,1,1,1,2
2026,2026-04-05,RJ Barrett,Raptors,F,35,15,5,4,0,1,3,2
2026,2025-12-31,De'Aaron Fox,Spurs,G,38,26,1,7,3,0,0,1
2026,2025-12-20,Noah Penda,Magic,F,24,13,12,4,2,2,1,3
2026,2025-11-24,Yves Missi,Pelicans,C,29,14,14,0,0,3,2,4
2026,2026-03-28,Moussa Diabate,Hornets,F,25,10,11,2,1,0,1,4
2026,2025-12-30,Marcus Smart,Lakers,G,25,6,2,5,3,0,1,4
2026,2026-03-11,Anthony Edwards,Timberwolves,G,35,36,2,5,1,0,5,1
2026,2026-01-16,Naz Reid,Timberwolves,C,32,25,9,4,1,1,2,4
2026,2025-12-01,Nick Smith Jr.,Lakers,G,6,3,0,1,0,0,0,0
2026,2025-11-10,Sidy Cissoko,Trail Blazers,G,10,4,2,1,0,0,0,2
2026,2026-03-23,Adou Thiero,Lakers,F,2,1,0,0,0,0,0,1
2026,2025-12-27,Giannis Antetokounmpo,Bucks,F,25,29,8,1,1,1,2,2
2026,2025-12-22,Daniss Jenkins,Pistons,G,14,5,1,3,0,0,0,2
2026,2026-01-11,Jonathan Isaac,Magic,F,9,0,0,1,0,0,0,0
2026,2025-11-10,Brandon Williams,Mavericks,G,33,19,6,3,1,0,4,2
2026,2025-11-09,Jabari Smith Jr.,Rockets,F,31,16,9,1,0,0,2,2
2026,2026-04-09,De'Anthony Melton,Warriors,G,15,2,3,2,2,0,2,0
2026,2026-03-01,Jay Huff,Pacers,C,28,14,4,0,0,3,5,3
2026,2026-01-21,Immanuel Quickley,Raptors,G,36,18,6,8,2,0,2,2
2026,2026-02-09,Jamal Murray,Nuggets,G,36,17,8,11,1,0,1,3
2026,2025-11-26,Luguentz Dort,Thunder,G,32,5,1,1,1,1,1,4
2026,2026-03-27,Jonathan Kuminga,Hawks,F,18,3,2,2,0,1,0,1
2026,2026-03-25,Jamison Battle,Raptors,F,11,3,5,0,0,0,0,0
2026,2026-03-31,Malachi Smith,Nets,G,14,2,0,2,2,1,0,0
2026,2026-01-13,LeBron James,Lakers,F,33,31,9,10,1,1,4,1
2026,2026-03-23,Davion Mitchell,Heat,G,22,2,2,3,2,0,1,3
2026,2026-02-20,Lawson Lovering,Grizzlies,C,32,11,11,3,1,1,1,4
2026,2026-04-12,Desmond Bane,Magic,G,18,8,2,1,1,1,0,0
2026,2025-12-03,Nae'Qwan Tomlin,Cavaliers,F,16,7,4,1,2,0,0,2
2026,2026-01-05,Mouhamed Gueye,Hawks,F,3,0,2,0,0,0,0,1
2026,2025-11-12,Wendell Carter Jr.,Magic,C,31,13,8,2,0,0,4,4
2026,2026-02-03,Jaden Hardy,Mavericks,G,18,7,2,0,1,0,1,0
2026,2025-12-20,DeMar DeRozan,Kings,G,35,15,5,1,5,0,1,0
2026,2026-01-28,Ochai Agbaji,Raptors,G,2,0,0,0,0,0,0,1
2026,2026-04-01,Davion Mitchell,Heat,G,40,21,2,7,0,0,0,2
2026,2026-02-02,Tyrese Maxey,76ers,G,36,29,5,6,3,0,1,4
2026,2026-01-22,Brandin Podziemski,Warriors,G,33,9,4,10,2,0,1,2
2026,2026-02-19,Nikola Vucevic,Celtics,C,28,9,5,0,1,1,0,1
2026,2025-12-02,Jeremy Sochan,Spurs,F,18,11,6,1,2,0,0,1
2026,2025-11-02,Dru Smith,Heat,G,16,7,1,3,2,0,2,1
2026,2025-11-28,Jalen Smith,Bulls,F,17,6,5,0,0,0,2,0
2026,2026-04-07,Jakob Poeltl,Raptors,C,26,17,6,3,2,1,1,2
2026,2026-01-26,Moritz Wagner,Magic,F,12,5,3,0,0,0,1,1
2026,2025-12-22,Isaiah Collier,Jazz,G,24,2,2,9,2,0,2,2
2026,2026-02-04,Derrick White,Celtics,G,37,28,1,8,0,0,2,3
2026,2025-11-28,Nickeil Alexander-Walker,Hawks,G,35,30,3,1,1,1,1,2
2026,2026-04-01,Mason Plumlee,Spurs,C,7,0,0,0,1,0,1,0
2026,2026-01-14,Kevin Huerter,Bulls,G,19,10,3,1,0,0,2,5
2026,2026-01-20,Quentin Grimes,76ers,G,27,12,4,5,3,0,3,2
2026,2026-02-11,Taylor Hendricks,Grizzlies,F,20,10,2,1,1,0,2,5
2026,2026-02-25,Josh Okogie,Rockets,G,24,14,7,0,2,0,0,0
2026,2025-12-01,Andrew Nembhard,Pacers,G,33,21,4,6,0,0,2,1
2026,2026-03-03,Terance Mann,Nets,G,27,8,3,2,0,1,0,4
2026,2026-01-02,Bryce McGowens,Pelicans,G,24,13,4,0,1,0,1,2
2026,2025-11-05,Aaron Gordon,Nuggets,F,31,24,6,1,1,0,3,1
2026,2025-12-12,Justin Champagnie,Wizards,F,18,3,7,1,1,0,0,4
2026,2026-03-30,GG Jackson,Grizzlies,F,17,14,4,2,0,1,4,0
2026,2026-01-12,Dwight Powell,Mavericks,F,35,5,10,3,0,0,2,3
2026,2026-03-27,Scottie Barnes,Raptors,F,36,23,6,12,2,3,4,3
2026,2025-11-05,Jerami Grant,Trail Blazers,F,34,20,5,5,0,1,1,5
2026,2025-12-23,Precious Achiuwa,Kings,PF,27,15,12,3,2,1,1,4
2026,2026-01-31,Dyson Daniels,Hawks,G,29,8,8,7,2,0,2,4
2026,2026-01-26,Evan Mobley,Cavaliers,C,35,20,9,2,0,2,1,4
2026,2026-03-05,Julius Randle,Timberwolves,F,34,17,8,4,1,0,2,4
2026,2025-12-27,OG Anunoby,Knicks,F,38,15,10,5,3,1,1,4
2026,2026-01-29,Johnny Juzang,Timberwolves,G,3,2,1,0,0,0,0,0
2026,2025-12-23,Isaac Okoro,Bulls,F,22,8,2,1,0,1,0,3
2026,2025-11-07,Mouhamed Gueye,Hawks,F,19,2,7,1,0,0,0,0
2026,2025-12-23,Jock Landale,Grizzlies,C,21,17,8,1,0,2,2,4
2026,2026-04-10,Dillon Brooks,Suns,F,21,12,2,1,1,0,3,4
2026,2026-01-21,Vit Krejci,Hawks,G,11,7,2,1,0,0,0,2
2026,2025-10-24,Julian Champagnie,Spurs,F,36,7,8,3,1,0,1,0
2026,2026-01-16,Josh Okogie,Rockets,G,33,1,2,0,1,0,0,2
2026,2026-01-02,Chet Holmgren,Thunder,C,26,15,15,4,1,4,2,1
2026,2026-01-16,Nikola Vucevic,Bulls,C,33,19,6,5,0,2,1,1
2026,2025-11-11,Sam Hauser,Celtics,F,21,3,7,0,0,0,0,0
2026,2026-03-28,Stephon Castle,Spurs,G,29,22,10,10,0,0,3,2
2026,2026-03-24,Maxime Raynaud,Kings,C,30,16,7,0,0,0,2,1
2026,2026-04-12,Julian Strawther,Nuggets,G,34,25,6,3,1,0,3,3
2026,2026-02-22,Jericho Sims,Bucks,C,24,4,7,2,0,1,2,3
2026,2025-12-03,Jeff Green,Rockets,F,2,3,0,0,0,0,0,0
2026,2025-12-27,Moussa Cisse,Mavericks,C,6,0,2,0,0,0,0,0
2026,2026-02-05,Grayson Allen,Suns,G,33,21,5,4,1,0,3,1
2026,2026-03-19,Will Riley,Wizards,G,40,15,3,1,0,0,2,1
2026,2026-03-11,Kobe Sanders,Clippers,G,6,2,0,0,0,0,0,0
2026,2025-12-05,KJ Simpson,Hornets,G,28,8,3,4,5,0,7,3
2026,2026-03-21,Cason Wallace,Thunder,G,15,4,2,3,0,0,0,1
2026,2026-01-09,Devin Carter,Kings,G,4,2,0,0,0,0,0,0
2026,2025-10-27,Herbert Jones,Pelicans,F,23,11,2,0,0,0,2,5
2026,2025-12-08,Julian Champagnie,Spurs,F,29,17,6,3,2,0,0,1
2026,2025-11-05,Deni Avdija,Trail Blazers,F,37,26,10,9,2,1,3,3
2026,2026-02-05,Dominick Barlow,76ers,F,26,13,3,0,2,1,1,0
2026,2026-03-17,Justin Champagnie,Wizards,F,29,18,9,2,0,1,1,3
2026,2026-01-05,Reed Sheppard,Rockets,G,23,11,3,2,2,0,4,0
2026,2025-11-03,Isaiah Stewart,Pistons,F,34,26,14,4,0,4,1,1
2026,2026-03-05,Carter Bryant,Spurs,F,20,2,6,0,0,3,1,2
2026,2026-01-23,Nique Clifford,Kings,G,14,4,1,0,0,0,0,3
2026,2025-11-04,Ajay Mitchell,Thunder,G,20,8,4,3,4,0,2,2
2026,2025-12-03,Tyus Jones,Magic,G,7,5,0,0,1,0,0,0
2026,2026-02-19,Jarrett Allen,Cavaliers,C,24,15,10,1,1,2,0,2
2026,2025-12-03,Clint Capela,Rockets,C,9,4,6,1,1,0,0,1
2026,2026-01-11,Keshad Johnson,Heat,F,2,0,0,0,0,0,0,0
2026,2026-02-15,Chet Holmgren,Team Stars,C,6,8,2,0,0,2,0,0
2026,2025-10-24,Cole Anthony,Bucks,G,27,23,4,7,2,0,1,3
2026,2026-01-21,Karlo Matkovic,Pelicans,F,14,5,2,0,0,1,0,5
2026,2025-10-27,Hunter Tyson,Nuggets,F,1,0,1,0,0,0,0,0
2026,2025-12-30,Tyrese Maxey,76ers,G,43,34,4,12,2,0,0,3
2026,2025-10-27,Josh Okogie,Rockets,G,31,10,0,1,2,0,0,4
2026,2026-02-07,Asa Newell,Hawks,F,8,5,1,1,2,0,0,2
2026,2026-02-07,Julian Strawther,Nuggets,G,33,19,5,0,2,0,3,3
2026,2026-01-17,Alex Sarr,Wizards,C,28,16,8,1,0,0,2,5
2026,2026-01-04,Alex Caruso,Thunder,G,22,2,1,3,0,0,0,1
2026,2025-11-25,Jaxson Hayes,Lakers,C,30,8,4,3,1,1,1,2
2026,2025-12-15,Ja Morant,Grizzlies,G,21,12,3,4,1,1,1,1
2026,2025-12-20,Collin Murray-Boyles,Raptors,F,23,9,6,4,0,1,1,2
2026,2025-10-22,Yves Missi,Pelicans,C,23,5,7,1,1,1,3,5
2026,2025-11-18,Isaiah Stewart,Pistons,F,26,13,9,3,0,0,2,2
2026,2025-11-12,Robert Williams III,Trail Blazers,C,17,6,6,1,0,1,1,1
2026,2025-12-23,Eric Gordon,76ers,G,17,12,0,0,1,1,0,1
2026,2026-03-24,Cameron Johnson,Nuggets,F,33,14,3,2,1,1,0,5
2026,2025-10-26,Will Riley,Wizards,G,9,5,1,0,0,0,0,0
2026,2025-10-26,Gabe Vincent,Lakers,G,19,3,1,1,1,0,2,1
2026,2026-03-08,Khaman Maluach,Suns,C,20,4,9,0,0,2,0,1
2026,2025-11-28,Onyeka Okongwu,Hawks,F,34,18,7,4,2,2,2,5
2026,2026-01-10,Daniel Gafford,Mavericks,F,25,6,7,0,0,1,0,2
2026,2025-12-25,De'Aaron Fox,Spurs,G,33,29,4,3,1,1,1,3
2026,2026-01-03,Patrick Williams,Bulls,F,15,0,3,0,1,0,0,2
2026,2026-01-28,Luka Doncic,Lakers,G,30,29,5,6,0,0,2,1
2026,2026-02-28,Pat Connaughton,Hornets,G,1,0,0,0,0,0,1,0
2026,2026-03-07,Jalen Suggs,Magic,G,29,14,4,4,2,1,1,3
2026,2025-11-17,Jamal Murray,Nuggets,G,38,34,11,4,1,0,2,3
2026,2026-02-27,Josh Minott,Nets,F,16,9,2,0,0,0,1,0
2026,2025-11-08,Aaron Nesmith,Pacers,G,26,25,1,0,4,0,1,3
2026,2026-02-20,Jaxson Hayes,Lakers,C,11,8,3,0,0,1,0,1
2026,2026-02-20,Isaiah Hartenstein,Thunder,C,24,10,8,4,1,2,1,3
2026,2025-11-03,Kyshawn George,Wizards,F,30,15,5,2,3,1,4,1
2026,2026-01-07,Anfernee Simons,Celtics,G,26,15,4,2,0,0,2,0
2026,2026-01-02,Julian Phillips,Bulls,F,10,5,2,0,0,1,1,2
2026,2026-03-12,Isaiah Joe,Thunder,G,13,2,1,0,0,0,0,1
2026,2026-03-30,Cody Williams,Jazz,F,37,26,6,4,2,0,2,3
2026,2026-02-09,Yang Hansen,Trail Blazers,C,5,2,1,0,0,0,1,2
2026,2026-03-01,Cam Spencer,Grizzlies,G,23,10,3,4,2,0,1,0
2026,2025-12-20,Keegan Murray,Kings,F,40,15,6,2,0,0,2,3
2026,2025-10-24,Pat Spencer,Warriors,G,11,4,2,1,1,0,0,1
2026,2025-12-05,LaMelo Ball,Hornets,G,12,11,2,3,1,0,2,0
2026,2025-10-29,Jake LaRavia,Lakers,F,37,27,8,2,1,1,3,5
2026,2025-11-04,Gui Santos,Warriors,F,3,0,0,0,0,0,0,0
2026,2025-11-30,Jaren Jackson Jr.,Grizzlies,F,34,13,6,5,1,0,1,4
2026,2026-01-09,Christian Braun,Nuggets,G,25,0,4,0,0,1,2,1
2026,2026-01-01,Dominick Barlow,76ers,F,18,5,1,0,1,0,0,6
2026,2026-01-25,Carter Bryant,Spurs,F,7,6,2,0,0,0,0,1
2026,2026-01-29,Caleb Martin,Mavericks,F,27,6,11,2,1,2,2,2
2026,2025-12-01,Nikola Jovic,Heat,F,1,0,0,0,0,0,0,0
2026,2026-04-12,Mouhamadou Gueye,Bulls,F,29,11,3,4,2,1,2,2
2026,2025-12-08,Luke Kornet,Spurs,C,26,6,8,1,0,0,1,5
2026,2026-04-12,Javonte Green,Pistons,G,12,6,3,1,1,0,0,0
2026,2025-10-29,Isaiah Stewart,Pistons,F,18,9,4,1,0,2,1,6
2026,2026-02-20,Nikola Jovic,Heat,F,3,1,0,1,0,0,0,0
2026,2026-01-15,LaMelo Ball,Hornets,G,29,30,6,11,0,1,2,4
2026,2026-01-07,Dyson Daniels,Hawks,G,35,13,8,8,3,1,2,3
2026,2025-12-20,Kon Knueppel,Hornets,G,34,19,7,5,0,1,4,0
2026,2026-02-11,Dillon Jones,Knicks,F,7,4,2,2,1,0,0,1
2026,2025-11-08,Brook Lopez,Clippers,C,13,8,0,0,0,2,0,1
2026,2026-03-25,Scottie Barnes,Raptors,F,31,9,8,12,2,1,1,2
2026,2026-02-11,Brandon Ingram,Raptors,F,32,13,0,0,0,1,2,4
2026,2026-02-06,Scotty Pippen Jr.,Grizzlies,G,22,13,3,6,1,0,2,4
2026,2026-01-27,Luguentz Dort,Thunder,G,34,12,8,3,1,0,1,2
2026,2026-02-25,AJ Green,Bucks,G,38,15,1,2,0,0,1,4
2026,2026-01-29,Zach LaVine,Kings,G,29,17,1,3,2,0,3,3
2026,2026-04-07,Ryan Nembhard,Mavericks,G,25,12,6,7,2,0,1,4
2026,2026-04-01,Moritz Wagner,Magic,F,8,2,2,0,0,0,1,0
2026,2025-11-13,Craig Porter Jr.,Cavaliers,G,24,10,1,5,1,2,0,1
2026,2026-04-05,Chaney Johnson,Nets,F,21,9,5,1,1,2,1,1
2026,2025-11-07,Julian Phillips,Bulls,F,4,0,0,0,0,0,0,0
2026,2026-02-24,Nic Claxton,Nets,C,32,16,4,9,3,0,1,2
2026,2026-04-06,Jrue Holiday,Trail Blazers,G,39,19,6,11,0,0,0,2
2026,2026-02-08,Justin Champagnie,Wizards,F,25,13,7,1,1,0,0,0
2026,2026-04-03,Kon Knueppel,Hornets,G,30,20,4,4,2,0,2,1
2026,2026-01-27,Yanic Konan Niederhauser,Clippers,C,6,0,0,0,0,0,0,2
2026,2026-01-23,Jae'Sean Tate,Rockets,F,16,4,4,1,0,0,3,3
2026,2026-04-09,Derrick White,Celtics,G,38,8,3,1,1,0,0,1
2026,2026-01-17,Kel'el Ware,Heat,C,16,7,9,0,1,1,0,0
2026,2025-12-31,Yves Missi,Pelicans,C,23,3,6,0,2,3,0,2
2026,2026-04-07,Maxi Kleber,Lakers,F,13,2,1,1,0,0,1,0
2026,2025-10-27,Trayce Jackson-Davis,Warriors,F,7,2,1,1,1,0,0,1
2026,2026-02-28,Clint Capela,Rockets,C,13,7,3,1,0,0,0,0
2026,2026-01-17,Ryan Kalkbrenner,Hornets,C,24,4,7,3,2,0,0,0
2026,2025-10-22,Jalen Johnson,Hawks,F,35,22,7,8,1,1,3,1
2026,2025-12-05,Harrison Barnes,Spurs,F,29,7,4,3,1,0,1,1
2026,2026-03-21,MarJon Beauchamp,76ers,F,13,6,3,1,0,0,1,3
2026,2026-03-09,Day'Ron Sharpe,Nets,C,18,19,5,2,2,1,2,3
2026,2025-10-24,Herbert Jones,Pelicans,F,28,0,7,2,1,0,2,5
2026,2026-03-26,Saddiq Bey,Pelicans,G,31,17,1,3,3,0,2,2
2026,2026-03-19,Cameron Payne,76ers,PG,13,3,3,0,2,1,0,0
2026,2026-02-06,Ariel Hukporti,Knicks,C,22,6,7,1,0,0,0,0
2026,2026-03-31,Kevin Huerter,Pistons,G,22,8,2,3,1,0,4,1
2026,2025-11-22,Naji Marshall,Mavericks,F,30,13,7,4,0,2,0,1
2026,2026-01-28,Jamal Shead,Raptors,G,23,3,2,1,2,0,3,1
2026,2025-10-24,Mark Williams,Suns,C,14,2,6,0,0,0,0,4
2026,2025-10-27,Andre Drummond,76ers,C,23,4,6,1,1,2,0,3
2026,2025-11-18,Toumani Camara,Trail Blazers,F,32,6,2,3,1,0,4,3
2026,2026-04-10,Kyle Kuzma,Bucks,F,21,8,1,5,0,0,5,0
2026,2025-12-26,Pascal Siakam,Pacers,F,28,11,6,1,2,0,2,3
2026,2025-11-11,Cody Martin,Pacers,SF,5,1,1,0,0,0,0,0
2026,2026-03-05,Guerschon Yabusele,Bulls,F,37,16,6,2,0,1,1,4
2026,2026-03-16,Drake Powell,Nets,G,18,2,1,0,0,2,2,3
2026,2026-03-14,Dylan Cardwell,Kings,C,13,0,6,1,0,0,0,3
2026,2025-10-24,Keyonte George,Jazz,G,34,18,2,10,0,1,4,2
2026,2026-02-20,Bam Adebayo,Heat,C,27,17,8,5,1,0,0,0
2026,2025-11-09,Cade Cunningham,Pistons,G,41,26,4,11,1,0,5,4
2026,2026-02-04,Aaron Wiggins,Thunder,G,38,20,4,6,5,0,3,1
2026,2026-04-03,Dorian Finney-Smith,Rockets,F,9,7,2,1,0,0,0,0
2026,2026-03-21,Chet Holmgren,Thunder,C,27,18,10,0,0,2,1,3
2026,2026-01-17,Tre Mann,Hornets,G,4,3,1,2,0,0,0,0
2026,2026-02-07,Caleb Martin,Mavericks,F,24,11,5,2,0,0,1,1
2026,2025-11-23,Donovan Mitchell,Cavaliers,G,33,37,8,6,1,0,2,2
2026,2026-03-13,Patrick Williams,Bulls,F,23,2,3,1,0,3,2,1
2026,2026-01-02,Santi Aldama,Grizzlies,F,30,15,7,3,1,0,0,0
2026,2025-12-01,Miles Bridges,Hornets,F,30,8,2,1,0,1,2,2
2026,2025-12-05,Mark Williams,Suns,C,17,10,3,0,2,0,2,1
2026,2025-10-29,Jabari Smith Jr.,Rockets,F,38,25,5,5,2,1,0,1
2026,2026-03-30,Cedric Coward,Grizzlies,F,24,7,3,3,0,1,1,1
2026,2026-01-17,Donovan Clingan,Trail Blazers,C,27,18,11,4,0,0,1,2
2026,2025-12-29,Bub Carrington,Wizards,G,27,10,5,4,0,0,1,4
2026,2026-03-03,Jonathan Mogbo,Raptors,F,1,0,0,0,0,0,0,0
2026,2026-01-13,Kobe Bufkin,Lakers,G,4,3,1,1,0,0,0,0
2026,2025-11-30,Gabe Vincent,Lakers,G,25,6,2,4,1,0,0,3
2026,2025-12-23,Ochai Agbaji,Raptors,G,21,5,5,1,0,1,1,1
2026,2026-01-03,Max Christie,Mavericks,G,35,24,7,2,1,1,1,0
2026,2026-01-26,Kam Jones,Pacers,G,1,0,0,0,0,0,0,0
2026,2025-10-26,Deandre Ayton,Lakers,C,36,22,15,2,1,1,3,4
2026,2025-11-17,Rudy Gobert,Timberwolves,C,29,15,9,4,2,1,2,0
2026,2026-01-06,Victor Wembanyama,Spurs,F,21,30,5,3,1,1,2,2
2026,2026-01-23,Julian Strawther,Nuggets,G,27,20,5,3,1,0,0,1
2026,2025-11-24,Gui Santos,Warriors,F,9,9,0,2,0,0,2,0
2026,2025-12-22,Pascal Siakam,Pacers,F,37,25,6,3,0,0,0,2
2026,2026-01-28,LeBron James,Lakers,F,27,11,3,5,1,0,6,3
2026,2025-11-23,Dean Wade,Cavaliers,F,23,5,5,3,3,0,1,3
2026,2025-10-30,Orlando Robinson,Magic,C,2,0,0,0,0,0,0,1
2026,2026-03-29,Bruce Brown,Nuggets,G,25,15,1,0,2,0,1,5
2026,2025-10-24,Derrick White,Celtics,G,33,15,4,4,1,0,1,3
2026,2025-10-29,Derrick White,Celtics,G,35,19,5,4,1,0,2,1
2026,2025-12-26,Tidjane Salaun,Hornets,F,22,14,9,1,0,1,1,2
2026,2026-01-29,Will Riley,Wizards,G,18,6,1,0,0,0,0,0
2026,2026-02-09,Bruce Brown,Nuggets,G,25,1,4,0,2,0,0,4
2026,2026-03-19,Bobby Portis,Bucks,F,24,11,6,1,2,0,0,1
2026,2025-11-04,Liam McNeeley,Hornets,G,13,2,2,1,0,0,1,2
2026,2026-03-30,Aaron Wiggins,Thunder,G,17,10,2,1,1,0,0,0
2026,2026-03-16,Yuki Kawamura,Bulls,G,12,5,1,2,0,0,3,2
2026,2026-04-09,Quentin Grimes,76ers,G,26,20,2,0,1,0,1,2
2026,2025-12-22,Cameron Johnson,Nuggets,F,29,20,2,4,0,1,1,4
2026,2025-11-05,Vince Williams Jr.,Grizzlies,G,15,10,4,3,1,0,2,3
2026,2026-04-12,Kelly Oubre Jr.,76ers,G,23,11,5,1,3,0,2,3
2026,2025-11-26,Cedric Coward,Grizzlies,F,34,12,9,4,0,1,3,2
2026,2026-02-20,PJ Hall,Hornets,C,12,2,4,1,0,0,1,1
2026,2025-11-15,Donovan Mitchell,Cavaliers,G,33,30,5,5,2,0,4,4
2026,2026-02-25,Luke Kornet,Spurs,C,21,6,6,0,0,0,0,3
2026,2025-11-26,Kentavious Caldwell-Pope,Grizzlies,G,17,0,1,2,0,0,0,1
2026,2025-12-18,Buddy Hield,Warriors,G,10,3,0,0,0,0,2,1
2026,2026-02-19,Devin Vassell,Spurs,G,23,12,2,2,0,0,1,0
2026,2025-11-05,Tre Johnson,Wizards,G,24,7,1,1,0,0,3,3
2026,2026-01-14,Dominick Barlow,76ers,F,8,2,2,0,0,0,0,2
2026,2025-11-23,Kelly Olynyk,Spurs,F,14,4,4,1,0,0,4,2
2026,2026-01-17,Anfernee Simons,Celtics,G,24,14,2,1,0,1,2,1
2026,2025-11-24,Tyrese Proctor,Cavaliers,G,20,8,3,1,1,0,1,1
2026,2026-01-30,Day'Ron Sharpe,Nets,C,18,16,9,1,0,0,2,2
2026,2026-03-17,Zeke Nnaji,Nuggets,F,9,2,2,0,1,0,0,2
2026,2026-02-26,Toumani Camara,Trail Blazers,F,36,16,5,2,2,0,1,1
2026,2025-11-12,Jeff Green,Rockets,F,3,3,1,0,0,0,0,0
2026,2026-04-09,Jabari Walker,76ers,F,4,2,1,1,0,0,0,0
2026,2026-03-14,Coby White,Hornets,G,26,18,4,2,1,2,0,1
2026,2025-12-01,Deandre Ayton,Lakers,C,28,12,9,1,1,0,0,2
2026,2025-11-30,Sidy Cissoko,Trail Blazers,G,21,5,2,1,0,1,0,3
2026,2025-11-26,Chet Holmgren,Thunder,C,29,12,9,2,1,1,1,3
2026,2025-11-05,Buddy Hield,Warriors,G,14,9,1,2,1,0,1,3
2026,2025-12-04,Nick Smith Jr.,Lakers,G,14,12,2,0,2,0,0,0
2026,2026-03-29,Killian Hayes,Kings,G,18,1,2,7,1,1,3,1
2026,2025-12-19,Darius Garland,Cavaliers,G,33,35,2,8,1,0,4,1
2026,2025-11-29,Ayo Dosunmu,Bulls,G,35,15,4,4,0,0,1,3
2026,2026-01-01,Quentin Grimes,76ers,G,38,19,7,2,1,3,0,3
2026,2025-12-14,Ryan Kalkbrenner,Hornets,C,21,7,3,0,1,3,2,1
2026,2026-02-19,Desmond Bane,Magic,G,32,17,4,2,2,1,0,2
2026,2026-04-01,MarJon Beauchamp,76ers,F,3,3,0,1,0,0,0,0
2026,2026-01-13,Jae'Sean Tate,Rockets,F,5,0,1,1,0,0,0,0
2026,2025-11-10,Klay Thompson,Mavericks,G,17,6,2,3,0,1,0,0
2026,2026-01-27,Ausar Thompson,Pistons,G,20,14,4,1,5,1,1,5
2026,2025-11-28,Dylan Harper,Spurs,G,15,11,0,3,3,0,0,0
2026,2025-11-02,Walter Clayton Jr.,Jazz,G,19,4,2,2,0,0,0,3
2026,2025-12-28,Russell Westbrook,Kings,G,26,13,5,4,2,0,6,1
2026,2026-03-01,AJ Johnson,Mavericks,G,22,6,4,4,1,0,1,1
2026,2026-04-12,Jordan Miller,Clippers,G,29,14,4,6,0,0,2,1
2026,2025-12-22,Brice Sensabaugh,Jazz,F,23,14,6,1,1,0,1,0
2026,2025-12-26,Pete Nance,Bucks,F,3,0,0,0,0,0,1,0
2026,2026-04-06,Nikola Jokic,Nuggets,C,43,35,14,13,5,2,6,2
2026,2026-03-30,Jaylen Brown,Celtics,G,40,29,10,9,1,0,6,3
2026,2026-03-04,Tyrese Martin,76ers,G,19,8,2,2,0,0,4,1
2026,2026-03-12,Olivier-Maxence Prosper,Grizzlies,F,27,9,8,2,3,0,1,2
2026,2026-04-09,Jalen Slawson,Pacers,F,29,12,7,5,1,0,0,0
2026,2026-02-08,TyTy Washington Jr.,Clippers,G,4,0,0,2,2,1,0,0
2026,2026-03-06,Rasheer Fleming,Suns,F,14,6,5,0,0,0,1,1
2026,2026-03-10,Drew Eubanks,Kings,F,14,4,4,1,1,2,1,1
2026,2026-03-30,De'Aaron Fox,Spurs,G,23,7,2,6,2,0,3,2
2026,2026-03-04,LaMelo Ball,Hornets,G,23,18,7,4,0,0,0,4
2026,2026-04-07,Drake Powell,Nets,G,40,11,4,1,2,1,1,1
2026,2025-10-31,Josh Hart,Knicks,G,15,0,1,1,0,0,1,2
2026,2026-01-20,Andrew Wiggins,Heat,F,30,19,3,2,1,1,2,1
2026,2025-11-05,Evan Mobley,Cavaliers,C,34,23,5,3,1,2,4,1
2026,2025-10-22,Michael Porter Jr.,Nets,F,25,12,4,5,0,0,0,2
2026,2025-10-29,Craig Porter Jr.,Cavaliers,G,22,7,2,4,0,0,1,1
2026,2026-01-06,Jaylen Clark,Timberwolves,G,12,2,4,0,0,0,0,1
2026,2026-01-09,Jamal Cain,Magic,F,5,0,1,1,0,0,1,0
2026,2025-12-18,Guerschon Yabusele,Knicks,F,11,3,3,0,0,0,2,2
2026,2026-01-15,Kyle Filipowski,Jazz,F,20,8,4,0,1,0,4,4
2026,2025-11-08,Julian Strawther,Nuggets,G,22,12,6,2,0,0,0,3
2026,2025-12-17,Jaden McDaniels,Timberwolves,F,37,13,7,6,1,1,1,6
2026,2026-02-11,Kentavious Caldwell-Pope,Grizzlies,G,26,5,3,2,2,0,0,0
2026,2026-02-11,Hugo Gonzalez,Celtics,G,9,0,2,0,0,0,1,1
2026,2025-11-22,Ausar Thompson,Pistons,G,28,6,2,1,2,1,0,3
2026,2026-03-21,Kel'el Ware,Heat,C,5,0,1,0,0,0,2,0
2026,2025-11-14,Mason Plumlee,Hornets,C,10,4,0,0,0,0,1,0
2026,2026-01-30,Jamir Watkins,Wizards,G,35,8,6,2,1,1,2,3
2026,2025-12-15,Jaden Ivey,Pistons,G,21,10,3,3,2,0,2,1
2026,2025-11-10,Rasheer Fleming,Suns,F,9,5,0,0,0,1,0,1
2026,2026-04-10,Alijah Martin,Raptors,G,12,3,0,2,0,0,3,2
2026,2026-03-22,Jamal Murray,Nuggets,G,31,22,2,7,1,0,2,4
2026,2025-10-24,Toumani Camara,Trail Blazers,F,33,19,7,2,3,0,1,4
2026,2026-02-04,Bogdan Bogdanovic,Clippers,G,12,2,1,1,0,0,3,0
2026,2025-11-03,Caris LeVert,Pistons,G,20,4,1,2,2,0,2,1
2026,2026-03-01,Malik Monk,Kings,G,16,10,1,2,0,0,1,0
2026,2026-02-24,Karl-Anthony Towns,Knicks,C,29,14,7,2,1,2,5,2
2026,2026-01-07,Kevon Looney,Pelicans,F,5,2,2,0,1,0,1,1
2026,2026-03-25,Devin Vassell,Spurs,G,26,19,7,4,1,0,0,0
2026,2026-03-08,Malik Monk,Kings,G,31,30,4,5,0,1,0,2
2026,2026-01-14,Adem Bona,76ers,C,11,6,2,0,1,0,1,0
2026,2026-03-29,Ethan Thompson,Pacers,G,10,3,1,0,0,1,0,2
2026,2025-12-14,Tyrese Proctor,Cavaliers,G,7,0,0,2,0,0,0,1
2026,2026-04-05,Derrick White,Celtics,G,35,10,6,6,1,0,1,1
2026,2025-11-28,Collin Gillespie,Suns,G,33,24,3,4,1,0,4,1
2026,2026-03-18,Marcus Smart,Lakers,G,34,5,3,4,2,0,1,2
2026,2025-12-18,Jalen Williams,Thunder,G,29,20,1,5,2,0,1,1
2026,2025-12-12,Michael Porter Jr.,Nets,F,34,34,4,3,0,0,4,3
2026,2025-11-04,Ja'Kobe Walter,Raptors,G,11,8,3,0,0,0,1,2
2026,2026-01-09,Santi Aldama,Grizzlies,F,29,15,7,7,0,0,1,1
2026,2026-03-30,Dru Smith,Heat,G,3,1,0,0,0,0,0,1
2026,2025-12-11,Devin Carter,Kings,G,21,15,1,4,0,0,2,1
2026,2026-03-03,Tristan da Silva,Magic,F,27,8,9,1,0,1,1,3
2026,2026-01-09,Jordan Goodwin,Suns,G,18,7,6,0,0,0,0,2
2026,2026-03-01,Saddiq Bey,Pelicans,G,29,14,6,2,0,0,0,0
2026,2026-03-02,Brandin Podziemski,Warriors,G,37,22,7,3,0,0,2,1
2026,2026-02-20,Xavier Tillman,Hornets,F,0,0,0,0,0,0,0,0
2026,2026-01-19,Justin Edwards,76ers,F,1,0,0,0,0,0,0,0
2026,2025-12-29,Rudy Gobert,Timberwolves,C,30,9,10,1,1,4,0,2
2026,2025-11-14,Bones Hyland,Timberwolves,G,0,0,0,0,0,0,0,0
2026,2026-02-06,Rudy Gobert,Timberwolves,C,33,12,16,2,3,2,0,2
2026,2026-04-07,Mike Conley,Timberwolves,G,21,8,2,3,3,0,3,3
2026,2025-11-20,Ivica Zubac,Clippers,C,32,14,19,0,0,0,1,2
2026,2026-02-11,Ziaire Williams,Nets,F,28,19,5,1,3,0,2,1
2026,2025-11-17,Naz Reid,Timberwolves,C,23,22,12,2,0,0,3,2
2026,2026-01-19,Jusuf Nurkic,Jazz,C,26,20,9,5,0,0,2,3
2026,2025-12-23,Asa Newell,Hawks,F,21,13,7,0,2,1,3,5
2026,2025-10-24,Paolo Banchero,Magic,F,36,11,6,1,0,0,3,3
2026,2026-01-18,Dennis Schroder,Kings,G,18,2,2,3,1,0,0,3
2026,2026-04-12,Obi Toppin,Pacers,F,18,21,2,2,0,0,2,1
2026,2026-02-12,Marvin Bagley III,Mavericks,F,20,7,4,0,1,0,0,3
2026,2025-10-28,VJ Edgecombe,76ers,G,40,14,6,4,1,0,2,5
2026,2026-04-10,Justin Edwards,76ers,F,16,2,1,1,0,0,1,1
2026,2025-11-24,Jamal Shead,Raptors,G,24,9,0,7,1,0,1,0
2026,2025-12-23,Gradey Dick,Raptors,G,12,2,1,1,2,0,1,1
2026,2025-12-20,Royce O'Neale,Suns,F,30,5,3,2,1,0,3,2
2026,2026-01-21,Gary Harris,Bucks,G,9,3,0,1,0,0,0,1
2026,2025-11-14,Trendon Watford,76ers,F,14,5,1,1,0,0,1,1
2026,2026-02-01,Kobe Brown,Clippers,G,3,2,1,2,1,0,1,0
2026,2026-03-14,Dominick Barlow,76ers,F,33,10,8,2,0,2,2,2
2026,2026-03-03,Jose Alvarado,Knicks,G,17,4,1,5,1,0,1,1
2026,2026-01-17,Landry Shamet,Knicks,G,14,5,1,0,0,1,1,1
2026,2026-01-06,T.J. McConnell,Pacers,G,18,7,0,6,2,1,2,0
2026,2026-01-16,Dorian Finney-Smith,Rockets,F,16,0,3,0,1,0,0,2
2026,2025-12-27,Drake Powell,Nets,G,18,7,1,2,1,0,0,3
2026,2026-02-19,Clint Capela,Rockets,C,9,0,4,0,0,0,0,1
2026,2026-01-30,Ausar Thompson,Pistons,G,29,7,8,2,6,0,2,3
2026,2025-10-24,Harrison Barnes,Spurs,F,34,7,1,5,1,2,0,2
2026,2026-03-26,Yves Missi,Pelicans,C,16,2,4,1,0,2,0,3
2026,2026-03-13,Scoot Henderson,Trail Blazers,G,30,25,5,3,0,1,5,2
2026,2026-03-10,Nic Claxton,Nets,C,21,2,4,4,0,0,1,1
2026,2025-12-05,Dru Smith,Heat,G,17,5,4,2,0,0,1,2
2026,2025-10-24,Devin Booker,Suns,G,28,18,3,7,0,0,3,2
2026,2026-03-06,Kris Dunn,Clippers,G,31,4,7,5,0,0,2,3
2026,2026-02-11,Devin Vassell,Spurs,G,28,8,4,2,0,0,2,1
2026,2025-12-18,Lindy Waters III,Spurs,F,4,0,0,0,0,0,0,0
2026,2026-01-09,Dorian Finney-Smith,Rockets,F,18,3,3,1,0,0,0,1
2026,2026-01-21,Larry Nance Jr.,Cavaliers,F,13,5,2,1,1,0,0,3
2026,2026-01-24,Dwight Powell,Mavericks,F,24,0,7,2,2,1,0,2
2026,2025-12-22,Klay Thompson,Mavericks,G,31,20,5,1,1,0,1,1
2026,2025-11-19,Norman Powell,Heat,G,28,25,6,3,1,0,1,3
2026,2026-02-11,Draymond Green,Warriors,F,30,17,12,8,0,0,2,4
2026,2026-04-10,Brooks Barnhizer,Thunder,F,33,14,9,2,2,0,2,3
2026,2026-03-14,Pete Nance,Bucks,F,15,3,1,2,0,0,1,3
2026,2025-10-27,Reed Sheppard,Rockets,G,24,15,4,8,1,0,2,1
2026,2026-01-07,AJ Green,Bucks,G,30,11,2,2,0,0,2,1
2026,2026-01-20,Keyonte George,Jazz,G,39,43,0,3,2,0,6,4
2026,2026-04-05,Kristaps Porzingis,Warriors,C,23,9,8,3,0,0,0,6
2026,2025-12-26,Nikola Vucevic,Bulls,C,29,7,7,1,0,1,0,2
2026,2026-01-29,Kon Knueppel,Hornets,G,36,34,4,3,1,0,0,0
2026,2025-12-23,Bismack Biyombo,Spurs,C,2,2,0,0,0,0,0,0
2026,2026-03-25,Kris Dunn,Clippers,G,24,0,5,4,2,1,1,2
2026,2025-11-02,Jevon Carter,Bulls,G,12,0,0,2,0,0,0,1
2026,2026-01-07,VJ Edgecombe,76ers,G,35,13,6,7,5,0,2,3
2026,2025-11-10,Cam Christie,Clippers,G,18,3,3,3,1,0,0,1
2026,2025-12-06,Simone Fontecchio,Heat,F,26,20,7,0,0,0,0,3
2026,2026-03-28,Devin Carter,Kings,G,18,2,2,1,0,0,2,1
2026,2025-12-18,Bennedict Mathurin,Pacers,G,38,16,8,2,2,0,2,1
2026,2026-01-27,Pete Nance,Bucks,F,2,2,0,0,0,0,0,0
2026,2025-12-20,Mason Plumlee,Hornets,C,7,0,1,1,1,0,0,0
2026,2026-03-27,Tyler Burton,Grizzlies,F,25,5,2,1,1,0,0,3
2026,2025-12-08,Joe Ingles,Timberwolves,F,0,0,0,0,0,0,0,0
2026,2026-03-03,Rayan Rupert,Grizzlies,G,25,13,6,1,1,1,0,5
2026,2025-12-05,Kelly Olynyk,Spurs,F,6,1,1,0,0,0,0,1
2026,2026-01-05,Kris Dunn,Clippers,G,33,16,3,6,1,0,4,5
2026,2026-04-04,Caris LeVert,Pistons,G,21,7,2,3,1,0,1,1
2026,2026-03-10,Gary Payton II,Warriors,G,22,12,11,2,2,0,1,3
2026,2025-11-07,Paolo Banchero,Magic,F,36,15,9,4,1,1,2,0
2026,2026-01-07,Jevon Carter,Bulls,G,2,0,0,0,0,0,1,0
2026,2026-03-15,Ryan Rollins,Bucks,G,37,20,2,7,3,0,3,2
2026,2025-10-22,Jordan McLaughlin,Spurs,G,8,2,0,1,1,0,0,1
2026,2026-03-05,Ronald Holland II,Pistons,F,12,10,5,0,0,0,0,2
2026,2025-12-12,Jaden Ivey,Pistons,G,19,10,2,4,2,0,1,4
2026,2026-01-03,Myron Gardner,Heat,F,5,7,1,2,0,0,0,0
2026,2025-12-18,Donovan Clingan,Trail Blazers,C,35,19,8,4,0,2,1,4
2026,2025-11-19,Jarace Walker,Pacers,F,26,9,4,0,0,0,2,2
2026,2025-10-29,Shaedon Sharpe,Trail Blazers,G,24,18,4,0,0,0,1,4
2026,2026-04-12,Jeremy Sochan,Knicks,F,20,12,6,5,0,0,0,4
2026,2026-04-12,Blake Hinson,Jazz,F,26,10,6,2,1,0,0,3
2026,2026-03-21,Sion James,Hornets,G,21,8,1,2,1,0,0,1
2026,2025-12-07,Tyus Jones,Magic,G,21,6,1,2,1,0,1,0
2026,2026-03-25,Luka Doncic,Lakers,G,38,43,6,7,1,0,5,5
2026,2026-01-02,Jarred Vanderbilt,Lakers,F,20,5,2,1,1,1,3,0
2026,2026-03-16,Trey Murphy III,Pelicans,F,33,17,7,7,2,1,2,2
2026,2025-11-18,Javonte Green,Pistons,G,29,9,3,1,2,0,2,0
2026,2026-01-28,Daniel Gafford,Mavericks,F,21,14,6,0,1,0,2,3
2026,2026-03-03,Scotty Pippen Jr.,Grizzlies,G,24,8,3,5,1,0,4,5
2026,2025-11-08,Kel'el Ware,Heat,C,23,9,12,1,1,3,2,2
2026,2026-01-16,Dominick Barlow,76ers,F,17,2,2,0,3,1,0,0
2026,2025-11-16,Ivica Zubac,Clippers,C,34,16,12,2,1,1,1,4
2026,2026-02-23,Killian Hayes,Kings,G,11,0,0,4,0,0,0,5
2026,2026-01-22,Alex Sarr,Wizards,C,36,15,8,4,1,1,0,1
2026,2025-11-12,Alex Sarr,Wizards,C,32,25,11,4,0,1,2,3
2026,2025-10-21,Jimmy Butler III,Warriors,F,35,31,5,4,1,0,1,4
2026,2026-02-20,Joan Beringer,Timberwolves,F,4,2,0,0,0,2,0,1
2026,2026-02-09,Kevin Porter Jr.,Bucks,G,36,28,4,7,1,0,3,5
2026,2026-03-27,Matas Buzelis,Bulls,F,34,15,9,0,0,1,1,2
2026,2025-11-02,Tyrese Proctor,Cavaliers,G,11,4,0,2,1,0,0,3
2026,2025-12-31,Ryan Rollins,Bucks,G,39,16,7,7,0,0,3,2
2026,2026-03-23,Jalen Wilson,Nets,F,31,11,4,1,1,0,0,4
2026,2026-03-13,RJ Barrett,Raptors,F,35,22,6,5,2,1,1,4
2026,2025-10-27,Hunter Sallis,76ers,G,1,0,0,0,0,0,0,1
2026,2026-01-26,Marcus Smart,Lakers,G,32,12,2,1,1,0,0,4
2026,2026-03-29,Doug McDermott,Kings,F,23,12,3,0,0,0,1,0
2026,2026-03-30,Onyeka Okongwu,Hawks,F,36,20,10,3,3,1,2,3
2026,2025-11-08,Nicolas Batum,Clippers,F,25,9,3,0,1,2,2,1
2026,2026-04-03,Kevin Durant,Rockets,F,30,25,5,6,0,2,3,2
2026,2026-03-29,Jordan Walsh,Celtics,G,34,3,7,2,1,0,0,2
2026,2026-02-21,Duncan Robinson,Pistons,F,24,17,3,2,0,0,1,4
2026,2025-11-08,De'Andre Hunter,Cavaliers,F,30,29,4,2,0,1,3,2
2026,2025-11-12,Bobby Portis,Bucks,F,23,14,8,1,0,0,2,3
2026,2026-03-09,Noah Clowney,Nets,F,20,10,3,3,1,1,3,1
2026,2025-10-22,Myles Turner,Bucks,C,29,11,8,5,0,3,1,3
2026,2026-01-03,Jalen Johnson,Hawks,F,37,30,7,9,0,0,4,1
2026,2026-02-07,Nae'Qwan Tomlin,Cavaliers,F,17,6,5,2,0,0,0,2
2026,2026-03-07,Zaccharie Risacher,Hawks,F,22,8,4,2,3,1,1,0
2026,2026-01-28,Anthony Black,Magic,G,37,26,7,5,4,2,0,3
2026,2026-01-09,Zach LaVine,Kings,G,30,15,3,3,0,0,2,2
2026,2026-04-06,Sidy Cissoko,Trail Blazers,G,8,0,1,0,0,0,0,1
2026,2026-01-02,Ja Morant,Grizzlies,G,31,16,3,11,2,0,3,1
2026,2025-11-03,Donte DiVincenzo,Timberwolves,G,30,25,9,5,0,1,0,4
2026,2026-01-03,Jabari Walker,76ers,F,9,4,3,0,0,0,0,1
2026,2026-03-03,Luka Doncic,Lakers,G,38,27,10,7,0,1,7,2
2026,2025-10-31,Nicolas Batum,Clippers,F,16,3,5,0,0,0,2,3
2026,2026-02-26,Jevon Carter,Magic,G,22,14,2,3,1,1,2,0
2026,2025-11-14,Quentin Grimes,76ers,G,32,9,1,5,1,1,2,1
2026,2025-12-22,Cam Spencer,Grizzlies,G,35,14,5,8,1,0,4,1
2026,2026-01-15,Jeremiah Robinson-Earl,Mavericks,F,22,12,7,0,2,0,1,1
2026,2025-12-15,Daniss Jenkins,Pistons,G,3,0,1,0,0,0,0,0
2026,2025-11-12,Tyrese Proctor,Cavaliers,G,23,12,2,2,0,0,0,4
2026,2025-12-01,Mouhamed Gueye,Hawks,F,23,1,1,0,3,1,0,0
2026,2026-01-28,Gabe Vincent,Lakers,G,25,11,3,1,0,0,2,1
2026,2026-03-01,Mohamed Diawara,Knicks,F,15,14,4,0,1,1,1,1
2026,2026-03-01,Killian Hayes,Kings,G,6,0,2,2,0,0,0,0
2026,2026-04-10,Marcus Sasser,Pistons,G,2,0,1,1,0,1,0,0
2026,2026-03-12,Julian Champagnie,Spurs,F,23,8,7,1,0,0,1,2
2026,2025-10-27,Pat Spencer,Warriors,G,1,0,0,0,0,0,0,0
2026,2025-11-02,Jordan McLaughlin,Spurs,G,19,3,3,4,2,0,0,1
2026,2025-11-30,Nae'Qwan Tomlin,Cavaliers,F,22,7,2,0,1,0,0,4
2026,2026-03-02,Nicolas Batum,Clippers,F,6,0,0,0,0,0,0,0
2026,2025-12-01,Myron Gardner,Heat,F,1,0,0,0,0,0,0,0
2026,2025-10-22,Naz Reid,Timberwolves,C,20,6,3,1,1,2,1,2
2026,2025-12-07,Trentyn Flowers,Bulls,F,4,4,1,0,0,0,1,1
2026,2026-01-13,Vit Krejci,Hawks,G,21,11,2,4,1,0,1,3
2026,2026-01-28,Jaren Jackson Jr.,Grizzlies,F,33,26,4,4,2,0,2,2
2026,2026-01-16,Kelly Oubre Jr.,76ers,G,26,12,2,1,1,0,1,3
2026,2025-11-08,Jay Huff,Pacers,C,15,4,6,1,0,4,1,4
2026,2026-03-01,DeAndre Jordan,Pelicans,C,11,2,2,1,0,0,1,1
2026,2025-12-18,Bub Carrington,Wizards,G,33,15,5,3,1,1,2,3
2026,2026-01-04,T.J. McConnell,Pacers,G,21,10,4,5,0,0,2,2
2026,2026-04-10,Derik Queen,Pelicans,C,39,25,11,4,1,3,2,1
2026,2025-10-29,Patrick Williams,Bulls,F,20,9,3,0,0,0,0,3
2026,2025-12-27,Pelle Larsson,Heat,G,27,16,4,7,0,1,0,2
2026,2026-01-30,Collin Murray-Boyles,Raptors,F,33,12,6,4,3,1,5,1
2026,2026-03-17,Jett Howard,Magic,G,20,3,2,1,1,0,0,1
2026,2026-02-12,Toumani Camara,Trail Blazers,F,29,14,8,3,1,1,4,5
2026,2026-02-11,Sam Hauser,Celtics,F,22,12,2,0,0,1,0,1
2026,2025-12-23,Marcus Smart,Lakers,G,30,14,3,6,0,0,1,3
2026,2025-12-29,Tre Jones,Bulls,G,21,11,2,4,0,0,1,1
2026,2025-10-31,Kawhi Leonard,Clippers,F,36,34,5,5,6,0,2,2
2026,2026-02-19,Anfernee Simons,Bulls,G,31,20,1,1,0,0,2,3
2026,2025-11-03,Kawhi Leonard,Clippers,F,37,27,4,4,4,2,2,1
2026,2026-02-25,Al Horford,Warriors,C,27,10,7,3,0,1,0,1
2026,2026-02-25,Jeff Green,Rockets,F,15,5,1,1,0,0,0,0
2026,2026-03-19,Keon Ellis,Cavaliers,G,27,8,2,3,3,1,4,4
2026,2025-11-30,Kyle Filipowski,Jazz,F,31,12,8,4,0,0,0,4
2026,2025-11-17,Immanuel Quickley,Raptors,G,31,15,10,4,2,0,3,3
2026,2026-01-30,Malik Monk,Kings,G,23,12,3,4,0,0,2,1
2026,2026-03-30,Kel'el Ware,Heat,C,13,5,6,2,0,0,1,2
2026,2026-03-23,Myles Turner,Bucks,C,20,7,0,0,1,1,2,3
2026,2026-03-23,Olivier-Maxence Prosper,Grizzlies,F,25,8,3,1,4,0,2,3
2026,2026-01-17,Cason Wallace,Thunder,G,22,9,6,3,0,0,1,1
2026,2025-11-24,Davion Mitchell,Heat,G,32,8,3,4,2,0,1,2
2026,2026-03-23,Ryan Nembhard,Mavericks,G,17,4,1,5,2,0,2,2
2026,2025-11-05,Keshad Johnson,Heat,F,9,0,2,0,1,0,1,2
2026,2026-02-19,Egor Demin,Nets,G,26,10,5,1,1,0,1,4
2026,2025-11-05,Al Horford,Warriors,C,27,0,7,2,2,0,1,2
2026,2026-04-10,Asa Newell,Hawks,F,8,2,2,1,1,1,0,0
2026,2025-11-16,Moussa Cisse,Mavericks,C,7,5,1,0,0,1,0,2
2026,2026-01-23,Cason Wallace,Thunder,G,30,10,5,1,2,0,0,3
2026,2026-01-09,Cedric Coward,Grizzlies,F,26,13,9,4,0,0,5,4
2026,2025-10-29,Ben Sheppard,Pacers,G,25,4,8,2,0,0,2,3
2026,2026-01-13,CJ McCollum,Hawks,G,27,25,1,3,1,0,2,2
2026,2026-02-03,Davion Mitchell,Heat,G,28,4,1,10,0,0,1,3
2026,2026-02-11,Nikola Jokic,Nuggets,C,34,26,15,11,0,0,9,2
2026,2026-01-26,Dean Wade,Cavaliers,F,29,6,7,2,1,1,1,1
2026,2026-03-23,Norman Powell,Heat,G,30,21,4,2,0,0,4,4
2026,2026-01-01,Davion Mitchell,Heat,G,33,8,1,11,2,1,5,1
2026,2025-12-22,Garrison Mathews,Pacers,G,1,2,0,0,0,0,0,0
2026,2025-12-14,Jericho Sims,Bucks,C,30,7,7,1,0,0,1,0
2026,2025-12-20,Anthony Davis,Mavericks,F,34,24,15,2,0,1,1,3
2026,2025-12-31,Spencer Jones,Nuggets,F,38,6,7,2,1,0,2,5
2026,2026-02-15,Devin Booker,Team Stars,G,9,2,5,2,0,0,1,0
2026,2026-04-07,Luke Kennard,Lakers,G,23,10,2,9,1,0,0,0
2026,2025-10-27,Zaccharie Risacher,Hawks,F,20,2,0,0,0,0,1,1
2026,2026-02-01,Payton Pritchard,Celtics,G,27,7,3,5,0,0,0,1
2026,2025-11-14,Moussa Diabate,Hornets,F,43,15,11,1,1,0,1,6
2026,2025-11-02,Collin Gillespie,Suns,G,22,15,2,4,1,1,2,1
2026,2026-04-06,Dominick Barlow,76ers,F,16,6,8,0,2,0,0,1
2026,2025-12-23,Jalen Duren,Pistons,C,32,23,13,4,0,2,1,3
2026,2026-03-23,Alperen Sengun,Rockets,C,37,33,13,10,2,2,2,4
2026,2026-03-20,Draymond Green,Warriors,F,22,0,5,6,1,1,4,2
2026,2026-01-12,Jaxson Hayes,Lakers,C,19,12,5,1,0,0,0,1
2026,2026-04-02,Harrison Barnes,Spurs,F,21,3,0,2,0,1,0,0
2026,2025-12-23,Cooper Flagg,Mavericks,F,40,33,9,9,1,1,2,1
2026,2026-01-24,Dominick Barlow,76ers,F,17,4,2,1,0,0,0,0
2026,2026-03-10,Ben Sheppard,Pacers,G,23,9,4,3,0,0,3,4
2026,2026-02-27,Nae'Qwan Tomlin,Cavaliers,F,15,2,2,0,1,1,0,2
2026,2026-04-12,DaRon Holmes II,Nuggets,F,4,0,1,0,0,2,1,0
2026,2026-02-03,Trayce Jackson-Davis,Warriors,F,3,0,0,0,0,0,0,0
2026,2025-11-13,Jusuf Nurkic,Jazz,C,28,10,10,8,5,1,6,4
2026,2025-11-23,Sandro Mamukelashvili,Raptors,F,27,12,4,2,1,0,1,4
2026,2026-01-07,Jalen Williams,Thunder,G,41,17,6,8,0,0,2,3
2026,2025-11-05,Davion Mitchell,Heat,G,31,10,3,9,0,0,3,3
2026,2026-03-31,A.J. Lawson,Raptors,G,19,13,3,0,1,0,1,0
2026,2025-12-27,Julius Randle,Timberwolves,F,34,13,3,11,2,0,3,3
2026,2025-12-21,Scottie Barnes,Raptors,F,34,6,6,1,1,2,3,2
2026,2026-01-26,Trayce Jackson-Davis,Warriors,F,20,8,4,1,2,0,2,3
2026,2025-12-30,Ja Morant,Grizzlies,G,34,40,2,3,2,0,4,0
2026,2025-12-25,Jaylen Clark,Timberwolves,G,5,2,0,0,0,0,0,0
2026,2025-12-08,Keldon Johnson,Spurs,F,17,12,6,2,0,0,0,3
2026,2026-02-02,Bennedict Mathurin,Pacers,G,34,25,4,5,0,0,0,2
2026,2026-03-01,Jalen Pickett,Nuggets,G,6,4,3,2,0,0,1,0
2026,2025-10-26,Dylan Harper,Spurs,G,29,20,6,8,2,0,0,4
2026,2026-01-26,Jrue Holiday,Trail Blazers,G,24,14,3,3,3,0,2,1
2026,2026-01-25,Gui Santos,Warriors,F,21,7,6,2,2,0,0,2
2026,2025-12-05,Royce O'Neale,Suns,F,19,0,2,2,1,0,1,1
2026,2026-01-08,Isaiah Collier,Jazz,G,18,7,1,6,0,1,4,0
2026,2025-11-04,Mouhamed Gueye,Hawks,F,18,5,3,0,0,3,0,2
2026,2026-04-10,Tyler Smith,Mavericks,F,19,6,2,1,1,0,0,0
2026,2026-01-27,Michael Porter Jr.,Nets,F,37,36,5,3,3,0,3,3
2026,2025-10-27,Xavier Tillman,Celtics,F,7,4,0,1,0,0,0,0
2026,2026-01-13,Rob Dillingham,Timberwolves,G,8,5,2,0,0,0,1,2
2026,2026-03-03,Immanuel Quickley,Raptors,G,33,13,3,12,2,0,2,2
2026,2025-12-22,Paolo Banchero,Magic,F,34,21,12,7,0,0,4,2
2026,2026-04-08,Paul Reed,Pistons,F,10,10,3,1,0,1,0,2
2026,2026-02-11,Jase Richardson,Magic,G,7,3,0,1,0,0,0,2
2026,2026-04-05,Isaiah Joe,Thunder,G,14,9,2,1,1,0,2,2
2026,2026-01-10,Pelle Larsson,Heat,G,16,4,3,0,0,1,1,2
2026,2026-01-27,Jonas Valanciunas,Nuggets,C,31,16,16,1,0,1,4,2
2026,2026-01-21,Jarace Walker,Pacers,F,29,19,3,2,2,0,0,2
2026,2026-01-17,Josh Green,Hornets,G,15,0,1,1,0,0,2,3
2026,2026-01-06,Vince Williams Jr.,Grizzlies,G,22,15,6,5,0,0,1,1
2026,2025-11-16,John Collins,Clippers,F,30,17,2,0,0,0,0,3
2026,2026-04-07,Clint Capela,Rockets,C,10,2,3,0,0,1,1,3
2026,2026-03-20,Derrick White,Celtics,G,36,14,5,3,2,1,1,1
2026,2025-10-29,Tristan da Silva,Magic,F,21,15,3,0,1,0,0,1
2026,2026-03-01,Nick Richards,Bulls,C,27,11,7,0,1,1,1,3
2026,2025-12-31,Branden Carlson,Thunder,C,20,12,7,1,0,1,2,1
2026,2026-02-11,John Collins,Clippers,F,35,12,6,1,1,0,1,1
2026,2026-03-13,Gui Santos,Warriors,F,35,17,3,8,1,0,1,4
2026,2026-02-09,VJ Edgecombe,76ers,G,33,11,6,3,0,2,4,3
2026,2026-01-15,Mikal Bridges,Knicks,G,35,21,1,3,0,0,0,2
2026,2026-02-22,Isaiah Livers,Suns,F,12,2,1,0,0,0,0,0
2026,2026-03-03,Julius Randle,Timberwolves,F,36,23,11,4,0,0,5,3
2026,2025-12-27,Jaden McDaniels,Timberwolves,F,33,16,3,4,1,0,2,4
2026,2026-02-22,Brandon Williams,Mavericks,G,22,15,1,7,2,1,2,0
2026,2026-02-08,Bub Carrington,Wizards,G,29,13,2,5,1,0,3,0
2026,2025-10-24,Svi Mykhailiuk,Jazz,G,24,9,4,0,0,0,2,1
2026,2025-12-23,Davion Mitchell,Heat,G,27,3,1,2,1,0,2,3
2026,2026-03-19,Duncan Robinson,Pistons,F,27,14,5,2,0,1,2,1
2026,2025-11-08,Jrue Holiday,Trail Blazers,G,35,18,9,13,4,0,3,3
2026,2026-01-07,Sidy Cissoko,Trail Blazers,G,16,0,2,1,1,0,0,6
2026,2026-01-18,Pat Connaughton,Hornets,G,6,3,1,3,0,0,0,0
2026,2026-03-25,Jarred Vanderbilt,Lakers,F,12,5,1,0,1,0,0,1
2026,2026-01-11,Cason Wallace,Thunder,G,26,3,4,2,1,0,1,1
2026,2025-11-11,Adem Bona,76ers,C,15,2,4,0,0,2,0,0
2026,2026-04-02,TyTy Washington Jr.,Clippers,G,5,0,1,0,0,0,0,1
2026,2025-11-29,Max Christie,Mavericks,G,20,3,2,1,0,0,0,0
2026,2026-03-16,Jordan Poole,Pelicans,G,18,4,1,2,0,2,1,3
2026,2025-10-29,Donovan Mitchell,Cavaliers,G,32,15,4,6,0,1,3,4
2026,2026-01-03,Dominick Barlow,76ers,F,14,5,2,0,0,1,2,4
2026,2025-12-14,Naz Reid,Timberwolves,C,35,20,11,3,2,1,2,4
2026,2026-02-09,Maxime Raynaud,Kings,C,38,21,19,1,1,0,1,0
2026,2025-11-29,Gradey Dick,Raptors,G,18,5,2,1,0,0,1,3
2026,2026-03-07,Tobias Harris,Pistons,F,34,18,10,0,1,0,3,4
2026,2026-03-18,Ayo Dosunmu,Timberwolves,G,27,23,9,6,3,0,1,3
2026,2025-12-21,Donte DiVincenzo,Timberwolves,G,33,18,5,4,2,0,3,2
2026,2025-12-20,Jase Richardson,Magic,G,23,10,1,3,0,0,1,4
2026,2026-03-24,Mohamed Diawara,Knicks,F,11,2,0,1,0,0,1,0
2026,2026-03-22,Robert Williams III,Trail Blazers,C,19,16,5,1,0,0,0,0
2026,2026-01-12,Kris Dunn,Clippers,G,21,0,2,0,0,0,0,0
2026,2025-11-09,Bobi Klintman,Pistons,F,6,0,0,0,0,0,1,1
2026,2025-10-29,Jaylen Wells,Grizzlies,F,29,9,3,1,2,0,0,2
2026,2026-03-21,Andrew Nembhard,Pacers,G,28,25,1,7,1,0,1,2
2026,2026-03-01,Dwight Powell,Mavericks,F,21,9,9,2,1,1,1,3
2026,2026-02-25,Sam Merrill,Cavaliers,G,34,14,5,2,0,0,3,3
2026,2025-11-11,Vince Williams Jr.,Grizzlies,G,24,14,9,6,0,0,5,0
2026,2025-11-15,Isaiah Joe,Thunder,G,21,3,5,1,2,0,1,0
2026,2026-02-07,Russell Westbrook,Kings,G,32,21,5,9,0,0,7,2
2026,2025-11-24,Mike Conley,Timberwolves,G,25,3,2,5,0,0,0,3
2026,2026-03-20,Landry Shamet,Knicks,G,22,3,3,1,2,1,0,1
2026,2025-10-22,Julian Champagnie,Spurs,F,25,5,4,2,1,0,0,1
2026,2026-01-19,Kasparas Jakucionis,Heat,G,14,3,2,1,0,0,3,0
2026,2025-12-08,Bones Hyland,Timberwolves,G,16,14,1,3,1,0,3,1
2026,2025-12-06,Anthony Davis,Mavericks,F,30,29,8,2,2,1,0,3
2026,2025-11-13,Luke Travers,Cavaliers,F,2,0,0,0,1,0,0,0
2026,2026-03-17,Victor Wembanyama,Spurs,F,22,18,8,3,0,1,0,2
2026,2026-04-07,Obi Toppin,Pacers,F,22,14,3,2,1,0,2,1
2026,2026-03-28,Ronald Holland II,Pistons,F,20,13,2,0,2,2,4,1
2026,2026-03-30,Chet Holmgren,Thunder,C,30,13,9,1,2,2,3,6
2026,2025-11-03,Mac McClung,Pacers,G,2,0,0,0,0,0,0,1
2026,2026-03-11,Oscar Tshiebwe,Jazz,C,15,2,1,1,1,0,2,1
2026,2025-11-16,Jalen Smith,Bulls,F,17,8,8,3,0,1,1,2
2026,2026-02-11,Duncan Robinson,Pistons,F,25,13,4,1,1,1,1,4
2026,2025-12-05,Goga Bitadze,Magic,C,20,8,8,1,0,1,0,5
2026,2025-12-14,Jalen Smith,Bulls,F,12,6,0,1,1,2,2,4
2026,2026-02-07,Jaylin Williams,Thunder,F,15,6,3,1,1,0,0,1
2026,2026-04-10,Malevy Leons,Warriors,F,12,7,2,0,2,0,0,1
2026,2026-02-09,Ty Jerome,Grizzlies,G,20,19,3,7,2,0,1,0
2026,2026-01-21,Daniss Jenkins,Pistons,G,27,17,1,4,2,2,5,3
2026,2026-04-05,Seth Curry,Warriors,G,13,6,0,0,1,0,1,0
2026,2026-02-24,Donovan Clingan,Trail Blazers,C,36,11,16,5,3,2,2,1
2026,2026-02-04,Ron Harper Jr.,Celtics,G,33,11,9,3,0,0,0,4
2026,2025-12-10,Gabe Vincent,Lakers,G,14,0,0,0,0,0,0,3
2026,2025-11-07,Jae'Sean Tate,Rockets,F,0,0,0,0,0,0,0,0
2026,2026-03-12,Stephon Castle,Spurs,G,35,30,11,10,0,0,2,3
2026,2025-12-22,Josh Green,Hornets,G,20,10,1,1,2,0,1,1
2026,2026-02-01,RJ Barrett,Raptors,F,28,21,6,4,0,1,3,2
2026,2026-01-25,Leonard Miller,Timberwolves,F,5,0,2,0,0,0,2,0
2026,2025-11-30,Lindy Waters III,Spurs,F,8,0,1,2,0,0,0,1
2026,2026-03-01,Luke Kornet,Spurs,C,11,2,3,1,0,0,3,2
2026,2026-03-18,Zion Williamson,Pelicans,F,28,14,4,3,0,1,2,2
2026,2025-12-09,Josh Hart,Knicks,G,36,21,6,4,2,0,3,0
2026,2026-01-10,Luke Kornet,Spurs,C,24,5,7,1,0,0,0,1
2026,2025-12-18,D'Angelo Russell,Mavericks,G,11,4,1,0,1,0,1,1
2026,2026-03-26,Killian Hayes,Kings,G,2,0,0,1,0,0,0,1
2026,2026-01-01,Nic Claxton,Nets,C,24,11,8,2,0,0,0,1
2026,2025-11-08,Justin Edwards,76ers,F,7,3,2,1,0,1,1,0
2026,2025-10-27,Jalen Smith,Bulls,F,7,0,3,0,0,0,2,3
2026,2025-12-31,Jevon Carter,Bulls,G,6,3,0,0,0,0,1,0
2026,2026-04-07,Devin Booker,Suns,G,39,31,4,8,0,0,3,1
2026,2025-11-24,Zeke Nnaji,Nuggets,F,15,6,6,0,0,1,2,2
2026,2025-12-11,Nique Clifford,Kings,G,28,2,4,0,0,0,4,2
2026,2025-12-22,Javonte Green,Pistons,G,24,6,5,1,2,0,0,3
2026,2025-11-07,Jamison Battle,Raptors,F,6,0,0,0,1,0,0,0
2026,2025-10-26,Duncan Robinson,Pistons,F,30,8,4,1,1,0,0,2
2026,2025-11-23,Deni Avdija,Trail Blazers,F,24,11,5,1,1,0,2,2
2026,2025-11-25,Jalen Johnson,Hawks,F,30,7,7,7,1,2,5,3
2026,2026-01-20,Domantas Sabonis,Kings,F,17,6,10,3,0,0,0,2
2026,2025-12-12,Dalen Terry,Bulls,F,14,2,1,1,0,0,1,1
2026,2026-02-24,Brandon Ingram,Raptors,F,35,15,6,6,0,0,2,2
2026,2026-02-21,Julian Champagnie,Spurs,F,28,8,4,3,1,0,0,2
2026,2025-12-23,Justin Edwards,76ers,F,20,4,2,0,1,0,1,2
2026,2026-01-12,Yanic Konan Niederhauser,Clippers,C,0,0,0,0,0,0,0,0
2026,2025-12-28,Kobe Sanders,Clippers,G,16,0,0,2,0,0,0,4
2026,2025-11-30,VJ Edgecombe,76ers,G,21,7,2,2,2,0,1,3
2026,2025-12-27,Dorian Finney-Smith,Rockets,F,16,3,3,2,1,1,0,0
2026,2026-01-24,Joel Embiid,76ers,C,36,38,11,5,0,1,4,2
2026,2025-10-24,Kris Murray,Trail Blazers,F,27,13,1,1,2,1,1,2
2026,2026-01-24,Jalen Smith,Bulls,F,27,14,9,0,0,0,0,3
2026,2026-04-03,Asa Newell,Hawks,F,5,5,1,2,0,0,0,1
2026,2025-11-24,Tosan Evbuomwan,Knicks,F,3,0,1,0,0,0,0,0
2026,2025-11-28,Vit Krejci,Hawks,G,21,14,2,3,2,0,1,0
2026,2025-11-01,Bobby Portis,Bucks,F,23,16,6,2,0,0,1,1
2026,2026-04-12,Leonard Miller,Bulls,F,35,17,7,2,0,1,3,3
2026,2026-01-18,Cedric Coward,Grizzlies,F,23,13,4,3,0,0,1,2
2026,2026-02-24,Aaron Wiggins,Thunder,G,17,8,1,1,0,0,4,1
2026,2026-03-24,Trey Murphy III,Pelicans,F,36,16,6,2,1,0,0,2
2026,2025-11-15,Nikola Jokic,Nuggets,C,37,27,12,11,2,1,6,4
2026,2025-12-23,Jamison Battle,Raptors,F,15,11,2,1,2,0,1,2
2026,2026-01-07,Danny Wolf,Nets,F,18,6,5,2,0,1,0,0
2026,2025-11-14,Stephon Castle,Spurs,G,36,13,9,6,1,1,4,5
2026,2025-12-28,Kris Murray,Trail Blazers,F,30,5,5,3,0,0,1,0
2026,2026-01-07,Rayan Rupert,Trail Blazers,G,18,0,3,1,1,0,0,0
2026,2026-01-29,Jared McCain,76ers,G,15,4,1,1,0,0,2,1
2026,2025-12-11,Caleb Love,Trail Blazers,G,22,9,1,4,0,0,2,0
2026,2025-11-29,Cooper Flagg,Mavericks,F,38,35,8,2,0,0,3,3
2026,2026-02-11,Ron Harper Jr.,Celtics,G,16,0,3,1,0,0,0,0
2026,2026-03-07,Luguentz Dort,Thunder,G,34,8,5,2,1,0,1,1
2026,2026-02-06,Herbert Jones,Pelicans,F,23,2,4,5,3,0,4,3
2026,2026-02-12,Rayan Rupert,Trail Blazers,G,16,2,4,0,1,0,2,1
2026,2025-12-05,Xavier Tillman,Celtics,F,3,2,0,0,0,0,0,0
2026,2025-11-23,Carter Bryant,Spurs,F,8,5,3,0,0,0,0,0
2026,2026-01-31,Pelle Larsson,Heat,G,33,22,7,4,5,0,2,2
2026,2026-01-05,Jimmy Butler III,Warriors,F,33,24,6,2,4,1,2,0
2026,2025-12-05,Onyeka Okongwu,Hawks,F,28,13,6,2,1,0,1,1
2026,2026-02-09,Quinten Post,Warriors,C,5,0,0,2,0,0,1,1
2026,2025-11-19,Nikola Vucevic,Bulls,C,34,27,8,2,1,1,3,2
2026,2025-12-04,Ziaire Williams,Nets,F,28,23,0,1,1,1,1,3
2026,2026-02-19,Brandon Miller,Hornets,F,34,17,4,7,1,0,3,1
2026,2026-01-04,Goga Bitadze,Magic,C,16,2,2,0,0,0,1,3
2026,2025-11-29,Nikola Jovic,Heat,F,10,2,2,1,0,0,5,1
2026,2026-02-07,Jabari Smith Jr.,Rockets,F,43,22,10,0,1,1,0,1
2026,2026-03-31,Max Strus,Cavaliers,G,23,11,3,1,0,0,0,4
2026,2026-02-20,Naji Marshall,Mavericks,F,33,15,5,3,3,0,3,2
2026,2026-01-11,Luke Kornet,Spurs,C,23,6,12,0,1,1,0,4
2026,2026-02-21,Dorian Finney-Smith,Rockets,F,21,2,3,0,0,0,2,6
2026,2026-04-08,Thanasis Antetokounmpo,Bucks,F,4,0,0,0,0,0,0,0
2026,2025-10-27,Evan Mobley,Cavaliers,C,30,15,11,5,1,3,2,3
2026,2025-10-28,Cason Wallace,Thunder,G,27,8,1,3,1,0,2,2
2026,2026-04-12,Mohamed Diawara,Knicks,F,34,5,4,6,1,0,2,1
2026,2026-04-07,E.J. Liddell,Nets,F,21,21,4,1,1,0,0,0
2026,2026-01-06,LeBron James,Lakers,F,33,30,8,8,2,1,1,2
2026,2025-11-01,Giannis Antetokounmpo,Bucks,F,32,26,11,8,1,1,1,3
2026,2025-12-16,Karl-Anthony Towns,Knicks,C,30,16,11,1,2,0,2,3
2026,2025-12-29,Nikola Jokic,Nuggets,C,19,21,5,8,0,0,2,1
2026,2025-11-12,Sam Merrill,Cavaliers,G,21,5,0,3,1,1,0,3
2026,2025-11-12,Precious Achiuwa,Kings,PF,20,10,5,2,0,0,0,0
2026,2026-03-19,Jabari Walker,76ers,F,6,0,1,0,0,0,0,2
2026,2025-12-21,Gary Harris,Bucks,G,11,0,0,0,0,0,0,1
2026,2025-11-10,Jose Alvarado,Pelicans,G,23,8,3,4,2,0,1,3
2026,2026-03-06,Khaman Maluach,Suns,C,20,4,4,1,0,5,2,2
2026,2026-02-19,Devin Carter,Kings,G,28,11,5,4,3,0,3,1
2026,2026-01-18,Donovan Clingan,Trail Blazers,C,37,21,17,3,0,1,1,1
2026,2025-11-26,Yang Hansen,Trail Blazers,C,1,0,1,0,0,0,0,0
2026,2025-10-24,AJ Green,Bucks,G,26,9,1,0,1,0,1,2
2026,2026-03-23,Tyrese Martin,76ers,G,4,2,1,0,0,0,0,0
2026,2026-01-31,Dominick Barlow,76ers,F,28,8,3,0,2,0,0,0
2026,2026-01-30,Immanuel Quickley,Raptors,G,33,13,7,6,1,0,1,5
2026,2026-01-16,Dennis Schroder,Kings,G,20,15,1,5,0,0,1,1
2026,2026-03-25,John Collins,Clippers,F,22,0,5,0,1,0,1,2
2026,2026-02-01,Jaden Ivey,Pistons,G,21,8,2,1,1,0,0,2
2026,2025-12-12,Josh Giddey,Bulls,G,34,26,7,11,1,0,3,2
2026,2026-02-23,Dorian Finney-Smith,Rockets,F,20,3,4,0,0,0,1,4
2026,2026-01-09,Dennis Schroder,Kings,G,20,15,3,3,1,0,1,1
2026,2026-02-01,Scottie Barnes,Raptors,F,34,14,9,4,2,4,4,3
2026,2026-02-28,Karlo Matkovic,Pelicans,F,25,8,6,5,1,2,1,4
2026,2026-01-11,Jimmy Butler III,Warriors,F,34,30,7,6,2,0,2,0
2026,2026-01-22,Donovan Clingan,Trail Blazers,C,27,7,8,2,0,1,1,1
2026,2025-12-10,Jamaree Bouyea,Suns,G,28,14,2,6,1,1,2,0
2026,2025-11-24,Nick Richards,Suns,C,22,4,11,0,0,1,3,1
2026,2026-01-14,Sam Merrill,Cavaliers,G,10,3,3,0,0,0,0,1
2026,2025-10-22,Dalen Terry,Bulls,F,6,0,0,0,0,0,0,0
2026,2026-01-31,Kelly Oubre Jr.,76ers,G,30,19,10,4,0,0,0,4
2026,2026-01-04,AJ Green,Bucks,G,32,1,5,1,1,0,1,3
2026,2026-03-31,Brandon Ingram,Raptors,F,31,22,1,0,0,0,1,2
2026,2026-03-29,Scottie Barnes,Raptors,F,28,23,5,15,3,0,2,1
2026,2025-11-07,Devin Vassell,Spurs,G,33,15,3,3,4,0,1,2
2026,2025-11-13,Evan Mobley,Cavaliers,C,35,7,9,3,1,0,1,2
2026,2025-10-24,Jamison Battle,Raptors,F,11,9,2,0,1,0,1,1
2026,2026-03-07,Kristaps Porzingis,Warriors,C,23,9,5,5,0,1,1,4
2026,2025-12-01,CJ McCollum,Wizards,G,36,28,4,5,1,0,0,1
2026,2026-04-12,Josh Green,Hornets,G,10,3,2,0,0,0,0,0
2026,2026-03-13,Kyle Filipowski,Jazz,F,25,11,6,5,3,0,1,1
2026,2025-12-29,Daniel Gafford,Mavericks,F,26,17,10,0,1,3,2,5
2026,2026-03-21,James Harden,Cavaliers,G,36,20,6,10,1,1,2,2
2026,2026-03-20,Julius Randle,Timberwolves,F,37,19,5,4,1,0,4,2
2026,2026-03-05,Bobi Klintman,Pistons,F,1,0,1,0,0,0,0,0
2026,2026-02-15,De'Aaron Fox,Team Stripes,G,6,2,1,2,0,0,0,0
2026,2026-04-01,Jakob Poeltl,Raptors,C,28,18,5,1,1,0,0,2
2026,2026-01-22,VJ Edgecombe,76ers,G,40,9,7,4,3,0,2,4
2026,2026-02-01,Lindy Waters III,Spurs,F,2,0,0,0,0,0,1,0
2026,2026-01-13,Bones Hyland,Timberwolves,G,21,23,2,5,1,0,0,2
2026,2025-11-07,Chris Youngblood,Thunder,G,8,0,0,0,0,0,0,2
2026,2026-02-11,Charles Bassey,76ers,C,5,2,0,0,0,1,0,0
2026,2026-03-09,Spencer Jones,Nuggets,F,16,6,5,0,0,0,0,2
2026,2025-11-15,RJ Barrett,Raptors,F,28,22,6,4,0,0,1,3
2026,2026-03-06,Blake Wesley,Trail Blazers,G,13,7,0,1,0,0,2,4
2026,2026-01-24,Payton Pritchard,Celtics,G,30,10,3,7,0,0,1,0
2026,2025-11-15,Thanasis Antetokounmpo,Bucks,F,3,0,1,0,1,0,0,0
2026,2026-02-02,Trey Murphy III,Pelicans,F,37,27,1,4,1,0,2,1
2026,2026-04-12,Asa Newell,Hawks,F,39,17,11,2,0,1,2,2
2026,2025-12-27,Johnny Juzang,Timberwolves,G,2,3,0,0,0,0,0,0
2026,2026-03-25,Marvin Bagley III,Mavericks,F,17,7,3,3,0,0,0,3
2026,2026-03-14,Harrison Barnes,Spurs,F,22,2,3,0,0,0,1,1
2026,2026-02-19,Tre Johnson,Wizards,G,19,10,6,2,0,0,0,1
2026,2026-04-07,Jordan Goodwin,Suns,G,25,11,4,2,2,0,1,2
2026,2026-01-24,Jarred Vanderbilt,Lakers,F,12,8,4,2,1,0,0,1
2026,2026-02-01,Duncan Robinson,Pistons,F,22,8,3,1,1,0,0,0
2026,2025-12-02,Neemias Queta,Celtics,C,21,8,6,0,0,0,0,0
2026,2025-12-22,Anthony Davis,Mavericks,F,35,35,17,2,1,1,4,4
2026,2026-03-12,Matas Buzelis,Bulls,F,35,22,6,1,2,2,2,2
2026,2026-04-08,AJ Johnson,Mavericks,G,17,4,1,3,1,0,0,0
2026,2025-11-29,Ryan Rollins,Bucks,G,31,10,2,4,4,0,2,1
2026,2025-12-02,Anthony Edwards,Timberwolves,G,47,44,5,4,0,1,3,4
2026,2026-02-20,Luka Doncic,Lakers,G,38,38,6,11,3,1,2,3
2026,2025-10-22,Derrick White,Celtics,G,35,25,3,4,1,1,0,1
2026,2026-03-19,Devin Booker,Suns,G,34,22,0,5,0,0,4,3
2026,2025-10-26,Ivica Zubac,Clippers,C,35,21,8,3,0,2,1,3
2026,2025-12-20,Alperen Sengun,Rockets,C,30,8,6,4,1,1,5,3
2026,2025-12-23,DeMar DeRozan,Kings,G,42,37,3,8,0,0,1,3
2026,2026-01-20,Clint Capela,Rockets,C,12,6,2,0,0,1,0,1
2026,2026-03-09,Kyle Filipowski,Jazz,F,25,19,15,5,2,1,4,1
2026,2025-12-12,Egor Demin,Nets,G,18,3,1,1,2,0,2,1
2026,2026-03-24,Herbert Jones,Pelicans,F,37,13,2,6,0,1,1,5
2026,2026-03-04,Walter Clayton Jr.,Grizzlies,G,27,12,2,8,2,0,3,4
2026,2025-12-30,Cody Williams,Jazz,F,13,2,0,0,0,0,1,1
2026,2026-02-15,Donovan Mitchell,Team Stripes,G,6,6,1,0,0,0,1,2
2026,2026-01-17,Derrick White,Celtics,G,25,7,5,12,3,1,1,1
2026,2026-02-19,Derrick Jones Jr.,Clippers,F,34,22,3,1,0,0,1,2
2026,2026-01-14,Brandon Williams,Mavericks,G,25,20,7,1,1,1,1,2
2026,2026-03-22,Bilal Coulibaly,Wizards,G,29,13,5,2,3,2,3,1
2026,2026-03-11,Evan Mobley,Cavaliers,C,32,18,13,4,0,2,0,5
2026,2026-01-01,DeMar DeRozan,Kings,G,35,25,5,6,1,0,0,2
2026,2026-02-20,Bryce McGowens,Pelicans,G,30,10,1,0,2,0,0,4
2026,2025-11-02,Tidjane Salaun,Hornets,F,3,0,0,0,0,0,0,0
2026,2025-11-28,AJ Green,Bucks,G,39,18,5,1,2,0,2,2
2026,2026-01-25,Jamaree Bouyea,Suns,G,13,5,2,0,0,0,2,2
2026,2026-03-23,Christian Koloko,Hawks,C,7,2,1,1,0,0,0,1
2026,2025-10-27,Immanuel Quickley,Raptors,G,32,15,3,7,3,0,0,2
2026,2025-12-06,Nae'Qwan Tomlin,Cavaliers,F,16,6,12,1,2,1,3,0
2026,2026-03-25,Klay Thompson,Mavericks,G,11,8,0,0,0,0,0,1
2026,2026-01-31,Mouhamed Gueye,Hawks,F,32,15,4,0,3,1,0,3
2026,2026-01-29,Dru Smith,Heat,G,23,11,5,5,3,0,1,2
2026,2025-10-26,Kon Knueppel,Hornets,G,35,20,6,2,1,0,2,2
2026,2025-11-19,Amen Thompson,Rockets,G,40,12,9,6,5,0,1,4
2026,2026-01-13,Amir Coffey,Bucks,G,9,10,1,0,2,1,1,0
2026,2026-03-06,Christian Braun,Nuggets,G,31,7,4,5,0,0,1,3
2026,2026-03-17,Jaden McDaniels,Timberwolves,F,37,16,7,4,3,1,0,5
2026,2025-11-28,Nicolas Batum,Clippers,F,23,2,1,0,2,2,1,3
2026,2025-10-27,Nick Smith Jr.,Lakers,G,20,2,3,3,0,1,2,2
2026,2025-10-22,Kris Dunn,Clippers,G,22,0,5,1,1,0,2,0
2026,2025-10-22,Kawhi Leonard,Clippers,F,29,10,4,2,1,1,2,2
2026,2026-01-28,Kyle Anderson,Jazz,F,22,6,5,6,0,1,1,3
2026,2025-11-12,Saddiq Bey,Pelicans,G,35,25,6,5,0,0,1,3
2026,2026-01-26,Josh Green,Hornets,G,21,12,2,4,1,0,2,1
2026,2026-02-08,Pacome Dadiet,Knicks,F,4,0,2,1,0,0,0,0
2026,2026-04-12,Jayson Kent,Trail Blazers,G,2,0,0,0,0,0,0,0
2026,2025-11-17,Bruce Brown,Nuggets,G,23,0,2,0,0,0,0,1
2026,2025-11-09,Alperen Sengun,Rockets,C,40,23,11,7,0,0,5,5
2026,2026-03-14,Neemias Queta,Celtics,C,31,24,10,3,1,2,2,2
2026,2026-03-19,De'Aaron Fox,Spurs,G,33,23,7,3,1,0,4,3
2026,2025-11-02,Riley Minix,Spurs,F,5,9,1,0,1,0,0,1
2026,2025-12-15,Ausar Thompson,Pistons,G,23,7,6,0,0,0,2,0
2026,2026-04-12,Maxime Raynaud,Kings,C,37,21,9,2,1,2,3,0
2026,2025-11-23,John Collins,Clippers,F,30,5,3,0,0,2,0,1
2026,2026-04-05,John Poulakidas,Mavericks,G,7,5,0,0,0,0,0,2
2026,2025-11-05,Lauri Markkanen,Jazz,F,40,25,4,0,2,0,2,2
2026,2026-03-01,Javonte Green,Pistons,G,18,3,8,1,0,0,1,2
2026,2026-03-05,Kasparas Jakucionis,Heat,G,21,11,6,3,2,0,4,2
2026,2026-03-13,Micah Potter,Pacers,C,4,2,1,0,0,0,0,0
2026,2026-02-26,Tyus Jones,Mavericks,G,12,1,2,4,0,0,0,0
2026,2026-01-12,Aaron Nesmith,Pacers,G,32,6,5,2,0,0,1,1
2026,2026-02-10,Mark Williams,Suns,C,25,13,9,1,0,0,0,0
2026,2026-03-31,Jake LaRavia,Lakers,F,38,14,7,0,1,0,1,2
2026,2026-02-06,Robert Williams III,Trail Blazers,C,19,13,7,2,0,3,2,2
2026,2026-02-19,Daniss Jenkins,Pistons,G,18,8,2,2,0,0,3,3
2026,2025-12-18,Kevin Love,Jazz,F,16,5,2,1,0,0,0,3
2026,2025-11-02,Julian Champagnie,Spurs,F,29,9,4,1,2,0,1,3
2026,2026-01-29,Chaz Lanier,Pistons,G,4,0,0,0,0,0,0,0
2026,2026-03-21,Olivier-Maxence Prosper,Grizzlies,F,27,10,7,1,1,0,1,1
2026,2026-02-20,Cam Thomas,Bucks,G,21,27,3,1,0,0,2,1
2026,2026-01-15,Hugo Gonzalez,Celtics,G,14,2,4,0,0,0,0,2
2026,2025-10-28,Chris Youngblood,Thunder,G,3,0,0,1,0,0,0,2
2026,2026-01-06,Naz Reid,Timberwolves,C,25,14,6,2,1,1,0,3
2026,2026-03-16,Jordan Hawkins,Pelicans,G,2,5,2,0,0,0,0,0
2026,2025-12-03,Max Christie,Mavericks,G,32,10,2,2,0,0,1,1
2026,2026-01-22,Klay Thompson,Mavericks,G,23,6,4,0,1,0,3,1
2026,2025-11-29,Mike Conley,Timberwolves,G,17,6,2,2,0,0,0,1
2026,2026-03-12,Kasparas Jakucionis,Heat,G,35,18,7,2,1,1,2,1
2026,2026-01-22,Nicolas Batum,Clippers,F,17,0,2,1,1,0,1,0
2026,2026-01-13,Nikola Vucevic,Bulls,C,37,14,7,5,1,2,0,3
2026,2026-03-03,John Poulakidas,Mavericks,G,14,0,5,2,0,0,1,2
2026,2026-03-18,De'Anthony Melton,Warriors,G,23,5,1,2,1,1,1,2
2026,2025-11-01,Nique Clifford,Kings,G,16,0,3,0,0,1,0,2
2026,2026-04-07,Blake Hinson,Jazz,F,11,10,1,3,1,0,1,0
2026,2025-10-22,Immanuel Quickley,Raptors,G,29,13,4,8,1,0,3,3
2026,2025-12-15,Gradey Dick,Raptors,G,15,10,2,0,2,0,1,2
2026,2025-11-22,Jamal Murray,Nuggets,G,37,23,2,9,1,1,1,2
2026,2025-12-22,Jaren Jackson Jr.,Grizzlies,F,32,11,3,1,2,1,0,2
2026,2026-01-16,De'Andre Hunter,Cavaliers,F,31,16,3,4,1,1,1,3
2026,2026-03-16,Khris Middleton,Mavericks,F,18,6,4,1,2,0,2,2
2026,2025-12-26,Jaden Ivey,Pistons,G,14,11,0,4,0,1,1,0
2026,2026-01-22,Paul George,76ers,F,37,10,6,4,3,1,1,5
2026,2026-03-21,Alex Caruso,Thunder,G,20,4,1,5,1,2,1,3
2026,2026-01-03,RJ Barrett,Raptors,F,30,29,4,1,1,0,3,2
2026,2026-03-09,James Harden,Cavaliers,G,29,21,5,5,0,1,2,1
2026,2026-01-29,Peyton Watson,Nuggets,G,34,19,2,3,0,2,0,1
2026,2025-10-24,Amen Thompson,Rockets,G,30,10,4,1,0,0,2,5
2026,2026-01-26,Shaedon Sharpe,Trail Blazers,G,34,9,5,3,1,0,3,3
2026,2025-12-19,Shai Gilgeous-Alexander,Thunder,G,37,35,5,7,2,2,3,3
2026,2026-04-08,Dariq Whitehead,Grizzlies,F,28,7,7,3,0,0,0,5
2026,2025-11-10,Jaime Jaquez Jr.,Heat,F,33,22,13,7,1,2,2,2
2026,2026-03-08,Paolo Banchero,Magic,F,29,33,5,3,0,1,1,1
2026,2026-03-23,Bam Adebayo,Heat,C,29,18,3,4,1,0,0,0
2026,2026-01-01,Ryan Nembhard,Mavericks,G,22,9,2,3,0,0,2,1
2026,2026-02-22,Jaden McDaniels,Timberwolves,F,34,19,6,2,1,3,3,3
2026,2025-11-24,Khaman Maluach,Suns,C,3,0,0,0,0,0,0,0
2026,2026-01-04,Luka Doncic,Lakers,G,39,36,9,8,0,1,3,2
2026,2026-01-25,Devin Vassell,Spurs,G,25,13,1,1,1,0,1,1
2026,2026-04-01,Wendell Carter Jr.,Magic,C,25,14,6,0,1,1,1,2
2026,2026-04-07,Ja'Kobe Walter,Raptors,G,27,9,7,3,0,0,0,4
2026,2025-10-30,Pelle Larsson,Heat,G,26,5,3,3,0,0,1,2
2026,2026-02-03,Jordan Goodwin,Suns,G,23,16,10,3,5,0,0,2
2026,2026-03-03,Bones Hyland,Timberwolves,G,12,6,2,0,0,0,3,5
2026,2025-10-25,Jaren Jackson Jr.,Grizzlies,F,25,17,2,1,0,0,1,3
2026,2026-02-24,Saddiq Bey,Pelicans,G,31,18,6,1,0,0,4,0
2026,2025-11-10,Patrick Williams,Bulls,F,25,5,2,0,4,0,3,2
2026,2026-02-28,Sandro Mamukelashvili,Raptors,F,16,7,3,0,1,0,1,2
2026,2026-01-20,Jalen Green,Suns,G,20,12,2,3,0,0,2,1
2026,2026-01-13,Jalen Pickett,Nuggets,G,29,16,0,3,0,0,0,1
2026,2025-12-27,Wendell Carter Jr.,Magic,C,38,18,7,4,0,0,0,6
2026,2026-02-02,Dominick Barlow,76ers,F,35,26,16,2,2,1,0,3
2026,2025-11-04,Jonathan Kuminga,Warriors,F,25,9,5,2,1,0,4,2
2026,2026-01-18,Deni Avdija,Trail Blazers,F,32,30,8,8,0,1,3,1
2026,2025-11-05,Nick Smith Jr.,Lakers,G,7,2,0,0,0,0,2,0
2026,2026-01-21,Pacome Dadiet,Knicks,F,7,0,0,1,0,0,0,0
2026,2026-03-13,Mikal Bridges,Knicks,G,30,11,4,0,0,0,1,1
2026,2025-12-19,Jordan McLaughlin,Spurs,G,10,4,3,0,0,0,1,0
2026,2025-11-23,Hunter Sallis,76ers,G,1,1,0,0,0,0,0,0
2026,2026-03-23,Mouhamed Gueye,Hawks,F,22,3,4,3,2,0,1,1
2026,2025-11-16,Al Horford,Warriors,C,20,6,2,6,2,0,1,0
2026,2026-01-11,Grayson Allen,Suns,G,24,12,7,2,1,1,1,2
2026,2025-12-14,Jarred Vanderbilt,Lakers,F,15,7,7,0,2,1,0,1
2026,2026-01-30,Shaedon Sharpe,Trail Blazers,G,28,26,3,3,1,0,3,1
2026,2025-12-18,OG Anunoby,Knicks,F,34,16,6,1,2,0,3,3
2026,2026-02-11,Nickeil Alexander-Walker,Hawks,G,40,10,3,4,1,2,3,4
2026,2025-12-08,Ryan Dunn,Suns,F,24,2,8,4,0,0,0,5
2026,2025-12-18,Herbert Jones,Pelicans,F,38,18,3,3,8,1,1,6
2026,2026-01-04,Jamal Cain,Magic,F,0,0,0,0,0,0,0,0
2026,2025-11-19,Jamison Battle,Raptors,F,3,2,0,0,0,0,0,1
2026,2025-12-23,Noah Clowney,Nets,F,28,13,1,1,2,1,2,5
2026,2025-10-22,Matas Buzelis,Bulls,F,34,21,6,1,0,3,3,3
2026,2025-12-12,Patrick Williams,Bulls,F,26,16,5,1,1,1,2,0
2026,2025-12-31,Tidjane Salaun,Hornets,F,17,6,1,1,1,0,0,0
2026,2026-04-07,Norman Powell,Heat,G,24,14,3,0,0,0,2,1
2026,2026-02-11,Kris Dunn,Clippers,G,37,16,2,6,1,0,1,5
2026,2026-03-04,Josh Green,Hornets,G,21,6,3,1,1,0,0,0
2026,2026-01-05,Gradey Dick,Raptors,G,18,11,3,0,1,0,1,2
2026,2025-10-25,Paolo Banchero,Magic,F,36,24,10,1,1,2,3,2
2026,2025-10-24,Alperen Sengun,Rockets,C,38,17,7,7,3,0,3,5
2026,2026-04-06,Bruce Brown,Nuggets,G,24,6,5,2,0,0,2,5
2026,2026-01-20,Dillon Brooks,Suns,F,30,6,5,1,1,1,2,1
2026,2026-03-01,Kevin Porter Jr.,Bucks,G,32,10,6,4,1,0,1,2
2026,2025-12-06,Justin Champagnie,Wizards,F,32,16,5,3,1,3,0,3
2026,2025-12-13,Harrison Barnes,Spurs,F,27,6,4,5,2,0,1,2
2026,2026-03-16,Jalen Smith,Bulls,F,27,13,5,0,0,0,1,2
2026,2025-11-04,Joel Embiid,76ers,C,26,20,6,2,3,4,3,2
2026,2026-01-07,Michael Porter Jr.,Nets,F,38,34,5,1,3,0,5,2
2026,2026-02-11,Payton Pritchard,Celtics,G,34,26,5,8,2,0,5,0
2026,2025-11-05,Reed Sheppard,Rockets,G,17,12,1,1,2,0,0,1
2026,2026-01-15,Jrue Holiday,Trail Blazers,G,21,12,4,4,3,0,1,0
2026,2026-01-10,Daniss Jenkins,Pistons,G,21,10,4,2,2,0,5,1
2026,2025-12-30,Adem Bona,76ers,C,26,4,6,2,1,2,0,2
2026,2026-02-09,Kenrich Williams,Thunder,G,4,0,0,0,1,0,0,0
2026,2026-01-11,Ja'Kobe Walter,Raptors,G,5,2,0,1,0,0,0,1
2026,2026-02-11,Desmond Bane,Magic,G,39,31,2,5,2,1,4,5
2026,2026-01-19,Trayce Jackson-Davis,Warriors,F,8,7,1,0,1,0,0,0
2026,2026-01-16,Tyrese Maxey,76ers,G,39,22,5,9,5,2,2,1
2026,2025-11-21,Bennedict Mathurin,Pacers,G,37,21,7,2,1,1,3,3
2026,2026-02-21,Jalen Brunson,Knicks,G,36,20,3,6,0,0,3,4
2026,2025-12-27,Mitchell Robinson,Knicks,C,18,6,9,1,2,1,0,1
2026,2026-04-12,Davion Mitchell,Heat,G,26,12,2,1,1,0,1,2
2026,2025-10-29,Deandre Ayton,Lakers,C,35,17,10,3,0,1,2,3
2026,2025-11-15,Sam Merrill,Cavaliers,G,27,13,4,1,1,0,2,4
2026,2026-04-01,Reed Sheppard,Rockets,G,37,27,4,6,2,0,0,0
2026,2026-04-12,Gui Santos,Warriors,F,17,7,7,2,0,0,1,3
2026,2026-02-22,Christian Braun,Nuggets,G,35,18,5,2,2,0,3,2
2026,2026-04-02,Herbert Jones,Pelicans,F,26,9,4,3,0,0,4,3
2026,2026-01-02,Pacome Dadiet,Knicks,F,2,0,1,1,0,0,0,0
2026,2026-01-15,Jordan Goodwin,Suns,G,32,7,12,3,3,1,1,5
2026,2025-12-29,Keaton Wallace,Hawks,G,12,9,0,2,1,0,2,0
2026,2026-01-05,Isaiah Joe,Thunder,G,22,5,4,1,2,0,0,2
2026,2025-12-12,Ryan Nembhard,Mavericks,G,21,0,2,5,0,0,3,1
2026,2025-11-08,Bradley Beal,Clippers,G,20,12,0,3,1,0,1,1
2026,2025-12-19,Zaccharie Risacher,Hawks,F,30,11,6,3,2,1,2,2
2026,2026-01-28,Norman Powell,Heat,G,28,22,2,1,0,1,3,5
2026,2026-02-01,Jake LaRavia,Lakers,F,23,5,2,2,1,1,2,3
2026,2026-03-06,Baylor Scheierman,Celtics,G,21,5,2,2,0,0,0,1
2026,2026-02-09,Kasparas Jakucionis,Heat,G,32,20,3,1,0,0,2,0
2026,2025-11-03,Kentavious Caldwell-Pope,Grizzlies,G,25,2,4,1,1,1,1,0
2026,2026-01-09,Josh Okogie,Rockets,G,12,4,5,2,1,0,1,0
2026,2026-01-18,Jaren Jackson Jr.,Grizzlies,F,30,17,5,0,1,2,2,3
2026,2026-04-05,Stephen Curry,Warriors,G,26,29,2,4,1,0,1,1
2026,2026-03-31,Kris Dunn,Clippers,G,20,3,2,2,1,1,1,0
2026,2026-03-19,Adem Bona,76ers,C,20,8,10,0,2,0,2,1
2026,2025-11-08,Jabari Walker,76ers,F,5,0,2,1,0,0,0,1
2026,2025-11-03,Corey Kispert,Wizards,F,15,15,0,4,0,0,1,2
2026,2025-10-28,Jimmy Butler III,Warriors,F,32,21,5,5,0,0,1,0
2026,2025-10-30,Jase Richardson,Magic,G,2,0,0,2,0,0,0,0
2026,2025-11-04,Stephen Curry,Warriors,G,34,28,4,3,1,1,2,3
2026,2025-12-12,Tobias Harris,Pistons,F,21,9,3,1,3,0,1,3
2026,2026-03-14,Darius Garland,Clippers,G,30,25,3,7,1,0,1,0
2026,2025-11-19,Dalen Terry,Bulls,F,17,6,3,5,3,1,1,1
2026,2026-03-17,Jaylon Tyson,Cavaliers,G,13,2,0,2,0,0,1,1
2026,2025-12-21,Onyeka Okongwu,Hawks,F,40,23,7,6,1,1,0,2
2026,2025-11-23,Nickeil Alexander-Walker,Hawks,G,39,23,5,4,1,1,1,4
2026,2026-02-05,Quentin Grimes,76ers,G,27,4,0,2,1,0,2,4
2026,2026-02-02,Bones Hyland,Timberwolves,G,17,3,1,3,0,0,0,2
2026,2025-12-22,Derrick White,Celtics,G,32,19,5,4,0,1,2,1
2026,2025-12-31,Dylan Harper,Spurs,G,16,2,2,0,1,0,1,2
2026,2026-02-09,Yves Missi,Pelicans,C,22,7,5,1,0,1,2,1
2026,2026-02-06,Derik Queen,Pelicans,C,33,17,8,3,0,1,0,4
2026,2026-04-06,Luke Kornet,Spurs,C,22,10,3,1,0,0,0,4
2026,2025-11-24,Jeff Green,Rockets,F,3,0,1,0,0,0,0,0
2026,2025-11-04,Derik Queen,Pelicans,C,18,12,8,7,4,0,3,3
2026,2025-10-31,Devin Booker,Suns,G,39,36,6,9,0,1,1,4
2026,2025-12-25,Darius Garland,Cavaliers,G,36,20,1,10,0,0,4,2
2026,2025-12-18,Jalen Pickett,Nuggets,G,24,9,3,7,0,0,0,0
2026,2026-04-02,Bones Hyland,Timberwolves,G,19,6,3,2,0,0,1,2
2026,2025-11-16,Jalen Wilson,Nets,F,2,3,0,0,0,0,0,0
2026,2025-12-12,Bennedict Mathurin,Pacers,G,30,7,5,2,0,1,1,3
2026,2026-03-11,James Harden,Cavaliers,G,37,30,5,8,0,0,4,1
2026,2025-12-20,Jalen Duren,Pistons,C,25,19,11,2,1,0,1,3
2026,2025-11-25,Justin Edwards,76ers,F,22,13,1,1,2,0,4,2
2026,2026-01-13,Jordan Goodwin,Suns,G,17,2,4,1,1,1,0,2
2026,2026-01-30,Stephen Curry,Warriors,G,25,23,1,2,0,1,4,0
2026,2026-04-10,Jonathan Kuminga,Hawks,F,23,15,5,1,2,0,0,1
2026,2026-04-12,Corey Kispert,Hawks,F,29,21,3,2,0,0,2,1
2026,2026-01-19,Tyrese Martin,Nets,G,15,9,1,1,1,0,0,0
2026,2025-10-27,Onyeka Okongwu,Hawks,F,29,18,10,2,1,1,0,2
2026,2026-03-28,Terrence Shannon Jr.,Timberwolves,G,25,8,3,3,0,0,0,2
2026,2025-12-02,Keldon Johnson,Spurs,F,28,11,6,4,0,0,1,3
2026,2026-01-29,Josh Green,Hornets,G,15,2,3,1,0,0,1,2
2026,2026-02-11,Jrue Holiday,Trail Blazers,G,30,23,5,5,0,0,6,3
2026,2026-02-04,Jose Alvarado,Pelicans,G,17,9,5,1,0,0,0,0
2026,2025-12-16,Mitchell Robinson,Knicks,C,18,4,15,2,1,2,1,3
2026,2026-02-24,Tyrese Proctor,Cavaliers,G,3,0,0,1,0,0,0,0
2026,2026-04-06,Ronald Holland II,Pistons,F,19,5,0,0,1,1,1,3
2026,2026-03-04,Sam Hauser,Celtics,F,25,3,7,1,0,0,0,2
2026,2026-02-02,Miles Bridges,Hornets,F,31,9,4,1,0,0,2,4
2026,2026-01-02,Tre Johnson,Wizards,G,28,12,5,1,2,0,2,1
2026,2025-11-14,Al Horford,Warriors,C,24,0,3,0,2,2,0,1
2026,2026-02-07,Guerschon Yabusele,Bulls,F,26,12,2,0,1,2,1,3
2026,2025-12-21,Russell Westbrook,Kings,G,29,21,13,4,2,0,4,3
2026,2026-02-06,Olivier-Maxence Prosper,Grizzlies,F,28,13,6,2,0,0,1,1
2026,2025-12-02,Rayan Rupert,Trail Blazers,G,6,0,0,0,0,0,0,1
2026,2025-12-18,KJ Simpson,Hornets,G,13,4,0,2,1,0,2,0
2026,2026-02-03,Jerami Grant,Trail Blazers,F,33,23,2,4,0,0,3,2
2026,2025-12-03,Jordan Clarkson,Knicks,G,21,6,3,2,1,0,1,1
2026,2025-11-29,Josh Minott,Celtics,F,16,5,4,0,1,0,1,1
2026,2026-01-26,VJ Edgecombe,76ers,G,26,9,6,1,1,0,2,4
2026,2026-01-12,Danny Wolf,Nets,F,19,3,4,1,1,1,0,2
2026,2026-01-09,Zeke Nnaji,Nuggets,F,21,12,3,0,0,0,3,1
2026,2026-03-15,Ayo Dosunmu,Timberwolves,G,33,18,4,0,0,0,2,1
2026,2025-12-22,Micah Peavy,Pelicans,G,5,0,3,1,0,0,0,0
2026,2026-01-07,Collin Sexton,Hornets,G,24,22,2,0,0,0,3,3
2026,2026-01-21,Gradey Dick,Raptors,G,19,11,1,0,2,0,1,3
2026,2026-03-13,Lachlan Olbrich,Bulls,C,0,0,0,0,0,0,0,0
2026,2025-11-16,Luke Kornet,Spurs,C,28,13,11,1,0,3,2,2
2026,2025-11-22,Anthony Black,Magic,G,29,11,1,4,3,1,1,4
2026,2026-01-01,Nique Clifford,Kings,G,16,0,2,1,3,0,1,2
2026,2026-01-10,Kevin Love,Jazz,F,15,2,5,0,0,0,1,1
2026,2026-01-23,Zeke Nnaji,Nuggets,F,37,11,12,2,0,2,2,5
2026,2025-12-02,Shaedon Sharpe,Trail Blazers,G,30,23,3,3,2,0,2,1
2026,2026-02-06,Sidy Cissoko,Trail Blazers,G,25,9,1,2,2,1,0,2
2026,2026-01-25,Jaylen Clark,Timberwolves,G,9,0,0,1,0,0,1,1
2026,2025-11-12,Derrick Jones Jr.,Clippers,F,20,8,4,4,1,2,2,2
2026,2025-12-18,Jamal Murray,Nuggets,G,36,32,2,3,1,0,1,2
2026,2025-12-14,Dominick Barlow,76ers,F,27,11,7,1,2,1,1,1
2026,2026-01-21,Nickeil Alexander-Walker,Hawks,G,33,11,2,4,1,2,2,2
2026,2025-11-02,Michael Porter Jr.,Nets,F,31,17,17,2,1,0,3,2
2026,2025-12-12,Stephen Curry,Warriors,G,32,39,5,5,0,0,2,3
2026,2025-12-14,Garrison Mathews,Pacers,G,19,8,1,2,1,0,0,3
2026,2026-03-23,Jaylen Wells,Grizzlies,F,20,4,2,2,0,0,0,2
2026,2025-10-27,Larry Nance Jr.,Cavaliers,F,18,3,4,2,0,1,1,5
2026,2025-12-18,Draymond Green,Warriors,F,30,7,6,3,2,2,5,2
2026,2026-03-03,Daniss Jenkins,Pistons,G,11,5,1,1,0,0,0,1
2026,2025-12-06,Jaden Hardy,Mavericks,G,7,0,0,0,0,0,0,0
2026,2026-03-31,Nolan Traore,Nets,G,23,10,5,4,0,0,4,3
2026,2025-11-01,Chris Boucher,Celtics,F,13,4,0,0,1,0,0,4
2026,2026-03-23,Elijah Harkless,Jazz,G,32,9,2,4,2,0,1,1
2026,2025-12-20,Jordan Miller,Clippers,G,2,0,0,0,0,0,0,0
2026,2026-02-24,Kyshawn George,Wizards,F,21,11,2,2,0,0,4,2
2026,2025-12-23,Kevin Love,Jazz,F,29,6,6,3,0,0,1,3
2026,2025-10-24,Isaiah Stewart,Pistons,F,17,4,4,0,0,2,1,6
2026,2026-03-06,Kevin Durant,Rockets,F,39,20,8,5,0,1,8,3
2026,2026-03-05,Ben Saraf,Nets,G,16,6,1,2,1,0,1,1
2026,2026-01-26,Mike Conley,Timberwolves,G,21,2,2,2,0,1,0,1
2026,2025-12-22,Tidjane Salaun,Hornets,F,21,2,3,1,0,0,0,2
2026,2026-02-10,Jalen Green,Suns,G,20,12,1,4,0,0,2,0
2026,2025-10-25,Cason Wallace,Thunder,G,26,3,3,3,3,1,1,3
2026,2025-12-03,Karl-Anthony Towns,Knicks,C,39,35,18,5,2,0,1,2
2026,2025-12-23,Josh Hart,Knicks,G,42,12,15,8,2,0,6,3
2026,2026-02-03,Cade Cunningham,Pistons,G,38,29,2,10,1,0,5,5
2026,2026-02-22,Ron Harper Jr.,Celtics,G,1,2,0,0,0,0,0,0
2026,2025-11-12,Dalen Terry,Bulls,F,10,1,1,1,1,0,1,0
2026,2026-03-31,Tristan da Silva,Magic,F,25,9,3,0,1,0,0,5
2026,2026-03-09,Nate Williams,Warriors,G,13,12,4,1,1,0,1,1
2026,2025-11-10,Donte DiVincenzo,Timberwolves,G,37,14,1,2,1,1,1,2
2026,2025-12-29,Craig Porter Jr.,Cavaliers,G,15,2,6,4,0,1,0,1
2026,2026-01-14,P.J. Washington,Mavericks,F,31,12,6,2,1,0,2,3
2026,2026-01-07,Isaiah Joe,Thunder,G,10,5,1,0,0,0,0,2
2026,2025-10-22,Dereck Lively II,Mavericks,C,10,4,2,3,0,0,1,5
2026,2026-02-25,Neemias Queta,Celtics,C,28,10,4,1,0,1,2,4
2026,2025-12-20,CJ McCollum,Wizards,G,39,28,5,6,0,0,0,3
2026,2025-11-21,Jordan Walsh,Celtics,G,24,9,6,0,1,0,1,1
2026,2026-01-15,Walter Clayton Jr.,Jazz,G,31,15,2,7,1,0,2,0
2026,2026-03-15,Jaden McDaniels,Timberwolves,F,16,2,1,1,0,0,2,4
2026,2025-11-04,Ousmane Dieng,Thunder,F,6,0,0,1,0,0,0,0
2026,2026-03-12,Drew Timme,Lakers,F,4,2,2,0,0,0,0,1
2026,2025-12-29,Brandin Podziemski,Warriors,G,20,7,2,2,0,0,1,1
2026,2026-03-09,Tim Hardaway Jr.,Nuggets,G,33,28,2,2,0,0,1,3
2026,2026-03-18,Sean Pedulla,Clippers,G,5,2,0,0,0,0,0,0
2026,2026-03-10,Josh Giddey,Bulls,G,43,21,13,17,0,0,5,4
2026,2026-02-07,Precious Achiuwa,Kings,PF,16,2,2,2,2,0,0,2
2026,2025-10-22,Taurean Prince,Bucks,F,22,11,1,2,1,0,0,2
2026,2025-11-30,Darius Garland,Cavaliers,G,31,21,3,8,0,0,4,1
2026,2025-11-24,Sidy Cissoko,Trail Blazers,G,28,3,1,2,1,0,1,1
2026,2025-10-27,Collin Murray-Boyles,Raptors,F,24,19,3,1,3,1,2,2
2026,2025-11-04,Nicolas Batum,Clippers,F,18,3,1,3,0,0,1,3
2026,2026-02-03,Anthony Black,Magic,G,28,10,6,3,1,2,2,2
2026,2025-12-23,Caleb Martin,Mavericks,F,25,9,4,3,2,0,2,1
2026,2026-01-31,Herbert Jones,Pelicans,F,31,5,1,5,0,0,1,1
2026,2026-02-03,Moritz Wagner,Magic,F,13,8,5,0,1,0,1,3
2026,2025-12-30,VJ Edgecombe,76ers,G,41,25,6,4,4,1,1,4
2026,2025-12-25,Marcus Smart,Lakers,G,29,6,2,1,1,0,1,1
2026,2026-02-24,Noah Clowney,Nets,F,33,22,5,0,1,1,0,3
2026,2026-03-17,Daniss Jenkins,Pistons,G,21,15,2,7,2,1,1,0
2026,2026-03-09,Drake Powell,Nets,G,27,9,3,2,0,0,1,1
2026,2025-12-02,Zach Edey,Grizzlies,C,30,19,15,1,1,1,2,5
2026,2025-11-21,Kevin Huerter,Bulls,G,10,3,2,0,1,1,1,1
2026,2026-04-01,Jamal Shead,Raptors,G,37,16,1,7,2,1,2,2
2026,2025-10-25,Jaylen Wells,Grizzlies,F,27,5,3,0,0,0,1,2
2026,2026-01-17,Julius Randle,Timberwolves,F,41,17,10,1,3,2,2,3
2026,2026-03-15,Dennis Schroder,Cavaliers,G,22,8,1,6,0,0,1,1
2026,2025-11-02,Shai Gilgeous-Alexander,Thunder,G,30,30,2,7,1,0,3,1
2026,2025-11-17,Chet Holmgren,Thunder,C,33,26,9,0,0,1,3,2
2026,2026-03-15,Maxime Raynaud,Kings,C,29,8,12,1,0,0,3,3
2026,2025-12-04,Jamir Watkins,Wizards,G,18,2,2,3,0,0,0,1
2026,2026-01-28,GG Jackson,Grizzlies,F,24,12,4,1,1,2,2,1
2026,2026-01-07,AJ Johnson,Wizards,G,20,6,4,2,0,0,1,0
2026,2026-01-17,Draymond Green,Warriors,F,27,20,3,6,0,0,3,4
2026,2026-04-08,Desmond Bane,Magic,G,30,18,4,6,1,0,4,3
2026,2026-01-16,Jamir Watkins,Wizards,G,26,6,2,0,2,0,2,3
2026,2025-10-29,Caleb Love,Trail Blazers,G,8,5,1,4,0,0,0,0
2026,2026-01-27,James Harden,Clippers,G,31,16,3,10,4,0,2,1
2026,2026-02-26,Bennedict Mathurin,Clippers,G,34,14,6,2,1,0,6,5
2026,2026-02-03,Pat Spencer,Warriors,G,26,13,4,3,1,0,5,1
2026,2026-04-08,Aaron Gordon,Nuggets,F,22,6,2,6,0,1,0,3
2026,2026-03-04,Brice Sensabaugh,Jazz,F,20,7,2,2,0,0,1,3
2026,2025-12-28,Jabari Walker,76ers,F,4,2,3,0,0,0,0,0
2026,2025-12-23,Nae'Qwan Tomlin,Cavaliers,F,4,2,0,0,1,1,0,0
2026,2026-04-05,Dariq Whitehead,Grizzlies,F,39,16,3,2,1,0,1,1
2026,2025-12-31,Asa Newell,Hawks,F,16,7,9,1,1,0,0,1
2026,2026-01-26,Grant Williams,Hornets,F,17,9,5,0,0,0,1,2
2026,2026-04-01,Lucas Williamson,Grizzlies,G,8,2,0,1,0,0,0,1
2026,2026-02-15,Jaylen Brown,Team Stripes,G,12,4,2,1,0,0,0,0
2026,2026-03-03,Deandre Ayton,Lakers,C,25,13,8,1,0,2,2,4
2026,2025-12-25,Zeke Nnaji,Nuggets,F,5,2,1,0,0,1,0,0
2026,2026-03-17,Russell Westbrook,Kings,G,25,5,1,10,0,0,0,0
2026,2025-12-18,Nickeil Alexander-Walker,Hawks,G,34,28,8,2,0,0,3,2
2026,2025-12-05,Caleb Love,Trail Blazers,G,12,0,2,0,0,0,1,1
2026,2026-02-06,Zach LaVine,Kings,G,18,6,2,4,1,1,0,1
2026,2026-04-10,Terrence Shannon Jr.,Timberwolves,G,28,23,0,1,0,0,0,2
2026,2026-04-12,Jaden Hardy,Wizards,G,16,6,1,3,0,0,0,5
2026,2026-02-07,Jamal Murray,Nuggets,G,31,28,3,11,0,0,3,1
2026,2025-11-30,Dylan Harper,Spurs,G,20,17,0,0,1,0,0,2
2026,2025-10-31,Jaxson Hayes,Lakers,C,23,2,7,5,0,1,0,1
2026,2025-12-03,Devin Vassell,Spurs,G,32,15,6,1,0,1,1,2
2026,2026-03-11,Yves Missi,Pelicans,C,19,6,10,2,0,2,1,1
2026,2026-03-01,Hugo Gonzalez,Celtics,G,13,2,4,0,0,0,0,1
2026,2026-01-02,Trayce Jackson-Davis,Warriors,F,24,7,9,3,1,1,1,3
2026,2025-12-29,Sandro Mamukelashvili,Raptors,F,23,13,4,1,1,1,0,2
2026,2026-04-10,Ayo Dosunmu,Timberwolves,G,26,15,0,4,0,0,1,1
2026,2026-03-10,Simone Fontecchio,Heat,F,22,18,6,1,1,0,1,3
2026,2025-11-21,Micah Peavy,Pelicans,G,13,4,1,0,1,1,0,5
2026,2026-02-19,DeMar DeRozan,Kings,G,19,13,3,6,0,0,0,1
2026,2026-01-10,Walter Clayton Jr.,Jazz,G,30,13,0,4,1,0,2,5
2026,2025-10-29,Nickeil Alexander-Walker,Hawks,G,32,18,3,3,2,3,1,1
2026,2025-12-28,Jared McCain,76ers,G,23,10,4,1,0,0,3,1
2026,2025-12-18,Aaron Holiday,Rockets,G,10,3,1,1,0,0,0,2
2026,2026-02-05,Harrison Barnes,Spurs,F,34,19,1,3,0,1,3,2
2026,2025-12-23,Tre Jones,Bulls,G,23,9,3,2,0,0,0,2
2026,2026-02-24,James Harden,Cavaliers,G,32,20,2,4,0,0,3,3
2026,2025-11-16,Rayan Rupert,Trail Blazers,G,5,0,3,0,0,0,0,2
2026,2025-12-03,Evan Mobley,Cavaliers,C,35,23,10,5,2,5,2,3
2026,2026-04-08,Shai Gilgeous-Alexander,Thunder,G,30,20,1,11,1,1,3,1
2026,2025-11-12,Donovan Clingan,Trail Blazers,C,27,9,10,0,0,3,3,3
2026,2025-10-27,Isaiah Livers,Suns,F,21,5,1,0,2,2,0,3
2026,2026-01-08,Liam McNeeley,Hornets,G,11,2,1,1,0,0,0,0
2026,2025-11-21,Dillon Brooks,Suns,F,37,22,5,1,2,0,3,6
2026,2025-11-10,Tre Mann,Hornets,G,18,6,2,5,0,0,2,1
2026,2026-02-03,Kam Jones,Pacers,G,36,12,6,8,0,0,1,1
2026,2026-03-03,Andre Drummond,76ers,C,5,2,3,0,0,0,0,3
2026,2026-03-12,Taylor Hendricks,Grizzlies,F,24,17,10,2,1,2,1,0
2026,2026-01-22,Dominick Barlow,76ers,F,21,7,5,3,2,0,1,3
2026,2025-11-26,Jose Alvarado,Pelicans,G,27,24,5,2,2,0,1,5
2026,2025-11-15,Vince Williams Jr.,Grizzlies,G,27,8,4,5,2,0,4,1
2026,2026-03-12,Ryan Nembhard,Mavericks,G,13,0,2,5,1,0,1,0
2026,2025-12-12,Luke Kennard,Hawks,G,15,0,0,3,0,0,0,0
2026,2025-11-28,Goga Bitadze,Magic,C,14,4,3,0,1,1,0,4
2026,2025-10-29,Devin Booker,Suns,G,36,32,4,3,1,1,3,2
2026,2026-03-14,Jaylen Brown,Celtics,G,31,16,4,3,1,0,3,1
2026,2026-01-05,Ausar Thompson,Pistons,G,20,10,7,1,2,0,3,1
2026,2026-02-01,Nolan Traore,Nets,G,17,5,1,2,0,1,4,3
2026,2025-12-03,Lonzo Ball,Cavaliers,G,24,3,7,2,2,0,0,1
2026,2026-01-22,Bam Adebayo,Heat,C,37,32,10,2,3,1,3,0
2026,2025-11-29,Noah Clowney,Nets,F,21,6,1,1,0,0,3,4
2026,2026-03-19,Trendon Watford,76ers,F,10,2,2,2,0,0,3,4
2026,2026-01-26,Luka Doncic,Lakers,G,38,46,7,12,0,0,3,2
2026,2026-03-18,DeJon Jarreau,Grizzlies,G,10,4,4,4,1,1,0,1
2026,2025-11-28,Zach Edey,Grizzlies,C,32,5,19,2,0,3,1,3
2026,2026-03-08,Russell Westbrook,Kings,G,35,23,11,12,1,0,0,2
2026,2025-11-07,Andrew Wiggins,Heat,F,36,22,4,4,1,1,2,1
2026,2025-11-18,Devin Booker,Suns,G,29,19,6,5,3,0,1,2
2026,2026-04-10,De'Anthony Melton,Warriors,G,28,17,4,3,1,0,2,2
2026,2026-04-10,Javonte Green,Pistons,G,15,6,2,0,1,0,0,0
2026,2026-03-16,Gary Payton II,Warriors,G,24,15,6,2,2,1,2,5
2026,2025-10-31,Julian Phillips,Bulls,F,6,0,0,0,0,0,0,0
2026,2026-04-01,Hugo Gonzalez,Celtics,G,0,0,0,0,0,0,0,0
2026,2025-12-01,Keyonte George,Jazz,G,37,28,4,8,1,0,6,5
2026,2026-01-29,Coby White,Bulls,G,32,14,4,8,2,0,3,5
2026,2025-11-02,Nikola Jovic,Heat,F,28,9,3,2,0,0,1,3
2026,2026-03-16,Jalen Suggs,Magic,G,28,8,6,5,1,1,3,1
2026,2026-02-07,Ace Bailey,Jazz,G,31,10,3,3,1,0,5,2
2026,2026-01-18,Malik Monk,Kings,G,26,23,1,2,0,0,1,0
2026,2025-11-12,Karlo Matkovic,Pelicans,F,14,5,3,1,0,1,0,1
2026,2025-12-31,Nikola Vucevic,Bulls,C,34,17,8,5,0,0,0,2
2026,2026-04-03,Nolan Traore,Nets,G,29,13,2,4,3,1,2,4
2026,2026-02-22,Kyle Kuzma,Bucks,F,18,3,4,1,0,0,1,0
2026,2026-04-10,Lucas Williamson,Grizzlies,G,48,13,13,3,4,0,1,3
2026,2026-02-03,Peyton Watson,Nuggets,G,38,17,3,2,2,3,3,3
2026,2026-03-27,Nae'Qwan Tomlin,Cavaliers,F,6,0,0,1,0,0,0,1
2026,2025-10-26,Victor Wembanyama,Spurs,F,36,31,14,4,3,6,2,3
2026,2026-02-07,Cody Williams,Jazz,F,14,0,2,0,1,0,1,3
2026,2026-01-16,Dylan Cardwell,Kings,C,19,8,9,1,0,0,1,5
2026,2026-03-24,Jamal Cain,Magic,F,32,17,6,3,0,0,0,1
2026,2026-03-08,Pascal Siakam,Pacers,F,32,22,6,5,2,0,2,2
2026,2025-11-09,Amen Thompson,Rockets,G,37,14,8,5,3,1,3,2
2026,2026-03-12,Desmond Bane,Magic,G,42,22,1,6,3,0,1,5
2026,2025-11-21,Cam Whitmore,Wizards,F,17,11,2,0,1,0,1,1
2026,2026-03-25,Dwight Powell,Mavericks,F,16,7,4,0,1,1,0,3
2026,2025-12-19,Zach Collins,Bulls,F,19,13,3,2,0,0,3,2
2026,2026-01-12,Brice Sensabaugh,Jazz,F,24,7,0,1,1,0,2,2
2026,2025-12-14,T.J. McConnell,Pacers,G,15,4,4,4,0,0,4,0
2026,2025-10-27,Harrison Ingram,Spurs,F,2,0,0,0,0,0,0,0
2026,2025-12-01,Bilal Coulibaly,Wizards,G,33,7,5,2,3,1,3,3
2026,2025-11-13,Monte Morris,Pacers,PG,10,2,1,1,0,0,0,0
2026,2025-11-14,Bobby Portis,Bucks,F,19,12,4,1,0,0,3,3
2026,2026-02-01,Dean Wade,Cavaliers,F,26,6,3,1,3,0,0,3
2026,2026-02-04,Ryan Rollins,Bucks,G,40,27,4,4,0,0,4,2
2026,2026-02-10,Luke Kornet,Spurs,C,10,6,5,1,0,2,0,1
2026,2025-11-19,Anthony Edwards,Timberwolves,G,36,18,2,2,2,1,1,2
2026,2025-11-05,Cam Spencer,Grizzlies,G,19,19,2,2,0,0,0,1
2026,2026-03-20,Jabari Smith Jr.,Rockets,F,35,23,9,2,2,0,2,1
2026,2026-03-01,Nickeil Alexander-Walker,Hawks,G,28,15,3,4,1,0,2,3
2026,2026-04-05,Grayson Allen,Suns,G,16,6,5,2,3,0,1,5
2026,2026-01-21,Javonte Green,Pistons,G,14,8,2,0,3,1,1,1
2026,2026-03-29,Chet Holmgren,Thunder,C,33,16,9,2,1,0,1,3
2026,2026-03-19,Caris LeVert,Pistons,G,20,14,5,6,1,0,2,2
2026,2026-04-03,Clint Capela,Rockets,C,13,2,4,1,1,2,0,0
2026,2026-02-02,Jock Landale,Grizzlies,C,28,4,6,2,0,0,0,2
2026,2026-02-11,Trendon Watford,76ers,F,25,6,4,4,1,0,3,2
2026,2025-10-27,Luguentz Dort,Thunder,G,32,6,5,1,0,0,0,3
2026,2026-01-19,Pat Spencer,Warriors,G,13,0,0,3,0,0,1,0
2026,2026-02-12,Austin Reaves,Lakers,G,28,18,4,6,0,0,2,2
2026,2025-11-11,Drew Eubanks,Kings,F,22,19,7,1,0,0,1,5
2026,2026-03-13,Jordan Goodwin,Suns,G,18,8,4,1,0,0,0,2
2026,2025-12-26,Bogdan Bogdanovic,Clippers,G,2,0,0,0,0,0,0,0
2026,2025-11-19,Coby White,Bulls,G,27,25,1,7,2,0,3,2
2026,2025-11-19,Bones Hyland,Timberwolves,G,10,2,3,2,0,0,0,1
2026,2025-10-29,Jalen Suggs,Magic,G,21,8,2,5,2,1,2,3
2026,2026-01-15,Mohamed Diawara,Knicks,F,1,0,0,0,0,0,0,0
2026,2026-01-28,Buddy Hield,Warriors,G,17,13,3,4,0,0,1,0
2026,2025-11-14,Steven Adams,Rockets,C,18,5,11,0,1,2,0,1
2026,2026-01-28,Marcus Smart,Lakers,G,24,2,3,0,1,0,1,2
2026,2026-01-05,Sandro Mamukelashvili,Raptors,F,23,12,6,3,0,0,1,0
2026,2026-03-08,Bam Adebayo,Heat,C,34,24,9,6,1,1,2,1
2026,2026-03-30,Mike Conley,Timberwolves,G,14,0,0,2,0,0,0,2
2026,2025-11-30,JD Davison,Rockets,G,5,0,0,0,0,0,1,1
2026,2026-02-09,Aaron Wiggins,Thunder,G,15,0,4,1,0,0,1,1
2026,2026-02-11,James Harden,Cavaliers,G,28,13,4,11,0,1,6,3
2026,2025-12-26,Luka Garza,Celtics,C,27,15,4,2,0,0,0,4
2026,2026-01-07,Andre Drummond,76ers,C,12,11,4,1,2,1,0,1
2026,2025-11-20,Kobe Sanders,Clippers,G,26,6,2,0,0,2,5,4
2026,2025-11-02,Jaylen Wells,Grizzlies,F,26,7,5,2,0,0,0,4
2026,2026-02-07,Brandon Williams,Mavericks,G,24,18,3,4,1,0,1,0
2026,2025-11-07,Daniss Jenkins,Pistons,G,5,3,1,0,1,0,0,0
2026,2026-02-15,Kawhi Leonard,Team Stripes,F,12,1,1,1,0,0,1,0
2026,2026-03-09,Bennedict Mathurin,Clippers,G,36,28,7,1,1,0,2,1
2026,2026-04-08,Dylan Harper,Spurs,G,33,13,6,4,2,2,4,2
2026,2025-12-29,Kevin Porter Jr.,Bucks,G,38,15,5,11,2,1,1,1
2026,2026-03-15,Pete Nance,Bucks,F,3,0,0,0,0,0,0,0
2026,2026-03-16,Jrue Holiday,Trail Blazers,G,27,11,9,5,1,0,2,1
2026,2026-01-05,Al Horford,Warriors,C,16,5,5,0,1,0,0,1
2026,2026-02-09,Isaiah Hartenstein,Thunder,C,22,10,9,6,3,0,2,1
2026,2026-03-20,Tyler Kolek,Knicks,G,0,0,0,0,0,0,0,0
2026,2025-10-27,Alperen Sengun,Rockets,C,30,21,6,6,1,0,3,0
2026,2026-02-04,Jericho Sims,Bucks,C,28,8,6,4,0,0,0,1
2026,2026-01-05,Toumani Camara,Trail Blazers,F,35,15,4,3,1,0,3,2
2026,2026-02-04,Xavier Tillman,Celtics,F,2,0,0,0,0,0,0,0
2026,2026-01-25,Victor Wembanyama,Spurs,F,31,16,16,0,0,4,3,3
2026,2026-03-14,Ryan Rollins,Bucks,G,31,22,3,8,0,2,1,1
2026,2026-02-24,Jericho Sims,Bucks,C,29,8,10,5,0,0,2,4
2026,2025-12-01,Nikola Jokic,Nuggets,C,37,29,20,13,1,2,2,2
2026,2025-11-12,Derik Queen,Pelicans,C,38,26,7,4,0,0,1,3
2026,2025-12-21,Terrence Shannon Jr.,Timberwolves,G,12,11,0,0,1,0,0,1
2026,2026-02-19,Xavier Tillman,Hornets,F,0,0,0,0,0,0,0,0
2026,2026-04-08,Max Strus,Cavaliers,G,21,8,2,2,0,0,1,1
2026,2026-01-08,Collin Sexton,Hornets,G,18,11,0,5,2,0,3,4
2026,2025-12-31,Will Richard,Warriors,G,17,5,2,3,1,0,2,3
2026,2025-11-11,Jimmy Butler III,Warriors,F,22,12,3,2,3,0,1,0
2026,2025-10-27,Ron Harper Jr.,Celtics,G,1,0,0,0,0,0,0,0
2026,2025-11-08,Donovan Mitchell,Cavaliers,G,35,29,6,6,1,0,2,2
2026,2026-03-08,Ben Sheppard,Pacers,G,17,3,1,0,0,0,0,2
2026,2026-02-10,Cam Christie,Clippers,G,5,0,2,0,1,0,0,0
2026,2025-12-31,Mike Conley,Timberwolves,G,14,2,2,0,0,0,0,1
2026,2026-02-10,Isaiah Jackson,Clippers,F,5,5,1,0,0,0,0,0
2026,2026-04-12,Adou Thiero,Lakers,F,12,8,4,2,0,0,2,2
2026,2025-12-14,Kevin Huerter,Bulls,G,24,16,3,0,4,0,3,1
2026,2026-04-10,Kon Knueppel,Hornets,G,29,10,4,1,0,0,3,1
2026,2026-01-25,Gradey Dick,Raptors,G,21,10,3,1,0,0,1,2
2026,2025-10-22,Jaylen Brown,Celtics,G,36,25,6,4,0,0,2,4
2026,2025-10-24,Rudy Gobert,Timberwolves,C,28,2,7,2,0,0,1,3
2026,2026-02-11,Paolo Banchero,Magic,F,39,17,4,2,0,0,0,1
2026,2025-11-11,Julian Strawther,Nuggets,G,3,0,1,0,0,0,0,0
2026,2025-11-17,Herbert Jones,Pelicans,F,26,5,2,1,1,0,4,3
2026,2026-03-30,LeBron James,Lakers,F,33,21,10,12,0,1,4,0
2026,2025-11-24,Immanuel Quickley,Raptors,G,33,11,6,7,1,0,2,1
2026,2025-12-29,Gradey Dick,Raptors,G,15,15,1,0,1,0,0,2
2026,2025-12-25,Nikola Jokic,Nuggets,C,43,56,16,15,0,2,5,2
2026,2026-02-22,Quentin Grimes,76ers,G,28,19,3,7,1,0,1,2
2026,2026-01-11,Karl-Anthony Towns,Knicks,C,28,20,11,3,0,2,2,4
2026,2026-01-02,Kenrich Williams,Thunder,G,12,2,3,3,0,0,0,1
2026,2025-12-05,Anfernee Simons,Celtics,G,16,8,4,2,0,0,0,2
2026,2026-03-19,Kyle Lowry,76ers,G,9,0,0,0,0,1,1,1
2026,2026-01-23,Jamison Battle,Raptors,F,9,3,0,0,0,0,1,2
2026,2025-11-09,Al Horford,Warriors,C,18,12,4,1,0,3,2,1
2026,2026-02-28,Sion James,Hornets,G,14,3,0,0,1,0,0,0
2026,2025-11-26,Donte DiVincenzo,Timberwolves,G,31,11,5,2,1,0,2,2
2026,2026-03-02,Jalen Pickett,Nuggets,G,19,8,1,1,0,0,0,0
2026,2026-02-01,Brook Lopez,Clippers,C,21,8,1,3,0,1,0,3
2026,2025-11-24,Isaiah Jackson,Pacers,F,24,9,4,0,0,0,0,2
2026,2026-03-12,Marcus Sasser,Pistons,G,23,6,0,3,0,0,1,1
2026,2026-02-03,VJ Edgecombe,76ers,G,40,25,7,7,2,0,2,1
2026,2026-02-03,Tobias Harris,Pistons,F,34,11,6,3,0,0,2,3
2026,2026-01-04,Tre Johnson,Wizards,G,27,13,3,3,1,0,2,3
2026,2025-11-14,Jerami Grant,Trail Blazers,F,29,13,2,3,0,0,1,3
2026,2026-03-13,Kevin Durant,Rockets,F,40,32,6,5,1,1,1,0
2026,2025-11-29,Kyle Kuzma,Bucks,F,22,11,1,3,3,0,1,2
2026,2026-01-15,Ryan Kalkbrenner,Hornets,C,15,9,6,1,0,0,1,1
2026,2025-12-18,T.J. McConnell,Pacers,G,18,8,5,5,1,1,2,1
2026,2025-10-27,Kristaps Porzingis,Hawks,C,26,27,2,2,0,0,1,1
2026,2026-01-03,Vit Krejci,Hawks,G,23,13,2,2,2,0,1,5
2026,2025-12-30,Bronny James,Lakers,G,4,0,0,2,0,0,0,0
2026,2025-12-07,Santi Aldama,Grizzlies,F,28,22,7,1,2,0,0,1
2026,2026-04-12,Max Shulga,Celtics,G,18,3,3,0,1,0,1,4
2026,2026-02-05,Kyshawn George,Wizards,F,18,8,3,3,0,0,1,2
2026,2026-01-21,Baylor Scheierman,Celtics,G,14,5,2,1,1,0,1,0
2026,2026-03-21,Isaiah Jackson,Clippers,F,15,10,6,2,0,1,1,4
2026,2025-11-22,Miles Bridges,Hornets,F,30,19,3,2,0,1,0,0
2026,2025-12-14,Rui Hachimura,Lakers,F,31,3,7,1,2,0,0,3
2026,2026-01-30,Bronny James,Lakers,G,5,4,0,1,0,0,0,0
2026,2026-04-10,Aaron Wiggins,Thunder,G,25,13,3,3,3,0,0,2
2026,2026-01-27,Nigel Hayes-Davis,Suns,F,7,1,1,0,0,1,0,1
2026,2026-03-17,Cade Cunningham,Pistons,G,5,6,2,0,1,0,1,1
2026,2025-11-10,Daniel Gafford,Mavericks,F,23,7,8,3,1,0,1,4
2026,2026-02-06,Anthony Edwards,Timberwolves,G,37,35,5,4,0,2,1,1
2026,2025-12-08,Jordan Hawkins,Pelicans,G,4,0,0,0,0,0,1,0
2026,2025-12-02,Adem Bona,76ers,C,22,4,5,0,0,1,0,4
2026,2026-02-05,Danny Wolf,Nets,F,22,13,6,2,0,1,1,2
2026,2026-03-18,Aaron Wiggins,Thunder,G,34,17,7,3,2,0,3,1
2026,2025-11-28,Wendell Carter Jr.,Magic,C,32,8,11,3,1,1,3,5
2026,2026-02-03,Ronald Holland II,Pistons,F,15,7,4,0,1,1,0,2
2026,2026-01-11,Russell Westbrook,Kings,G,34,15,6,10,1,0,3,1
2026,2026-03-22,Neemias Queta,Celtics,C,27,4,10,1,2,0,0,1
2026,2026-01-03,Brook Lopez,Clippers,C,13,6,1,0,0,0,1,0
2026,2025-11-03,Robert Williams III,Trail Blazers,C,15,6,3,2,1,0,0,2
2026,2025-12-26,Kyle Filipowski,Jazz,F,11,2,4,0,1,0,1,0
2026,2026-01-30,Cam Spencer,Grizzlies,G,24,16,1,3,0,0,1,0
2026,2025-12-05,Naji Marshall,Mavericks,F,27,18,1,2,1,0,0,3
2026,2026-01-05,Sam Hauser,Celtics,F,21,9,1,1,1,0,0,2
2026,2026-02-28,Vit Krejci,Trail Blazers,G,26,4,1,2,2,0,0,6
2026,2026-02-06,Kobe Sanders,Clippers,G,18,1,5,3,0,2,3,3
2026,2026-01-21,Jaylon Tyson,Cavaliers,G,31,14,7,4,1,0,2,3
2026,2026-02-21,Kel'el Ware,Heat,C,19,11,15,0,1,0,0,0
2026,2026-04-06,Keldon Johnson,Spurs,F,25,13,9,1,2,1,1,1
2026,2026-03-18,Josh Minott,Nets,F,17,9,1,2,3,0,1,1
2026,2025-11-03,Jake LaRavia,Lakers,F,36,11,5,6,3,0,1,3
2026,2026-03-15,Cooper Flagg,Mavericks,F,33,27,6,10,0,2,3,4
2026,2025-11-19,Davion Mitchell,Heat,G,24,5,1,6,0,0,0,4
2026,2025-12-28,Immanuel Quickley,Raptors,G,38,27,4,7,1,0,5,1
2026,2026-01-06,Nique Clifford,Kings,G,14,3,1,0,0,1,2,2
2026,2025-10-31,Saddiq Bey,Pelicans,G,22,8,4,1,0,0,0,0
2026,2025-12-29,LaMelo Ball,Hornets,G,29,26,2,7,1,0,6,2
2026,2026-01-28,Gradey Dick,Raptors,G,16,11,3,0,1,0,1,0
2026,2026-03-25,Jalen Wilson,Nets,F,23,15,3,2,0,0,1,2
2026,2025-12-26,Royce O'Neale,Suns,F,25,3,2,3,0,0,0,3
2026,2025-12-29,Leonard Miller,Timberwolves,F,6,3,2,0,0,0,1,0
2026,2025-10-28,Kawhi Leonard,Clippers,F,31,18,6,1,1,0,1,0
2026,2025-12-21,Dylan Cardwell,Kings,C,21,2,4,0,0,2,0,4
2026,2026-01-09,DeMar DeRozan,Kings,G,35,24,2,3,3,0,0,1
2026,2025-12-23,Vit Krejci,Hawks,G,29,19,3,2,1,0,1,1
2026,2026-04-10,Julian Reese,Wizards,F,37,10,6,3,2,1,0,2
2026,2026-01-15,Myles Turner,Bucks,C,23,5,3,3,0,0,0,1
2026,2025-10-25,PJ Hall,Grizzlies,C,2,0,0,0,0,0,1,0
2026,2026-03-22,Tyler Kolek,Knicks,G,5,11,1,1,0,0,0,0
2026,2026-01-17,Cade Cunningham,Pistons,G,21,16,3,5,0,0,2,3
2026,2025-12-02,Isaiah Joe,Thunder,G,18,9,3,3,0,0,2,3
2026,2026-03-20,Will Richard,Warriors,G,28,11,1,0,1,0,2,3
2026,2026-01-14,Michael Porter Jr.,Nets,F,32,20,7,1,0,0,2,2
2026,2026-01-22,Coby White,Bulls,G,30,22,4,4,0,0,4,2
2026,2026-02-07,GG Jackson,Grizzlies,F,30,11,8,2,1,2,0,1
2026,2025-12-27,Peyton Watson,Nuggets,G,35,15,5,0,2,0,1,1
2026,2025-11-19,Donte DiVincenzo,Timberwolves,G,36,12,5,6,1,0,2,3
2026,2025-10-24,Amir Coffey,Bucks,G,3,0,0,0,0,0,1,0
2026,2025-11-11,Moses Moody,Warriors,G,20,10,0,0,1,1,1,0
2026,2025-10-27,Jalen Johnson,Hawks,F,32,25,6,3,3,0,1,2
2026,2025-10-22,Ryan Dunn,Suns,F,25,9,10,3,1,3,0,2
2026,2025-12-03,Jay Huff,Pacers,C,18,3,1,2,0,2,0,3
2026,2025-11-20,Yanic Konan Niederhauser,Clippers,C,11,6,1,1,0,1,1,1
2026,2026-04-12,Ousmane Dieng,Bucks,F,41,11,7,8,1,0,6,0
2026,2026-02-21,Josh Hart,Knicks,G,27,2,6,6,1,0,4,1
2026,2025-11-12,Larry Nance Jr.,Cavaliers,F,19,3,5,2,2,0,1,4
2026,2025-11-07,Cason Wallace,Thunder,G,27,15,2,2,1,0,0,0
2026,2026-02-09,Adem Bona,76ers,C,17,7,1,0,0,0,0,4
2026,2026-01-07,Christian Koloko,Grizzlies,C,20,2,4,2,0,0,0,0
2026,2026-03-17,Cameron Johnson,Nuggets,F,23,18,2,1,0,0,0,2
2026,2026-01-31,Brandon Miller,Hornets,F,35,26,8,2,1,1,2,1
2026,2026-01-23,Javonte Cooke,Trail Blazers,G,9,5,2,0,1,0,0,2
2026,2025-12-23,Taylor Hendricks,Jazz,F,27,21,4,1,3,0,1,2
2026,2026-03-04,Toumani Camara,Trail Blazers,F,40,9,7,3,1,1,1,3
2026,2026-02-05,Zaccharie Risacher,Hawks,F,19,0,6,0,1,0,2,3
2026,2025-12-31,Cason Wallace,Thunder,G,27,5,2,4,0,0,1,1
2026,2026-02-19,Guerschon Yabusele,Bulls,F,17,8,5,1,0,0,0,1
2026,2025-10-27,Spencer Jones,Nuggets,F,0,0,0,0,0,0,0,1
2026,2026-01-13,Chet Holmgren,Thunder,C,25,8,10,0,0,3,1,3
2026,2025-12-11,Nicolas Batum,Clippers,F,28,6,3,2,0,1,2,3
2026,2026-03-30,Ryan Nembhard,Mavericks,G,20,8,3,5,0,0,1,0
2026,2026-01-28,Isaiah Jackson,Pacers,F,3,0,0,0,0,0,0,2
2026,2025-12-01,Bobby Portis,Bucks,F,17,12,4,1,0,0,0,0
2026,2025-11-07,Isaiah Stewart,Pistons,F,9,4,3,1,0,0,1,1
2026,2026-02-22,Toumani Camara,Trail Blazers,F,35,12,10,2,1,1,0,0
2026,2025-10-31,Karl-Anthony Towns,Knicks,C,32,22,10,4,0,1,2,2
2026,2025-10-29,Thomas Bryant,Cavaliers,C,3,0,0,0,0,0,0,1
2026,2025-12-28,Dalton Knecht,Lakers,F,5,3,1,0,0,0,0,0
2026,2026-01-22,Will Riley,Wizards,G,21,13,4,0,1,0,2,2
2026,2025-11-26,Jeremiah Robinson-Earl,Pacers,F,14,5,3,0,0,0,1,2
2026,2026-03-19,Cody Williams,Jazz,F,27,23,3,5,1,0,1,0
2026,2026-02-05,Sandro Mamukelashvili,Raptors,F,23,17,5,1,3,1,0,0
2026,2025-12-31,Pat Spencer,Warriors,G,6,0,0,0,0,0,0,0
2026,2025-11-24,Kris Murray,Trail Blazers,F,27,2,5,0,3,0,0,2
2026,2025-11-13,Isaiah Collier,Jazz,G,25,10,5,7,0,1,1,4
2026,2025-12-30,Deandre Ayton,Lakers,C,26,10,2,0,1,0,1,5
2026,2025-12-21,Davion Mitchell,Heat,G,31,13,2,8,0,0,3,3
2026,2026-03-08,Max Christie,Mavericks,G,26,2,3,1,0,0,2,1
2026,2025-12-21,Noah Clowney,Nets,F,33,19,9,2,0,2,1,2
2026,2025-12-21,OG Anunoby,Knicks,F,34,18,2,3,1,2,4,4
2026,2026-03-01,Jarrett Allen,Cavaliers,C,32,20,6,1,2,0,2,1
2026,2026-01-17,Spencer Jones,Nuggets,F,29,7,3,0,1,0,0,2
2026,2026-03-08,Luka Doncic,Lakers,G,38,35,8,4,2,0,6,3
2026,2026-03-18,Joan Beringer,Timberwolves,F,9,2,7,0,0,1,0,2
2026,2026-03-18,Yuki Kawamura,Bulls,G,8,5,1,2,0,0,2,0
2026,2025-11-03,Tyrese Martin,Nets,G,22,12,3,2,0,0,0,2
2026,2026-04-10,Dyson Daniels,Hawks,G,30,13,10,12,2,0,1,2
2026,2026-03-01,Jonathan Kuminga,Hawks,F,25,20,7,3,2,0,3,0
2026,2026-02-02,Jordan Miller,Clippers,G,28,21,4,2,1,0,3,0
2026,2026-03-13,Tre Jones,Bulls,G,30,21,1,2,0,0,2,3
2026,2026-03-10,Justin Edwards,76ers,F,6,0,0,1,1,0,0,1
2026,2025-11-02,Stephon Castle,Spurs,G,34,26,7,5,2,1,2,5
2026,2026-01-29,Brandon Williams,Mavericks,G,21,15,1,6,2,0,1,1
2026,2026-04-09,Guerschon Yabusele,Bulls,F,16,5,5,3,1,1,1,1
2026,2025-11-19,Naji Marshall,Mavericks,F,34,23,5,1,0,0,4,0
2026,2025-10-24,Daniss Jenkins,Pistons,G,5,5,0,0,0,0,0,0
2026,2026-03-21,Dejounte Murray,Pelicans,G,30,12,3,9,1,0,2,0
2026,2026-03-23,RJ Barrett,Raptors,F,25,27,2,6,0,0,0,1
2026,2026-02-26,Tre Jones,Bulls,G,27,19,3,4,0,0,1,3
2026,2026-03-04,Kobe Sanders,Clippers,G,21,6,0,2,1,0,2,6
2026,2026-01-20,Zeke Nnaji,Nuggets,F,19,6,3,0,0,2,0,2
2026,2026-01-12,Trendon Watford,76ers,F,1,0,1,0,0,1,0,0
2026,2025-12-06,Duncan Robinson,Pistons,F,24,7,2,1,0,0,1,4
2026,2026-03-25,Harrison Barnes,Spurs,F,22,11,2,2,0,0,0,0
2026,2025-12-26,Andrew Nembhard,Pacers,G,30,18,4,8,2,0,5,2
2026,2025-10-30,Pat Connaughton,Hornets,G,2,0,0,0,0,0,0,0
2026,2026-01-24,Nikola Vucevic,Bulls,C,35,16,7,6,1,2,1,1
2026,2025-12-07,Jalen Suggs,Magic,G,32,17,3,4,2,1,2,2
2026,2025-12-02,Trey Murphy III,Pelicans,F,41,33,15,4,0,0,1,4
2026,2025-11-11,Ben Sheppard,Pacers,G,17,4,2,0,1,0,0,2
2026,2026-02-07,Jaden Ivey,Bulls,G,30,10,6,3,2,0,3,4
2026,2026-01-09,Keon Ellis,Kings,G,25,5,2,1,1,1,0,1
2026,2026-04-07,Rudy Gobert,Timberwolves,C,33,5,12,3,1,2,2,3
2026,2026-04-07,Andre Jackson Jr.,Bucks,G,15,3,2,2,1,1,3,3
2026,2026-03-29,A.J. Lawson,Raptors,G,19,14,2,2,3,0,0,4
2026,2026-01-13,Jaden McDaniels,Timberwolves,F,30,17,6,5,0,2,1,2
2026,2026-02-02,Ben Sheppard,Pacers,G,7,2,0,2,0,0,0,0
2026,2025-12-10,Kelly Olynyk,Spurs,F,12,2,2,4,0,0,0,1
2026,2025-12-15,Kawhi Leonard,Clippers,F,37,21,4,3,1,0,2,2
2026,2025-12-03,Kobe Sanders,Clippers,G,27,17,3,4,1,0,2,3
2026,2026-01-15,Sidy Cissoko,Trail Blazers,G,22,6,3,1,1,0,0,3
2026,2025-11-01,Tony Bradley,Pacers,C,18,5,6,0,0,0,0,1
2026,2026-02-24,Kris Murray,Trail Blazers,F,29,16,5,1,0,2,0,0
2026,2026-01-28,Stephen Curry,Warriors,G,28,27,1,2,2,0,5,1
2026,2026-04-12,Collin Sexton,Bulls,G,28,19,3,1,1,0,0,3
2026,2026-03-07,Jordan Miller,Clippers,G,33,14,1,2,0,0,2,2
2026,2026-01-05,Kevin Huerter,Bulls,G,20,8,3,0,0,1,1,1
2026,2025-11-22,Collin Sexton,Hornets,G,23,18,3,4,0,0,2,1
2026,2026-02-20,Deni Avdija,Trail Blazers,F,30,15,8,13,0,0,6,4
2026,2026-01-21,Bobby Portis,Bucks,F,37,15,6,9,1,0,1,3
2026,2026-03-25,Deni Avdija,Trail Blazers,F,25,18,4,7,0,1,4,0
2026,2026-03-11,Doug McDermott,Kings,F,28,6,1,0,0,0,0,1
2026,2026-02-03,Bronny James,Lakers,G,5,4,0,1,1,0,0,0
2026,2026-01-02,Isaiah Joe,Thunder,G,20,5,2,4,0,0,1,2
2026,2026-03-08,Rui Hachimura,Lakers,F,37,13,7,2,0,1,1,0
2026,2026-01-28,Bones Hyland,Timberwolves,G,12,7,4,2,0,0,1,3
2026,2025-11-26,Mark Williams,Suns,C,29,21,16,4,3,1,3,3
2026,2026-01-23,Andrew Nembhard,Pacers,G,36,27,7,11,0,0,3,4
2026,2025-11-19,Ajay Mitchell,Thunder,G,29,13,3,6,2,1,4,1
2026,2026-04-03,Ryan Kalkbrenner,Hornets,C,25,7,8,2,0,3,1,1
2026,2026-04-12,Tidjane Salaun,Hornets,F,4,0,0,0,0,0,1,0
2026,2025-11-23,Dyson Daniels,Hawks,G,36,22,9,6,2,0,2,4
2026,2025-12-05,Branden Carlson,Thunder,C,22,9,6,3,0,0,0,2
2026,2026-03-10,Hugo Gonzalez,Celtics,G,10,2,5,0,0,2,1,2
2026,2025-10-29,Herbert Jones,Pelicans,F,21,5,1,1,0,0,2,3
2026,2025-11-10,Gary Harris,Bucks,G,2,0,0,0,1,0,1,0
2026,2026-01-26,Jabari Smith Jr.,Rockets,F,34,8,8,2,2,0,0,2
2026,2026-01-28,Caleb Martin,Mavericks,F,32,4,8,5,2,0,1,1
2026,2026-01-10,Pascal Siakam,Pacers,F,26,11,7,5,1,1,5,4
2026,2026-03-07,Goga Bitadze,Magic,C,4,4,4,1,0,0,0,0
2026,2026-01-16,Jabari Walker,76ers,F,4,0,2,0,0,0,0,0
2026,2025-11-28,Luke Kornet,Spurs,C,28,12,6,2,0,2,1,4
2026,2026-02-22,Jordan Walsh,Celtics,G,8,0,1,0,0,1,2,2
2026,2025-11-12,Tre Johnson,Wizards,G,27,12,1,1,1,0,1,1
2026,2025-10-28,Keshad Johnson,Heat,F,3,2,0,0,0,0,0,0
2026,2025-12-08,Dylan Harper,Spurs,G,26,22,3,6,0,0,2,0
2026,2026-02-27,Tyler Kolek,Knicks,G,6,3,0,0,0,0,2,0
2026,2025-12-12,Klay Thompson,Mavericks,G,20,12,2,2,0,0,1,0
2026,2025-12-27,Karl-Anthony Towns,Knicks,C,30,36,15,1,0,0,2,3
2026,2025-10-25,Jonathan Isaac,Magic,F,6,2,1,0,1,0,0,0
2026,2025-10-27,Chet Holmgren,Thunder,C,32,18,11,2,0,4,3,4
2026,2025-12-07,Baylor Scheierman,Celtics,G,6,0,1,0,1,0,0,2
2026,2025-11-28,RayJ Dennis,Pacers,G,6,0,2,1,0,0,0,0
2026,2026-03-21,Keldon Johnson,Spurs,F,25,24,4,4,0,0,0,2
2026,2026-03-11,Bones Hyland,Timberwolves,G,16,10,0,4,1,0,2,4
2026,2026-03-02,Jaden Hardy,Wizards,G,18,14,4,1,0,0,2,1
2026,2026-03-18,Kyle Filipowski,Jazz,F,23,7,3,4,1,1,3,2
2026,2026-03-13,Cedric Coward,Grizzlies,F,25,7,3,2,1,0,1,3
2026,2026-03-03,Josh Green,Hornets,G,25,11,3,2,0,0,0,3
2026,2025-12-30,Quentin Grimes,76ers,G,38,11,3,3,3,0,0,0
2026,2026-01-22,Dru Smith,Heat,G,20,4,4,2,2,2,2,0
2026,2025-12-20,Pat Spencer,Warriors,G,10,4,1,1,1,0,0,1
2026,2025-11-18,Asa Newell,Hawks,F,2,0,0,0,0,0,0,0
2026,2025-11-03,Amen Thompson,Rockets,G,39,27,5,4,1,1,3,2
2026,2026-03-17,Grant Williams,Hornets,F,19,8,2,2,0,0,1,1
2026,2026-02-24,Jordan Walsh,Celtics,G,9,5,4,0,0,0,0,2
2026,2026-03-03,Jaden Hardy,Wizards,G,22,18,2,1,0,0,3,2
2026,2025-11-01,AJ Johnson,Wizards,G,6,2,1,0,0,0,0,0
2026,2026-02-03,Cooper Flagg,Mavericks,F,37,36,9,6,0,2,1,1
2026,2026-03-15,T.J. McConnell,Pacers,G,28,9,2,11,1,0,2,1
2026,2025-10-23,Ben Sheppard,Pacers,G,39,15,8,4,1,1,0,6
2026,2025-12-18,Steven Adams,Rockets,C,28,6,10,3,1,1,1,3
2026,2025-12-20,Nique Clifford,Kings,G,29,12,5,1,2,0,0,2
2026,2026-03-30,Rudy Gobert,Timberwolves,C,28,14,10,1,1,2,2,5
2026,2026-01-27,Kevin Love,Jazz,F,24,3,11,1,1,0,1,2
2026,2025-11-02,Mark Williams,Suns,C,25,7,7,2,1,2,0,3
2026,2025-12-06,Jabari Smith Jr.,Rockets,F,41,22,8,3,1,1,1,2
2026,2025-11-29,Anfernee Simons,Celtics,G,18,5,1,1,0,0,1,1
2026,2026-03-12,Tre Johnson,Wizards,G,23,3,5,1,0,1,3,2
2026,2025-12-29,Naz Reid,Timberwolves,C,27,33,7,3,0,0,1,0
2026,2026-02-09,Donte DiVincenzo,Timberwolves,G,26,10,4,6,2,0,2,0
2026,2026-01-08,Mike Conley,Timberwolves,G,14,3,1,2,0,0,1,1
2026,2025-11-05,Max Christie,Mavericks,G,27,12,3,1,1,0,0,1
2026,2025-12-07,Zach Collins,Bulls,F,19,3,4,1,0,1,0,0
2026,2025-10-26,Immanuel Quickley,Raptors,G,32,14,5,5,2,0,1,3
2026,2026-03-25,Jonathan Kuminga,Hawks,F,20,8,5,1,1,0,2,0
2026,2025-11-10,Jalen Johnson,Hawks,F,35,16,10,8,1,1,1,2
2026,2026-01-18,Vince Williams Jr.,Grizzlies,G,20,5,5,2,2,0,1,1
2026,2026-01-13,Kel'el Ware,Heat,C,16,10,5,1,1,0,0,1
2026,2026-03-17,Keshad Johnson,Heat,F,20,15,5,1,3,1,2,2
2026,2025-12-22,Taylor Hendricks,Jazz,F,13,5,2,0,0,0,0,0
2026,2026-03-27,Andrew Wiggins,Heat,F,20,12,1,0,0,1,0,2
2026,2026-02-15,Norman Powell,World,G,7,0,0,1,0,0,1,0
2026,2025-11-21,Daniel Gafford,Mavericks,F,25,8,7,3,3,1,3,2
2026,2026-01-07,Lauri Markkanen,Jazz,F,44,29,13,1,1,0,4,2
2026,2026-01-19,Jordan Miller,Clippers,G,28,16,5,3,4,1,1,4
2026,2026-02-19,Russell Westbrook,Kings,G,17,5,0,1,1,0,3,1
2026,2026-02-15,Jalen Duren,Team Stars,C,8,2,4,3,0,0,0,1
2026,2025-11-29,Peyton Watson,Nuggets,G,28,11,5,3,0,0,0,2
2026,2025-10-24,Domantas Sabonis,Kings,F,37,12,12,1,0,0,2,3
2026,2026-04-01,Quentin Grimes,76ers,G,23,12,4,1,0,0,2,1
2026,2026-04-01,Pete Nance,Bucks,F,40,23,3,0,0,1,2,1
2026,2025-12-20,Anfernee Simons,Celtics,G,26,15,3,1,2,0,0,2
2026,2026-04-02,Zion Williamson,Pelicans,F,29,15,1,3,0,1,2,4
2026,2026-04-05,Jevon Carter,Magic,G,21,11,5,1,0,0,0,1
2026,2026-01-20,Jevon Carter,Bulls,G,4,3,0,0,1,0,0,1
2026,2025-12-03,Cooper Flagg,Mavericks,F,31,22,6,2,1,1,3,3
2026,2025-10-25,Khaman Maluach,Suns,C,13,6,2,1,0,0,1,4
2026,2025-11-16,Dillon Brooks,Suns,F,36,34,6,1,3,0,3,5
2026,2026-03-21,Pelle Larsson,Heat,G,31,19,5,3,0,0,2,5
2026,2026-04-05,Alex Antetokounmpo,Bucks,F,1,2,0,1,0,0,0,0
2026,2026-03-11,Keon Ellis,Cavaliers,G,31,20,4,1,1,1,0,2
2026,2026-02-06,Pete Nance,Bucks,F,18,5,1,1,1,0,0,0
2026,2025-11-16,Brice Sensabaugh,Jazz,F,28,16,6,1,1,0,0,4
2026,2025-11-21,Ace Bailey,Jazz,G,21,15,2,3,3,0,2,1
2026,2026-02-22,Onyeka Okongwu,Hawks,F,32,13,11,1,0,2,2,3
2026,2025-12-30,Duncan Robinson,Pistons,F,28,6,2,4,0,0,0,1
2026,2025-11-16,Anfernee Simons,Celtics,G,12,0,0,2,0,0,2,1
2026,2026-02-24,Kam Jones,Pacers,G,29,13,6,3,1,0,0,3
2026,2026-03-23,Brice Sensabaugh,Jazz,F,31,24,5,1,1,0,6,3
2026,2025-11-04,Shai Gilgeous-Alexander,Thunder,G,29,30,4,12,0,3,2,2
2026,2026-04-07,Ayo Dosunmu,Timberwolves,G,33,24,5,1,3,0,5,2
2026,2026-03-11,Rudy Gobert,Timberwolves,C,26,9,5,4,0,0,1,3
2026,2026-02-20,Brook Lopez,Clippers,C,35,16,10,1,2,3,0,2
2026,2026-01-19,Jordan McLaughlin,Spurs,G,1,0,0,0,0,0,0,0
2026,2026-03-03,Javonte Green,Pistons,G,13,13,1,0,1,0,0,3
2026,2026-01-24,Jaime Jaquez Jr.,Heat,F,28,9,7,5,1,0,3,2
2026,2025-11-12,Tyler Kolek,Knicks,G,2,2,0,0,0,0,0,0
2026,2025-11-14,Miles Bridges,Hornets,F,42,32,7,2,0,1,1,3
2026,2025-10-28,Chris Paul,Clippers,G,14,0,1,2,3,0,1,0
2026,2026-03-13,Nick Richards,Bulls,C,30,10,8,1,0,3,1,2
2026,2026-02-11,Tari Eason,Rockets,F,34,13,2,3,0,0,1,1
2026,2026-04-07,Sion James,Hornets,G,19,2,5,2,3,0,1,1
2026,2026-01-11,Jeremiah Fears,Pelicans,G,28,16,4,3,2,0,2,1
2026,2025-12-18,Jordan Goodwin,Suns,G,30,9,6,3,2,1,0,3
2026,2026-01-31,Tari Eason,Rockets,F,31,17,7,3,2,0,1,4
2026,2025-12-12,Kevin Love,Jazz,F,20,20,8,1,1,0,0,3
2026,2025-12-07,Walter Clayton Jr.,Jazz,G,29,20,2,9,0,0,2,3
2026,2026-02-11,Nolan Traore,Nets,G,32,20,2,8,1,0,5,5
2026,2026-01-17,Jamal Murray,Nuggets,G,39,42,3,6,2,2,5,1
2026,2025-11-22,Kobe Sanders,Clippers,G,30,11,1,2,1,0,0,2
2026,2026-02-25,Jared McCain,Thunder,G,30,20,3,2,0,0,0,1
2026,2026-01-07,Svi Mykhailiuk,Jazz,G,27,8,7,6,0,0,0,1
2026,2025-11-19,Steven Adams,Rockets,C,28,6,11,3,0,1,2,2
2026,2026-02-04,Trey Murphy III,Pelicans,F,40,44,6,6,3,0,4,1
2026,2026-02-27,Luka Garza,Celtics,C,8,4,3,1,1,0,0,1
2026,2026-04-10,Bronny James,Lakers,G,13,3,2,0,1,0,2,0
2026,2025-12-29,Jaime Jaquez Jr.,Heat,F,28,20,3,11,0,0,0,0
2026,2026-04-03,Alperen Sengun,Rockets,C,28,19,4,5,0,0,3,3
2026,2026-01-15,Pat Connaughton,Hornets,G,2,0,1,0,0,0,0,0
2026,2026-03-30,Donte DiVincenzo,Timberwolves,G,30,15,3,2,1,1,2,1
2026,2026-03-01,Josh Hart,Knicks,G,30,10,10,7,1,0,1,2
2026,2026-03-19,Gary Trent Jr.,Bucks,G,17,4,1,1,0,0,0,1
2026,2026-01-19,Keyonte George,Jazz,G,34,30,3,6,1,0,2,2
2026,2026-03-20,Jordan Clarkson,Knicks,G,22,9,1,2,1,0,0,1
2026,2025-11-10,Jonathan Isaac,Magic,F,14,7,6,0,2,0,0,0
2026,2025-11-05,Rob Dillingham,Timberwolves,G,12,6,0,4,1,0,1,1
2026,2025-11-21,Stephen Curry,Warriors,G,34,38,2,4,0,0,3,2
2026,2026-01-31,Mike Conley,Timberwolves,G,18,0,3,2,2,2,1,0
2026,2026-02-19,Payton Pritchard,Celtics,G,33,26,6,7,1,0,4,0
2026,2025-11-10,Nicolas Batum,Clippers,F,20,2,4,0,1,1,0,0
2026,2025-11-02,OG Anunoby,Knicks,F,35,21,2,4,2,1,1,1
2026,2026-01-06,Jaylon Tyson,Cavaliers,G,27,3,2,4,1,0,1,2
2026,2026-03-06,Max Christie,Mavericks,G,29,12,4,2,0,0,2,0
2026,2025-12-31,Chet Holmgren,Thunder,C,25,12,10,1,2,6,4,3
2026,2025-11-14,Luke Kornet,Spurs,C,17,4,5,0,0,0,1,1
2026,2025-12-26,Marvin Bagley III,Wizards,F,22,6,5,2,0,1,0,3
2026,2026-03-13,Evan Mobley,Cavaliers,C,23,29,7,2,1,0,2,4
2026,2026-03-30,Cason Wallace,Thunder,G,27,9,0,1,0,0,1,2
2026,2025-11-29,Yves Missi,Pelicans,C,20,9,10,0,0,0,2,2
2026,2025-12-15,Kobe Sanders,Clippers,G,13,5,2,0,0,0,2,0
2026,2026-02-12,AJ Johnson,Mavericks,G,3,0,1,0,0,0,0,0
2026,2026-03-28,Quentin Grimes,76ers,G,29,8,1,3,1,0,1,3
2026,2025-11-05,Robert Williams III,Trail Blazers,C,4,0,3,0,0,0,0,0
2026,2025-11-08,Jaylon Tyson,Cavaliers,G,31,17,7,3,2,2,0,2
2026,2026-03-15,Nae'Qwan Tomlin,Cavaliers,F,12,4,0,0,1,0,1,2
2026,2025-11-05,Lonzo Ball,Cavaliers,G,23,0,1,8,1,1,1,3
2026,2026-01-02,Karlo Matkovic,Pelicans,F,20,16,2,0,2,2,2,4
2026,2025-11-28,Danny Wolf,Nets,F,13,5,5,1,0,0,0,2
2026,2026-02-10,Jabari Smith Jr.,Rockets,F,38,13,10,3,1,1,1,2
2026,2026-04-01,Jase Richardson,Magic,G,8,4,2,1,0,0,1,1
2026,2025-10-27,Isaiah Hartenstein,Thunder,C,30,16,12,0,1,0,1,5
2026,2026-04-08,Carter Bryant,Spurs,F,25,17,5,4,1,0,1,3
2026,2025-10-29,Svi Mykhailiuk,Jazz,G,23,7,2,1,1,0,1,0
2026,2026-03-12,Jahmai Mashack,Grizzlies,G,31,8,4,6,2,0,1,4
2026,2025-11-26,Caleb Love,Trail Blazers,G,12,1,1,1,0,0,1,2
2026,2026-03-23,Clint Capela,Rockets,C,4,2,1,0,0,0,0,1
2026,2025-11-23,Moussa Diabate,Hornets,F,25,12,11,1,0,0,1,0
2026,2026-03-27,Kyle Filipowski,Jazz,F,25,25,8,5,0,0,1,3
2026,2026-01-14,Bub Carrington,Wizards,G,33,4,5,7,0,0,1,2
2026,2025-12-29,Brandon Williams,Mavericks,G,30,22,3,4,1,0,0,3
2026,2026-03-27,Toumani Camara,Trail Blazers,F,39,8,5,3,1,1,1,5
2026,2025-11-09,Dennis Schroder,Kings,G,28,3,3,2,1,0,1,2
2026,2026-03-19,Precious Achiuwa,Kings,PF,34,12,7,0,0,1,1,0
2026,2025-12-03,Miles McBride,Knicks,G,34,15,2,1,0,0,0,3
2026,2026-02-03,Jabari Walker,76ers,F,2,0,1,0,0,0,0,1
2026,2025-12-30,Tobias Harris,Pistons,F,6,7,0,0,0,0,1,0
2026,2025-11-16,Caleb Love,Trail Blazers,G,14,2,2,2,1,0,0,1
2026,2025-11-02,Kevon Looney,Pelicans,F,16,3,3,2,0,1,2,3
2026,2025-11-17,Ayo Dosunmu,Bulls,G,26,21,3,5,0,0,1,1
2026,2026-03-08,Kelly Olynyk,Spurs,F,4,3,0,1,0,0,0,0
2026,2026-03-21,Luke Kennard,Lakers,G,20,13,3,0,0,0,1,2
2026,2026-02-06,Trey Murphy III,Pelicans,F,37,26,6,5,0,1,3,3
2026,2026-03-13,Jrue Holiday,Trail Blazers,G,32,25,5,8,1,1,3,0
2026,2025-12-05,Andrew Wiggins,Heat,F,34,13,5,1,1,3,0,1
2026,2025-11-21,Jabari Smith Jr.,Rockets,F,37,21,11,4,0,1,3,6
2026,2025-12-28,Donovan Clingan,Trail Blazers,C,34,18,18,1,0,0,2,3
2026,2026-02-01,Isaac Okoro,Bulls,F,25,9,3,0,0,0,2,1
2026,2026-04-06,Christian Braun,Nuggets,G,40,8,6,1,3,0,0,2
2026,2025-10-29,Noah Clowney,Nets,F,25,7,4,0,0,0,1,0
2026,2025-12-05,Bobby Portis,Bucks,F,23,22,4,0,1,0,3,2
2026,2026-01-28,Garrett Temple,Raptors,G,2,0,0,0,0,0,0,1
2026,2025-11-17,Kel'el Ware,Heat,C,31,16,14,1,1,3,0,4
2026,2026-02-24,Zaccharie Risacher,Hawks,F,28,9,9,3,1,0,2,4
2026,2026-01-17,Ben Sheppard,Pacers,G,14,8,0,0,1,1,0,1
2026,2025-11-24,Jalen Brunson,Knicks,G,33,27,3,3,1,0,0,1
2026,2025-10-30,Nikola Jovic,Heat,F,10,0,1,1,0,0,1,2
2026,2026-01-05,Pat Connaughton,Hornets,G,3,0,0,1,0,0,0,0
2026,2025-10-24,Jordan Clarkson,Knicks,G,16,6,3,0,0,1,1,2
2026,2026-04-05,Alperen Sengun,Rockets,C,37,24,6,7,0,2,2,3
2026,2026-01-18,Nic Claxton,Nets,C,23,12,5,4,2,1,1,0
2026,2026-01-03,Kris Murray,Trail Blazers,F,27,6,3,1,0,1,1,1
2026,2025-10-31,Tony Bradley,Pacers,C,5,2,3,0,0,0,0,1
2026,2025-10-27,Josh Minott,Celtics,F,28,15,9,1,1,1,0,3
2026,2026-03-19,John Collins,Clippers,F,28,18,8,1,1,0,3,2
2026,2026-04-09,Jayson Tatum,Celtics,F,40,24,13,8,1,1,6,1
2026,2026-02-06,Shaedon Sharpe,Trail Blazers,G,14,2,2,2,0,0,1,0
2026,2025-11-01,Jeff Green,Rockets,F,8,6,0,0,0,1,0,0
2026,2025-12-06,Yves Missi,Pelicans,C,18,4,6,2,0,0,1,2
2026,2025-11-18,Nic Claxton,Nets,C,30,7,11,3,0,1,3,3
2026,2026-02-20,Yanic Konan Niederhauser,Clippers,C,13,6,3,1,1,0,2,3
2026,2025-12-13,Tyler Kolek,Knicks,G,16,4,3,4,1,0,1,3
2026,2025-12-05,Tyler Kolek,Knicks,G,14,7,2,1,1,0,2,2
2026,2025-12-05,AJ Green,Bucks,G,15,0,0,2,0,0,1,1
2026,2025-11-21,Tyrese Proctor,Cavaliers,G,1,0,1,0,0,0,0,0
2026,2026-02-25,Larry Nance Jr.,Cavaliers,F,8,0,2,1,0,0,0,0
2026,2025-11-05,Jaylen Brown,Celtics,G,26,35,5,5,1,0,1,2
2026,2026-03-25,Aaron Holiday,Rockets,G,12,3,2,1,0,0,3,1
2026,2026-03-18,Alex Caruso,Thunder,G,5,0,2,1,1,0,2,0
2026,2026-03-12,Jordan Goodwin,Suns,G,18,6,4,0,1,1,1,2
2026,2026-02-25,Jamal Murray,Nuggets,G,8,2,0,1,0,0,0,1
2026,2026-01-18,Deandre Ayton,Lakers,C,33,25,13,1,0,1,0,2
2026,2025-10-30,Jonathan Isaac,Magic,F,15,2,3,1,1,3,0,2
2026,2026-03-22,Gradey Dick,Raptors,G,15,10,3,1,1,0,1,1
2026,2025-11-28,Cooper Flagg,Mavericks,F,36,13,7,11,3,0,1,4
2026,2026-01-05,Jordan Walsh,Celtics,G,18,5,5,0,0,0,0,1
2026,2025-11-03,Leonard Miller,Timberwolves,F,3,2,1,0,0,0,0,1
2026,2025-12-10,Aaron Wiggins,Thunder,G,22,6,3,1,2,0,2,4
2026,2026-01-11,Vit Krejci,Hawks,G,21,5,5,0,1,0,1,4
2026,2026-03-01,Jerami Grant,Trail Blazers,F,26,4,2,2,1,0,2,2
2026,2026-02-02,Dorian Finney-Smith,Rockets,F,17,4,3,0,1,0,0,2
2026,2026-03-03,Quentin Grimes,76ers,G,22,2,2,1,1,0,1,2
2026,2026-03-10,Klay Thompson,Mavericks,G,28,21,1,1,2,0,0,3
2026,2026-02-03,Coby White,Bulls,G,30,21,10,3,0,0,3,3
2026,2026-02-11,Jahmai Mashack,Grizzlies,G,22,9,3,2,2,1,0,3
2026,2025-12-29,Kasparas Jakucionis,Heat,G,3,0,1,0,0,0,0,0
2026,2026-02-08,Jonathan Mogbo,Raptors,F,0,0,0,0,0,0,0,0
2026,2026-03-03,Kel'el Ware,Heat,C,29,11,13,1,5,0,3,5
2026,2025-12-11,Bogdan Bogdanovic,Clippers,G,24,10,5,2,1,0,0,2
2026,2026-02-01,Javonte Cooke,Trail Blazers,G,3,2,0,0,1,0,1,0
2026,2025-11-14,Kel'el Ware,Heat,C,35,15,10,1,1,3,0,3
2026,2026-01-31,Dorian Finney-Smith,Rockets,F,10,2,1,1,0,1,0,0
2026,2025-11-08,Micah Peavy,Pelicans,G,18,0,5,0,0,0,0,3
2026,2026-02-09,Matas Buzelis,Bulls,F,26,18,4,1,0,4,3,1
2026,2025-11-09,Gary Payton II,Warriors,G,4,0,1,0,1,0,0,0
2026,2026-02-11,Cam Thomas,Bucks,G,25,34,4,2,0,0,3,0
2026,2026-03-12,Goga Bitadze,Magic,C,4,0,2,0,0,0,0,1
2026,2025-11-12,Dalton Knecht,Lakers,F,19,16,2,1,0,0,0,1
2026,2025-12-30,Taylor Hendricks,Jazz,F,17,3,3,2,0,0,0,1
2026,2026-01-01,Isaiah Stewart,Pistons,F,30,6,4,2,0,5,2,4
2026,2026-01-12,Sam Hauser,Celtics,F,33,8,8,1,0,0,1,1
2026,2026-01-30,Tristan da Silva,Magic,F,22,8,1,0,0,1,0,3
2026,2026-01-11,DeMar DeRozan,Kings,G,37,22,2,6,0,0,0,1
2026,2025-12-22,Cedric Coward,Grizzlies,F,25,16,8,6,0,1,0,0
2026,2025-10-24,Cam Spencer,Grizzlies,G,15,2,2,3,0,0,2,0
2026,2026-02-02,Grant Williams,Hornets,F,20,16,9,1,0,0,1,2
2026,2026-02-01,John Collins,Clippers,F,28,16,9,2,0,0,0,1
2026,2026-02-08,Alijah Martin,Raptors,G,4,2,1,0,1,0,0,1
2026,2026-03-29,Julian Strawther,Nuggets,G,18,7,2,2,0,0,1,1
2026,2026-02-03,Amir Coffey,Bucks,G,22,2,1,2,1,0,0,2
2026,2025-11-11,Jay Huff,Pacers,C,11,3,3,0,0,2,0,1
2026,2026-03-29,Jevon Carter,Magic,G,25,7,1,3,2,0,2,3
2026,2026-01-15,Sam Hauser,Celtics,F,29,17,3,3,1,0,0,1
2026,2025-11-11,Precious Achiuwa,Kings,PF,18,6,3,3,1,0,1,1
2026,2025-12-14,Tyrese Martin,Nets,G,18,14,1,2,2,0,0,0
2026,2025-11-05,Jaxson Hayes,Lakers,C,15,9,4,1,0,0,0,1
2026,2026-02-09,Jordan Hawkins,Pelicans,G,5,6,0,1,0,0,0,0
2026,2026-04-05,Jamal Shead,Raptors,G,26,7,1,5,0,0,2,1
2026,2026-01-09,Duop Reath,Trail Blazers,C,11,3,5,1,0,2,0,2
2026,2026-04-10,Kel'el Ware,Heat,C,22,12,8,3,0,0,0,1
2026,2026-01-10,Julius Randle,Timberwolves,F,31,20,4,4,1,0,2,2
2026,2026-03-04,Andre Jackson Jr.,Bucks,G,2,0,1,0,0,0,0,0
2026,2026-02-23,Daeqwon Plowden,Kings,G,26,19,5,1,0,0,1,2
2026,2026-01-30,Neemias Queta,Celtics,C,29,10,15,2,3,1,3,3
2026,2025-10-24,OG Anunoby,Knicks,F,29,10,2,1,2,0,1,3
2026,2025-10-21,Jonathan Kuminga,Warriors,F,33,17,9,6,1,0,2,3
2026,2026-03-12,Ryan Dunn,Suns,F,17,5,2,1,1,0,0,3
2026,2025-12-23,Collin Murray-Boyles,Raptors,F,25,11,12,0,3,1,3,3
2026,2026-03-03,DeMar DeRozan,Kings,G,34,17,2,1,0,0,1,1
2026,2025-12-23,Corey Kispert,Wizards,F,13,9,1,3,0,0,0,2
2026,2025-12-14,Jimmy Butler III,Warriors,F,35,16,7,4,3,0,3,4
2026,2026-01-11,Jordan Hawkins,Pelicans,G,11,2,2,1,0,0,0,0
2026,2026-01-07,Paul George,76ers,F,33,23,4,5,2,1,1,0
2026,2026-01-14,Ben Sheppard,Pacers,G,13,3,1,2,0,0,1,2
2026,2026-01-16,Pascal Siakam,Pacers,F,34,27,6,5,0,1,1,2
2026,2026-01-18,Alperen Sengun,Rockets,C,33,21,8,4,5,1,4,5
2026,2025-11-15,Ousmane Dieng,Thunder,F,14,2,2,1,0,0,0,1
2026,2026-01-19,Vit Krejci,Hawks,G,20,0,0,2,0,0,0,1
2026,2025-11-19,Luguentz Dort,Thunder,G,33,14,4,1,1,1,2,4
2026,2026-03-14,Sam Hauser,Celtics,F,26,12,6,2,0,0,1,3
2026,2026-04-09,Jamir Watkins,Wizards,G,28,9,6,3,3,0,2,2
2026,2026-01-22,Tyus Jones,Magic,G,16,3,2,1,0,0,0,0
2026,2026-02-01,Donovan Mitchell,Cavaliers,G,31,14,0,9,2,1,3,3
2026,2026-01-14,Jabari Walker,76ers,F,15,2,4,3,2,1,0,2
2026,2025-11-01,Bilal Coulibaly,Wizards,G,27,10,2,4,1,1,0,3
2026,2025-10-24,Josh Hart,Knicks,G,19,2,14,3,0,0,0,3
2026,2025-11-24,Walter Clayton Jr.,Jazz,G,17,0,1,4,0,1,0,1
2026,2026-01-19,Malevy Leons,Warriors,F,3,0,2,0,0,0,1,1
2026,2025-12-04,Jaden McDaniels,Timberwolves,F,35,14,7,5,2,2,2,4
2026,2025-11-14,Tyus Jones,Magic,G,13,0,1,2,3,0,0,0
2026,2025-11-24,Brice Sensabaugh,Jazz,F,19,16,1,1,1,1,0,2
2026,2026-03-06,Karl-Anthony Towns,Knicks,C,27,17,13,2,1,0,1,4
2026,2025-11-18,Duncan Robinson,Pistons,F,31,14,3,3,1,0,2,1
2026,2026-03-19,Trey Murphy III,Pelicans,F,35,27,5,2,1,0,3,2
2026,2025-10-29,Keon Ellis,Kings,G,23,8,1,1,1,0,0,1
2026,2025-11-19,Derik Queen,Pelicans,C,30,30,9,4,2,2,4,4
2026,2025-10-29,Zach LaVine,Kings,G,36,30,3,3,2,0,2,1
2026,2026-02-03,Alex Caruso,Thunder,G,19,6,0,3,1,0,1,0
2026,2026-02-22,Immanuel Quickley,Raptors,G,31,32,3,9,1,0,1,2
2026,2025-11-16,Corey Kispert,Wizards,F,15,4,2,0,1,0,0,1
2026,2026-01-18,Moussa Diabate,Hornets,F,25,4,9,2,0,1,0,3
2026,2025-11-09,Bones Hyland,Timberwolves,G,6,4,1,0,1,0,0,1
2026,2026-01-14,Kam Jones,Pacers,G,1,0,0,0,0,0,0,0
2026,2026-03-01,Evan Mobley,Cavaliers,C,27,17,13,2,0,1,2,2
2026,2026-02-24,Patrick Williams,Bulls,F,26,11,2,1,0,0,4,0
2026,2026-03-17,Jahmir Young,Heat,G,4,3,0,0,0,0,1,1
2026,2025-12-01,Chris Livingston,Cavaliers,F,1,0,0,0,0,0,0,0
2026,2026-03-25,Bruce Brown,Nuggets,G,20,6,2,1,0,0,0,4
2026,2026-01-20,Patrick Baldwin Jr.,Clippers,G,5,2,0,0,0,0,0,1
2026,2025-10-22,Thanasis Antetokounmpo,Bucks,F,2,0,0,0,0,0,0,0
2026,2026-03-05,Donte DiVincenzo,Timberwolves,G,27,16,5,2,2,0,1,1
2026,2025-12-29,Naji Marshall,Mavericks,F,29,17,7,4,0,0,2,3
2026,2025-11-05,Jabari Smith Jr.,Rockets,F,36,16,4,2,0,0,3,5
2026,2025-12-29,Andrew Nembhard,Pacers,G,29,11,1,2,3,0,1,2
2026,2025-11-26,Anfernee Simons,Celtics,G,12,5,1,4,0,1,1,0
2026,2026-03-01,Julian Strawther,Nuggets,G,17,2,0,0,0,0,0,2
2026,2025-12-28,Brandon Ingram,Raptors,F,39,26,4,6,1,0,2,1
2026,2025-11-21,Pascal Siakam,Pacers,F,37,26,9,4,1,0,3,3
2026,2026-01-05,Onyeka Okongwu,Hawks,F,36,17,12,3,4,0,1,3
2026,2026-02-11,Naz Reid,Timberwolves,C,24,11,7,2,0,2,2,2
2026,2026-03-16,Jock Landale,Hawks,C,11,8,1,2,0,0,0,4
2026,2026-01-11,Malik Monk,Kings,G,26,15,4,3,0,1,0,2
2026,2025-11-22,Liam McNeeley,Hornets,G,18,3,6,1,0,0,1,1
2026,2026-01-04,Dennis Schroder,Kings,G,26,13,3,5,2,0,1,1
2026,2025-11-25,Nickeil Alexander-Walker,Hawks,G,32,8,2,4,0,0,3,1
2026,2026-03-14,Taurean Prince,Bucks,F,12,0,2,1,1,0,0,1
2026,2025-12-20,Mark Williams,Suns,C,18,4,5,1,2,1,0,0
2026,2026-04-12,Kobe Sanders,Clippers,G,23,11,3,2,0,0,0,2
2026,2026-01-07,Miles Bridges,Hornets,F,30,12,3,5,0,1,2,4
2026,2025-11-05,Jabari Walker,76ers,F,8,0,3,0,1,0,0,0
2026,2026-04-05,Kris Dunn,Clippers,G,27,13,6,4,3,0,2,2
2026,2026-01-02,Donovan Mitchell,Cavaliers,G,35,33,6,5,1,0,4,3
2026,2025-12-20,Keon Ellis,Kings,G,10,0,0,0,0,0,0,3
2026,2026-03-12,Gabe Vincent,Hawks,G,19,6,3,2,1,0,0,0
2026,2025-11-20,Nickeil Alexander-Walker,Hawks,G,34,38,4,5,0,3,2,3
2026,2025-12-21,Ayo Dosunmu,Bulls,G,17,13,0,1,0,0,1,0
2026,2026-01-01,James Harden,Clippers,G,29,20,3,7,0,0,1,1
2026,2025-12-06,Paul Reed,Pistons,F,15,6,10,3,0,0,1,3
2026,2026-03-16,Marvin Bagley III,Mavericks,F,19,9,9,1,1,0,0,4
2026,2025-11-30,Mikal Bridges,Knicks,G,33,14,3,3,2,2,1,5
2026,2025-10-28,Draymond Green,Warriors,F,31,7,7,4,3,0,0,3
2026,2025-11-28,Kyle Lowry,76ers,G,11,0,0,2,0,0,0,0
2026,2025-12-05,Cam Christie,Clippers,G,10,3,2,0,0,0,0,0
2026,2025-11-21,Isaiah Jackson,Pacers,F,18,3,4,0,2,1,1,3
2026,2026-03-25,Zaccharie Risacher,Hawks,F,9,2,3,0,0,0,0,2
2026,2026-03-19,Evan Mobley,Cavaliers,C,36,26,14,3,1,0,0,1
2026,2026-02-20,Christian Braun,Nuggets,G,27,11,8,7,0,0,2,3
2026,2026-03-25,Ronald Holland II,Pistons,F,12,2,2,1,1,0,0,0
2026,2025-11-08,De'Aaron Fox,Spurs,G,31,24,3,3,1,0,2,3
2026,2026-01-10,Anfernee Simons,Celtics,G,25,5,2,3,0,0,1,1
2026,2026-03-15,Caris LeVert,Pistons,G,20,9,3,1,1,1,1,1
2026,2025-11-26,Immanuel Quickley,Raptors,G,35,15,5,6,2,0,1,2
2026,2025-12-03,Rayan Rupert,Trail Blazers,G,9,0,1,0,0,0,0,1
2026,2026-01-15,Duncan Robinson,Pistons,F,27,19,1,0,0,1,0,2
2026,2026-02-04,Collin Murray-Boyles,Raptors,F,25,13,4,3,2,1,0,3
2026,2025-12-25,Lindy Waters III,Spurs,F,1,0,0,0,0,0,0,0
2026,2025-11-26,Moussa Diabate,Hornets,F,15,4,4,0,0,2,1,4
2026,2026-03-12,Nickeil Alexander-Walker,Hawks,G,36,18,2,2,3,0,2,1
2026,2026-04-12,Riley Minix,Cavaliers,F,25,12,1,1,1,1,1,2
2026,2026-01-14,Jordan Miller,Clippers,G,34,11,10,5,2,0,1,1
2026,2026-02-07,Tyus Jones,Mavericks,G,17,4,0,7,0,0,0,1
2026,2026-01-12,Precious Achiuwa,Kings,PF,30,9,7,0,0,2,1,2
2026,2026-02-03,Moses Moody,Warriors,G,20,12,2,0,1,0,1,3
2026,2026-01-31,Patrick Williams,Bulls,F,34,15,4,2,0,1,2,4
2026,2026-02-09,Marcus Smart,Lakers,G,29,19,3,3,2,0,1,1
2026,2025-12-31,Rob Dillingham,Timberwolves,G,8,5,2,3,0,0,0,0
2026,2025-12-07,Antonio Reeves,Hornets,G,3,0,0,0,0,0,0,0
2026,2025-12-23,Jarred Vanderbilt,Lakers,F,20,5,5,1,0,0,2,0
2026,2026-02-04,Donte DiVincenzo,Timberwolves,G,31,15,6,5,0,0,1,4
2026,2025-12-28,Stephen Curry,Warriors,G,41,39,3,4,1,1,4,2
2026,2026-01-11,Davion Mitchell,Heat,G,31,13,3,10,1,0,2,0
2026,2026-01-02,Ethan Thompson,Pacers,G,1,0,0,0,0,0,0,0
2026,2025-10-25,Julian Strawther,Nuggets,G,3,3,2,0,0,0,1,0
2026,2025-10-27,Shaedon Sharpe,Trail Blazers,G,29,16,7,2,4,0,5,2
2026,2026-02-19,Jabari Smith Jr.,Rockets,F,31,15,7,1,1,1,0,1
2026,2025-10-30,Justin Champagnie,Wizards,F,4,0,1,0,0,0,0,0
2026,2026-03-12,Jamal Murray,Nuggets,G,40,39,2,7,1,0,4,2
2026,2026-02-11,Jakob Poeltl,Raptors,C,20,9,6,0,0,0,1,2
2026,2026-03-18,Olivier-Maxence Prosper,Grizzlies,F,23,19,1,0,2,0,1,1
2026,2025-12-29,Zeke Nnaji,Nuggets,F,9,4,0,0,0,0,0,4
2026,2025-12-30,Doug McDermott,Kings,F,7,3,1,0,0,0,1,0
2026,2025-12-03,Tyler Kolek,Knicks,G,13,6,3,5,0,1,1,0
2026,2025-10-26,Dean Wade,Cavaliers,F,23,4,1,1,0,0,0,3
2026,2026-02-01,Andre Jackson Jr.,Bucks,G,8,0,2,0,0,0,0,1
2026,2025-12-29,Mike Conley,Timberwolves,G,18,2,0,1,1,0,0,2
2026,2026-03-06,Pascal Siakam,Pacers,F,29,26,5,3,2,0,2,1
2026,2025-10-29,Oso Ighodaro,Suns,F,12,2,4,2,0,0,1,2
2026,2025-11-04,Jamison Battle,Raptors,F,5,2,0,1,0,0,0,1
2026,2026-03-29,Jalen Slawson,Pacers,F,16,0,4,1,0,0,0,2
2026,2025-11-14,JD Davison,Rockets,G,3,0,0,0,0,0,0,0
2026,2026-01-07,Kawhi Leonard,Clippers,F,36,25,3,4,3,0,3,1
2026,2025-12-14,Trey Murphy III,Pelicans,F,34,20,10,2,0,0,1,2
2026,2025-12-29,Tre Johnson,Wizards,G,25,24,1,2,1,0,3,1
2026,2026-01-03,Hugo Gonzalez,Celtics,G,10,0,0,0,0,0,0,3
2026,2026-01-24,Ryan Nembhard,Mavericks,G,4,2,0,2,0,0,1,0
2026,2026-01-12,Ochai Agbaji,Raptors,G,2,0,1,0,0,0,0,0
2026,2026-04-12,Duncan Robinson,Pistons,F,22,9,2,2,0,0,1,1
2026,2025-11-22,Jordan Clarkson,Knicks,G,34,15,2,5,0,1,3,3
2026,2026-04-03,Mikal Bridges,Knicks,G,23,12,2,0,0,0,0,1
2026,2026-03-22,Koby Brea,Suns,G,5,0,0,0,0,0,0,2
2026,2026-02-21,Anthony Black,Magic,G,45,10,4,4,1,1,2,1
2026,2026-03-30,Luke Kornet,Spurs,C,19,10,5,1,0,0,0,2
2026,2026-03-17,Dominick Barlow,76ers,F,27,8,9,4,0,1,4,4
2026,2026-04-10,Tyrese Maxey,76ers,G,39,32,8,5,2,0,1,3
2026,2026-01-28,Tristan da Silva,Magic,F,21,12,2,4,3,0,1,1
2026,2025-11-10,Micah Peavy,Pelicans,G,16,4,1,0,0,1,1,3
2026,2025-11-21,Sidy Cissoko,Trail Blazers,G,23,15,1,2,1,0,3,4
2026,2026-03-21,Thomas Bryant,Cavaliers,C,15,11,8,1,0,1,1,2
2026,2026-04-07,Anthony Gill,Wizards,F,16,8,1,0,1,1,0,3
2026,2025-11-09,Joan Beringer,Timberwolves,F,6,2,0,0,1,0,0,3
2026,2025-12-29,Donte DiVincenzo,Timberwolves,G,27,12,6,3,0,0,0,2
2026,2026-01-24,Jake LaRavia,Lakers,F,30,13,6,1,0,1,4,4
2026,2026-01-01,Luka Garza,Celtics,C,25,11,3,2,2,0,0,1
2026,2025-10-22,Jonathan Mogbo,Raptors,F,11,4,4,0,0,0,0,1
2026,2026-01-25,Julius Randle,Timberwolves,F,35,11,5,6,3,1,1,2
2026,2026-04-12,Chaney Johnson,Nets,F,36,16,13,2,1,0,1,3
2026,2025-12-23,Ziaire Williams,Nets,F,18,9,0,0,1,0,1,2
2026,2025-11-07,Shai Gilgeous-Alexander,Thunder,G,29,30,1,3,2,1,1,2
2026,2026-03-05,Naji Marshall,Mavericks,F,25,6,4,5,2,0,2,2
2026,2025-11-12,Amen Thompson,Rockets,G,35,18,1,8,3,1,2,0
2026,2025-12-04,CJ McCollum,Wizards,G,31,22,2,3,1,1,4,4
2026,2026-04-12,Dominick Barlow,76ers,F,20,7,3,2,2,0,1,4
2026,2026-03-12,Tyler Burton,Grizzlies,F,29,3,1,0,0,1,1,3
2026,2025-10-27,Goga Bitadze,Magic,C,14,5,3,2,1,0,2,2
2026,2025-10-28,Adem Bona,76ers,C,18,2,5,0,0,5,1,0
2026,2026-02-26,Jalen Wilson,Nets,F,5,9,0,0,0,0,0,0
2026,2025-10-24,Jaime Jaquez Jr.,Heat,F,27,17,10,6,2,0,3,2
2026,2025-10-26,Neemias Queta,Celtics,C,26,4,6,3,2,3,2,5
2026,2026-03-23,Jamison Battle,Raptors,F,23,17,4,2,0,0,2,2
2026,2026-03-17,Brandon Miller,Hornets,F,26,16,2,2,1,0,0,4
2026,2025-10-31,Kris Murray,Trail Blazers,F,29,10,6,1,3,0,2,4
2026,2025-12-05,Zeke Nnaji,Nuggets,F,8,2,1,0,0,0,0,0
2026,2026-02-19,Moses Moody,Warriors,G,23,11,3,2,0,0,1,1
2026,2026-02-09,Kyle Lowry,76ers,G,18,6,1,1,1,1,0,0
2026,2025-11-24,Yang Hansen,Trail Blazers,C,3,0,0,0,0,0,0,1
2026,2026-03-16,Amen Thompson,Rockets,G,41,19,12,5,0,1,4,3
2026,2025-12-14,Johnny Furphy,Pacers,G,13,5,4,0,0,0,0,1
2026,2025-12-01,Daniss Jenkins,Pistons,G,27,6,8,6,0,0,3,2
2026,2025-11-03,Cole Anthony,Bucks,G,23,11,4,4,1,0,3,3
2026,2026-04-09,Jordan Walsh,Celtics,G,17,5,2,1,0,0,0,4
2026,2026-01-07,Karlo Matkovic,Pelicans,F,13,2,4,1,1,1,1,1
2026,2025-12-23,Nic Claxton,Nets,C,27,16,10,2,1,0,1,2
2026,2026-02-02,Herbert Jones,Pelicans,F,36,12,7,2,1,1,0,4
2026,2025-12-11,Javonte Cooke,Trail Blazers,G,4,0,1,1,0,0,1,0
2026,2026-01-22,De'Aaron Fox,Spurs,G,35,31,5,5,0,1,1,4
2026,2026-01-11,Karlo Matkovic,Pelicans,F,18,11,0,1,0,2,0,1
2026,2026-01-03,Derrick Jones Jr.,Clippers,F,25,19,4,2,0,1,1,2
2026,2026-01-30,Kyle Anderson,Jazz,F,20,2,1,4,1,0,0,4
2026,2025-10-21,Jabari Smith Jr.,Rockets,F,42,16,5,0,1,0,0,4
2026,2026-03-28,Cody Williams,Jazz,F,29,0,2,2,1,1,3,2
2026,2026-01-18,Jevon Carter,Bulls,G,3,2,0,0,0,0,0,0
2026,2026-04-09,Seth Curry,Warriors,G,23,11,2,0,0,0,0,0
2026,2026-02-20,Ryan Kalkbrenner,Hornets,C,36,12,13,1,0,1,0,2
2026,2025-11-07,Kon Knueppel,Hornets,G,40,30,8,3,1,1,2,4
2026,2026-01-31,LaMelo Ball,Hornets,G,32,16,8,8,0,0,3,3
2026,2025-10-29,Jordan Poole,Pelicans,G,22,9,1,2,0,0,1,2
2026,2026-03-28,Taurean Prince,Bucks,F,26,5,3,2,0,0,2,3
2026,2025-12-05,Josh Minott,Celtics,F,23,6,3,3,0,1,0,1
2026,2025-11-15,Kon Knueppel,Hornets,G,27,8,4,3,0,2,5,2
2026,2026-04-01,Andre Jackson Jr.,Bucks,G,23,8,5,3,0,0,2,2
2026,2026-01-15,Jaylen Wells,Grizzlies,F,18,2,2,0,0,0,1,0
2026,2026-01-09,Karlo Matkovic,Pelicans,F,5,2,3,0,0,1,0,1
2026,2026-02-26,Moritz Wagner,Magic,F,15,6,3,2,2,0,0,2
2026,2025-11-24,Jordan Clarkson,Knicks,G,20,12,0,1,0,0,4,5
2026,2026-03-02,Max Shulga,Celtics,G,2,0,0,0,0,0,0,1
2026,2026-01-02,Robert Williams III,Trail Blazers,C,18,4,6,1,0,1,0,2
2026,2026-04-08,Bennedict Mathurin,Clippers,G,24,10,2,2,1,0,2,1
2026,2025-12-23,Ryan Nembhard,Mavericks,G,33,11,3,7,0,0,1,1
2026,2026-02-06,Micah Potter,Pacers,C,16,8,5,1,0,0,0,0
2026,2025-10-24,Ja Morant,Grizzlies,G,22,12,2,6,0,0,3,2
2026,2025-12-02,Carter Bryant,Spurs,F,11,6,0,0,0,0,0,2
2026,2026-01-31,Jalen Johnson,Hawks,F,36,33,11,10,3,0,4,1
2026,2026-03-31,Garrett Temple,Raptors,G,1,0,0,0,0,0,0,0
2026,2026-04-03,Lucas Williamson,Grizzlies,G,20,5,4,2,0,0,1,4
2026,2025-11-28,Josh Giddey,Bulls,G,33,25,11,9,1,0,0,1
2026,2026-03-23,Ace Bailey,Jazz,G,35,37,6,3,0,2,0,3
2026,2026-02-09,Jalen Duren,Pistons,C,20,15,5,2,1,0,1,2
2026,2026-03-31,Ausar Thompson,Pistons,G,26,5,7,5,2,0,3,2
2026,2025-12-26,Walter Clayton Jr.,Jazz,G,9,0,1,1,0,1,0,1
2026,2025-11-28,T.J. McConnell,Pacers,G,19,14,4,8,1,1,1,3
2026,2025-12-01,Jaime Jaquez Jr.,Heat,F,21,4,4,5,0,1,2,4
2026,2026-03-14,Isaiah Jackson,Clippers,F,23,6,8,4,1,3,1,2
2026,2025-11-04,Jaylin Williams,Thunder,F,14,3,5,0,0,0,0,1
2026,2025-10-27,Franz Wagner,Magic,F,36,22,4,4,0,1,0,1
2026,2025-11-24,Gradey Dick,Raptors,G,11,0,0,0,0,0,0,3
2026,2025-12-15,Cody Williams,Jazz,F,22,11,1,2,0,0,0,3
2026,2026-03-09,OG Anunoby,Knicks,F,37,22,6,2,2,0,4,2
2026,2026-01-23,Hugo Gonzalez,Celtics,G,19,10,7,1,1,1,0,2
2026,2026-03-03,Noah Penda,Magic,F,19,5,5,1,0,2,1,0
2026,2026-01-30,Jalen Suggs,Magic,G,33,14,6,10,3,0,1,4
2026,2025-11-28,Kobe Brown,Clippers,G,16,5,0,0,2,0,0,2
2026,2025-12-05,Hugo Gonzalez,Celtics,G,8,4,2,0,0,0,4,1
2026,2025-11-19,Reed Sheppard,Rockets,G,23,12,2,2,1,1,0,4
2026,2026-01-13,Dalen Terry,Bulls,F,9,5,3,1,1,0,1,2
2026,2026-03-03,Luguentz Dort,Thunder,G,28,4,5,2,0,0,1,0
2026,2025-11-17,Moussa Cisse,Mavericks,C,26,5,10,0,1,2,1,4
2026,2026-03-27,Brandin Podziemski,Warriors,G,33,22,10,7,2,0,3,1
2026,2026-03-15,Jrue Holiday,Trail Blazers,G,24,5,5,2,0,0,2,0
2026,2026-03-23,Paul Reed,Pistons,F,15,8,4,1,1,0,0,2
2026,2025-12-30,Chaz Lanier,Pistons,G,3,2,0,0,0,0,0,0
2026,2026-04-09,Gradey Dick,Raptors,G,3,0,0,0,0,0,0,0
2026,2026-02-24,Pat Spencer,Warriors,G,23,5,2,4,1,0,3,1
2026,2026-01-17,Drew Timme,Lakers,F,29,21,2,4,2,0,2,4
2026,2025-10-22,Moussa Diabate,Hornets,F,21,13,9,0,1,1,2,3
2026,2026-01-21,Brooks Barnhizer,Thunder,F,13,0,3,0,2,0,0,1
2026,2026-03-04,Adem Bona,76ers,C,29,12,5,1,1,1,1,2
2026,2026-03-06,Moussa Cisse,Mavericks,C,26,6,7,1,1,3,0,0
2026,2025-12-12,Moussa Diabate,Hornets,F,13,2,3,0,0,1,0,3
2026,2026-04-10,Bennedict Mathurin,Clippers,G,5,0,0,1,0,0,0,0
2026,2025-12-05,Tim Hardaway Jr.,Nuggets,G,27,17,6,0,0,0,1,0
2026,2026-03-11,Kevin Durant,Rockets,F,26,11,4,5,0,0,3,2
2026,2026-01-12,LaMelo Ball,Hornets,G,32,25,9,5,1,0,3,1
2026,2026-01-22,Kasparas Jakucionis,Heat,G,11,3,0,3,0,0,0,0
2026,2026-03-16,Blake Wesley,Trail Blazers,G,8,4,0,1,0,0,1,0
2026,2026-03-22,Tyus Jones,Nuggets,G,2,0,1,0,0,0,0,0
2026,2025-12-07,Jett Howard,Magic,G,6,0,1,0,0,0,0,0
2026,2026-02-01,Daeqwon Plowden,Kings,G,24,0,4,0,0,1,0,1
2026,2026-02-04,Kyle Kuzma,Bucks,F,31,7,6,9,0,0,3,1
2026,2025-11-20,Dyson Daniels,Hawks,G,31,8,6,5,3,0,5,3
2026,2026-03-01,Daeqwon Plowden,Kings,G,25,2,2,2,0,0,0,1
2026,2026-03-24,Jose Alvarado,Knicks,G,9,0,1,1,0,0,1,2
2026,2025-11-28,Giannis Antetokounmpo,Bucks,F,28,30,15,8,1,0,3,5
2026,2026-02-08,Jamison Battle,Raptors,F,7,0,2,0,0,0,0,1
2026,2026-04-10,Alex Morales,Magic,G,5,0,0,0,0,0,1,1
2026,2025-12-23,Clint Capela,Rockets,C,5,2,1,1,1,0,0,0
2026,2026-02-08,Kris Dunn,Clippers,G,28,9,5,6,1,0,1,2
2026,2026-04-05,Hunter Dickinson,Pelicans,C,4,0,1,0,0,1,1,1
2026,2025-10-21,Chris Youngblood,Thunder,G,0,0,0,0,0,0,0,0
2026,2025-12-26,Isaiah Collier,Jazz,G,29,9,1,9,2,1,5,3
2026,2026-03-04,Bennedict Mathurin,Clippers,G,22,23,8,4,1,1,1,4
2026,2026-03-14,Jaden Hardy,Wizards,G,15,12,3,1,1,0,1,1
2026,2026-04-02,Kobe Sanders,Clippers,G,13,6,1,1,0,0,1,2
2026,2025-10-29,Anthony Black,Magic,G,24,10,4,1,1,0,2,2
2026,2026-01-10,Joe Ingles,Timberwolves,F,6,5,0,3,1,0,0,2
2026,2026-03-05,Noah Penda,Magic,F,20,4,4,0,0,0,1,2
2026,2026-02-26,Mike Conley,Timberwolves,G,3,0,1,0,0,0,0,1
2026,2025-12-08,Yves Missi,Pelicans,C,8,2,0,1,0,0,0,2
2026,2026-02-02,Karlo Matkovic,Pelicans,F,14,2,1,2,1,1,0,1
2026,2026-01-23,Kyle Kuzma,Bucks,F,35,11,10,6,0,0,1,0
2026,2026-02-11,Isaiah Collier,Jazz,G,27,12,1,14,1,0,4,1
2026,2026-01-16,Justin Champagnie,Wizards,F,27,15,7,2,0,0,0,4
2026,2026-02-22,Nikola Jokic,Nuggets,C,36,35,20,12,3,2,5,1
2026,2025-12-27,Quenton Jackson,Pacers,G,14,4,0,3,0,0,3,2
2026,2026-03-18,Neemias Queta,Celtics,C,28,8,7,3,1,0,0,3
2026,2026-01-03,Kobe Brown,Clippers,G,6,4,1,1,0,0,0,1
2026,2026-03-29,DaQuan Jeffries,Kings,G,26,14,2,0,2,0,0,5
2026,2025-11-24,Isaiah Collier,Jazz,G,21,2,3,3,2,0,2,2
2026,2026-02-11,Myles Turner,Bucks,C,31,5,8,2,2,2,0,3
2026,2025-11-07,Julian Strawther,Nuggets,G,7,4,1,0,0,1,0,2
2026,2026-03-21,Moussa Diabate,Hornets,F,33,11,14,3,1,2,3,1
2026,2025-12-21,Norman Powell,Heat,G,35,22,4,3,3,0,1,2
2026,2025-11-22,Zach Edey,Grizzlies,C,26,12,15,3,1,4,4,5
2026,2025-10-21,Alperen Sengun,Rockets,C,49,39,11,7,2,1,4,5
2026,2026-03-11,Dennis Schroder,Cavaliers,G,18,0,0,2,0,0,0,4
2026,2026-03-13,Clint Capela,Rockets,C,22,9,5,2,1,4,1,4
2026,2026-02-23,Tari Eason,Rockets,F,32,11,10,4,1,1,3,1
2026,2026-02-09,Karlo Matkovic,Pelicans,F,19,12,9,1,0,0,0,0
2026,2026-03-20,Jaden McDaniels,Timberwolves,F,40,16,6,3,5,1,1,3
2026,2025-12-22,Brooks Barnhizer,Thunder,F,16,0,3,1,0,0,0,0
2026,2026-02-11,Jordan Walsh,Celtics,G,29,16,6,2,3,2,0,4
2026,2026-02-15,Deni Avdija,World,F,7,0,1,2,0,0,2,0
2026,2026-01-14,Jalen Pickett,Nuggets,G,28,9,6,3,2,0,2,3
2026,2025-12-31,Aaron Nesmith,Pacers,G,32,9,10,0,3,1,0,4
2026,2026-04-02,Derrick Jones Jr.,Clippers,F,24,4,4,1,0,0,0,0
2026,2026-02-24,Gradey Dick,Raptors,G,6,0,2,0,1,1,1,1
2026,2025-11-07,Matas Buzelis,Bulls,F,36,20,8,3,2,1,3,1
2026,2025-11-04,Desmond Bane,Magic,G,23,9,3,2,1,0,3,4
2026,2026-03-25,Julian Strawther,Nuggets,G,16,8,5,0,0,0,0,0
2026,2026-03-27,Elijah Harkless,Jazz,G,41,11,4,2,2,2,1,3
2026,2025-10-24,Draymond Green,Warriors,F,21,12,3,5,0,0,5,4
2026,2025-12-01,Craig Porter Jr.,Cavaliers,G,22,4,5,3,1,2,0,4
2026,2026-03-29,Myron Gardner,Heat,F,1,2,1,0,0,1,1,1
2026,2026-02-24,Luka Garza,Celtics,C,4,3,3,0,0,0,1,2
2026,2026-03-03,Lindy Waters III,Spurs,F,12,8,0,1,1,1,0,0
2026,2025-12-26,Sidy Cissoko,Trail Blazers,G,16,1,0,2,1,0,0,4
2026,2025-12-27,Dillon Brooks,Suns,F,33,18,4,1,2,0,1,2
2026,2026-03-27,Drake Powell,Nets,G,22,7,0,1,0,0,1,0
2026,2026-03-04,Elijah Harkless,Jazz,G,20,3,3,0,0,0,0,2
2026,2026-04-04,Dru Smith,Heat,G,12,6,0,1,2,0,0,0
2026,2025-11-22,Kris Dunn,Clippers,G,27,6,2,6,1,0,0,1
2026,2026-03-14,Nique Clifford,Kings,G,35,11,4,4,2,0,1,4
2026,2025-11-30,Zach LaVine,Kings,G,35,19,3,3,2,0,0,1
2026,2026-02-28,Jrue Holiday,Trail Blazers,G,33,25,5,4,1,0,4,0
2026,2025-11-01,Franz Wagner,Magic,F,31,25,6,6,3,0,1,1
2026,2026-04-12,Dalton Knecht,Lakers,F,12,17,2,4,1,0,0,3
2026,2025-12-15,Javonte Green,Pistons,G,14,8,1,1,3,0,0,0
2026,2026-04-05,John Konchar,Jazz,G,26,9,9,3,5,0,2,0
2026,2026-02-06,Jalen Brunson,Knicks,G,31,12,4,4,2,0,0,2
2026,2025-12-29,Jonathan Isaac,Magic,F,0,0,0,0,0,0,0,0
2026,2025-11-09,Jaylin Williams,Thunder,F,17,0,3,1,0,0,0,2
2026,2025-12-04,Josh Minott,Celtics,F,22,11,4,2,1,0,1,0
2026,2026-01-14,Drake Powell,Nets,G,24,16,5,2,0,0,0,0
2026,2026-03-02,Kyshawn George,Wizards,F,22,16,1,2,1,0,0,2
2026,2026-02-03,Jericho Sims,Bucks,C,21,9,9,2,0,1,1,3
2026,2026-04-10,Zeke Nnaji,Nuggets,F,14,5,6,2,0,3,2,2
2026,2025-10-24,Jaylon Tyson,Cavaliers,G,23,8,4,1,3,1,1,3
2026,2025-12-14,Ryan Rollins,Bucks,G,22,11,2,5,0,1,2,2
2026,2025-11-23,Royce O'Neale,Suns,F,34,9,5,1,1,0,1,5
2026,2026-01-12,Michael Porter Jr.,Nets,F,33,28,9,3,1,0,6,1
2026,2026-03-04,Dominick Barlow,76ers,F,25,7,4,1,1,1,2,0
2026,2025-10-24,Derrick Jones Jr.,Clippers,F,23,17,4,2,1,1,0,2
2026,2025-11-04,Jericho Sims,Bucks,C,7,0,3,0,0,0,1,1
2026,2026-01-24,Kyle Anderson,Jazz,F,15,2,1,0,1,1,1,2
2026,2026-04-08,Colin Castleton,Magic,C,3,0,1,0,0,0,0,0
2026,2026-04-01,Jayson Tatum,Celtics,F,37,25,18,11,2,0,2,2
2026,2026-02-26,Kelly Oubre Jr.,76ers,G,34,21,8,3,1,0,2,4
2026,2026-03-13,Naz Reid,Timberwolves,C,27,12,3,4,1,1,0,2
2026,2025-11-02,Micah Peavy,Pelicans,G,7,3,1,2,0,0,1,0
2026,2025-11-15,Ja'Kobe Walter,Raptors,G,15,3,0,0,3,0,2,1
2026,2025-12-03,Kel'el Ware,Heat,C,25,22,10,2,1,1,3,3
2026,2026-03-06,Dwight Powell,Mavericks,F,15,2,5,0,0,1,2,4
2026,2026-02-04,Immanuel Quickley,Raptors,G,34,23,5,8,1,0,2,1
2026,2026-03-07,GG Jackson,Grizzlies,F,22,14,7,1,1,1,2,1
2026,2026-01-11,Onyeka Okongwu,Hawks,F,33,18,12,8,2,0,1,4
2026,2026-01-26,Dyson Daniels,Hawks,G,35,22,5,9,1,1,1,2
2026,2026-02-02,Josh Okogie,Rockets,G,12,0,0,0,0,0,0,0
2026,2026-03-25,Gary Trent Jr.,Bucks,G,19,0,0,0,1,0,0,3
2026,2025-12-02,Jared McCain,76ers,G,25,14,3,5,1,0,3,0
2026,2026-03-01,Isaiah Hartenstein,Thunder,C,25,7,5,4,1,2,0,3
2026,2026-03-12,Onyeka Okongwu,Hawks,F,30,13,9,0,2,4,0,3
2026,2025-11-11,Christian Braun,Nuggets,G,30,12,1,1,1,0,0,0
2026,2026-01-13,Jericho Sims,Bucks,C,4,0,0,0,0,0,0,0
2026,2025-12-14,Jose Alvarado,Pelicans,G,18,3,2,2,1,1,0,0
2026,2025-11-07,Nikola Jokic,Nuggets,C,28,26,9,9,0,1,1,2
2026,2025-10-26,Kris Dunn,Clippers,G,22,9,2,1,0,0,1,4
2026,2026-04-08,Julian Phillips,Timberwolves,F,24,6,2,0,0,0,1,2
2026,2025-11-26,Ryan Rollins,Bucks,G,41,26,7,5,1,0,4,2
2026,2026-04-07,Jaime Jaquez Jr.,Heat,F,26,8,6,3,0,0,3,0
2026,2026-01-25,Chet Holmgren,Thunder,C,29,11,10,0,0,0,2,0
2026,2026-03-27,Luka Garza,Celtics,C,15,11,4,2,0,0,0,2
2026,2025-10-26,Nic Claxton,Nets,C,26,10,5,2,1,0,0,5
2026,2026-03-09,Tristan Enaruna,Cavaliers,F,4,3,1,1,0,0,0,0
2026,2025-12-23,Reed Sheppard,Rockets,G,26,8,1,3,0,1,0,1
2026,2025-11-17,Karl-Anthony Towns,Knicks,C,33,22,15,2,0,1,4,5
2026,2025-11-22,Drew Eubanks,Kings,F,22,8,3,1,1,0,0,4
2026,2026-02-23,Ronald Holland II,Pistons,F,26,15,11,0,1,1,0,1
2026,2026-03-01,Vit Krejci,Trail Blazers,G,30,14,4,1,0,0,1,2
2026,2025-11-07,Walter Clayton Jr.,Jazz,G,12,4,3,2,0,1,1,2
2026,2025-12-01,Kyle Filipowski,Jazz,F,29,12,7,3,0,1,3,5
2026,2026-03-25,Jarace Walker,Pacers,F,30,15,6,4,0,0,3,3
2026,2026-02-15,Alperen Sengun,World,C,6,1,1,2,0,0,0,1
2026,2026-04-08,Pete Nance,Bucks,F,18,0,2,0,0,0,0,4
2026,2026-01-03,Kris Dunn,Clippers,G,30,10,4,6,0,0,0,2
2026,2026-01-25,Brooks Barnhizer,Thunder,F,3,0,1,0,0,0,1,0
2026,2026-02-25,Derrick White,Celtics,G,33,20,6,3,1,3,3,0
2026,2026-02-10,Reed Sheppard,Rockets,G,30,16,6,4,2,1,4,2
2026,2025-10-27,Nolan Traore,Nets,G,21,4,1,3,0,0,2,4
2026,2025-10-27,Taylor Hendricks,Jazz,F,19,0,6,0,1,0,0,1
2026,2025-12-02,Guerschon Yabusele,Knicks,F,8,1,2,0,1,0,0,0
2026,2026-03-06,Isaiah Jackson,Clippers,F,14,5,5,1,1,0,1,1
2026,2026-02-01,Daniss Jenkins,Pistons,G,20,18,4,1,0,0,0,2
2026,2026-01-20,Stephen Curry,Warriors,G,25,16,3,3,1,0,1,1
2026,2025-11-11,Chet Holmgren,Thunder,C,25,23,11,2,0,1,2,3
2026,2026-02-24,Jerami Grant,Trail Blazers,F,35,21,5,2,2,0,3,0
2026,2026-02-05,Jake LaRavia,Lakers,F,23,14,0,2,3,0,1,2
2026,2025-11-18,Svi Mykhailiuk,Jazz,G,25,13,3,1,0,0,1,2
2026,2025-11-11,Jalen Brunson,Knicks,G,36,32,5,10,0,0,6,1
2026,2026-01-02,Egor Demin,Nets,G,28,10,8,3,2,1,2,2
2026,2026-01-25,Keon Ellis,Kings,G,21,14,0,0,0,0,1,2
2026,2026-04-10,Donte DiVincenzo,Timberwolves,G,29,18,4,2,1,2,1,3
2026,2026-01-31,Jock Landale,Grizzlies,C,26,7,8,2,2,0,3,0
2026,2026-03-15,Landry Shamet,Knicks,G,27,10,1,0,2,0,2,3
2026,2025-10-23,Al Horford,Warriors,C,29,13,3,2,1,1,2,2
2026,2025-11-07,Immanuel Quickley,Raptors,G,34,18,5,6,3,0,2,2
2026,2025-10-29,Reed Sheppard,Rockets,G,18,7,5,1,0,1,0,1
2026,2025-12-20,Desmond Bane,Magic,G,39,32,6,1,2,1,5,3
2026,2025-11-26,Ariel Hukporti,Knicks,C,2,0,1,1,0,1,0,0
2026,2026-02-21,Jalen Duren,Pistons,C,29,26,13,2,1,0,0,2
2026,2025-11-24,Day'Ron Sharpe,Nets,C,22,5,8,1,1,0,1,3
2026,2025-12-28,Aaron Wiggins,Thunder,G,23,15,3,3,1,0,0,0
2026,2026-01-28,Isaac Okoro,Bulls,F,23,5,2,0,0,0,0,3
2026,2025-10-24,Nigel Hayes-Davis,Suns,F,21,7,2,0,3,0,0,0
2026,2025-12-01,Cam Christie,Clippers,G,15,0,3,0,1,0,1,1
2026,2025-11-05,Charles Bassey,Grizzlies,C,15,4,5,1,0,0,0,2
2026,2026-03-14,Kawhi Leonard,Clippers,F,26,31,6,0,2,0,3,2
2026,2026-03-11,Nicolas Batum,Clippers,F,12,6,0,0,0,0,0,2
2026,2026-01-21,T.J. McConnell,Pacers,G,14,4,3,3,1,0,2,1
2026,2026-01-28,Jordan Walsh,Celtics,G,21,4,7,1,1,1,1,4
2026,2026-01-28,De'Aaron Fox,Spurs,G,34,18,5,8,0,1,5,0
2026,2026-01-19,Dominick Barlow,76ers,F,24,11,7,0,2,0,0,2
2026,2025-12-02,Kyshawn George,Wizards,F,33,11,8,5,0,1,1,4
2026,2026-03-29,Amari Williams,Celtics,F,2,0,1,0,0,0,1,0
2026,2025-12-20,Jock Landale,Grizzlies,C,24,5,8,1,0,1,1,2
2026,2026-04-12,Thanasis Antetokounmpo,Bucks,F,27,8,2,6,1,1,1,4
2026,2026-01-26,Joe Ingles,Timberwolves,F,5,0,0,1,1,0,0,0
2026,2025-11-11,Isaiah Joe,Thunder,G,29,18,1,1,0,0,3,4
2026,2026-02-28,Donovan Clingan,Trail Blazers,C,26,7,8,2,1,2,1,4
2026,2025-12-14,Gary Trent Jr.,Bucks,G,29,20,2,0,2,0,2,3
2026,2025-11-30,Sandro Mamukelashvili,Raptors,F,27,9,7,1,1,2,1,0
2026,2026-04-02,Luke Kornet,Spurs,C,25,8,6,5,0,0,0,1
2026,2026-03-27,Payton Pritchard,Celtics,G,35,36,7,4,0,0,5,2
2026,2026-01-20,Gradey Dick,Raptors,G,23,10,3,0,1,0,1,4
2026,2026-03-12,Bam Adebayo,Heat,C,35,21,8,2,1,0,2,1
2026,2026-04-12,Nae'Qwan Tomlin,Cavaliers,F,36,26,8,5,0,0,1,1
2026,2026-02-07,Kon Knueppel,Hornets,G,36,23,8,4,0,1,2,1
2026,2026-01-11,Jabari Walker,76ers,F,17,7,6,0,0,0,1,4
2026,2026-04-12,Cade Cunningham,Pistons,G,22,7,8,14,0,0,4,0
2026,2026-02-08,Simone Fontecchio,Heat,F,19,12,5,3,3,0,1,0
2026,2025-12-12,Jimmy Butler III,Warriors,F,37,15,8,5,1,0,1,2
2026,2025-11-08,Royce O'Neale,Suns,F,29,12,7,5,2,0,1,2
2026,2026-01-01,Norman Powell,Heat,G,35,36,2,2,1,0,3,2
2026,2026-04-02,Gary Payton II,Warriors,G,27,8,12,2,2,1,1,0
2026,2025-10-22,Sam Merrill,Cavaliers,G,28,19,3,1,0,0,1,6
2026,2026-03-06,Devin Booker,Suns,G,35,32,4,4,2,0,4,1
2026,2025-12-12,Day'Ron Sharpe,Nets,C,13,6,6,3,0,1,1,2
2026,2026-01-01,Brook Lopez,Clippers,C,20,3,2,1,1,1,0,1
2026,2026-01-19,Cason Wallace,Thunder,G,18,4,2,2,0,0,3,4
2026,2026-01-02,Collin Gillespie,Suns,G,26,15,2,5,3,0,1,2
2026,2026-02-08,Jaden McDaniels,Timberwolves,F,28,2,2,0,1,0,2,2
2026,2026-04-12,A.J. Lawson,Raptors,G,11,10,0,0,0,0,0,1
2026,2026-02-19,Mark Williams,Suns,C,23,11,10,0,0,1,0,1
2026,2025-11-09,Jalen Duren,Pistons,C,37,21,16,1,2,2,3,5
2026,2026-01-17,Moses Moody,Warriors,G,27,12,1,2,0,1,0,2
2026,2025-10-31,OG Anunoby,Knicks,F,36,26,4,3,1,1,1,4
2026,2025-10-22,Mark Williams,Suns,C,24,6,11,0,0,2,1,2
2026,2025-11-03,Javonte Green,Pistons,G,21,3,3,1,2,1,0,3
2026,2026-03-08,Devin Carter,Kings,G,6,3,4,3,1,0,0,1
2026,2025-12-23,Donovan Mitchell,Cavaliers,G,30,27,4,4,1,0,3,4
2026,2025-11-12,Jaime Jaquez Jr.,Heat,F,30,11,3,4,0,0,1,4
2026,2025-12-18,Kyshawn George,Wizards,F,36,11,6,7,2,2,1,4
2026,2026-04-10,CJ Huntley,Suns,F,4,0,1,0,0,0,0,0
2026,2025-11-21,CJ McCollum,Wizards,G,26,20,3,3,1,0,2,2
2026,2025-10-28,Buddy Hield,Warriors,G,10,2,3,0,0,0,0,0
2026,2026-01-17,Brice Sensabaugh,Jazz,F,30,25,6,2,0,0,0,0
2026,2026-02-08,Bilal Coulibaly,Wizards,G,34,7,4,1,1,1,4,4
2026,2026-04-02,Julian Champagnie,Spurs,F,28,13,8,4,2,0,1,1
2026,2025-10-28,Ajay Mitchell,Thunder,G,24,18,0,1,2,0,4,5
2026,2026-04-05,Trey Alexander,Pelicans,G,11,5,2,0,1,0,1,2
2026,2026-01-23,Nic Claxton,Nets,C,39,18,9,4,0,2,0,4
2026,2026-04-03,Trevon Scott,Nets,F,8,6,2,1,0,0,0,1
2026,2026-02-01,Deandre Ayton,Lakers,C,32,13,5,1,1,0,0,3
2026,2026-02-24,Jamal Shead,Raptors,G,23,13,1,4,1,0,2,3
2026,2025-11-23,Evan Mobley,Cavaliers,C,34,18,10,2,2,2,1,3
2026,2025-12-29,Danny Wolf,Nets,F,20,0,1,2,0,0,0,4
2026,2026-03-12,P.J. Washington,Mavericks,F,28,12,10,1,0,1,1,2
2026,2025-12-19,Jordan Clarkson,Knicks,G,16,9,2,0,1,0,3,2
2026,2026-02-03,Caleb Love,Trail Blazers,G,8,0,0,0,0,0,1,0
2026,2026-04-03,Yves Missi,Pelicans,C,20,6,7,2,0,0,0,3
2026,2026-04-12,Killian Hayes,Kings,G,26,9,2,3,2,0,1,3
2026,2026-03-28,Brice Sensabaugh,Jazz,F,33,26,2,2,0,0,1,2
2026,2025-11-23,Davion Mitchell,Heat,G,31,8,8,12,1,0,1,2
2026,2025-11-16,Jordan Walsh,Celtics,G,33,6,8,3,3,1,0,5
2026,2025-11-17,Jonas Valanciunas,Nuggets,C,5,2,2,0,0,0,2,1
2026,2025-11-30,Rob Dillingham,Timberwolves,G,8,0,2,0,0,0,1,1
2026,2025-11-30,Jerami Grant,Trail Blazers,F,34,18,3,2,1,3,4,4
2026,2026-03-11,Brandon Ingram,Raptors,F,38,22,6,5,4,0,4,3
2026,2026-02-25,Taylor Hendricks,Grizzlies,F,28,14,6,4,2,1,2,0
2026,2025-11-17,James Harden,Clippers,G,37,28,6,5,1,2,4,2
2026,2026-01-07,Branden Carlson,Thunder,C,11,3,5,1,0,2,1,1
2026,2026-01-09,Neemias Queta,Celtics,C,27,10,6,0,2,0,0,2
2026,2026-03-11,Nikola Jokic,Nuggets,C,30,16,12,13,5,1,5,2
2026,2026-01-21,Chris Youngblood,Thunder,G,2,0,0,0,0,0,0,0
2026,2026-01-07,Justin Edwards,76ers,F,6,1,0,0,0,0,0,0
2026,2026-02-01,Ben Saraf,Nets,G,19,4,1,4,2,0,0,1
2026,2025-11-12,Tre Mann,Hornets,G,25,13,1,3,0,1,3,3
2026,2026-03-01,Taylor Hendricks,Grizzlies,F,24,19,5,0,1,0,1,3
2026,2026-03-10,Ayo Dosunmu,Timberwolves,G,20,13,2,1,0,0,2,5
2026,2026-03-25,Kristaps Porzingis,Warriors,C,27,17,5,2,0,0,6,4
2026,2025-12-11,Ryan Rollins,Bucks,G,26,10,2,7,2,0,3,5
2026,2026-03-13,Herbert Jones,Pelicans,F,35,8,9,3,3,0,2,5
2026,2025-12-03,T.J. McConnell,Pacers,G,17,14,1,6,3,1,1,3
2026,2026-01-27,Jrue Holiday,Trail Blazers,G,25,5,7,5,1,0,3,1
2026,2026-04-07,Isaiah Hartenstein,Thunder,C,10,0,5,2,1,0,1,1
2026,2026-03-25,Corey Kispert,Hawks,F,12,5,4,2,0,0,1,0
2026,2025-12-15,Walter Clayton Jr.,Jazz,G,13,2,4,2,1,0,3,1
2026,2025-12-14,Gabe Vincent,Lakers,G,19,5,0,0,1,0,0,1
2026,2025-12-10,Jake LaRavia,Lakers,F,9,0,0,1,1,0,1,0
2026,2025-12-26,Keaton Wallace,Hawks,G,3,0,1,0,0,0,2,2
2026,2026-01-22,Moses Moody,Warriors,G,23,12,3,3,2,1,0,2
2026,2026-01-29,Nigel Hayes-Davis,Suns,F,2,0,2,0,0,0,0,0
2026,2025-10-21,Jake LaRavia,Lakers,F,16,5,3,0,0,0,0,1
2026,2026-02-10,TyTy Washington Jr.,Clippers,G,5,3,1,1,0,0,0,2
2026,2025-12-15,Anfernee Simons,Celtics,G,25,9,0,1,0,0,0,2
2026,2025-12-18,Jimmy Butler III,Warriors,F,34,31,3,3,1,0,2,1
2026,2025-12-12,Matas Buzelis,Bulls,F,24,10,0,1,0,2,0,3
2026,2025-12-29,Dorian Finney-Smith,Rockets,F,16,6,2,0,0,0,1,3
2026,2025-11-10,Keyonte George,Jazz,G,36,27,6,6,0,1,3,2
2026,2026-04-12,Sidy Cissoko,Trail Blazers,G,2,0,0,0,0,0,0,1
2026,2025-12-15,Neemias Queta,Celtics,C,34,6,7,1,2,1,0,1
2026,2025-11-07,Devin Carter,Kings,G,5,2,1,1,1,0,0,0
2026,2026-03-25,Tyrese Proctor,Cavaliers,G,6,0,1,0,2,0,0,1
2026,2025-10-28,Will Richard,Warriors,G,6,5,0,0,1,0,1,1
2026,2025-11-03,Deni Avdija,Trail Blazers,F,36,33,6,2,1,1,5,2
2026,2026-04-12,Jay Huff,Pacers,C,24,13,3,3,1,5,3,6
2026,2025-12-12,Pat Spencer,Warriors,G,28,12,5,4,2,0,2,2
2026,2026-03-24,Derik Queen,Pelicans,C,18,5,5,3,0,1,0,1
2026,2026-01-15,Lindy Waters III,Spurs,F,15,3,1,0,0,0,1,2
2026,2026-02-20,Toumani Camara,Trail Blazers,F,26,10,1,1,1,0,3,1
2026,2026-01-12,Nicolas Batum,Clippers,F,22,7,2,2,2,0,1,0
2026,2025-12-21,Terance Mann,Nets,G,26,5,3,7,0,0,2,3
2026,2026-01-07,Paolo Banchero,Magic,F,43,30,14,6,0,0,9,1
2026,2026-03-08,Collin Sexton,Bulls,G,22,28,2,3,0,0,0,0
2026,2026-04-03,Jaylen Brown,Celtics,G,30,26,3,4,2,0,2,3
2026,2026-03-22,Ochai Agbaji,Nets,G,9,3,1,1,0,0,0,1
2026,2026-03-19,Oso Ighodaro,Suns,F,34,15,7,7,1,0,0,4
2026,2026-03-05,Jaylen Clark,Timberwolves,G,3,0,0,0,0,0,0,1
2026,2025-12-04,Buddy Hield,Warriors,G,26,14,8,2,2,1,0,4
2026,2026-02-06,Jerami Grant,Trail Blazers,F,28,23,2,2,1,1,1,1
2026,2026-02-10,Kobe Sanders,Clippers,G,16,2,4,4,0,0,1,1
2026,2025-10-27,Day'Ron Sharpe,Nets,C,22,17,12,2,0,0,0,4
2026,2026-02-01,Kasparas Jakucionis,Heat,G,19,4,1,9,0,0,1,5
2026,2026-02-24,Mohamed Diawara,Knicks,F,8,5,0,0,0,0,0,0
2026,2026-02-21,Patrick Williams,Bulls,F,16,6,1,1,2,0,0,2
2026,2026-01-14,Joel Embiid,76ers,C,25,20,4,3,1,1,6,0
2026,2026-02-24,Tyrese Maxey,76ers,G,34,32,9,8,2,1,2,2
2026,2025-12-12,Kyle Filipowski,Jazz,F,19,2,4,1,0,0,0,1
2026,2026-03-06,Dejounte Murray,Pelicans,G,30,15,8,5,2,0,3,5
2026,2026-01-27,Alex Sarr,Wizards,C,36,29,12,3,2,6,2,1
2026,2026-02-25,Kevin Huerter,Pistons,G,8,0,0,0,0,0,0,2
2026,2025-12-15,Ivica Zubac,Clippers,C,33,6,13,2,0,1,4,3
2026,2025-10-21,Gary Payton II,Warriors,G,12,6,2,1,1,1,3,3
2026,2025-10-29,Ayo Dosunmu,Bulls,G,21,9,2,1,0,0,0,3
2026,2025-11-22,Cam Spencer,Grizzlies,G,24,17,4,5,1,0,1,3
2026,2025-11-17,Jose Alvarado,Pelicans,G,23,6,2,1,2,0,1,4
2026,2026-04-05,Desmond Bane,Magic,G,34,27,6,4,1,1,2,3
2026,2026-01-25,Nikola Jovic,Heat,F,18,12,6,1,0,0,0,1
2026,2026-03-07,Olivier-Maxence Prosper,Grizzlies,F,22,11,2,2,0,1,1,3
2026,2026-02-15,Jamal Murray,World,G,10,8,2,4,0,0,0,0
2026,2026-03-15,Khris Middleton,Mavericks,F,24,5,5,2,1,0,2,4
2026,2025-10-29,Zeke Nnaji,Nuggets,F,6,4,1,0,0,0,1,3
2026,2025-11-08,Moussa Cisse,Mavericks,C,19,5,9,1,0,3,2,4
2026,2026-03-19,Austin Reaves,Lakers,G,40,18,5,4,0,0,2,2
2026,2026-01-12,Scottie Barnes,Raptors,F,35,15,4,3,2,1,2,3
2026,2026-02-21,Nick Richards,Bulls,C,19,5,5,0,0,1,5,4
2026,2025-12-27,Bennedict Mathurin,Pacers,G,35,25,6,0,2,0,5,2
2026,2026-04-02,Kris Dunn,Clippers,G,21,3,1,4,2,1,1,3
2026,2026-02-25,Jalen Duren,Pistons,C,31,29,15,2,0,1,0,2
2026,2026-03-23,Jalen Duren,Pistons,C,33,20,11,3,0,0,3,3
2026,2025-12-02,Josh Minott,Celtics,F,27,11,6,0,0,1,1,2
2026,2025-11-08,CJ McCollum,Wizards,G,33,25,6,2,2,2,3,3
2026,2025-12-28,Adem Bona,76ers,C,28,11,8,1,0,4,2,3
2026,2026-01-23,Sam Hauser,Celtics,F,39,19,4,3,1,0,0,3
2026,2026-02-01,Vladislav Goldin,Heat,C,7,4,1,1,0,1,0,3
2026,2025-11-14,James Harden,Clippers,G,51,41,14,11,1,2,3,3
2026,2025-11-22,Mark Sears,Bucks,G,2,0,1,1,0,0,0,0
2026,2026-01-19,Adem Bona,76ers,C,15,2,4,0,1,2,0,0
2026,2025-12-22,Cody Williams,Jazz,F,8,0,1,1,0,1,1,0
2026,2025-11-07,Will Riley,Wizards,G,10,0,2,1,0,0,0,1
2026,2025-12-23,Danny Wolf,Nets,F,22,3,2,2,1,0,2,4
2026,2026-01-22,Jalen Smith,Bulls,F,27,17,4,0,1,0,1,5
2026,2025-11-28,Nic Claxton,Nets,C,38,12,6,1,1,1,5,2
2026,2026-03-29,Miles McBride,Knicks,G,11,0,1,1,0,1,1,1
2026,2026-04-01,Tre Jones,Bulls,G,25,15,2,1,0,0,3,0
2026,2026-03-11,OG Anunoby,Knicks,F,31,22,2,1,2,1,1,3
2026,2025-12-12,Ethan Thompson,Pacers,G,33,12,2,3,0,0,0,6
2026,2025-12-06,Myles Turner,Bucks,C,25,12,1,0,1,1,1,4
2026,2026-02-28,Yang Hansen,Trail Blazers,C,2,2,1,0,0,0,0,0
2026,2026-01-23,Jonathan Mogbo,Raptors,F,4,0,1,0,0,0,2,1
2026,2025-10-24,Russell Westbrook,Kings,G,17,7,1,4,1,0,2,2
2026,2026-01-22,Kyshawn George,Wizards,F,34,20,12,7,1,0,3,5
2026,2025-11-30,Naz Reid,Timberwolves,C,30,15,5,3,2,0,2,3
2026,2026-01-25,Dylan Harper,Spurs,G,17,5,6,3,0,0,1,1
2026,2026-03-03,Julian Reese,Wizards,F,33,9,8,3,0,0,1,3
2026,2026-04-08,Alex Antetokounmpo,Bucks,F,4,5,3,0,0,1,0,0
2026,2025-11-29,Bennedict Mathurin,Pacers,G,38,19,6,3,2,0,5,2
2026,2025-11-25,Ivica Zubac,Clippers,C,37,10,10,4,1,2,1,5
2026,2026-04-04,Luke Kornet,Spurs,C,13,0,5,1,1,0,0,1
2026,2025-12-29,Carter Bryant,Spurs,F,7,0,2,0,0,0,0,0
2026,2026-01-28,Jaylen Brown,Celtics,G,29,21,7,3,0,1,3,2
2026,2026-01-08,Daniel Gafford,Mavericks,F,25,0,7,0,0,0,2,4
2026,2025-12-31,Moses Moody,Warriors,G,19,7,5,2,1,1,0,1
2026,2026-03-04,Derrick White,Celtics,G,29,29,2,3,1,0,1,1
2026,2025-10-29,Lauri Markkanen,Jazz,F,38,32,5,2,3,3,1,2
2026,2025-11-22,Peyton Watson,Nuggets,G,34,15,7,1,0,0,3,3
2026,2026-03-03,Tobias Harris,Pistons,F,31,19,5,0,0,0,0,0
2026,2025-12-18,Jordan McLaughlin,Spurs,G,4,1,1,1,0,0,1,0
2026,2025-11-04,Moses Moody,Warriors,G,34,24,5,2,1,0,1,2
2026,2026-01-03,Asa Newell,Hawks,F,8,0,1,0,0,0,0,2
2026,2025-11-30,Rui Hachimura,Lakers,F,34,14,2,0,0,0,0,2
2026,2026-03-27,Max Strus,Cavaliers,G,23,29,8,1,0,0,1,2
2026,2026-02-06,Nikola Vucevic,Celtics,C,28,11,12,4,2,0,2,1
2026,2026-03-27,Brook Lopez,Clippers,C,33,16,9,4,0,2,1,3
2026,2025-12-09,Pelle Larsson,Heat,G,11,2,2,1,0,0,1,0
2026,2025-11-16,Micah Peavy,Pelicans,G,4,0,1,1,0,0,0,0
2026,2025-12-21,DeMar DeRozan,Kings,G,40,27,4,9,2,1,1,3
2026,2026-04-01,Bub Carrington,Wizards,G,31,13,1,7,0,1,0,3
2026,2026-03-18,Tyson Etienne,Nets,G,15,9,1,0,0,0,0,2
2026,2026-03-08,Isaac Okoro,Bulls,F,24,9,1,1,0,0,0,6
2026,2025-11-03,Kel'el Ware,Heat,C,18,16,5,0,0,2,1,1
2026,2025-10-29,Terrence Shannon Jr.,Timberwolves,G,16,0,1,1,1,0,0,3
2026,2026-03-08,Josh Hart,Knicks,G,22,8,6,2,2,0,1,3
2026,2026-03-28,Oscar Tshiebwe,Jazz,C,16,7,7,1,2,0,0,1
2026,2026-03-27,Omer Yurtseven,Warriors,C,8,0,3,0,0,0,1,2
2026,2026-01-07,Aaron Holiday,Rockets,G,5,0,1,0,1,0,0,3
2026,2026-03-17,Jaylin Williams,Thunder,F,21,8,6,2,0,0,0,2
2026,2025-11-21,Kel'el Ware,Heat,C,28,20,14,1,2,1,1,1
2026,2026-02-24,Trendon Watford,76ers,F,15,12,4,2,0,2,0,2
2026,2026-02-22,Jalen Brunson,Knicks,G,36,19,5,9,0,1,2,1
2026,2025-12-10,Austin Reaves,Lakers,G,40,15,8,7,0,1,3,5
2026,2025-12-26,Jamaree Bouyea,Suns,G,12,3,2,2,0,0,0,1
2026,2025-11-19,Miles Bridges,Hornets,F,35,25,5,2,1,2,0,5
2026,2026-01-29,Josh Okogie,Rockets,G,34,10,10,1,0,1,1,1
2026,2026-04-01,Jamir Watkins,Wizards,G,19,7,5,2,0,0,0,1
2026,2026-03-31,Gary Trent Jr.,Bucks,G,23,13,3,1,0,0,0,0
2026,2026-03-18,Walter Clayton Jr.,Grizzlies,G,20,4,2,4,0,0,1,2
2026,2025-12-15,Jaren Jackson Jr.,Grizzlies,F,33,31,4,4,2,5,2,3
2026,2026-01-07,Collin Gillespie,Suns,G,28,10,8,3,1,0,2,1
2026,2026-01-03,Cam Christie,Clippers,G,6,2,1,0,0,0,0,0
2026,2026-02-10,Dillon Brooks,Suns,F,31,23,4,1,0,0,2,3
2026,2026-01-11,Kel'el Ware,Heat,C,16,8,1,0,1,0,1,2
2026,2026-02-24,Toumani Camara,Trail Blazers,F,37,11,4,5,1,0,3,4
2026,2026-01-19,Devin Booker,Suns,G,33,24,4,4,0,0,3,2
2026,2026-01-10,Miles Kelly,Mavericks,G,15,5,3,2,0,0,1,2
2026,2026-02-24,Dominick Barlow,76ers,F,20,0,3,1,0,0,0,1
2026,2026-03-18,Derik Queen,Pelicans,C,19,14,2,2,1,0,0,2
2026,2026-01-27,Julian Strawther,Nuggets,G,12,4,2,0,0,0,0,0
2026,2026-01-19,Gary Payton II,Warriors,G,16,6,3,0,0,0,1,0
2026,2025-11-23,Devin Booker,Suns,G,38,24,5,7,1,2,2,2
2026,2025-11-12,Maxi Kleber,Lakers,F,8,3,4,0,1,0,0,1
2026,2026-02-08,Jamal Shead,Raptors,G,19,6,0,4,0,0,2,2
2026,2026-01-21,Jonathan Mogbo,Raptors,F,23,3,9,0,0,1,1,4
2026,2026-04-01,Franz Wagner,Magic,F,20,12,1,2,0,0,1,3
2026,2026-02-21,Ryan Dunn,Suns,F,22,3,7,0,0,1,0,0
2026,2025-11-07,Christian Braun,Nuggets,G,32,12,7,4,1,0,3,2
2026,2026-03-08,Wendell Carter Jr.,Magic,C,22,9,5,2,2,1,1,1
2026,2026-03-24,Jordan Goodwin,Suns,G,26,7,8,2,2,0,1,3
2026,2026-01-17,Jalen Pickett,Nuggets,G,22,5,5,6,1,0,0,1
2026,2025-10-24,Will Riley,Wizards,G,4,3,3,0,1,0,0,0
2026,2025-12-29,Hunter Tyson,Nuggets,F,6,2,1,0,0,0,0,0
2026,2025-12-05,Caris LeVert,Pistons,G,16,4,2,3,0,1,1,1
2026,2025-12-18,Stephen Curry,Warriors,G,33,15,9,7,1,0,2,1
2026,2025-11-05,Tyrese Martin,Nets,G,27,16,5,2,1,0,1,0
2026,2026-02-25,Ousmane Dieng,Bucks,F,13,5,0,2,0,0,1,1
2026,2026-04-12,Cormac Ryan,Bucks,G,38,22,10,4,1,0,2,1
2026,2025-10-24,D'Angelo Russell,Mavericks,G,9,1,2,3,0,0,0,0
2026,2026-01-04,Marcus Smart,Lakers,G,31,6,1,4,0,1,1,2
2026,2026-02-01,Trey Jemison III,Knicks,F,1,0,2,0,0,0,0,0
2026,2025-11-19,Caleb Love,Trail Blazers,G,18,5,3,2,1,0,0,1
2026,2026-03-10,Derrick White,Celtics,G,40,34,5,7,0,1,1,3
2026,2026-01-20,Nicolas Batum,Clippers,F,12,0,1,1,1,0,0,0
2026,2026-03-12,Nick Richards,Bulls,C,26,15,4,1,0,0,2,3
2026,2026-04-07,Tari Eason,Rockets,F,31,12,7,2,3,0,1,3
2026,2026-03-13,Ty Jerome,Grizzlies,G,25,21,1,3,0,0,3,0
2026,2026-03-07,Cedric Coward,Grizzlies,F,22,15,7,0,0,1,3,2
2026,2025-11-10,Gary Trent Jr.,Bucks,G,27,3,2,1,1,1,1,1
2026,2026-01-29,Hunter Tyson,Nuggets,F,13,0,3,1,0,0,1,1
2026,2025-12-12,Jaylen Clark,Timberwolves,G,19,2,1,2,2,0,0,3
2026,2025-11-28,Johni Broome,76ers,F,7,2,0,0,0,0,0,3
2026,2026-02-20,Kobe Brown,Pacers,G,33,12,5,0,2,0,0,1
2026,2025-10-29,Cade Cunningham,Pistons,G,36,30,6,10,3,3,0,2
2026,2026-03-24,Oso Ighodaro,Suns,F,34,15,6,1,1,0,0,4
2026,2025-11-08,Cody Martin,Pacers,SF,14,2,3,0,0,2,0,1
2026,2026-01-09,Myles Turner,Bucks,C,23,8,6,0,0,0,3,5
2026,2025-12-05,Bronny James,Lakers,G,7,5,0,1,1,0,2,0
2026,2025-11-01,Aaron Holiday,Rockets,G,8,2,2,2,0,0,2,0
2026,2026-02-09,Davion Mitchell,Heat,G,31,12,2,5,0,0,1,4
2026,2025-10-26,Stephon Castle,Spurs,G,30,13,6,3,0,0,5,4
2026,2026-03-14,Ron Harper Jr.,Celtics,G,2,0,0,0,0,0,1,1
2026,2025-12-18,Yves Missi,Pelicans,C,6,0,2,0,0,0,1,1
2026,2026-01-02,Bilal Coulibaly,Wizards,G,29,11,8,4,4,2,2,2
2026,2025-12-02,Sidy Cissoko,Trail Blazers,G,22,3,2,0,0,0,1,5
2026,2026-03-27,Tari Eason,Rockets,F,29,16,7,1,1,0,0,3
2026,2025-12-27,Day'Ron Sharpe,Nets,C,17,10,4,4,3,0,1,4
2026,2026-01-05,Ronald Holland II,Pistons,F,24,5,5,1,1,3,1,0
2026,2026-02-09,Ryan Rollins,Bucks,G,32,14,6,3,2,0,6,4
2026,2025-11-28,Ryan Rollins,Bucks,G,41,13,5,6,2,2,3,4
2026,2026-01-19,Bobby Portis,Bucks,F,24,19,3,1,0,0,0,2
2026,2025-11-10,De'Andre Hunter,Cavaliers,F,35,23,4,4,1,0,1,5
2026,2025-11-22,Jaylen Wells,Grizzlies,F,31,9,5,4,0,0,0,2
2026,2025-12-20,Quinten Post,Warriors,C,26,7,4,2,0,1,1,0
2026,2025-12-05,Jalen Duren,Pistons,C,27,18,8,0,0,1,6,5
2026,2026-02-22,James Harden,Cavaliers,G,34,20,5,9,1,1,5,5
2026,2025-12-27,Pascal Siakam,Pacers,F,34,33,7,5,2,0,5,2
2026,2025-11-14,Jordan Hawkins,Pelicans,G,9,3,3,1,0,0,1,1
2026,2025-11-08,Marcus Smart,Lakers,G,21,5,0,2,2,0,2,2
2026,2026-01-19,Kelly Oubre Jr.,76ers,G,35,18,1,5,2,1,0,0
2026,2026-03-19,Zion Williamson,Pelicans,F,33,15,5,2,3,0,2,3
2026,2026-01-20,Mike Conley,Timberwolves,G,16,0,1,2,1,0,0,2
2026,2026-03-02,Brook Lopez,Clippers,C,24,6,4,2,0,0,0,3
2026,2026-02-27,Jalen Brunson,Knicks,G,31,27,7,3,0,0,1,2
2026,2026-04-12,Sharife Cooper,Wizards,G,28,20,2,6,0,0,3,2
2026,2025-11-04,Isaiah Hartenstein,Thunder,C,24,10,7,3,4,0,1,2
2026,2025-11-07,Paul Reed,Pistons,F,15,6,6,2,2,0,0,2
2026,2025-10-22,Gary Harris,Bucks,G,2,0,0,0,0,0,0,0
2026,2025-12-31,Mouhamed Gueye,Hawks,F,4,0,1,1,1,0,0,0
2026,2025-11-15,Jay Huff,Pacers,C,16,8,3,0,0,1,1,4
2026,2026-03-21,John Konchar,Jazz,G,25,9,5,2,1,1,0,4
2026,2025-12-03,Pelle Larsson,Heat,G,23,4,0,3,0,0,0,2
2026,2026-02-04,Bruce Brown,Nuggets,G,38,10,5,0,3,1,2,1
2026,2026-03-27,Kris Murray,Trail Blazers,F,12,0,0,0,0,0,2,3
2026,2025-10-22,Ryan Kalkbrenner,Hornets,C,27,10,11,1,0,2,4,4
2026,2026-02-24,Amir Coffey,Suns,G,23,6,1,1,0,1,0,0
2026,2025-10-24,Egor Demin,Nets,G,25,9,6,4,0,0,3,4
2026,2026-03-03,Pelle Larsson,Heat,G,18,3,2,3,0,1,0,3
2026,2026-02-07,Jarred Vanderbilt,Lakers,F,19,13,8,2,2,1,1,2
2026,2026-03-03,Tyler Kolek,Knicks,G,1,0,0,0,0,0,0,0
2026,2026-01-01,Svi Mykhailiuk,Jazz,G,24,5,2,1,0,0,0,1
2026,2025-12-27,Lauri Markkanen,Jazz,F,34,29,5,1,3,1,1,3
2026,2026-02-11,Enrique Freeman,Timberwolves,F,4,0,1,0,0,1,0,0
2026,2025-11-30,Amen Thompson,Rockets,G,31,5,8,9,1,0,3,2
2026,2026-04-09,Charles Bassey,Warriors,C,30,12,13,1,0,2,2,1
2026,2026-04-10,Anthony Gill,Wizards,F,35,10,3,1,1,0,1,2
2026,2026-03-30,Sam Merrill,Cavaliers,G,28,9,4,3,1,0,0,2
2026,2025-11-16,Josh Okogie,Rockets,G,22,1,2,1,2,0,0,1
2026,2026-03-06,Moussa Diabate,Hornets,F,31,6,14,1,0,2,0,2
2026,2026-01-19,Ziaire Williams,Nets,F,24,15,2,1,2,0,0,5
2026,2026-03-20,Mouhamed Gueye,Hawks,F,18,0,2,0,1,1,0,3
2026,2025-12-08,Bryce McGowens,Pelicans,G,24,8,1,2,0,0,0,3
2026,2026-02-09,Thanasis Antetokounmpo,Bucks,F,4,0,1,1,0,0,0,1
2026,2025-11-24,Nikola Jokic,Nuggets,C,34,17,10,16,2,0,3,1
2026,2025-11-03,Jerami Grant,Trail Blazers,F,31,18,3,4,2,0,4,2
2026,2025-12-20,Cade Cunningham,Pistons,G,36,22,10,10,2,0,2,3
2026,2026-03-24,Spencer Jones,Nuggets,F,22,4,7,0,0,0,1,5
2026,2026-02-11,Adem Bona,76ers,C,23,6,5,0,2,0,2,4
2026,2026-01-30,Ja'Kobe Walter,Raptors,G,16,13,3,1,0,0,1,1
2026,2026-01-13,Thanasis Antetokounmpo,Bucks,F,8,2,1,0,2,0,1,0
2026,2026-02-19,Noah Penda,Magic,F,5,0,0,0,0,0,0,0
2026,2026-02-21,Mikal Bridges,Knicks,G,31,11,6,5,0,0,0,1
2026,2026-03-26,Herbert Jones,Pelicans,F,27,11,0,4,0,1,0,3
2026,2025-11-05,Stephon Castle,Spurs,G,37,16,5,8,3,0,6,4
2026,2025-11-08,Mark Williams,Suns,C,29,19,6,0,2,0,2,3
2026,2026-02-21,Alperen Sengun,Rockets,C,31,16,6,6,0,3,6,2
2026,2026-01-17,Javonte Cooke,Trail Blazers,G,1,0,1,0,0,0,0,0
2026,2026-03-13,Dwight Powell,Mavericks,F,21,11,11,2,2,0,1,3
2026,2026-03-31,Desmond Bane,Magic,G,37,21,6,5,1,1,5,4
2026,2026-01-23,Duncan Robinson,Pistons,F,26,9,2,0,0,1,1,2
2026,2026-03-23,Julian Champagnie,Spurs,F,22,3,5,0,0,0,0,1
2026,2025-11-23,Jaxson Hayes,Lakers,C,18,5,4,1,0,0,1,3
2026,2026-02-24,De'Anthony Melton,Warriors,G,28,28,4,3,1,0,3,4
2026,2026-03-30,Dyson Daniels,Hawks,G,38,18,5,5,2,0,1,2
2026,2025-11-26,Zach Edey,Grizzlies,C,35,21,15,0,1,2,2,3
2026,2025-12-01,Tyler Herro,Heat,G,29,22,3,2,0,1,0,3
2026,2026-01-17,Grayson Allen,Suns,G,27,16,0,3,1,0,1,4
2026,2025-12-27,Russell Westbrook,Kings,G,28,21,5,9,1,0,4,3
2026,2025-11-01,Buddy Hield,Warriors,G,15,3,1,4,0,0,2,1
2026,2025-12-08,Mark Williams,Suns,C,29,22,7,3,2,0,0,4
2026,2026-03-08,Jaden Hardy,Wizards,G,21,10,3,3,0,0,1,3
2026,2026-01-18,Alijah Martin,Raptors,G,2,0,0,1,0,0,0,0
2026,2026-03-18,Isaiah Joe,Thunder,G,23,13,3,4,0,0,3,1
2026,2025-11-17,Jaime Jaquez Jr.,Heat,F,32,13,1,4,0,0,5,2
2026,2025-12-28,Maxi Kleber,Lakers,F,13,2,3,2,1,0,2,1
2026,2025-11-28,Cedric Coward,Grizzlies,F,31,7,4,1,0,0,2,3
2026,2026-02-08,Julius Randle,Timberwolves,F,33,17,8,2,0,0,1,3
2026,2026-03-13,Isaac Jones,Pistons,C,5,2,2,0,0,0,0,0
2026,2025-10-29,Franz Wagner,Magic,F,33,22,7,2,0,1,1,2
2026,2026-03-25,Jaden Hardy,Wizards,G,27,21,2,0,0,0,3,5
2026,2025-11-16,Donovan Clingan,Trail Blazers,C,28,16,11,2,0,2,0,4
2026,2025-11-26,Jordan Goodwin,Suns,G,24,7,8,2,2,1,0,3
2026,2025-10-25,Trae Young,Hawks,G,30,15,4,10,0,0,5,2
2026,2025-12-28,Dylan Cardwell,Kings,C,24,7,7,0,3,0,0,3
2026,2025-11-19,RJ Barrett,Raptors,F,34,22,3,4,0,0,0,2
2026,2025-11-17,Julian Phillips,Bulls,F,11,2,3,1,1,1,0,0
2026,2026-03-01,Kobe Brown,Pacers,G,27,9,1,1,0,1,1,2
2026,2026-03-09,Walter Clayton Jr.,Grizzlies,G,29,13,0,4,1,0,4,1
2026,2026-03-16,Hugo Gonzalez,Celtics,G,8,0,1,0,0,0,0,2
2026,2025-11-09,Malik Monk,Kings,G,20,2,0,5,0,0,0,3
2026,2025-11-30,Kevin Durant,Rockets,F,30,25,7,4,3,1,1,2
2026,2025-12-26,Baylor Scheierman,Celtics,G,20,3,5,1,0,0,0,1
2026,2025-11-26,Isaiah Joe,Thunder,G,12,5,0,0,0,0,1,2
2026,2026-01-02,Ajay Mitchell,Thunder,G,25,11,2,6,2,0,3,2
2026,2026-01-09,Jalen Pickett,Nuggets,G,33,7,6,6,1,0,1,1
2026,2026-03-03,Thomas Bryant,Cavaliers,C,16,9,5,0,1,1,0,1
2026,2026-01-15,Caleb Love,Trail Blazers,G,26,12,3,4,3,0,3,1
2026,2025-12-29,Tristan da Silva,Magic,F,27,6,6,1,0,0,0,3
2026,2026-02-08,Mohamed Diawara,Knicks,F,27,10,3,1,1,0,0,3
2026,2026-03-18,Isaiah Collier,Jazz,G,28,14,3,6,3,1,5,2
2026,2026-02-12,Bobby Portis,Bucks,F,29,15,12,3,4,0,1,2
2026,2026-01-30,Luka Doncic,Lakers,G,31,37,11,13,3,0,5,0
2026,2026-01-26,Olivier-Maxence Prosper,Grizzlies,F,11,8,3,0,0,1,2,0
2026,2026-03-18,Cooper Flagg,Mavericks,F,33,17,6,5,2,2,6,0
2026,2025-11-12,Bub Carrington,Wizards,G,19,7,1,2,1,0,2,2
2026,2026-01-21,Thanasis Antetokounmpo,Bucks,F,2,0,0,0,0,0,0,1
2026,2025-11-19,Buddy Hield,Warriors,G,31,18,6,3,2,0,4,4
2026,2025-11-10,Naji Marshall,Mavericks,F,25,9,5,3,1,0,1,2
2026,2026-02-09,Drew Eubanks,Kings,F,6,4,1,1,0,0,0,0
2026,2026-01-03,Yang Hansen,Trail Blazers,C,11,2,2,1,0,2,0,1
2026,2026-04-03,Dariq Whitehead,Grizzlies,F,22,8,4,2,3,0,2,3
2026,2026-02-07,Sidy Cissoko,Trail Blazers,G,33,7,10,4,2,0,2,3
2026,2026-03-25,Ajay Mitchell,Thunder,G,25,8,3,2,0,1,1,4
2026,2026-03-25,Matisse Thybulle,Trail Blazers,G,23,14,8,0,3,1,2,2
2026,2026-03-20,Sam Hauser,Celtics,F,21,0,4,1,0,1,0,1
2026,2026-03-20,Scottie Barnes,Raptors,F,38,15,8,8,2,2,2,4
2026,2025-12-12,T.J. McConnell,Pacers,G,17,15,2,5,2,0,0,1
2026,2026-03-13,Derik Queen,Pelicans,C,12,0,4,1,0,1,1,0
2026,2026-03-25,John Poulakidas,Mavericks,G,9,3,1,0,0,0,0,0
2026,2025-11-25,Hunter Sallis,76ers,G,9,2,0,2,0,1,2,1
2026,2026-02-24,Maxi Kleber,Lakers,F,11,0,3,0,0,0,1,2
2026,2026-04-05,Ace Bailey,Jazz,G,33,14,4,2,1,2,3,2
2026,2026-01-02,Lindy Waters III,Spurs,F,14,7,3,1,0,0,0,0
2026,2025-11-05,Thomas Bryant,Cavaliers,C,1,0,0,0,0,0,1,0
2026,2026-04-12,Olivier Sarr,Cavaliers,F,24,10,6,2,2,1,2,5
2026,2025-10-27,Clint Capela,Rockets,C,14,8,1,0,0,2,0,3
2026,2025-11-10,Jaylon Tyson,Cavaliers,G,31,9,9,1,3,1,0,3
2026,2026-02-22,Isaiah Joe,Thunder,G,30,22,2,3,5,0,3,5
2026,2026-01-25,Royce O'Neale,Suns,F,31,8,5,5,2,0,2,3
2026,2026-01-27,Sidy Cissoko,Trail Blazers,G,15,0,0,0,1,0,0,1
2026,2025-10-26,Donte DiVincenzo,Timberwolves,G,38,17,2,3,1,0,1,3
2026,2025-12-23,Josh Green,Hornets,G,11,3,2,2,0,0,0,0
2026,2026-01-03,Kon Knueppel,Hornets,G,33,18,5,1,0,0,2,2
2026,2026-02-15,Jalen Johnson,Team Stars,F,6,5,3,0,0,0,0,0
2026,2026-03-22,Dillon Jones,Knicks,F,3,0,0,0,0,0,0,1
2026,2026-04-01,Stephon Castle,Spurs,G,33,15,7,11,1,0,4,2
2026,2026-01-04,Aaron Nesmith,Pacers,G,34,25,4,8,0,2,4,4
2026,2025-11-14,Josh Okogie,Rockets,G,21,11,3,1,4,0,1,2
2026,2026-03-12,Jaime Jaquez Jr.,Heat,F,32,6,4,7,0,0,0,3
2026,2025-12-15,Caris LeVert,Pistons,G,19,13,1,2,1,0,1,2
2026,2026-01-13,Carter Bryant,Spurs,F,2,0,1,0,0,0,0,0
2026,2026-01-25,Ausar Thompson,Pistons,G,20,5,5,6,2,0,2,2
2026,2026-02-07,JD Davison,Rockets,G,18,8,4,1,0,0,1,3
2026,2025-11-18,Adou Thiero,Lakers,F,4,2,0,0,0,0,0,2
2026,2025-11-08,Spencer Jones,Nuggets,F,20,6,1,2,0,1,0,1
2026,2026-01-01,Walter Clayton Jr.,Jazz,G,30,9,2,3,1,0,0,0
2026,2025-12-20,Dennis Schroder,Kings,G,31,21,5,6,1,0,4,3
2026,2025-11-06,Yanic Konan Niederhauser,Clippers,C,3,4,1,0,0,1,0,0
2026,2025-12-30,Keegan Murray,Kings,F,30,11,2,1,0,1,0,1
2026,2025-12-19,Kel'el Ware,Heat,C,28,24,14,2,0,1,0,2
2026,2025-12-01,Caris LeVert,Pistons,G,25,14,2,1,2,0,2,0
2026,2026-03-31,Clint Capela,Rockets,C,12,0,2,1,0,0,0,0
2026,2026-02-26,Ace Bailey,Jazz,G,29,23,4,1,1,1,1,5
2026,2026-01-11,Kelly Olynyk,Spurs,F,4,0,1,0,0,0,0,1
2026,2025-12-04,Trey Alexander,Pelicans,G,5,0,0,0,0,0,0,1
2026,2026-04-03,Micah Peavy,Pelicans,G,32,8,3,3,4,0,0,3
2026,2026-03-12,Jared McCain,Thunder,G,12,3,1,0,0,0,1,1
2026,2025-11-28,Kevin Huerter,Bulls,G,25,11,2,4,0,0,0,1
2026,2026-04-05,Jaylin Williams,Thunder,F,12,6,3,3,0,0,0,3
2026,2025-11-23,Quentin Grimes,76ers,G,35,15,0,3,0,1,2,5
2026,2026-01-20,Dennis Schroder,Kings,G,19,4,2,2,0,0,3,1
2026,2026-01-19,Tobias Harris,Pistons,F,35,25,3,1,0,1,1,4
2026,2026-04-07,Gary Harris,Bucks,G,21,7,3,1,0,2,0,1
2026,2026-01-03,Reed Sheppard,Rockets,G,22,8,0,5,0,0,1,4
2026,2026-01-29,Jalen Duren,Pistons,C,28,23,13,4,0,1,1,0
2026,2025-11-12,Jerami Grant,Trail Blazers,F,7,2,2,1,0,0,0,0
2026,2025-11-08,Herbert Jones,Pelicans,F,38,15,3,4,3,0,1,4
2026,2025-12-20,Hugo Gonzalez,Celtics,G,28,10,10,0,2,1,0,4
2026,2025-12-31,Jamison Battle,Raptors,F,6,2,1,0,0,0,0,0
2026,2026-03-20,Omer Yurtseven,Warriors,C,21,8,6,2,1,0,3,3
2026,2025-11-23,Liam McNeeley,Hornets,G,15,6,2,0,0,0,1,3
2026,2026-01-04,Donte DiVincenzo,Timberwolves,G,23,5,4,3,3,0,1,0
2026,2026-02-19,Nicolas Batum,Clippers,F,18,6,2,0,0,0,0,0
2026,2025-11-05,Nic Claxton,Nets,C,34,18,10,6,3,2,0,3
2026,2025-12-03,Garrison Mathews,Pacers,G,20,9,0,1,0,0,0,1
2026,2026-02-10,Tyler Kolek,Knicks,G,0,0,0,0,0,0,0,0
2026,2025-12-07,Jabari Walker,76ers,F,17,4,4,0,0,0,0,1
2026,2026-02-20,Noah Clowney,Nets,F,27,8,5,1,1,0,2,5
2026,2026-03-07,Desmond Bane,Magic,G,33,30,3,4,1,0,2,4
2026,2025-10-22,Royce O'Neale,Suns,F,29,12,5,2,1,0,1,2
2026,2026-02-15,Jalen Duren,Team Stars,C,5,7,3,0,0,0,0,1
2026,2025-11-18,Stephen Curry,Warriors,G,34,34,3,9,3,0,5,2
2026,2025-11-13,Brandon Ingram,Raptors,F,35,11,5,4,0,1,3,1
2026,2025-11-09,Noah Clowney,Nets,F,22,4,1,2,0,2,0,2
2026,2026-03-12,Danny Wolf,Nets,F,28,8,8,2,0,0,3,3
2026,2026-01-12,Ryan Kalkbrenner,Hornets,C,13,2,0,0,0,0,0,1
2026,2026-03-31,Mohamed Diawara,Knicks,F,2,0,0,0,0,0,0,0
2026,2025-11-21,Jarace Walker,Pacers,F,17,6,4,0,0,0,0,2
2026,2025-10-31,Craig Porter Jr.,Cavaliers,G,21,5,4,1,1,2,1,1
2026,2026-03-31,Toumani Camara,Trail Blazers,F,33,17,7,0,2,1,1,3
2026,2025-11-15,Ryan Kalkbrenner,Hornets,C,26,13,7,0,1,1,0,0
2026,2026-04-10,Hunter Dickinson,Pelicans,C,5,2,0,0,0,0,0,0
2026,2026-03-02,Justin Champagnie,Wizards,F,27,12,2,2,3,1,2,3
2026,2025-11-01,Russell Westbrook,Kings,G,34,12,5,10,2,0,1,5
2026,2026-03-08,Jalen Brunson,Knicks,G,42,24,6,7,0,0,7,2
2026,2026-04-02,Chet Holmgren,Thunder,C,18,7,4,0,2,1,1,3
2026,2025-10-27,Jose Alvarado,Pelicans,G,22,5,3,2,2,0,1,0
2026,2025-11-05,Duncan Robinson,Pistons,F,28,9,2,0,0,0,2,3
2026,2025-11-18,Duop Reath,Trail Blazers,C,10,3,0,0,0,0,0,1
2026,2026-02-28,Jake LaRavia,Lakers,F,27,15,5,3,1,0,1,3
2026,2026-02-19,Mitchell Robinson,Knicks,C,19,7,6,0,2,1,0,1
2026,2025-12-29,Jalen Williams,Thunder,G,33,20,9,7,1,1,3,0
2026,2025-11-17,Jarace Walker,Pacers,F,28,8,3,1,2,0,3,2
2026,2026-01-29,Nolan Traore,Nets,G,30,9,2,4,0,1,0,2
2026,2025-10-24,Gary Payton II,Warriors,G,7,0,1,0,0,0,0,0
2026,2026-03-09,Jaylen Wells,Grizzlies,F,26,17,5,2,2,0,1,1
2026,2025-11-14,Marcus Smart,Lakers,G,34,13,5,5,2,0,2,4
2026,2025-12-02,Gary Payton II,Warriors,G,27,13,5,5,0,0,3,2
2026,2026-01-28,Keaton Wallace,Hawks,G,1,0,0,0,0,0,0,0
2026,2026-01-10,Matas Buzelis,Bulls,F,25,15,6,2,0,2,1,3
2026,2026-02-08,Landry Shamet,Knicks,G,28,3,4,3,1,0,0,2
2026,2025-12-02,Jordan Clarkson,Knicks,G,23,4,0,0,0,1,0,1
2026,2026-02-03,Quentin Grimes,76ers,G,23,10,5,3,1,0,1,0
2026,2025-10-22,Cam Whitmore,Wizards,F,19,14,5,1,0,0,0,1
2026,2025-12-11,Zeke Nnaji,Nuggets,F,6,2,2,0,1,0,0,1
2026,2026-02-22,Gary Harris,Bucks,G,7,2,0,0,0,0,0,0
2026,2026-01-30,Jaylon Tyson,Cavaliers,G,25,16,4,3,0,0,0,1
2026,2026-01-25,Aaron Wiggins,Thunder,G,29,11,3,4,0,2,3,2
2026,2026-01-06,Marvin Bagley III,Wizards,F,17,12,3,0,2,1,2,2
2026,2025-11-22,Julian Phillips,Bulls,F,10,4,3,0,0,0,0,2
2026,2026-03-21,Tristan Vukcevic,Wizards,F,20,6,7,0,0,0,2,3
2026,2026-01-25,Julian Champagnie,Spurs,F,29,13,4,1,0,0,0,0
2026,2026-03-08,Maxime Raynaud,Kings,C,38,26,11,2,1,3,1,3
2026,2026-02-11,Jae'Sean Tate,Rockets,F,13,4,1,1,1,0,2,1
2026,2025-12-21,Rudy Gobert,Timberwolves,C,39,11,18,3,1,1,0,2
2026,2026-01-17,Nikola Jovic,Heat,F,15,3,1,2,1,0,0,0
2026,2025-12-30,James Harden,Clippers,G,30,21,3,5,1,0,0,0
2026,2026-02-11,Dyson Daniels,Hawks,G,25,21,3,4,0,0,2,2
2026,2026-01-29,Tim Hardaway Jr.,Nuggets,G,28,25,8,3,1,0,0,0
2026,2025-11-19,Jaden Hardy,Mavericks,G,16,11,1,1,0,1,0,4
2026,2026-01-07,Goga Bitadze,Magic,C,14,6,10,1,3,0,0,3
2026,2025-12-18,Kris Dunn,Clippers,G,31,14,5,4,0,1,6,5
2026,2026-03-14,Caleb Houstan,Hawks,G,3,0,0,0,0,0,0,0
2026,2026-03-16,De'Anthony Melton,Warriors,G,30,27,5,4,2,0,3,0
2026,2025-12-14,Gary Harris,Bucks,G,6,3,1,0,0,0,0,0
2026,2026-03-12,Ron Harper Jr.,Celtics,G,12,5,1,1,1,0,0,2
2026,2026-01-10,Jaylen Clark,Timberwolves,G,15,1,3,1,0,0,0,3
2026,2026-03-29,Jase Richardson,Magic,G,18,0,4,3,0,0,0,1
2026,2025-10-29,Jaren Jackson Jr.,Grizzlies,F,32,18,6,3,3,1,3,3
2026,2025-12-11,Drew Eubanks,Kings,F,4,0,0,0,0,0,0,1
2026,2025-10-27,Baylor Scheierman,Celtics,G,14,3,6,0,1,0,0,0
2026,2026-03-10,DeMar DeRozan,Kings,G,24,12,3,1,1,2,2,2
2026,2026-02-09,Brandon Miller,Hornets,F,36,24,3,3,2,1,3,3
2026,2025-11-02,Matas Buzelis,Bulls,F,31,14,8,0,1,0,1,1
2026,2026-03-08,Jordan Clarkson,Knicks,G,10,9,0,1,0,0,0,3
2026,2026-02-27,Ronald Holland II,Pistons,F,15,12,3,0,0,0,1,3
2026,2025-11-09,Anthony Edwards,Timberwolves,G,30,26,4,5,2,0,2,2
2026,2025-12-26,PJ Hall,Hornets,C,9,7,4,0,1,0,1,2
2026,2025-11-17,Landry Shamet,Knicks,G,39,10,3,4,0,1,0,2
2026,2026-04-03,Pacome Dadiet,Knicks,F,10,5,1,0,0,0,0,1
2026,2026-03-12,Luka Doncic,Lakers,G,37,51,10,9,3,1,1,3
2026,2026-04-05,Jaxson Hayes,Lakers,C,27,23,4,2,0,0,3,4
2026,2026-01-13,Steven Adams,Rockets,C,18,4,7,1,2,0,0,2
2026,2026-02-11,Derrick White,Celtics,G,30,9,4,9,2,2,0,0
2026,2025-12-04,Anthony Edwards,Timberwolves,G,31,11,6,4,1,3,8,4
2026,2025-10-26,Tobias Harris,Pistons,F,35,18,8,4,0,0,1,3
2026,2026-03-29,Karlo Matkovic,Pelicans,F,17,2,3,0,0,1,1,1
2026,2026-02-26,Obi Toppin,Pacers,F,8,3,2,1,1,0,0,0
2026,2025-11-03,Jaden Hardy,Mavericks,G,8,0,1,1,1,0,0,0
2026,2026-01-28,Collin Murray-Boyles,Raptors,F,28,4,5,4,0,4,2,2
2026,2025-12-22,Derik Queen,Pelicans,C,34,19,10,6,2,1,3,3
2026,2026-03-05,Trey Murphy III,Pelicans,F,32,21,7,4,2,1,1,3
2026,2025-12-28,Gradey Dick,Raptors,G,15,4,2,1,1,0,0,2
2026,2026-01-05,Moses Moody,Warriors,G,19,4,2,1,3,1,1,2
2026,2025-12-01,Rui Hachimura,Lakers,F,23,0,1,0,0,0,0,0
2026,2025-10-24,Pelle Larsson,Heat,G,8,8,2,0,1,0,2,2
2026,2025-12-26,Vit Krejci,Hawks,G,22,11,4,0,0,1,2,0
2026,2026-01-01,Kawhi Leonard,Clippers,F,39,45,7,3,2,2,3,2
2026,2025-10-25,Chet Holmgren,Thunder,C,27,31,11,1,3,1,3,3
2026,2026-02-05,CJ McCollum,Hawks,G,32,8,0,3,0,3,1,1
2026,2026-03-09,Bruce Brown,Nuggets,G,16,4,3,1,0,0,1,3
2026,2025-12-02,Caleb Love,Trail Blazers,G,12,5,0,1,0,0,0,1
2026,2026-01-10,Jarace Walker,Pacers,F,30,13,9,4,4,1,1,2
2026,2026-02-07,Ben Saraf,Nets,G,24,10,4,4,2,0,1,1
2026,2026-01-27,Jeremiah Fears,Pelicans,G,18,7,2,1,3,1,0,3
2026,2025-12-02,Naz Reid,Timberwolves,C,32,18,5,6,2,0,2,4
2026,2026-04-03,Josh Minott,Nets,F,21,10,3,0,1,0,0,0
2026,2026-01-03,Ryan Nembhard,Mavericks,G,13,5,0,3,0,0,1,1
2026,2026-02-07,John Konchar,Jazz,G,18,4,7,3,1,1,1,2
2026,2026-01-04,Jaylen Wells,Grizzlies,F,25,23,1,2,0,0,0,5
2026,2025-11-21,Dru Smith,Heat,G,18,12,7,2,3,0,2,1
2026,2025-11-23,Onyeka Okongwu,Hawks,F,35,20,7,3,0,0,1,3
2026,2026-03-04,Sion James,Hornets,G,17,6,4,3,0,0,1,1
2026,2026-03-16,Bub Carrington,Wizards,G,12,4,0,1,0,0,0,2
2026,2026-03-11,Kyle Anderson,Timberwolves,F,18,5,1,3,1,0,1,5
2026,2026-04-10,Blake Hinson,Jazz,F,35,30,2,2,2,0,2,0
2026,2026-03-23,Branden Carlson,Thunder,C,2,0,1,0,0,0,0,1
2026,2026-03-04,Moussa Diabate,Hornets,F,29,9,9,6,2,0,0,5
2026,2026-03-01,Russell Westbrook,Kings,G,22,14,4,5,0,0,4,3
2026,2026-04-02,De'Aaron Fox,Spurs,G,29,22,8,5,3,0,3,4
2026,2026-02-11,Ochai Agbaji,Nets,G,16,0,6,2,0,1,0,0
2026,2026-03-10,Donte DiVincenzo,Timberwolves,G,32,8,5,2,1,0,1,3
2026,2026-02-03,Kel'el Ware,Heat,C,18,9,8,0,0,0,0,0
2026,2026-04-05,Trevon Scott,Nets,F,28,4,8,3,1,2,0,2
2026,2025-12-04,Bryce McGowens,Pelicans,G,34,15,3,5,1,0,0,0
2026,2026-02-01,Rayan Rupert,Trail Blazers,G,19,3,4,2,0,0,2,2
2026,2026-02-27,Payton Pritchard,Celtics,G,28,22,0,5,1,0,1,1
2026,2026-03-18,Jaylen Brown,Celtics,G,35,32,6,5,2,0,5,3
2026,2026-02-07,Bruce Brown,Nuggets,G,31,10,3,4,3,1,1,3
2026,2025-11-02,Kevin Huerter,Bulls,G,21,7,3,2,1,2,1,3
2026,2026-03-25,Duncan Robinson,Pistons,F,32,17,7,4,0,0,0,1
2026,2026-03-06,Aaron Nesmith,Pacers,G,23,7,3,1,0,2,1,3
2026,2025-10-24,Jake LaRavia,Lakers,F,28,6,0,1,1,0,1,2
2026,2025-12-07,Tim Hardaway Jr.,Nuggets,G,27,14,1,2,2,0,0,1
2026,2025-11-28,Luguentz Dort,Thunder,G,30,7,2,0,3,1,1,4
2026,2025-11-05,Javonte Green,Pistons,G,23,3,4,1,0,0,0,3
2026,2026-02-05,Sion James,Hornets,G,22,6,2,0,2,0,0,1
2026,2025-11-29,Cameron Johnson,Nuggets,F,35,15,4,4,0,1,3,2
2026,2026-02-07,Dillon Brooks,Suns,F,36,28,2,2,1,0,0,4
2026,2026-01-11,Rasheer Fleming,Suns,F,13,4,1,1,1,0,1,1
2026,2026-03-18,Draymond Green,Warriors,F,32,13,5,5,1,0,4,1
2026,2026-01-18,Jock Landale,Grizzlies,C,23,21,8,3,1,2,2,3
2026,2025-11-14,Sidy Cissoko,Trail Blazers,G,10,4,2,1,0,0,0,1
2026,2025-12-31,Peyton Watson,Nuggets,G,36,24,8,0,2,0,1,2
2026,2026-01-15,Jae'Sean Tate,Rockets,F,4,2,0,0,0,0,0,0
2026,2025-12-01,Tony Bradley,Pacers,C,7,6,1,0,0,0,1,0
2026,2025-10-22,Cody Williams,Jazz,F,2,0,0,0,0,0,0,0
2026,2025-12-17,Jaren Jackson Jr.,Grizzlies,F,33,28,12,3,1,3,4,4
2026,2025-12-04,Jared McCain,76ers,G,21,7,1,3,0,0,3,1
2026,2025-12-23,James Harden,Clippers,G,35,29,4,6,2,0,4,2
2026,2026-04-01,Aaron Holiday,Rockets,G,13,3,1,0,0,0,0,0
2026,2026-02-26,Rob Dillingham,Bulls,G,23,5,2,5,3,0,1,4
2026,2026-01-29,Kenrich Williams,Thunder,G,18,7,3,1,1,0,2,1
2026,2026-04-12,Anthony Black,Magic,G,19,13,3,1,1,1,2,4
2026,2026-02-26,Jonathan Kuminga,Hawks,F,30,17,9,3,1,1,3,2
2026,2025-12-20,Gui Santos,Warriors,F,7,5,3,0,2,0,1,1
2026,2025-11-02,Jordan Clarkson,Knicks,G,18,15,0,2,0,0,0,2
2026,2026-04-10,Ryan Dunn,Suns,F,29,1,2,1,1,0,2,1
2026,2026-02-02,Jay Huff,Pacers,C,12,6,3,1,0,2,0,5
2026,2026-02-26,Dyson Daniels,Hawks,G,33,13,4,11,5,1,2,1
2026,2025-12-05,Kris Dunn,Clippers,G,21,0,3,3,2,0,1,1
2026,2026-04-12,Mac McClung,Bulls,G,18,13,0,0,1,0,0,3
2026,2025-11-17,Jared McCain,76ers,G,5,0,0,0,0,0,0,0
2026,2025-12-23,Dylan Harper,Spurs,G,20,4,3,10,5,0,0,1
2026,2026-03-14,Andre Jackson Jr.,Bucks,G,4,2,2,0,0,0,1,0
2026,2025-11-02,Isaac Okoro,Bulls,F,22,14,1,0,0,0,3,3
2026,2025-12-29,Royce O'Neale,Suns,F,33,15,5,4,1,0,1,3
2026,2026-03-22,Hugo Gonzalez,Celtics,G,14,0,3,1,0,1,1,2
2026,2025-12-04,Neemias Queta,Celtics,C,21,17,4,2,1,4,1,4
2026,2025-10-25,Mason Plumlee,Hornets,C,5,0,0,1,0,0,0,0
2026,2026-03-09,Brandin Podziemski,Warriors,G,35,14,8,4,2,0,3,2
2026,2026-03-19,Collin Sexton,Bulls,G,19,9,4,2,0,0,2,3
2026,2026-02-07,Isaiah Joe,Thunder,G,29,21,3,2,3,0,1,5
2026,2025-10-31,Cam Spencer,Grizzlies,G,19,12,0,3,2,0,1,2
2026,2026-03-20,De'Anthony Melton,Warriors,G,23,14,4,0,0,1,4,0
2026,2025-10-31,Toumani Camara,Trail Blazers,F,30,14,2,3,2,2,1,5
2026,2026-03-14,Will Riley,Wizards,G,29,5,5,3,0,0,2,1
2026,2026-03-03,Tyler Herro,Heat,G,28,22,3,2,0,1,4,2
2026,2026-04-02,Deni Avdija,Trail Blazers,F,37,26,8,7,2,1,3,4
2026,2026-03-16,Tre Jones,Bulls,G,28,17,5,5,2,1,3,0
2026,2026-01-21,Marcus Sasser,Pistons,G,21,9,1,4,0,0,0,0
2026,2026-04-10,Victor Wembanyama,Spurs,F,26,40,13,5,1,2,2,0
2026,2025-11-08,RayJ Dennis,Pacers,G,5,0,2,1,0,0,0,0
2026,2026-04-05,Donte DiVincenzo,Timberwolves,G,27,6,1,3,2,0,2,3
2026,2025-11-10,Jusuf Nurkic,Jazz,C,25,6,10,3,1,0,1,3
2026,2026-03-10,Josh Green,Hornets,G,21,3,3,1,0,0,1,1
2026,2025-12-19,Guerschon Yabusele,Knicks,F,4,3,0,1,0,0,0,0
2026,2025-10-21,Aaron Wiggins,Thunder,G,21,10,1,1,0,0,1,1
2026,2025-11-05,JD Davison,Rockets,G,2,0,0,0,0,0,0,1
2026,2025-12-04,Keyonte George,Jazz,G,31,29,5,10,0,0,1,2
2026,2025-11-15,KJ Simpson,Hornets,G,18,9,1,5,2,0,2,0
2026,2026-03-18,Shai Gilgeous-Alexander,Thunder,G,26,20,3,6,3,0,0,2
2026,2025-10-24,DeMar DeRozan,Kings,G,37,7,3,6,2,0,1,1
2026,2026-03-19,Jordan Goodwin,Suns,G,35,5,8,0,3,0,0,3
2026,2026-03-10,Jay Huff,Pacers,C,32,12,7,3,0,0,1,2
2026,2026-02-01,Keshad Johnson,Heat,F,12,9,4,1,0,0,2,1
2026,2026-02-03,Ace Bailey,Jazz,G,40,19,4,1,3,3,1,2
2026,2025-11-17,Cole Anthony,Bucks,G,22,4,1,8,0,0,2,2
2026,2026-02-26,Bilal Coulibaly,Wizards,G,22,10,5,1,1,0,0,3
2026,2025-11-07,Javonte Green,Pistons,G,20,8,3,1,1,0,0,2
2026,2026-03-10,Rayan Rupert,Grizzlies,G,22,14,2,0,1,0,0,5
2026,2026-03-27,Josh Giddey,Bulls,G,33,5,7,11,0,0,5,1
2026,2025-11-03,Tari Eason,Rockets,F,30,15,4,2,2,1,1,0
2026,2026-02-15,Donovan Mitchell,Team Stripes,G,7,6,0,3,0,0,2,0
2026,2026-04-08,Isaiah Stewart,Pistons,F,11,8,1,0,0,0,2,3
2026,2026-01-07,Ryan Dunn,Suns,F,22,2,1,2,0,0,1,2
2026,2025-12-18,Maxi Kleber,Lakers,F,19,5,2,1,0,1,0,3
2026,2026-04-10,Kawhi Leonard,Clippers,F,37,24,8,5,1,0,1,1
2026,2026-03-29,Simone Fontecchio,Heat,F,7,1,1,1,0,0,0,2
2026,2026-02-01,Tyler Kolek,Knicks,G,14,8,2,4,0,0,0,1
2026,2026-03-27,Ja'Kobe Walter,Raptors,G,34,18,1,4,0,0,1,2
2026,2026-01-22,Cody Williams,Jazz,F,23,12,7,3,1,0,1,3
2026,2026-02-11,Kevin Huerter,Pistons,G,21,9,3,0,0,0,1,3
2026,2026-02-03,Ryan Rollins,Bucks,G,35,21,7,10,0,0,4,0
2026,2025-10-27,Jarrett Allen,Cavaliers,C,25,20,7,2,1,0,3,3
2026,2025-12-10,Jordan Goodwin,Suns,G,19,15,3,1,2,0,2,2
2026,2026-02-11,Jaden Hardy,Wizards,G,15,11,2,1,0,0,1,0
2026,2025-11-07,Ja'Kobe Walter,Raptors,G,6,0,0,0,1,0,2,1
2026,2026-04-04,Marcus Sasser,Pistons,G,11,5,2,1,0,0,0,0
2026,2025-12-29,Trey Jemison III,Knicks,F,4,2,1,0,0,0,0,1
2026,2025-12-01,Kevin Durant,Rockets,F,40,32,9,5,0,0,5,3
2026,2026-02-20,Rui Hachimura,Lakers,F,26,3,2,2,1,0,0,1
2026,2025-12-03,Bobby Portis,Bucks,F,30,13,9,5,0,0,0,1
2026,2026-03-07,Nic Claxton,Nets,C,28,2,6,4,1,3,2,1
2026,2026-04-12,Keaton Wallace,Hawks,G,32,8,4,6,0,0,1,3
2026,2026-01-15,AJ Green,Bucks,G,15,6,0,1,0,0,0,4
2026,2026-04-01,Jose Alvarado,Knicks,G,32,15,4,4,2,1,3,4
2026,2026-04-02,Sean Pedulla,Clippers,G,3,0,0,0,0,0,0,0
2026,2026-03-12,Dalen Terry,76ers,F,23,8,3,2,0,2,1,3
2026,2025-11-20,Cedric Coward,Grizzlies,F,25,19,4,4,0,0,1,4
2026,2025-10-24,Javonte Green,Pistons,G,20,7,4,2,1,0,1,0
2026,2025-11-03,Jae'Sean Tate,Rockets,F,8,0,2,0,0,0,0,0
2026,2026-01-04,Kyle Kuzma,Bucks,F,18,3,4,4,0,0,1,0
2026,2026-02-01,Jalen Suggs,Magic,G,32,5,6,6,1,1,4,1
2026,2025-12-29,Tyler Kolek,Knicks,G,12,7,2,5,0,0,1,1
2026,2026-01-16,Marvin Bagley III,Wizards,F,19,8,4,0,1,0,0,4
2026,2025-11-09,Jarace Walker,Pacers,F,32,12,2,0,0,1,6,3
2026,2025-10-27,Oso Ighodaro,Suns,F,13,2,1,1,0,1,1,2
2026,2026-02-26,Miles Bridges,Hornets,F,24,7,3,2,2,1,2,1
2026,2025-11-05,Jeff Green,Rockets,F,2,0,1,0,0,0,0,0
2026,2026-02-07,Javon Small,Grizzlies,G,28,22,6,4,0,1,0,0
2026,2025-11-01,Myles Turner,Bucks,C,24,9,3,0,2,0,2,5
2026,2025-11-29,Jeremiah Fears,Pelicans,G,36,16,6,2,2,0,2,3
2026,2026-02-27,AJ Green,Bucks,G,30,7,2,0,0,0,1,2
2026,2025-12-03,Patrick Williams,Bulls,F,23,10,3,0,3,0,1,2
2026,2026-03-06,Brook Lopez,Clippers,C,34,26,6,2,4,0,2,1
2026,2026-02-07,Donovan Clingan,Trail Blazers,C,36,20,19,3,1,2,2,4
2026,2026-03-13,Mohamed Diawara,Knicks,F,20,4,5,1,0,0,0,1
2026,2026-02-04,Gary Trent Jr.,Bucks,G,24,13,0,2,0,0,0,0
2026,2026-01-06,Jose Alvarado,Pelicans,G,23,5,4,6,1,0,1,2
2026,2025-10-22,Cole Anthony,Bucks,G,12,9,2,5,0,1,1,5
2026,2026-01-05,VJ Edgecombe,76ers,G,42,17,8,9,2,2,3,1
2026,2026-02-06,Julius Randle,Timberwolves,F,37,24,8,7,0,1,0,3
2026,2026-01-10,Craig Porter Jr.,Cavaliers,G,26,0,6,8,1,0,1,1
2026,2025-11-09,Leonard Miller,Timberwolves,F,5,2,1,1,0,0,0,0
2026,2026-01-22,Julius Randle,Timberwolves,F,31,30,7,6,0,0,5,6
2026,2025-10-22,Amir Coffey,Bucks,G,13,2,0,2,0,0,0,0
2026,2026-02-22,Justin Edwards,76ers,F,3,5,0,0,0,0,0,0
2026,2025-11-22,Klay Thompson,Mavericks,G,28,22,1,0,0,0,1,4
2026,2026-03-17,Davion Mitchell,Heat,G,26,4,3,5,0,0,1,2
2026,2026-01-08,T.J. McConnell,Pacers,G,28,23,4,8,4,0,4,2
2026,2025-11-04,Nickeil Alexander-Walker,Hawks,G,32,20,1,2,0,1,7,4
2026,2025-12-29,Dylan Harper,Spurs,G,17,11,4,1,1,0,4,1
2026,2025-12-02,Justin Champagnie,Wizards,F,24,13,7,1,1,1,3,0
2026,2026-02-07,Jrue Holiday,Trail Blazers,G,27,21,2,4,0,0,3,2
2026,2026-01-07,Brice Sensabaugh,Jazz,F,32,13,5,1,0,0,1,3
2026,2026-01-16,Ayo Dosunmu,Bulls,G,20,18,1,1,1,0,0,1
2026,2025-11-20,Ryan Rollins,Bucks,G,40,32,6,14,1,0,3,3
2026,2026-01-13,Trayce Jackson-Davis,Warriors,F,6,0,0,1,0,0,0,0
2026,2026-03-30,Leonard Miller,Bulls,F,25,21,6,4,1,1,0,4
2026,2026-04-02,Jeremiah Fears,Pelicans,G,26,21,2,1,2,2,2,3
2026,2025-10-23,Ajay Mitchell,Thunder,G,38,26,3,4,1,0,1,2
2026,2025-11-07,Onyeka Okongwu,Hawks,F,26,7,11,0,1,0,2,4
2026,2026-03-12,Leaky Black,Wizards,F,28,12,4,3,1,0,1,3
2026,2026-02-05,Carter Bryant,Spurs,F,18,2,2,2,0,0,0,2
2026,2026-03-16,Amir Coffey,Suns,G,4,0,0,0,0,1,0,0
2026,2025-12-21,Jaylen Clark,Timberwolves,G,6,0,0,0,1,0,0,2
2026,2026-01-30,Jarrett Allen,Cavaliers,C,23,12,7,3,1,1,1,2
2026,2025-11-19,Russell Westbrook,Kings,G,30,7,11,6,3,0,2,3
2026,2026-01-15,Nick Smith Jr.,Lakers,G,2,0,0,0,0,0,0,0
2026,2026-01-07,Ochai Agbaji,Raptors,G,12,2,4,0,0,0,2,1
2026,2026-03-22,Nolan Traore,Nets,G,26,17,2,4,1,0,2,2
2026,2026-03-30,Donovan Mitchell,Cavaliers,G,36,34,2,5,1,0,2,1
2026,2026-04-03,GG Jackson,Grizzlies,F,30,30,5,1,0,1,4,2
2026,2025-12-14,Dyson Daniels,Hawks,G,39,27,10,4,1,2,3,2
2026,2025-10-24,Tristan Vukcevic,Wizards,F,7,2,2,0,0,1,1,0
2026,2026-02-26,Saddiq Bey,Pelicans,G,34,42,5,7,0,0,2,1
2026,2026-03-27,Payton Sandfort,Thunder,F,2,1,1,0,0,0,0,2
2026,2026-03-08,Donovan Clingan,Trail Blazers,C,24,9,11,3,1,1,2,4
2026,2026-03-13,Josh Giddey,Bulls,G,39,20,11,10,2,1,2,3
2026,2026-02-22,Rocco Zikarsky,Timberwolves,C,4,0,1,0,0,0,0,0
2026,2026-03-06,Haywood Highsmith,Suns,F,0,0,0,0,0,0,0,0
2026,2025-10-29,Saddiq Bey,Pelicans,G,19,7,3,2,2,0,0,0
2026,2026-02-03,Moussa Cisse,Mavericks,C,15,4,5,0,0,0,1,2
2026,2025-11-15,Austin Reaves,Lakers,G,36,25,6,8,1,0,3,4
2026,2026-01-13,Mouhamed Gueye,Hawks,F,22,5,4,1,5,0,0,2
2026,2025-12-04,LeBron James,Lakers,F,36,8,6,11,0,0,0,1
2026,2025-10-27,David Jones Garcia,Spurs,F,2,2,0,0,0,0,0,0
2026,2025-10-24,Jarrett Allen,Cavaliers,C,30,22,7,4,2,1,2,2
2026,2026-01-04,Isaiah Livers,Suns,F,5,3,2,1,0,0,1,2
2026,2025-12-17,Donovan Mitchell,Cavaliers,G,33,32,1,5,0,0,3,2
2026,2026-04-12,Cody Williams,Jazz,F,39,14,3,6,2,0,1,2
2026,2026-03-14,Trendon Watford,76ers,F,18,10,5,3,1,0,2,2
2026,2026-03-03,Isaac Okoro,Bulls,F,32,4,1,2,0,0,2,3
2026,2025-11-11,Trendon Watford,76ers,F,21,7,2,1,0,0,1,3
2026,2026-01-05,Mark Williams,Suns,C,21,4,8,1,0,0,0,3
2026,2026-01-15,Luke Kornet,Spurs,C,20,10,4,1,0,0,0,2
2026,2026-03-15,Jalen Brunson,Knicks,G,36,30,1,9,2,1,3,1
2026,2025-11-29,Sam Hauser,Celtics,F,30,14,6,4,1,1,0,4
2026,2025-12-05,David Jones Garcia,Spurs,F,10,9,0,4,1,0,0,2
2026,2026-03-23,Shai Gilgeous-Alexander,Thunder,G,29,22,5,5,1,2,5,2
2026,2026-03-26,Chaz Lanier,Pistons,G,10,6,1,1,0,0,0,0
2026,2026-03-19,Jeremiah Fears,Pelicans,G,24,8,0,2,2,0,1,0
2026,2026-03-14,Ben Saraf,Nets,G,31,12,4,5,2,0,1,4
2026,2025-12-05,Reed Sheppard,Rockets,G,21,10,5,6,2,0,2,1
2026,2026-01-28,Jaxson Hayes,Lakers,C,18,7,5,1,0,0,0,2
2026,2025-12-27,Isaiah Collier,Jazz,G,15,7,1,4,0,0,4,1
2026,2026-01-11,Noah Penda,Magic,F,38,9,6,2,1,0,0,2
2026,2026-01-22,Walter Clayton Jr.,Jazz,G,24,4,0,1,0,0,1,0
2026,2026-04-08,Oso Ighodaro,Suns,F,18,4,1,0,0,2,1,5
2026,2026-03-30,Tyler Smith,Mavericks,F,18,4,8,0,1,0,0,2
2026,2025-11-08,Luka Doncic,Lakers,G,27,22,5,11,1,0,5,2
2026,2026-03-27,Isaac Okoro,Bulls,F,31,20,4,0,0,1,0,3
2026,2026-02-01,Larry Nance Jr.,Cavaliers,F,9,0,3,0,1,0,1,0
2026,2025-12-07,Sidy Cissoko,Trail Blazers,G,24,6,4,0,0,1,4,4
2026,2026-01-30,Jalen Brunson,Knicks,G,34,26,1,3,2,0,1,1
2026,2026-03-31,Ja'Kobe Walter,Raptors,G,27,3,4,4,3,0,1,6
2026,2025-11-02,Sandro Mamukelashvili,Raptors,F,11,0,3,1,0,1,1,1
2026,2025-12-05,Isaiah Collier,Jazz,G,24,13,0,7,0,0,0,0
2026,2025-12-25,Will Richard,Warriors,G,13,5,2,1,0,0,0,0
2026,2026-02-21,Jalen Smith,Bulls,F,25,15,7,2,0,3,1,3
2026,2026-03-19,Tyler Herro,Heat,G,33,21,8,5,0,0,4,3
2026,2025-11-28,Paul George,76ers,F,21,14,3,2,2,0,1,0
2026,2026-02-07,Nikola Jokic,Nuggets,C,33,22,14,17,1,4,3,2
2026,2025-12-11,Kris Dunn,Clippers,G,26,9,1,6,2,0,3,3
2026,2026-03-18,Jerami Grant,Trail Blazers,F,32,8,3,1,0,0,0,2
2026,2025-10-27,Deni Avdija,Trail Blazers,F,32,25,4,4,1,3,3,2
2026,2026-04-10,John Collins,Clippers,F,13,0,2,0,0,1,2,2
2026,2026-03-11,Tristan da Silva,Magic,F,34,23,4,3,0,1,0,2
2026,2026-03-19,Rasheer Fleming,Suns,F,20,8,5,0,1,2,1,4
2026,2026-01-12,Day'Ron Sharpe,Nets,C,23,14,12,0,0,1,2,3
2026,2025-11-10,Dean Wade,Cavaliers,F,22,9,3,0,0,1,0,3
2026,2026-01-26,Clint Capela,Rockets,C,7,0,3,0,0,0,0,0
2026,2026-03-16,Luka Doncic,Lakers,G,40,36,6,4,2,0,4,1
2026,2026-03-26,Dylan Cardwell,Kings,C,16,2,5,2,0,0,1,3
2026,2026-01-09,Jamison Battle,Raptors,F,12,2,2,1,1,0,0,0
2026,2026-04-09,Tyson Etienne,Nets,G,39,14,5,4,0,0,3,5
2026,2025-11-21,Anthony Gill,Wizards,F,5,4,1,0,0,0,0,1
2026,2026-03-27,Yves Missi,Pelicans,C,19,7,2,1,0,1,1,1
2026,2026-01-05,Derrick White,Celtics,G,37,10,6,7,3,1,0,1
2026,2025-10-22,Jalen Wilson,Nets,F,15,8,0,0,0,0,1,1
2026,2026-02-12,Chet Holmgren,Thunder,C,27,16,13,4,0,2,0,0
2026,2026-01-30,James Harden,Clippers,G,34,25,5,9,0,1,4,2
2026,2026-01-31,Caleb Martin,Mavericks,F,17,4,4,5,2,0,0,0
2026,2026-02-22,Jamison Battle,Raptors,F,9,5,3,0,0,0,0,0
2026,2026-01-13,Ryan Dunn,Suns,F,16,3,1,2,0,0,0,3
2026,2025-11-30,Jalen Williams,Thunder,G,34,16,8,5,0,3,1,1
2026,2025-12-22,Donovan Clingan,Trail Blazers,C,34,17,10,2,0,3,0,1
2026,2026-01-06,Jeremiah Fears,Pelicans,G,20,9,4,2,2,0,2,0
2026,2026-03-03,Tidjane Salaun,Hornets,F,1,0,0,0,0,0,0,0
2026,2026-02-26,Ryan Dunn,Suns,F,26,10,4,1,1,0,1,4
2026,2025-12-20,Kevin Durant,Rockets,F,40,31,6,5,0,1,3,2
2026,2025-12-22,Herbert Jones,Pelicans,F,22,9,2,4,1,0,1,1
2026,2026-03-01,Ben Sheppard,Pacers,G,22,9,2,1,1,0,2,0
2026,2026-03-04,Jalen Brunson,Knicks,G,39,16,3,15,1,0,3,0
2026,2026-01-28,Sion James,Hornets,G,22,5,2,2,0,0,2,2
2026,2026-02-19,Isaiah Jackson,Clippers,F,4,0,0,0,1,0,0,3
2026,2026-02-11,Josh Green,Hornets,G,19,3,0,0,0,0,0,2
2026,2026-02-24,Dennis Schroder,Cavaliers,G,21,3,2,5,2,0,1,0
2026,2026-02-09,Dennis Schroder,Cavaliers,G,25,5,2,3,2,0,1,2
2026,2026-01-17,LaMelo Ball,Hornets,G,21,15,4,2,0,0,1,0
2026,2026-02-27,GG Jackson,Grizzlies,F,24,12,3,4,0,0,1,1
2026,2026-03-22,Tim Hardaway Jr.,Nuggets,G,22,6,4,1,0,0,0,1
2026,2026-03-18,Ron Harper Jr.,Celtics,G,7,0,1,0,0,0,0,0
2026,2026-02-09,Noah Penda,Magic,F,16,5,6,2,1,0,2,0
2026,2025-12-07,Mikal Bridges,Knicks,G,34,12,6,7,1,1,2,3
2026,2026-03-01,Ben Saraf,Nets,G,18,4,1,4,0,0,1,2
2026,2026-01-05,Coby White,Bulls,G,25,5,6,3,0,0,4,4
2026,2026-03-15,Doug McDermott,Kings,F,29,9,3,2,0,0,1,2
2026,2025-12-01,Walter Clayton Jr.,Jazz,G,21,8,5,6,1,0,1,4
2026,2026-04-08,De'Aaron Fox,Spurs,G,35,25,5,7,3,0,4,3
2026,2026-01-25,Dylan Cardwell,Kings,C,27,4,9,5,1,2,0,3
2026,2026-04-04,Julian Strawther,Nuggets,G,11,6,1,2,0,0,0,1
2026,2026-02-21,Tyrese Martin,76ers,G,2,0,0,0,0,0,0,0
2026,2026-01-17,Peyton Watson,Nuggets,G,35,21,5,2,1,1,2,5
2026,2025-12-14,Josh Giddey,Bulls,G,24,11,7,5,0,0,4,3
2026,2025-10-22,Jabari Walker,76ers,F,19,6,4,0,0,0,0,3
2026,2025-12-02,Aaron Wiggins,Thunder,G,22,11,3,0,2,1,3,1
2026,2026-04-10,Payton Sandfort,Thunder,F,28,8,4,0,0,0,0,2
2026,2026-02-07,Maxime Raynaud,Kings,C,23,14,7,0,2,0,2,1
2026,2026-03-03,Saddiq Bey,Pelicans,G,36,18,5,3,2,0,2,0
2026,2026-03-05,Anthony Black,Magic,G,24,8,3,3,2,0,0,3
2026,2026-01-10,Simone Fontecchio,Heat,F,8,5,1,0,2,0,1,1
2026,2025-11-02,Jaylin Williams,Thunder,F,23,12,3,4,1,1,0,1
2026,2026-03-01,Adem Bona,76ers,C,16,5,4,1,0,1,0,3
2026,2026-02-27,Cason Wallace,Thunder,G,36,10,4,3,1,2,4,3
2026,2025-11-24,Josh Okogie,Rockets,G,30,9,6,1,3,0,0,3
2026,2026-01-05,Royce O'Neale,Suns,F,31,15,6,3,2,0,0,0
2026,2026-03-14,Nickeil Alexander-Walker,Hawks,G,34,20,3,1,3,1,2,5
2026,2026-02-09,Pat Spencer,Warriors,G,32,17,3,7,2,0,2,2
2026,2026-02-19,Tyrese Maxey,76ers,G,39,28,3,3,1,1,2,2
2026,2026-02-24,Terance Mann,Nets,G,19,17,1,3,0,0,0,0
2026,2025-10-29,Chaz Lanier,Pistons,G,3,2,0,0,1,0,0,0
2026,2025-10-24,Ace Bailey,Jazz,G,13,0,2,1,0,0,0,1
2026,2026-01-27,Joel Embiid,76ers,C,29,29,9,5,1,0,2,2
2026,2025-12-10,Nigel Hayes-Davis,Suns,F,12,0,1,0,0,0,0,0
2026,2026-03-23,Kristaps Porzingis,Warriors,C,29,22,7,5,1,0,2,3
2026,2025-10-31,VJ Edgecombe,76ers,G,40,17,5,5,0,0,1,2
2026,2026-03-03,Karl-Anthony Towns,Knicks,C,29,21,12,6,1,1,3,3
2026,2026-03-31,Paul Reed,Pistons,F,13,10,2,5,1,1,1,3
2026,2025-11-19,Jerami Grant,Trail Blazers,F,37,33,9,4,0,0,3,3
2026,2026-03-28,Oso Ighodaro,Suns,F,28,13,8,2,0,1,4,2
2026,2026-04-05,Gui Santos,Warriors,F,32,15,4,1,2,0,3,3
2026,2025-12-29,Aaron Wiggins,Thunder,G,11,2,3,1,0,0,1,0
2026,2026-03-14,Gary Harris,Bucks,G,5,0,0,0,0,0,0,0
2026,2026-03-09,Josh Hart,Knicks,G,37,12,13,3,0,0,3,4
2026,2026-03-17,Keon Ellis,Cavaliers,G,24,8,3,1,0,0,0,1
2026,2025-10-24,Jordan McLaughlin,Spurs,G,6,3,0,0,0,0,0,0
2026,2025-12-15,Josh Okogie,Rockets,G,28,16,4,0,2,0,3,3
2026,2026-01-11,Day'Ron Sharpe,Nets,C,21,8,13,3,2,1,2,2
2026,2025-12-06,Cole Anthony,Bucks,G,5,3,2,2,0,0,0,0
2026,2025-11-06,Kobe Brown,Clippers,G,16,0,7,2,0,0,1,1
2026,2026-02-07,Craig Porter Jr.,Cavaliers,G,23,4,3,4,2,0,0,1
2026,2026-01-31,Karlo Matkovic,Pelicans,F,16,2,5,1,2,2,2,1
2026,2026-03-28,GG Jackson,Grizzlies,F,21,10,4,3,0,0,2,1
2026,2025-10-27,Yves Missi,Pelicans,C,19,11,7,3,0,0,1,2
2026,2025-11-11,Immanuel Quickley,Raptors,G,32,24,8,5,2,0,1,2
2026,2026-03-13,Khris Middleton,Mavericks,F,17,4,2,1,0,0,2,1
2026,2025-12-19,Luke Travers,Cavaliers,F,6,4,3,0,1,0,1,1
2026,2025-10-28,Russell Westbrook,Kings,G,30,16,9,4,1,0,2,2
2026,2025-11-19,Pelle Larsson,Heat,G,28,10,3,4,1,0,2,3
2026,2025-10-30,Shai Gilgeous-Alexander,Thunder,G,29,31,3,7,0,1,0,1
2026,2025-12-18,Robert Williams III,Trail Blazers,C,17,2,6,2,0,1,1,0
2026,2026-03-26,Bobi Klintman,Pistons,F,3,2,1,0,0,0,0,0
2026,2025-11-01,Amen Thompson,Rockets,G,32,17,9,8,0,0,3,0
2026,2026-01-29,Dwight Powell,Mavericks,F,5,0,2,0,0,0,0,1
2026,2025-10-21,Luka Doncic,Lakers,G,41,43,12,9,2,1,3,1
2026,2026-03-12,VJ Edgecombe,76ers,G,29,10,5,0,0,2,3,0
2026,2025-12-01,Jeremiah Robinson-Earl,Pacers,F,17,5,5,0,0,1,1,4
2026,2025-11-21,Jamal Murray,Nuggets,G,41,26,2,10,1,1,4,2
2026,2025-12-20,Maxime Raynaud,Kings,C,31,17,11,1,1,1,5,3
2026,2026-03-04,Sidy Cissoko,Trail Blazers,G,22,4,2,1,1,3,0,3
2026,2025-11-03,Jalen Wilson,Nets,F,16,7,1,1,0,0,0,3
2026,2026-01-25,Ronald Holland II,Pistons,F,21,11,4,2,1,0,2,3
2026,2026-02-21,Jeremy Sochan,Knicks,F,4,0,0,0,0,0,0,1
2026,2026-03-05,Bones Hyland,Timberwolves,G,13,3,0,0,0,0,1,2
2026,2026-02-24,Cason Wallace,Thunder,G,35,27,8,7,1,0,2,4
2026,2025-12-29,Ja'Kobe Walter,Raptors,G,24,10,7,0,2,0,0,0
2026,2026-03-10,Dalen Terry,76ers,F,22,5,2,4,0,0,0,2
2026,2026-01-26,Malevy Leons,Warriors,F,9,6,5,1,1,0,0,0
2026,2026-03-23,Kevin Huerter,Pistons,G,20,7,1,3,2,0,0,2
2026,2026-02-11,Scoot Henderson,Trail Blazers,G,19,18,4,2,0,0,5,2
2026,2026-03-20,Jrue Holiday,Trail Blazers,G,32,12,2,12,0,0,0,2
2026,2026-02-22,Jrue Holiday,Trail Blazers,G,29,6,5,7,1,0,6,1
2026,2026-01-17,Caleb Martin,Mavericks,F,21,3,6,5,0,0,1,2
2026,2026-01-01,Sam Hauser,Celtics,F,29,15,5,1,1,0,0,0
2026,2025-11-28,Russell Westbrook,Kings,G,33,16,12,14,4,0,3,4
2026,2026-03-02,Alperen Sengun,Rockets,C,38,32,13,2,1,1,8,2
2026,2026-01-21,Cam Spencer,Grizzlies,G,21,11,2,4,0,0,2,1
2026,2026-02-20,Brandon Miller,Hornets,F,23,18,2,4,0,1,5,4
2026,2026-01-15,Nikola Jovic,Heat,F,15,3,5,0,1,1,2,1
2026,2026-03-15,Andre Jackson Jr.,Bucks,G,1,0,0,0,0,0,0,0
2026,2026-01-25,Moses Moody,Warriors,G,28,19,8,2,0,2,1,1
2026,2025-12-19,Vladislav Goldin,Heat,C,1,0,0,1,0,0,0,0
2026,2026-01-12,Tyrese Maxey,76ers,G,35,33,4,2,1,0,1,1
2026,2026-04-10,Riley Minix,Cavaliers,F,8,4,0,0,0,0,0,0
2026,2026-04-05,Klay Thompson,Mavericks,G,18,11,0,2,0,0,0,0
2026,2026-03-25,Kelly Olynyk,Spurs,F,9,9,1,3,0,0,1,0
2026,2026-02-09,Robert Williams III,Trail Blazers,C,15,8,6,2,0,1,2,0
2026,2026-03-23,TyTy Washington Jr.,Clippers,G,13,2,1,3,0,0,0,0
2026,2026-03-20,Mitchell Robinson,Knicks,C,24,3,10,0,1,3,2,3
2026,2026-01-02,Shai Gilgeous-Alexander,Thunder,G,28,30,1,7,0,0,3,1
2026,2025-11-24,Jaden Ivey,Pistons,G,12,12,3,1,0,0,0,1
2026,2025-11-05,Alex Sarr,Wizards,C,29,31,8,2,0,3,2,0
2026,2025-11-20,Kris Dunn,Clippers,G,25,4,3,3,1,0,1,1
2026,2026-01-09,Jimmy Butler III,Warriors,F,23,15,6,6,0,0,2,0
2026,2025-11-16,Tristan da Silva,Magic,F,40,13,6,2,3,1,0,1
2026,2026-03-21,Will Riley,Wizards,G,28,9,1,4,0,0,4,1
2026,2025-10-29,Jalen Pickett,Nuggets,G,12,8,2,3,0,0,1,1
2026,2026-03-31,Dillon Brooks,Suns,F,22,9,5,0,0,0,1,5
2026,2026-02-19,Neemias Queta,Celtics,C,18,9,6,1,2,0,0,0
2026,2026-04-08,Robert Williams III,Trail Blazers,C,13,4,7,1,0,0,2,0
2026,2026-02-06,Bobby Portis,Bucks,F,26,21,6,1,0,0,1,1
2026,2026-02-26,Jonathan Isaac,Magic,F,16,0,2,0,2,1,0,1
2026,2025-11-05,Jrue Holiday,Trail Blazers,G,35,22,6,3,1,0,4,0
2026,2025-12-08,De'Aaron Fox,Spurs,G,30,14,4,7,1,0,4,0
2026,2026-01-09,Derrick White,Celtics,G,38,18,3,5,0,2,1,0
2026,2026-01-04,Myron Gardner,Heat,F,13,4,3,0,2,0,1,2
2026,2025-12-05,Evan Mobley,Cavaliers,C,32,17,10,5,0,2,2,2
2026,2026-04-09,A.J. Lawson,Raptors,G,3,0,1,0,0,0,0,0
2026,2025-11-30,Ochai Agbaji,Raptors,G,17,6,5,1,1,0,1,2
2026,2026-02-03,Myron Gardner,Heat,F,22,14,6,0,2,0,0,1
2026,2026-02-09,Bobby Portis,Bucks,F,17,10,0,0,0,0,0,1
2026,2025-10-27,Donte DiVincenzo,Timberwolves,G,30,12,3,4,1,0,1,2
2026,2025-10-29,Payton Pritchard,Celtics,G,32,10,3,10,2,0,1,2
2026,2026-03-11,Brandon Miller,Hornets,F,33,20,3,5,2,0,3,1
2026,2025-12-03,Jericho Sims,Bucks,C,30,15,14,1,0,0,1,3
2026,2026-02-07,Onyeka Okongwu,Hawks,F,31,16,6,2,0,2,1,5
2026,2025-10-22,Harrison Barnes,Spurs,F,30,7,2,1,0,0,2,2
2026,2025-11-23,Nicolas Batum,Clippers,F,25,6,3,1,0,0,1,1
2026,2026-01-14,Brook Lopez,Clippers,C,21,11,4,1,0,1,0,1
2026,2025-12-01,Kobe Sanders,Clippers,G,26,10,4,2,0,0,1,2
2026,2026-01-19,Nae'Qwan Tomlin,Cavaliers,F,26,6,8,1,2,0,0,2
2026,2025-10-25,Aaron Nesmith,Pacers,G,31,15,1,1,0,1,0,2
2026,2026-02-24,Kel'el Ware,Heat,C,19,14,8,0,0,0,0,2
2026,2025-12-05,Tobias Harris,Pistons,F,31,10,4,4,0,0,1,1
2026,2025-12-13,Goga Bitadze,Magic,C,13,0,3,1,1,1,0,2
2026,2025-12-12,Quentin Grimes,76ers,G,39,10,9,4,1,1,1,0
2026,2026-01-06,Johnny Furphy,Pacers,G,31,9,11,2,1,0,0,2
2026,2026-01-13,Julius Randle,Timberwolves,F,30,29,8,6,1,0,2,3
2026,2026-03-22,Dylan Cardwell,Kings,C,15,5,3,2,0,1,1,1
2026,2026-01-22,Noah Penda,Magic,F,19,13,2,4,2,1,1,3
2026,2026-01-19,Ryan Rollins,Bucks,G,29,14,3,3,2,1,2,5
2026,2026-01-29,Pelle Larsson,Heat,G,29,15,6,3,2,0,1,2
2026,2026-04-08,Paolo Banchero,Magic,F,29,20,8,6,1,0,2,0
2026,2026-01-23,Isaiah Stewart,Pistons,F,25,16,4,2,0,0,0,4
2026,2025-11-11,Will Richard,Warriors,G,22,9,0,1,1,0,0,4
2026,2026-03-23,T.J. McConnell,Pacers,G,20,13,0,6,2,0,0,0
2026,2025-12-14,Jaylen Clark,Timberwolves,G,17,2,1,0,0,0,2,1
2026,2025-11-12,Dean Wade,Cavaliers,F,26,8,3,2,1,0,1,0
2026,2025-11-30,Scottie Barnes,Raptors,F,32,18,5,4,1,2,3,4
2026,2026-04-02,Ronald Holland II,Pistons,F,16,8,0,0,1,0,0,2
2026,2025-12-18,Noah Clowney,Nets,F,26,8,6,3,1,1,2,3
2026,2026-01-12,Micah Potter,Pacers,C,13,5,4,1,0,0,0,1
2026,2025-11-11,Stephen Curry,Warriors,G,20,11,1,0,1,0,1,5
2026,2025-12-11,Brook Lopez,Clippers,C,13,0,0,0,1,1,0,1
2026,2025-10-25,Cameron Johnson,Nuggets,F,25,15,4,1,1,0,0,3
2026,2025-11-28,Keldon Johnson,Spurs,F,22,14,8,2,0,0,1,2
2026,2026-01-25,Immanuel Quickley,Raptors,G,32,23,11,2,2,0,1,1
2026,2026-03-20,Aaron Gordon,Nuggets,F,29,16,5,3,0,1,1,2
2026,2025-12-20,Svi Mykhailiuk,Jazz,G,31,23,3,2,1,0,0,1
2026,2026-03-13,Jeff Green,Rockets,F,9,2,3,0,0,0,0,2
2026,2025-10-24,Jalen Suggs,Magic,G,19,11,3,4,0,0,4,4
2026,2026-04-02,Kristaps Porzingis,Warriors,C,28,16,7,1,0,1,2,5
2026,2025-11-13,Ben Sheppard,Pacers,G,22,6,6,1,0,0,1,4
2026,2026-01-10,Lindy Waters III,Spurs,F,4,0,0,0,0,0,0,0
2026,2026-02-15,Victor Wembanyama,World,F,10,19,2,0,0,0,1,2
2026,2026-02-23,Maxime Raynaud,Kings,C,28,10,13,2,0,0,0,0
2026,2026-02-11,Ariel Hukporti,Knicks,C,10,2,4,1,0,0,1,1
2026,2026-01-28,Jalen Suggs,Magic,G,29,16,5,4,0,1,2,2
2026,2025-11-14,Victor Wembanyama,Spurs,F,38,26,12,4,1,3,3,1
2026,2026-02-22,Andrew Nembhard,Pacers,G,30,22,1,11,1,0,1,3
2026,2025-11-04,Noah Penda,Magic,F,2,4,2,0,0,0,0,0
2026,2026-03-18,Jock Landale,Hawks,C,19,5,1,5,0,0,0,2
2026,2026-02-05,Moritz Wagner,Magic,F,12,14,5,0,0,0,2,3
2026,2025-11-17,Bennedict Mathurin,Pacers,G,25,25,3,2,1,0,4,5
2026,2025-11-18,Vince Williams Jr.,Grizzlies,G,30,14,9,9,0,0,1,3
2026,2025-10-29,Toumani Camara,Trail Blazers,F,31,17,4,5,2,0,2,4
2026,2026-03-12,Alex Sarr,Wizards,C,23,16,4,0,2,5,1,0
2026,2025-12-05,Norman Powell,Heat,G,32,28,3,4,0,1,3,2
2026,2025-12-01,Austin Reaves,Lakers,G,33,16,4,3,0,0,5,2
2026,2026-04-09,Miles McBride,Knicks,G,19,4,1,2,1,1,0,0
2026,2026-02-15,Brandon Ingram,Team Stripes,F,5,0,2,1,0,0,0,1
2026,2025-10-22,Quentin Grimes,76ers,G,32,10,5,5,0,0,5,3
2026,2026-01-06,De'Aaron Fox,Spurs,G,30,9,5,8,0,1,2,1
2026,2026-02-26,Cam Christie,Clippers,G,8,0,1,0,0,0,0,0
2026,2026-01-14,James Harden,Clippers,G,37,22,5,8,0,0,2,2
2026,2026-03-10,Moussa Diabate,Hornets,F,31,7,9,4,3,1,1,3
2026,2025-12-22,Jett Howard,Magic,G,18,2,2,2,0,0,2,3
2026,2025-11-08,Lonzo Ball,Cavaliers,G,22,2,4,4,0,0,0,4
2026,2025-11-07,Moussa Cisse,Mavericks,C,14,10,8,0,0,1,2,1
2026,2026-02-07,VJ Edgecombe,76ers,G,25,5,6,2,0,0,1,4
2026,2025-11-24,Rayan Rupert,Trail Blazers,G,16,2,5,2,0,0,1,2
2026,2025-11-20,Myles Turner,Bucks,C,28,14,10,1,0,0,0,2
2026,2025-11-11,Quentin Grimes,76ers,G,28,18,6,4,0,1,4,2
2026,2026-03-03,Kasparas Jakucionis,Heat,G,22,9,1,5,1,0,2,0
2026,2026-01-29,Jabari Smith Jr.,Rockets,F,32,14,8,3,3,5,3,0
2026,2025-11-21,Nae'Qwan Tomlin,Cavaliers,F,12,2,0,0,0,0,0,0
2026,2025-11-22,Malik Monk,Kings,G,26,12,2,2,0,0,0,1
2026,2026-03-18,Jonathan Mogbo,Raptors,F,7,1,4,0,0,0,1,1
2026,2026-03-01,Neemias Queta,Celtics,C,27,27,17,2,1,3,0,4
2026,2025-10-31,Nikola Jokic,Nuggets,C,37,21,14,9,1,2,3,1
2026,2025-11-05,Malaki Branham,Wizards,G,17,10,3,0,0,0,0,0
2026,2026-01-27,Dylan Cardwell,Kings,C,22,4,10,0,0,2,0,3
2026,2025-11-26,Jalen Brunson,Knicks,G,34,33,2,3,0,0,3,2
2026,2025-11-01,Collin Sexton,Hornets,G,20,9,2,2,0,0,2,1
2026,2025-11-24,Tre Jones,Bulls,G,28,10,2,11,0,0,0,3
2026,2025-11-12,CJ McCollum,Wizards,G,29,10,2,3,0,1,0,1
2026,2026-02-08,Bam Adebayo,Heat,C,28,22,8,3,5,0,2,1
2026,2025-10-24,Rayan Rupert,Trail Blazers,G,4,0,1,1,0,0,1,0
2026,2025-12-18,De'Anthony Melton,Warriors,G,15,2,0,2,2,0,2,1
2026,2025-12-26,Bub Carrington,Wizards,G,22,15,4,4,0,0,0,2
2026,2025-11-04,Kyle Kuzma,Bucks,F,27,18,3,0,0,1,4,1
2026,2026-02-25,Bruce Brown,Nuggets,G,28,4,4,5,2,0,3,2
2026,2026-02-01,Royce O'Neale,Suns,F,34,9,4,3,0,0,1,2
2026,2026-03-10,Jarace Walker,Pacers,F,39,8,9,2,2,0,4,2
2026,2026-04-10,Oso Ighodaro,Suns,F,21,8,10,2,0,0,1,1
2026,2026-01-09,Jordan Miller,Clippers,G,27,21,5,0,0,0,0,0
2026,2025-12-14,Bennedict Mathurin,Pacers,G,32,15,4,2,0,0,1,5
2026,2025-11-30,Yang Hansen,Trail Blazers,C,4,0,1,0,0,0,0,1
2026,2026-01-09,Shaedon Sharpe,Trail Blazers,G,35,20,8,5,0,0,0,0
2026,2025-10-30,Andrew Wiggins,Heat,F,35,24,6,2,2,0,2,2
2026,2026-04-09,Trevon Scott,Nets,F,40,11,8,1,1,2,0,1
2026,2025-12-08,Saddiq Bey,Pelicans,G,36,17,6,2,0,0,0,1
2026,2025-12-05,Gary Harris,Bucks,G,21,0,3,1,0,0,2,3
2026,2025-10-22,Jock Landale,Grizzlies,C,25,10,4,0,0,2,1,6
2026,2025-11-04,Buddy Hield,Warriors,G,20,12,2,2,1,0,1,2
2026,2026-02-26,Devin Vassell,Spurs,G,28,14,7,5,1,0,1,1
2026,2025-12-28,Jordan Walsh,Celtics,G,10,5,1,0,1,0,1,3
2026,2026-03-02,TyTy Washington Jr.,Clippers,G,3,0,0,1,0,0,0,1
2026,2025-10-26,Lonzo Ball,Cavaliers,G,23,11,6,5,1,0,3,1
2026,2025-11-12,Grayson Allen,Suns,G,33,23,5,3,3,1,2,1
2026,2025-12-19,De'Andre Hunter,Cavaliers,F,26,11,3,1,0,0,1,5
2026,2026-03-15,VJ Edgecombe,76ers,G,35,18,12,3,0,2,1,4
2026,2025-12-26,Jared McCain,76ers,G,17,6,3,0,2,0,0,3
2026,2025-12-22,Anfernee Simons,Celtics,G,17,11,0,1,0,0,1,2
2026,2026-01-14,Jalen Smith,Bulls,F,17,12,10,1,0,0,1,1
2026,2026-01-26,Quinten Post,Warriors,C,28,13,5,0,0,1,0,2
2026,2025-11-22,Vince Williams Jr.,Grizzlies,G,24,10,10,6,2,0,3,4
2026,2025-12-30,Brice Sensabaugh,Jazz,F,39,5,5,3,0,0,2,2
2026,2026-01-28,Jake LaRavia,Lakers,F,27,6,0,3,2,1,2,3
2026,2026-01-19,Jarace Walker,Pacers,F,22,8,5,2,0,2,1,1
2026,2026-01-03,Alperen Sengun,Rockets,C,1,0,1,0,0,0,0,0
2026,2026-04-10,Kobe Sanders,Clippers,G,11,4,0,1,0,0,1,4
2026,2026-03-15,Cason Wallace,Thunder,G,25,4,6,7,3,2,0,1
2026,2026-03-25,Tari Eason,Rockets,F,21,3,8,0,1,0,1,2
2026,2026-02-27,Brandon Williams,Mavericks,G,26,16,8,4,0,0,2,0
2026,2026-03-10,Jalen Wilson,Nets,F,25,14,3,0,0,0,0,4
2026,2026-02-22,RJ Barrett,Raptors,F,27,7,6,3,2,0,1,3
2026,2026-02-25,Hugo Gonzalez,Celtics,G,10,5,2,1,1,0,1,1
2026,2026-02-03,Tyler Kolek,Knicks,G,21,3,4,6,0,0,2,2
2026,2026-04-09,Neemias Queta,Celtics,C,24,10,10,2,2,0,0,5
2026,2025-11-14,Jordan Clarkson,Knicks,G,33,24,5,3,0,0,0,3
2026,2025-12-26,Duop Reath,Trail Blazers,C,1,0,0,0,0,0,0,0
2026,2026-01-20,Kobe Sanders,Clippers,G,25,8,2,3,1,0,0,1
2026,2026-03-14,Kevin Porter Jr.,Bucks,G,30,18,7,7,2,1,3,4
2026,2025-10-27,Jarred Vanderbilt,Lakers,F,28,14,8,3,3,0,1,1
2026,2026-03-17,Taurean Prince,Bucks,F,23,8,2,1,0,0,1,3
2026,2026-01-01,Anfernee Simons,Celtics,G,30,14,2,4,0,0,2,0
2026,2026-02-25,Malik Monk,Kings,G,19,7,5,3,0,0,0,1
2026,2026-01-02,Jordan Hawkins,Pelicans,G,17,0,1,0,0,0,3,2
2026,2026-03-23,Toumani Camara,Trail Blazers,F,28,35,3,3,2,0,2,2
2026,2025-11-12,Jaden Hardy,Mavericks,G,12,8,1,0,0,0,2,1
2026,2026-04-01,Jericho Sims,Bucks,C,36,6,20,2,0,0,1,4
2026,2026-01-07,Chaz Lanier,Pistons,G,12,8,1,1,0,0,0,1
2026,2025-11-01,Corey Kispert,Wizards,F,15,2,0,0,0,0,1,2
2026,2025-11-05,Larry Nance Jr.,Cavaliers,F,15,7,5,1,1,0,1,5
2026,2025-10-26,Evan Mobley,Cavaliers,C,34,23,8,6,3,2,2,4
2026,2025-11-16,Bryce McGowens,Pelicans,G,13,8,1,0,1,0,0,0
2026,2026-01-03,Kasparas Jakucionis,Heat,G,17,3,4,3,0,0,1,2
2026,2025-10-25,Dominick Barlow,76ers,F,16,2,4,0,0,0,1,1
2026,2026-02-08,Johnny Furphy,Pacers,G,15,4,2,3,0,0,1,3
2026,2026-03-19,Bam Adebayo,Heat,C,38,28,10,2,1,0,0,3
2026,2025-12-26,Jabari Walker,76ers,F,10,1,3,0,0,1,1,0
2026,2026-01-19,Duncan Robinson,Pistons,F,32,15,3,2,1,1,0,2
2026,2026-02-26,Maxi Kleber,Lakers,F,0,0,0,0,0,0,0,0
2026,2026-01-12,Sandro Mamukelashvili,Raptors,F,21,8,2,2,0,1,0,2
2026,2025-12-30,Luka Doncic,Lakers,G,36,30,5,11,0,0,8,3
2026,2026-01-15,Cade Cunningham,Pistons,G,38,10,4,11,0,1,5,0
2026,2026-02-20,Ace Bailey,Jazz,G,33,20,6,3,0,1,3,3
2026,2026-02-09,Jericho Sims,Bucks,C,28,5,6,1,2,0,0,2
2026,2025-12-20,Jamal Murray,Nuggets,G,35,16,4,7,2,0,2,0
2026,2026-04-09,Jabari Smith Jr.,Rockets,F,34,19,5,0,0,1,3,4
2026,2025-12-31,Pascal Siakam,Pacers,F,34,26,4,0,2,1,1,5
2026,2026-02-11,Tyler Kolek,Knicks,G,10,3,2,3,0,0,1,0
2026,2025-11-29,Ronald Holland II,Pistons,F,23,10,0,3,3,0,1,1
2026,2025-10-29,Caris LeVert,Pistons,G,16,4,1,2,0,0,1,1
2026,2026-01-15,Donovan Clingan,Trail Blazers,C,28,9,12,1,0,0,1,2
2026,2025-12-05,Jamal Murray,Nuggets,G,38,23,5,12,2,1,4,1
2026,2025-12-14,Amir Coffey,Bucks,G,9,0,0,0,0,0,1,0
2026,2025-11-04,Caleb Houstan,Hawks,G,1,0,0,0,0,0,0,0
2026,2026-03-26,LaMelo Ball,Hornets,G,36,22,5,6,0,0,1,2
2026,2025-10-27,Jake LaRavia,Lakers,F,29,3,6,5,0,0,1,2
2026,2026-01-23,Jaylin Williams,Thunder,F,22,2,5,3,0,1,4,3
2026,2026-03-25,Clint Capela,Rockets,C,10,0,4,0,0,2,1,0
2026,2026-01-02,Isaac Okoro,Bulls,F,30,9,3,1,1,0,0,2
2026,2026-02-25,Rayan Rupert,Grizzlies,G,24,8,3,1,1,0,0,3
2026,2025-12-03,Amen Thompson,Rockets,G,37,20,12,7,2,1,5,2
2026,2025-12-01,Ben Saraf,Nets,G,18,7,3,2,1,0,2,0
2026,2026-03-03,Max Christie,Mavericks,G,33,11,5,1,1,0,1,1
2026,2025-11-24,Ben Sheppard,Pacers,G,23,0,1,1,0,0,0,1
2026,2026-01-20,Tre Jones,Bulls,G,26,15,8,10,1,1,1,1
2026,2026-01-03,Toumani Camara,Trail Blazers,F,36,20,8,1,1,0,4,2
2026,2026-01-28,Trayce Jackson-Davis,Warriors,F,4,2,1,1,0,0,2,0
2026,2025-11-08,Trendon Watford,76ers,F,37,20,17,10,0,1,1,2
2026,2025-12-23,Dylan Cardwell,Kings,C,27,5,6,4,2,1,0,6
2026,2026-03-29,Moritz Wagner,Magic,F,12,7,4,1,0,0,0,0
2026,2025-11-02,Jalen Johnson,Hawks,F,35,23,13,5,1,0,4,1
2026,2026-02-04,Pete Nance,Bucks,F,19,16,3,3,0,0,0,2
2026,2026-01-13,Matas Buzelis,Bulls,F,37,19,6,2,0,0,2,3
2026,2026-02-23,John Konchar,Jazz,G,24,5,4,2,3,0,1,0
2026,2025-12-18,Toumani Camara,Trail Blazers,F,35,17,8,5,0,0,2,6
2026,2025-11-12,Jalen Suggs,Magic,G,26,14,2,3,1,1,2,4
2026,2026-03-11,Paolo Banchero,Magic,F,37,25,8,7,0,0,2,1
2026,2026-04-10,Ousmane Dieng,Bucks,F,37,12,6,12,0,0,4,3
2026,2026-03-15,Shai Gilgeous-Alexander,Thunder,G,33,20,3,10,2,1,1,3
2026,2026-04-03,Naz Reid,Timberwolves,C,29,12,7,1,1,2,3,3
2026,2026-04-08,Aaron Wiggins,Thunder,G,4,2,1,0,0,0,1,1
2026,2025-12-06,Mouhamed Gueye,Hawks,F,9,4,1,0,0,0,0,0
2026,2026-03-12,Harrison Barnes,Spurs,F,27,20,7,1,1,0,1,1
2026,2026-03-10,Corey Kispert,Hawks,F,15,2,0,0,0,0,0,0
2026,2026-03-23,Tyler Herro,Heat,G,26,18,5,2,0,1,2,0
2026,2025-11-19,Khris Middleton,Wizards,F,27,13,6,2,0,1,1,2
2026,2025-11-03,Charles Bassey,Grizzlies,C,15,3,10,1,1,1,1,3
2026,2026-03-28,Josh Giddey,Bulls,G,35,18,13,10,2,3,5,2
2026,2026-01-27,Thanasis Antetokounmpo,Bucks,F,2,0,1,0,0,0,0,0
2026,2026-03-27,Ben Saraf,Nets,G,22,10,3,2,1,0,1,4
2026,2025-12-07,Duop Reath,Trail Blazers,C,19,12,2,1,0,0,1,3
2026,2026-03-06,Trey Murphy III,Pelicans,F,41,22,2,4,2,1,0,1
2026,2026-01-06,Andrew Wiggins,Heat,F,26,10,4,2,1,2,1,3
2026,2025-12-01,Tidjane Salaun,Hornets,F,18,10,4,0,1,0,1,1
2026,2025-12-23,Miles Bridges,Hornets,F,34,10,9,9,0,1,1,4
2026,2025-12-18,Tyus Jones,Magic,G,19,5,0,4,0,0,0,0
2026,2026-01-14,Khris Middleton,Wizards,F,27,17,3,5,1,0,2,4
2026,2025-11-23,Caleb Love,Trail Blazers,G,26,8,2,2,0,0,2,1
2026,2026-02-20,Pete Nance,Bucks,F,22,10,5,2,0,1,1,2
2026,2026-01-23,Vince Williams Jr.,Grizzlies,G,20,6,2,4,0,0,2,1
2026,2025-11-28,Zaccharie Risacher,Hawks,F,27,14,3,1,0,0,2,1
2026,2026-01-01,Daniel Gafford,Mavericks,F,11,8,5,0,2,0,0,2
2026,2026-03-15,Donte DiVincenzo,Timberwolves,G,30,16,9,1,0,0,1,1
2026,2026-01-02,Micah Peavy,Pelicans,G,24,2,3,2,1,1,0,5
2026,2026-03-29,Omer Yurtseven,Warriors,C,4,0,2,0,0,0,1,0
2026,2026-01-09,Bobby Portis,Bucks,F,30,11,12,3,0,0,2,0
2026,2026-01-24,Ayo Dosunmu,Bulls,G,23,10,2,0,0,1,3,2
2026,2026-03-10,Terrence Shannon Jr.,Timberwolves,G,8,12,0,1,0,0,0,0
2026,2026-03-15,OG Anunoby,Knicks,F,29,14,4,1,0,0,1,3
2026,2025-11-09,Landry Shamet,Knicks,G,21,8,1,3,0,0,0,1
2026,2026-01-19,Davion Mitchell,Heat,G,25,7,6,3,3,1,2,3
2026,2026-02-01,Dylan Harper,Spurs,G,28,15,6,5,1,1,2,3
2026,2025-12-22,Kyle Filipowski,Jazz,F,13,5,2,1,0,0,1,0
2026,2025-12-01,Giannis Antetokounmpo,Bucks,F,32,26,7,4,1,1,5,6
2026,2025-11-03,Paul Reed,Pistons,F,5,0,1,0,2,0,0,1
2026,2026-03-16,Taj Gibson,Grizzlies,F,8,2,2,0,1,1,0,1
2026,2026-01-10,Darius Garland,Cavaliers,G,29,22,0,6,0,0,0,2
2026,2026-03-20,Buddy Hield,Hawks,G,8,2,0,1,1,0,2,0
2026,2026-01-12,John Collins,Clippers,F,30,3,5,1,0,0,1,5
2026,2026-01-19,Tyrese Proctor,Cavaliers,G,15,3,0,1,0,0,3,5
2026,2025-11-17,Dwight Powell,Mavericks,F,17,0,5,1,0,0,0,5
2026,2026-01-19,Jaden Hardy,Mavericks,G,2,3,0,0,0,0,0,0
2026,2026-03-09,Jabari Walker,76ers,F,12,5,2,0,1,0,1,1
2026,2026-02-26,Sion James,Hornets,G,19,2,4,2,0,0,0,3
2026,2026-03-29,Taurean Prince,Bucks,F,38,18,6,8,2,1,5,1
2026,2025-10-28,Davion Mitchell,Heat,G,30,8,4,9,0,0,1,2
2026,2025-11-05,Ziaire Williams,Nets,F,24,3,3,2,0,2,2,2
2026,2026-01-07,Quinten Post,Warriors,C,19,11,1,3,0,0,0,1
2026,2025-11-17,Taelon Peter,Pacers,G,2,0,0,1,0,0,0,0
2026,2025-12-21,Tyler Kolek,Knicks,G,22,6,4,3,0,0,1,2
2026,2025-12-23,Nigel Hayes-Davis,Suns,F,6,0,2,1,0,0,1,1
2026,2025-12-29,Collin Murray-Boyles,Raptors,F,25,4,12,2,0,2,2,5
2026,2026-02-03,Jalen Brunson,Knicks,G,31,21,1,4,2,0,0,2
2026,2025-12-01,Jabari Smith Jr.,Rockets,F,37,12,7,1,1,1,3,5
2026,2026-03-13,Vit Krejci,Trail Blazers,G,15,2,3,5,1,0,2,1
2026,2025-11-01,Neemias Queta,Celtics,C,15,9,4,1,0,0,0,1
2026,2026-01-06,Darius Garland,Cavaliers,G,33,29,2,6,0,0,0,2
2026,2026-03-13,Nicolas Batum,Clippers,F,16,3,3,4,0,1,0,1
2026,2026-03-17,Jamal Murray,Nuggets,G,26,12,6,4,0,0,2,2
2026,2026-03-18,Charles Bassey,Celtics,C,2,2,1,0,0,0,0,0
2026,2025-11-16,Naji Marshall,Mavericks,F,27,9,9,3,2,0,2,1
2026,2025-12-27,Jaylen Clark,Timberwolves,G,15,6,2,0,0,0,0,3
2026,2026-03-08,Kevin Huerter,Pistons,G,22,4,4,4,1,2,0,0
2026,2026-03-21,Quenton Jackson,Pacers,G,16,6,4,2,0,0,1,0
2026,2025-12-01,Rasheer Fleming,Suns,F,2,0,0,0,0,0,0,0
2026,2026-01-02,DaRon Holmes II,Nuggets,F,24,3,4,6,0,0,0,3
2026,2026-03-17,Tristan Vukcevic,Wizards,F,19,9,4,1,0,1,1,0
2026,2025-11-20,Drew Eubanks,Kings,F,26,9,5,0,1,1,3,4
2026,2025-12-02,Toumani Camara,Trail Blazers,F,36,21,6,2,1,1,3,4
2026,2025-12-27,Maxime Raynaud,Kings,C,27,19,6,2,1,2,0,3
2026,2026-02-25,Branden Carlson,Thunder,C,4,4,4,2,0,0,1,0
2026,2026-03-19,Derik Queen,Pelicans,C,16,5,5,0,1,0,4,1
2026,2026-03-28,Julian Phillips,Timberwolves,F,6,0,0,1,0,0,0,0
2026,2025-11-08,Jordan Goodwin,Suns,G,14,7,1,2,1,0,0,0
2026,2025-11-10,Sam Merrill,Cavaliers,G,33,12,2,2,0,0,0,3
2026,2026-01-02,AJ Green,Bucks,G,41,12,0,3,1,0,1,4
2026,2026-03-30,Kenrich Williams,Thunder,G,6,0,4,0,0,0,1,1
2026,2026-03-21,Josh Green,Hornets,G,20,5,4,0,1,0,0,1
2026,2026-03-08,Dylan Harper,Spurs,G,26,19,2,6,0,0,1,4
2026,2026-03-21,Paolo Banchero,Magic,F,36,16,5,6,3,1,3,3
2026,2026-01-27,Cole Anthony,Bucks,G,14,10,1,1,0,0,2,2
2026,2026-04-01,Gary Trent Jr.,Bucks,G,7,0,0,0,1,0,1,1
2026,2025-11-19,Dereck Lively II,Mavericks,C,18,4,10,1,0,3,1,1
2026,2026-03-18,Trayce Jackson-Davis,Raptors,F,5,2,1,0,0,0,0,0
2026,2025-10-29,Tim Hardaway Jr.,Nuggets,G,14,11,1,1,0,0,0,3
2026,2025-11-26,Cam Spencer,Grizzlies,G,19,11,2,7,1,0,2,1
2026,2026-03-23,Will Richard,Warriors,G,12,12,0,1,1,0,0,2
2026,2026-02-19,Sam Hauser,Celtics,F,28,16,3,5,0,0,0,1
2026,2025-11-29,Luka Garza,Celtics,C,5,3,0,1,0,0,0,1
2026,2026-04-07,Brandin Podziemski,Warriors,G,30,20,1,3,1,0,2,2
2026,2025-10-22,Chris Paul,Clippers,G,15,4,1,4,1,0,1,2
2026,2026-03-22,Khaman Maluach,Suns,C,17,7,7,0,1,0,1,1
2026,2026-01-16,T.J. McConnell,Pacers,G,16,8,2,9,0,0,1,1
2026,2025-11-24,Quinten Post,Warriors,C,28,9,4,5,1,1,1,2
2026,2026-03-05,Devin Booker,Suns,G,32,27,6,2,2,1,4,2
2026,2026-03-30,Craig Porter Jr.,Cavaliers,G,15,2,2,3,0,1,0,2
2026,2026-03-18,Terrence Shannon Jr.,Timberwolves,G,20,8,3,0,3,0,1,2
2026,2026-01-28,Jay Huff,Pacers,C,23,10,7,1,3,1,1,0
2026,2026-02-11,Nae'Qwan Tomlin,Cavaliers,F,16,8,5,0,2,0,1,2
2026,2026-03-05,Royce O'Neale,Suns,F,18,3,4,0,0,0,1,3
2026,2025-12-14,Tristan Vukcevic,Wizards,F,16,6,3,0,0,0,2,2
2026,2026-01-25,Malik Monk,Kings,G,22,19,1,2,1,3,0,2
2026,2026-02-27,Cade Cunningham,Pistons,G,37,25,10,7,2,0,4,6
2026,2025-12-14,Ryan Dunn,Suns,F,17,5,4,2,1,1,2,3
2026,2025-11-08,Derik Queen,Pelicans,C,25,13,5,8,0,2,4,3
2026,2025-10-30,Anthony Black,Magic,G,31,20,1,2,2,2,3,1
2026,2026-04-07,Jarred Vanderbilt,Lakers,F,5,3,2,1,1,0,1,1
2026,2026-02-21,Keldon Johnson,Spurs,F,21,18,1,0,0,0,1,1
2026,2025-12-04,Will Riley,Wizards,G,27,7,4,2,0,0,3,4
2026,2025-11-01,Moussa Diabate,Hornets,F,19,11,9,1,0,0,0,2
2026,2026-02-24,Dwight Powell,Mavericks,F,9,0,2,0,0,0,0,1
2026,2025-11-03,Kris Murray,Trail Blazers,F,23,6,0,2,1,1,1,0
2026,2025-12-29,Jonas Valanciunas,Nuggets,C,16,6,4,1,0,1,2,3
2026,2026-03-12,Jake LaRavia,Lakers,F,21,0,3,3,0,1,1,2
2026,2025-12-04,Jonathan Mogbo,Raptors,F,5,0,3,1,0,1,0,1
2026,2026-03-31,Grayson Allen,Suns,G,32,10,2,1,0,0,2,6
2026,2026-02-19,Anthony Gill,Wizards,F,31,13,8,3,0,1,1,1
2026,2025-11-30,Kevon Looney,Pelicans,F,15,6,3,2,1,0,0,4
2026,2026-02-03,Jalen Duren,Pistons,C,31,19,13,1,1,0,1,1
2026,2026-01-27,Ivica Zubac,Clippers,C,22,9,7,3,0,0,3,1
2026,2025-11-19,Jaylen Clark,Timberwolves,G,26,7,5,0,3,1,0,1
2026,2026-01-18,LaMelo Ball,Hornets,G,19,10,1,6,3,0,1,3
2026,2026-03-02,Bilal Coulibaly,Wizards,G,27,23,1,0,1,2,1,2
2026,2025-11-12,Will Richard,Warriors,G,22,3,1,1,1,0,3,3
2026,2025-11-14,LaMelo Ball,Hornets,G,27,16,3,10,0,0,2,3
2026,2026-01-30,Wendell Carter Jr.,Magic,C,35,23,7,3,1,0,0,4
2026,2025-11-05,Deandre Ayton,Lakers,C,33,22,10,0,1,2,0,3
2026,2026-03-08,Baylor Scheierman,Celtics,G,26,16,10,0,1,0,0,1
2026,2026-03-01,Drew Eubanks,Kings,F,14,10,2,1,1,2,2,2
2026,2026-04-04,Tyrese Maxey,76ers,G,33,23,1,1,1,0,2,2
2026,2026-03-25,Javonte Green,Pistons,G,15,7,3,2,1,0,0,1
2026,2026-03-25,Dominick Barlow,76ers,F,26,9,5,5,0,2,0,3
2026,2026-01-30,Yang Hansen,Trail Blazers,C,4,0,0,0,0,0,0,0
2026,2026-01-20,Jordan Miller,Clippers,G,22,12,2,2,0,0,3,2
2026,2026-03-25,Keldon Johnson,Spurs,F,22,15,7,3,0,0,1,3
2026,2026-01-31,Julian Phillips,Bulls,F,12,3,1,0,1,0,1,0
2026,2025-11-23,Shai Gilgeous-Alexander,Thunder,G,30,37,5,7,2,0,1,3
2026,2026-02-09,Josh Green,Hornets,G,23,5,5,1,0,0,1,3
2026,2025-11-12,Mark Williams,Suns,C,26,10,4,2,2,2,1,2
2026,2026-01-22,Miles Kelly,Mavericks,G,1,0,0,0,0,0,0,0
2026,2025-12-27,Jordan Goodwin,Suns,G,23,16,9,4,0,0,2,0
2026,2026-03-05,Ziaire Williams,Nets,F,24,15,1,3,2,0,1,2
2026,2026-02-28,Grant Williams,Hornets,F,14,0,3,1,1,0,1,0
2026,2025-11-24,Ochai Agbaji,Raptors,G,11,4,0,0,0,0,0,0
2026,2026-01-07,Isaac Okoro,Bulls,F,25,2,4,0,1,1,0,0
2026,2025-12-06,Jeff Green,Rockets,F,6,2,0,1,0,0,0,0
2026,2025-11-23,Immanuel Quickley,Raptors,G,30,13,7,4,1,0,1,5
2026,2025-11-12,Ryan Rollins,Bucks,G,32,25,5,6,1,0,2,3
2026,2025-12-26,Jett Howard,Magic,G,3,0,1,1,0,0,0,0
2026,2025-12-02,Deni Avdija,Trail Blazers,F,37,25,8,14,0,0,4,2
2026,2026-02-20,Ochai Agbaji,Nets,G,11,4,1,0,0,0,2,0
2026,2025-11-24,Karl-Anthony Towns,Knicks,C,33,37,12,3,1,2,1,3
2026,2026-03-20,CJ McCollum,Hawks,G,25,17,2,2,1,3,3,1
2026,2025-10-25,GG Jackson,Grizzlies,F,2,0,0,0,0,0,0,1
2026,2025-11-14,Andre Jackson Jr.,Bucks,G,0,0,0,0,0,0,0,0
2026,2026-02-27,Walter Clayton Jr.,Grizzlies,G,26,11,2,5,0,1,2,1
2026,2026-03-15,Andre Drummond,76ers,C,35,6,17,4,2,0,3,2
2026,2026-03-18,Ochai Agbaji,Nets,G,20,10,2,0,0,0,2,2
2026,2026-02-06,Zion Williamson,Pelicans,F,32,29,4,1,0,0,3,2
2026,2026-01-16,Rudy Gobert,Timberwolves,C,32,10,13,1,2,2,2,5
2026,2026-03-30,Kevin Huerter,Pistons,G,38,17,6,6,1,0,1,2
2026,2026-02-25,Daeqwon Plowden,Kings,G,24,9,2,0,2,0,0,2
2026,2026-01-26,Craig Porter Jr.,Cavaliers,G,15,4,5,5,0,0,0,2
2026,2026-04-10,Collin Sexton,Bulls,G,27,12,2,4,3,0,4,2
2026,2026-04-03,Drake Powell,Nets,G,29,6,2,4,2,1,1,3
2026,2026-03-12,Daniss Jenkins,Pistons,G,20,6,2,3,0,1,3,1
2026,2025-11-28,Tyus Jones,Magic,G,18,0,1,3,1,0,0,1
2026,2025-11-16,Desmond Bane,Magic,G,44,26,4,4,1,1,3,3
2026,2026-03-15,Terrence Shannon Jr.,Timberwolves,G,2,3,0,1,0,0,0,0
2026,2026-03-24,Doug McDermott,Kings,F,30,9,1,2,0,1,0,1
2026,2026-02-01,Zeke Nnaji,Nuggets,F,3,0,1,0,0,0,0,1
2026,2025-12-04,Trayce Jackson-Davis,Warriors,F,4,0,1,1,1,0,0,0
2026,2026-02-28,Will Richard,Warriors,G,5,4,1,0,0,1,1,1
2026,2026-01-21,Jaden Ivey,Pistons,G,18,7,1,1,0,0,3,3
2026,2026-04-08,Jonas Valanciunas,Nuggets,C,13,14,4,0,0,2,3,5
2026,2026-04-02,Draymond Green,Warriors,F,35,8,9,9,1,3,2,4
2026,2026-01-23,Tobias Harris,Pistons,F,26,4,1,1,2,0,1,2
2026,2025-11-17,Anthony Edwards,Timberwolves,G,29,13,4,3,2,0,2,2
2026,2026-03-12,Leonard Miller,Bulls,F,31,15,9,1,1,0,1,4
2026,2025-10-22,OG Anunoby,Knicks,F,38,24,14,2,3,1,4,0
2026,2025-12-02,Mitchell Robinson,Knicks,C,16,1,5,0,0,0,0,0
2026,2025-12-01,Ethan Thompson,Pacers,G,7,2,0,1,0,0,0,1
2026,2026-02-26,Michael Porter Jr.,Nets,F,30,25,14,1,0,0,6,1
2026,2026-03-03,Aaron Wiggins,Thunder,G,34,18,7,4,2,1,0,0
2026,2026-04-07,Tyler Smith,Mavericks,F,18,6,2,1,1,0,0,2
2026,2025-12-23,Isaiah Hartenstein,Thunder,C,26,8,12,0,0,0,3,5
2026,2025-11-23,Scottie Barnes,Raptors,F,34,17,7,4,2,4,0,3
2026,2025-11-09,Michael Porter Jr.,Nets,F,26,25,4,0,1,0,2,3
2026,2026-02-04,Ja'Kobe Walter,Raptors,G,14,3,0,1,0,0,1,0
2026,2025-10-29,Nikola Jokic,Nuggets,C,28,21,12,10,2,0,2,4
2026,2025-12-02,Robert Williams III,Trail Blazers,C,17,6,5,0,0,3,0,3
2026,2025-12-01,Bam Adebayo,Heat,C,32,27,14,3,2,2,1,0
2026,2026-01-10,Tony Bradley,Pacers,C,4,3,2,1,0,0,0,1
2026,2025-12-04,Quentin Grimes,76ers,G,38,12,5,6,1,0,1,2
2026,2025-11-17,Joe Ingles,Timberwolves,F,7,0,0,1,1,0,0,0
2026,2025-12-15,Keyonte George,Jazz,G,41,37,5,6,0,0,2,4
2026,2026-01-02,Deandre Ayton,Lakers,C,25,4,6,0,1,0,1,3
2026,2026-03-17,Jordan Clarkson,Knicks,G,20,10,2,1,0,0,1,1
2026,2025-11-21,Jaylon Tyson,Cavaliers,G,27,14,8,3,0,0,0,3
2026,2025-12-01,Marvin Bagley III,Wizards,F,29,22,8,1,0,0,0,2
2026,2026-01-07,Gradey Dick,Raptors,G,12,0,1,0,0,0,0,2
2026,2026-04-12,Rocco Zikarsky,Timberwolves,C,20,8,9,2,0,2,1,2
2026,2026-01-16,Alperen Sengun,Rockets,C,32,25,14,3,1,1,4,6
2026,2026-03-21,Jake LaRavia,Lakers,F,14,0,1,0,1,0,0,4
2026,2026-02-20,Gary Trent Jr.,Bucks,G,2,3,0,0,0,0,0,0
2026,2025-10-22,Cade Cunningham,Pistons,G,34,23,7,10,1,0,3,6
2026,2026-01-05,Mohamed Diawara,Knicks,F,5,0,0,0,0,0,0,0
2026,2025-12-29,Kel'el Ware,Heat,C,24,19,9,0,1,0,0,1
2026,2025-11-05,Will Richard,Warriors,G,35,30,7,3,1,0,1,3
2026,2026-01-28,Amen Thompson,Rockets,G,36,25,7,4,4,1,2,0
2026,2026-03-20,Luka Garza,Celtics,C,27,22,7,1,1,0,1,3
2026,2026-03-06,De'Aaron Fox,Spurs,G,30,19,2,9,1,0,2,2
2026,2026-03-12,Jalen Smith,Bulls,F,30,14,4,0,0,0,0,3
2026,2026-02-10,Jarred Vanderbilt,Lakers,F,16,6,4,2,0,0,2,0
2026,2025-12-31,Kristaps Porzingis,Hawks,C,17,16,2,1,0,0,1,2
2026,2026-01-20,Dylan Harper,Spurs,G,23,8,3,5,0,1,1,0
2026,2025-10-24,Nikola Jovic,Heat,F,27,20,6,4,1,1,1,2
2026,2026-02-15,Victor Wembanyama,World,F,10,14,6,0,0,3,1,0
2026,2026-02-11,Corey Kispert,Hawks,F,23,2,3,2,0,0,0,1
2026,2026-01-11,Amen Thompson,Rockets,G,41,31,13,6,0,0,5,2
2026,2025-11-12,Julian Phillips,Bulls,F,4,0,1,0,0,0,0,0
2026,2026-01-18,Jalen Pickett,Nuggets,G,34,12,5,7,0,0,2,1
2026,2025-11-01,Sam Hauser,Celtics,F,17,6,2,2,0,0,1,0
2026,2025-12-23,Myron Gardner,Heat,F,1,0,0,0,0,0,0,0
2026,2026-03-27,Christian Braun,Nuggets,G,22,7,2,0,0,1,0,1
2026,2025-12-06,Darius Garland,Cavaliers,G,32,17,5,4,2,0,3,0
2026,2025-11-28,Jonas Valanciunas,Nuggets,C,12,4,8,1,0,0,1,1
2026,2026-02-03,Isaiah Jackson,Pacers,F,23,11,10,1,1,1,1,2
2026,2026-03-19,Paul Reed,Pistons,F,21,17,4,3,0,2,1,3
2026,2026-03-21,Jericho Sims,Bucks,C,25,5,11,3,0,0,1,1
2026,2026-02-08,Joan Beringer,Timberwolves,F,4,4,1,1,0,1,1,1
2026,2025-11-14,Adem Bona,76ers,C,9,2,5,0,0,1,0,2
2026,2026-01-30,Ryan Dunn,Suns,F,18,0,3,3,1,1,3,1
2026,2025-12-02,Cason Wallace,Thunder,G,28,4,6,1,2,1,1,1
2026,2025-12-20,Quenton Jackson,Pacers,G,17,2,2,1,0,0,2,2
2026,2025-12-22,Zeke Nnaji,Nuggets,F,3,0,3,0,0,0,0,0
2026,2025-11-25,Kawhi Leonard,Clippers,F,28,19,5,3,1,0,3,3
2026,2025-11-04,Cason Wallace,Thunder,G,25,12,3,1,1,0,1,1
2026,2025-11-12,Cooper Flagg,Mavericks,F,34,16,6,6,3,2,4,3
2026,2026-02-24,Mark Williams,Suns,C,18,2,5,1,0,2,2,1
2026,2025-11-04,Collin Gillespie,Suns,G,21,8,5,4,1,0,2,0
2026,2026-02-01,Jordan McLaughlin,Spurs,G,2,0,0,1,0,0,0,0
2026,2026-04-02,Jared McCain,Thunder,G,12,8,2,2,1,0,1,1
2026,2025-11-24,Keegan Murray,Kings,F,44,26,14,2,1,1,0,3
2026,2025-11-04,Anthony Black,Magic,G,26,7,4,3,1,1,1,2
2026,2026-01-02,Jordan Clarkson,Knicks,G,14,5,0,0,0,0,0,0
2026,2026-01-27,Daniss Jenkins,Pistons,G,19,0,1,3,0,0,0,1
2026,2026-02-22,Trendon Watford,76ers,F,3,0,0,2,0,0,0,0
2026,2026-04-05,Bennedict Mathurin,Clippers,G,27,5,6,5,3,0,2,0
2026,2025-12-18,Jarred Vanderbilt,Lakers,F,25,7,11,1,0,0,1,2
2026,2026-02-26,Trendon Watford,76ers,F,11,2,6,3,0,0,0,2
2026,2025-12-28,Dennis Schroder,Kings,G,19,11,2,7,2,1,2,3
2026,2026-03-23,Jevon Carter,Magic,G,24,2,2,0,1,0,0,3
2026,2025-11-29,Jalen Wilson,Nets,F,16,13,3,2,1,0,0,1
2026,2025-12-10,Dillon Brooks,Suns,F,26,16,2,1,0,0,0,3
2026,2026-04-10,Kevin Huerter,Pistons,G,16,5,3,3,1,1,0,0
2026,2026-04-03,Hugo Gonzalez,Celtics,G,6,2,2,0,0,0,1,1
2026,2025-12-27,Dennis Schroder,Kings,G,20,10,2,5,3,0,1,1
2026,2026-03-01,Nae'Qwan Tomlin,Cavaliers,F,5,0,1,0,1,0,0,1
2026,2026-01-19,Buddy Hield,Warriors,G,23,16,4,2,1,0,0,0
2026,2026-01-02,Oso Ighodaro,Suns,F,20,15,6,1,2,2,1,1
2026,2026-03-05,Jarred Vanderbilt,Lakers,F,4,0,1,0,0,0,0,1
2026,2026-01-04,Keegan Murray,Kings,F,27,12,3,0,0,2,2,2
2026,2025-11-05,Caris LeVert,Pistons,G,19,10,2,1,1,0,3,2
2026,2025-11-29,Caleb Martin,Mavericks,F,21,0,7,2,3,0,1,1
2026,2025-12-19,Chet Holmgren,Thunder,C,25,14,5,0,0,2,0,3
2026,2026-02-03,Hugo Gonzalez,Celtics,G,17,2,6,2,1,0,0,1
2026,2026-03-06,Kobe Bufkin,Lakers,G,4,0,0,1,0,0,0,2
2026,2026-01-01,Naji Marshall,Mavericks,F,22,9,1,1,0,0,0,0
2026,2026-04-07,Donte DiVincenzo,Timberwolves,G,31,11,6,4,1,0,1,2
2026,2025-12-06,Donte DiVincenzo,Timberwolves,G,25,5,4,4,1,0,0,1
2026,2026-02-09,Luke Kennard,Lakers,G,24,7,1,1,1,0,0,4
2026,2026-02-20,Jamal Murray,Nuggets,G,25,25,6,6,1,0,2,2
2026,2026-03-02,Hugo Gonzalez,Celtics,G,35,18,16,1,3,2,1,2
2026,2025-12-05,Taelon Peter,Pacers,G,1,0,0,0,0,0,0,0
2026,2026-02-23,Kevin Durant,Rockets,F,34,18,5,12,1,1,4,0
2026,2026-03-22,Maxime Raynaud,Kings,C,36,22,10,2,1,1,2,3
2026,2026-04-08,Walter Clayton Jr.,Grizzlies,G,22,15,2,3,0,0,1,0
2026,2025-11-05,P.J. Washington,Mavericks,F,38,15,11,1,1,2,4,0
2026,2025-11-30,Svi Mykhailiuk,Jazz,G,25,11,1,1,1,0,0,2
2026,2026-02-21,Devin Vassell,Spurs,G,24,8,3,3,0,1,2,0
2026,2025-11-08,N'Faly Dante,Hawks,C,2,0,0,0,0,0,0,0
2026,2026-02-11,Keon Ellis,Cavaliers,G,27,6,4,3,1,1,1,1
2026,2025-11-24,Rudy Gobert,Timberwolves,C,41,11,13,1,0,2,2,3
2026,2025-12-18,Goga Bitadze,Magic,C,19,6,4,1,2,2,0,2
2026,2026-01-01,Anthony Davis,Mavericks,F,37,13,8,2,1,0,3,3
2026,2026-03-12,Justin Edwards,76ers,F,29,12,9,5,4,0,1,2
2026,2026-03-17,Pat Connaughton,Hornets,G,2,4,1,0,1,0,0,0
2026,2026-03-18,Josh Giddey,Bulls,G,27,9,0,3,1,0,3,2
2026,2026-03-25,Jakob Poeltl,Raptors,C,22,10,6,1,1,0,1,3
2026,2025-11-28,Dyson Daniels,Hawks,G,37,10,8,9,3,0,2,2
2026,2026-01-19,Terance Mann,Nets,G,26,10,4,8,0,0,1,4
2026,2026-02-25,Harrison Barnes,Spurs,F,21,8,3,2,3,0,1,1
2026,2025-12-07,Cason Wallace,Thunder,G,25,6,2,4,5,0,1,0
2026,2025-12-23,Amen Thompson,Rockets,G,35,19,9,5,2,0,3,2
2026,2026-04-02,Royce O'Neale,Suns,F,17,3,1,0,0,0,1,1
2026,2026-01-28,Kel'el Ware,Heat,C,7,4,4,0,0,1,0,0
2026,2025-12-23,Jalen Williams,Thunder,G,32,17,6,8,2,0,3,3
2026,2026-04-08,Jalen Duren,Pistons,C,28,21,9,3,0,1,1,1
2026,2025-11-06,Nigel Hayes-Davis,Suns,F,1,0,0,0,0,0,0,0
2026,2026-01-24,Luka Doncic,Lakers,G,39,33,8,11,1,1,5,2
2026,2025-11-14,Clint Capela,Rockets,C,9,2,4,0,0,0,0,0
2026,2026-02-03,Jaime Jaquez Jr.,Heat,F,28,21,8,3,0,0,2,2
2026,2026-02-03,Vit Krejci,Trail Blazers,G,14,5,0,1,2,0,0,1
2026,2026-03-16,Patrick Williams,Bulls,F,20,9,0,2,0,0,1,1
2026,2026-01-22,Sidy Cissoko,Trail Blazers,G,18,6,3,0,0,0,1,1
2026,2025-12-07,Rui Hachimura,Lakers,F,36,17,6,1,0,0,0,3
2026,2026-02-12,Isaiah Collier,Jazz,G,36,15,2,9,3,0,4,6
2026,2025-12-05,D'Angelo Russell,Mavericks,G,16,12,3,3,0,0,1,2
2026,2026-01-16,Alex Sarr,Wizards,C,28,19,4,3,0,1,2,0
2026,2026-02-12,Brooks Barnhizer,Thunder,F,7,0,5,2,0,1,0,0
2026,2026-01-17,Julian Champagnie,Spurs,F,32,7,5,2,1,0,3,2
2026,2025-10-30,Aaron Wiggins,Thunder,G,24,8,4,3,0,2,2,0
2026,2025-10-27,Eric Gordon,76ers,G,11,8,0,0,1,0,1,1
2026,2026-03-28,Leonard Miller,Bulls,F,16,5,4,0,1,0,0,1
2026,2025-12-21,Vit Krejci,Hawks,G,18,20,0,0,0,0,0,3
2026,2026-03-19,Ronald Holland II,Pistons,F,20,2,5,1,0,0,1,3
2026,2025-12-02,Marvin Bagley III,Wizards,F,26,13,8,1,0,5,1,3
2026,2026-02-07,Marcus Smart,Lakers,G,33,15,3,4,0,2,1,1
2026,2026-02-09,Myron Gardner,Heat,F,6,0,0,1,0,0,1,1
2026,2026-04-10,Micah Peavy,Pelicans,G,37,2,2,1,0,0,0,5
2026,2026-04-09,Kam Jones,Pacers,G,22,4,3,6,0,0,4,2
2026,2026-03-17,Stephon Castle,Spurs,G,22,3,1,12,0,1,0,1
2026,2026-03-18,Julius Randle,Timberwolves,F,27,21,1,8,4,0,2,2
2026,2026-01-16,Ochai Agbaji,Raptors,G,36,15,3,1,1,0,1,3
2026,2026-02-11,Justin Edwards,76ers,F,22,4,3,1,1,0,0,3
2026,2025-12-21,Josh Hart,Knicks,G,33,13,10,5,2,0,0,3
2026,2026-04-01,Neemias Queta,Celtics,C,33,16,11,3,0,3,0,3
2026,2025-10-26,Mikal Bridges,Knicks,G,37,20,5,4,0,0,1,3
2026,2026-02-02,Kon Knueppel,Hornets,G,36,17,9,2,0,0,4,1
2026,2025-11-02,Grayson Allen,Suns,G,34,17,3,3,0,0,2,3
2026,2025-12-20,Nick Smith Jr.,Lakers,G,22,9,3,1,1,0,0,2
2026,2026-01-27,Gary Trent Jr.,Bucks,G,21,13,0,0,0,0,0,2
2026,2026-04-05,Deandre Ayton,Lakers,C,19,13,4,1,0,1,0,2
2026,2026-01-23,Dean Wade,Cavaliers,F,28,6,5,1,1,0,0,0
2026,2026-01-07,Josh Green,Hornets,G,13,3,2,0,0,0,2,1
2026,2026-03-27,Tyler Herro,Heat,G,31,11,3,5,0,0,1,3
2026,2026-01-29,Nique Clifford,Kings,G,27,2,6,2,0,1,2,1
2026,2025-11-12,Kel'el Ware,Heat,C,28,15,13,1,1,1,1,3
2026,2026-01-06,Christian Koloko,Grizzlies,C,18,4,6,1,1,3,1,1
2026,2026-02-09,Chet Holmgren,Thunder,C,31,13,10,2,1,2,1,3
2026,2025-11-02,Nigel Hayes-Davis,Suns,F,9,0,1,0,0,0,2,3
2026,2025-10-22,Jaden Hardy,Mavericks,G,7,3,1,0,0,0,0,1
2026,2026-02-11,Bilal Coulibaly,Wizards,G,24,13,0,2,2,1,0,2
2026,2026-01-21,Scottie Barnes,Raptors,F,32,23,8,7,4,1,3,4
2026,2025-11-25,Johni Broome,76ers,F,17,4,6,2,2,0,2,1
2026,2026-02-21,Kasparas Jakucionis,Heat,G,23,12,3,5,0,0,2,4
2026,2025-11-16,Isaiah Collier,Jazz,G,37,16,4,9,2,0,3,3
2026,2025-11-08,Ryan Nembhard,Mavericks,G,8,0,0,2,0,0,1,1
2026,2025-11-09,John Konchar,Grizzlies,G,9,3,3,3,0,0,1,0
2026,2025-11-13,Zaccharie Risacher,Hawks,F,19,11,3,2,0,0,0,2
2026,2025-11-16,Josh Giddey,Bulls,G,42,26,13,13,2,2,6,2
2026,2025-11-06,Bradley Beal,Clippers,G,20,5,1,1,0,0,2,3
2026,2026-02-12,P.J. Washington,Mavericks,F,34,18,4,2,0,0,0,2
2026,2025-11-05,Taylor Hendricks,Jazz,F,18,0,7,0,0,0,1,0
2026,2025-11-13,Aaron Nesmith,Pacers,G,20,10,3,1,1,0,0,2
2026,2026-04-10,Cody Williams,Jazz,F,34,14,3,5,0,0,2,0
2026,2026-01-17,Walter Clayton Jr.,Jazz,G,27,5,3,8,0,0,2,5
2026,2025-10-22,Stephon Castle,Spurs,G,29,22,7,6,2,0,5,2
2026,2026-02-24,Ryan Dunn,Suns,F,25,10,6,2,0,0,0,2
2026,2026-03-31,Tyrese Proctor,Cavaliers,G,12,10,2,4,0,0,0,1
2026,2026-03-30,Simone Fontecchio,Heat,F,6,3,3,0,0,0,0,0
2026,2026-01-22,LeBron James,Lakers,F,36,23,5,6,2,0,4,1
2026,2026-03-13,Rudy Gobert,Timberwolves,C,36,18,9,2,1,1,2,3
2026,2025-12-27,Bones Hyland,Timberwolves,G,14,4,1,2,0,0,0,0
2026,2026-03-14,Moussa Diabate,Hornets,F,21,4,5,3,0,0,1,2
2026,2026-04-12,Julian Reese,Wizards,F,18,14,3,0,3,0,0,1
2026,2025-10-22,Cooper Flagg,Mavericks,F,32,10,10,0,1,0,3,3
2026,2026-01-23,Zion Williamson,Pelicans,F,33,24,11,4,2,1,1,1
2026,2026-03-29,Kasparas Jakucionis,Heat,G,13,5,0,1,0,0,1,0
2026,2025-12-22,Keyonte George,Jazz,G,34,20,8,7,1,0,4,3
2026,2026-01-28,Larry Nance Jr.,Cavaliers,F,12,0,3,0,1,0,1,1
2026,2025-11-24,Duncan Robinson,Pistons,F,34,9,4,0,1,0,1,4
2026,2026-01-30,Olivier-Maxence Prosper,Grizzlies,F,12,2,2,0,0,1,1,0
2026,2026-03-16,Micah Peavy,Pelicans,G,2,0,2,1,0,0,1,0
2026,2025-10-29,Ace Bailey,Jazz,G,15,8,3,2,0,1,1,2
2026,2026-01-27,Malaki Branham,Wizards,G,2,3,0,0,0,0,0,1
2026,2025-12-04,Tyson Etienne,Nets,G,2,0,0,1,0,0,0,1
2026,2025-10-31,Tyler Kolek,Knicks,G,4,0,1,0,0,0,1,1
2026,2026-03-08,Dru Smith,Heat,G,22,7,4,4,3,1,1,4
2026,2026-02-23,Olivier-Maxence Prosper,Grizzlies,F,25,17,3,1,0,1,0,2
2026,2025-12-27,Jeremy Sochan,Spurs,F,6,0,0,1,0,0,2,0
2026,2026-01-03,Ayo Dosunmu,Bulls,G,28,16,4,4,1,0,2,1
2026,2026-04-06,GG Jackson,Grizzlies,F,18,11,5,3,1,2,1,0
2026,2025-12-03,Daniel Gafford,Mavericks,F,14,2,5,0,1,0,2,0
2026,2026-02-24,Mikal Bridges,Knicks,G,32,18,4,2,3,1,1,5
2026,2026-02-26,T.J. McConnell,Pacers,G,17,9,2,7,0,0,1,0
2026,2026-01-13,Yang Hansen,Trail Blazers,C,13,3,2,1,0,0,1,0
2026,2026-04-06,OG Anunoby,Knicks,F,37,22,5,1,0,2,3,1
2026,2026-01-02,Khaman Maluach,Suns,C,5,4,2,0,1,1,1,1
2026,2025-11-10,Ryan Dunn,Suns,F,24,2,4,3,0,1,3,1
2026,2025-11-02,Mikal Bridges,Knicks,G,35,10,5,9,1,0,4,1
2026,2025-11-10,Tristan da Silva,Magic,F,17,2,3,0,0,0,0,0
2026,2026-02-20,Kawhi Leonard,Clippers,F,31,31,4,5,0,0,5,0
2026,2026-04-05,Taurean Prince,Bucks,F,24,19,3,3,1,0,3,2
2026,2026-02-06,Ben Sheppard,Pacers,G,16,6,1,1,0,0,1,3
2026,2025-10-22,Oso Ighodaro,Suns,F,19,7,4,1,0,0,1,3
2026,2025-12-19,Bam Adebayo,Heat,C,36,16,10,4,1,0,3,5
2026,2025-12-04,Brandin Podziemski,Warriors,G,20,6,6,0,1,0,3,0
2026,2026-01-04,Jett Howard,Magic,G,3,0,0,0,0,0,0,0
2026,2025-12-05,OG Anunoby,Knicks,F,23,11,0,1,0,0,2,1
2026,2026-03-10,Naji Marshall,Mavericks,F,30,14,2,4,1,0,3,3
2026,2026-03-22,Max Shulga,Celtics,G,2,4,1,1,0,0,0,0
2026,2025-11-12,Christian Braun,Nuggets,G,16,6,4,4,0,0,1,1
2026,2025-12-02,Ja'Kobe Walter,Raptors,G,18,3,2,1,1,0,1,5
2026,2025-12-21,Immanuel Quickley,Raptors,G,32,17,5,10,0,0,1,1
2026,2025-12-08,Ethan Thompson,Pacers,G,28,6,5,0,2,0,0,2
2026,2025-12-29,Jalen Brunson,Knicks,G,36,28,3,10,0,0,1,1
2026,2025-10-25,Goga Bitadze,Magic,C,17,3,9,2,0,0,1,1
2026,2026-01-29,Dominick Barlow,76ers,F,21,5,1,0,1,0,0,4
2026,2026-04-01,Max Shulga,Celtics,G,0,0,0,0,0,0,0,0
2026,2026-01-23,Sandro Mamukelashvili,Raptors,F,35,22,6,4,1,0,2,3
2026,2026-01-07,Jamal Murray,Nuggets,G,37,22,8,17,1,0,2,2
2026,2026-04-12,Keshon Gilbert,Hawks,G,26,11,0,9,1,0,2,2
2026,2025-11-18,Sam Hauser,Celtics,F,22,8,7,3,2,0,0,0
2026,2025-11-08,Alex Sarr,Wizards,C,31,17,6,5,2,3,2,2
2026,2026-02-09,James Harden,Cavaliers,G,36,22,10,7,0,3,2,3
2026,2026-03-21,Taj Gibson,Grizzlies,F,12,7,3,0,0,0,0,2
2026,2026-04-12,Jevon Carter,Magic,G,15,3,2,0,1,0,1,0
2026,2026-01-14,Mohamed Diawara,Knicks,F,3,0,2,0,0,0,1,0
2026,2026-01-12,Marcus Smart,Lakers,G,31,1,2,2,2,0,0,0
2026,2026-03-16,Paolo Banchero,Magic,F,33,18,10,3,0,2,2,2
2026,2025-12-15,Josh Minott,Celtics,F,13,0,1,0,1,0,0,3
2026,2025-10-27,Ajay Mitchell,Thunder,G,27,17,7,1,1,0,2,3
2026,2025-11-26,Sidy Cissoko,Trail Blazers,G,18,3,2,2,0,0,2,2
2026,2025-10-31,Miles McBride,Knicks,G,29,8,2,2,1,0,1,2
2026,2025-12-03,Tobias Harris,Pistons,F,29,20,5,0,0,0,0,0
2026,2025-11-29,Derik Queen,Pelicans,C,16,2,3,0,0,0,2,2
2026,2025-12-18,Trae Young,Hawks,G,20,8,1,10,1,0,3,2
2026,2026-01-03,Dru Smith,Heat,G,14,6,0,1,0,0,0,0
2026,2026-02-26,LaMelo Ball,Hornets,G,22,20,4,8,1,1,3,1
2026,2026-03-29,Chaney Johnson,Nets,F,8,4,3,2,1,0,0,1
2026,2026-04-07,Trayce Jackson-Davis,Raptors,F,3,0,0,0,0,0,0,1
2026,2026-01-30,Jaden Ivey,Pistons,G,18,9,4,2,1,0,1,2
2026,2026-02-03,Keshad Johnson,Heat,F,1,0,0,0,0,0,0,0
2026,2025-12-18,Rui Hachimura,Lakers,F,33,13,3,1,0,1,0,4
2026,2026-04-01,Pascal Siakam,Pacers,F,22,25,4,5,0,0,0,0
2026,2025-11-05,Maxime Raynaud,Kings,C,15,6,3,0,1,1,1,1
2026,2025-10-23,Stephen Curry,Warriors,G,37,42,6,7,3,1,2,1
2026,2026-03-07,Jabari Walker,76ers,F,17,9,5,1,1,0,2,1
2026,2026-01-09,Toumani Camara,Trail Blazers,F,40,25,2,2,1,0,3,1
2026,2026-01-27,Kobe Sanders,Clippers,G,22,8,5,3,0,0,1,5
2026,2025-11-28,Zeke Nnaji,Nuggets,F,14,4,4,0,0,0,2,2
2026,2026-02-09,Rui Hachimura,Lakers,F,33,12,5,2,0,0,1,1
2026,2025-12-26,Jordan Walsh,Celtics,G,19,3,2,3,0,0,0,4
2026,2025-12-29,Pat Spencer,Warriors,G,10,4,1,4,1,0,0,2
2026,2026-02-11,Precious Achiuwa,Kings,PF,16,6,5,1,1,1,1,3
2026,2025-10-30,Dylan Harper,Spurs,G,25,13,2,4,0,0,2,1
2026,2026-01-15,Keldon Johnson,Spurs,F,21,7,8,2,3,0,2,3
2026,2026-02-26,Brandon Miller,Hornets,F,26,33,7,4,1,0,4,2
2026,2025-11-10,Dru Smith,Heat,G,15,6,0,1,0,0,0,2
2026,2025-10-27,Austin Reaves,Lakers,G,39,41,4,5,3,0,8,2
2026,2025-11-12,Patrick Williams,Bulls,F,24,7,5,1,1,1,3,2
2026,2026-02-04,Naz Reid,Timberwolves,C,29,17,8,3,1,0,0,4
2026,2026-01-21,Tyrese Martin,Nets,G,11,3,2,0,0,0,0,0
2026,2025-10-29,Kristaps Porzingis,Hawks,C,25,14,6,7,2,1,1,6
2026,2026-03-29,Gradey Dick,Raptors,G,23,11,3,1,0,0,2,2
2026,2026-01-07,Gui Santos,Warriors,F,18,2,4,1,1,0,2,1
2026,2025-12-23,Jordan Clarkson,Knicks,G,30,10,1,1,0,0,1,2
2026,2025-12-19,Tyler Kolek,Knicks,G,15,2,2,2,0,0,4,5
2026,2026-03-27,Aaron Wiggins,Thunder,G,11,9,2,0,0,0,0,0
2026,2026-03-18,Jalen Smith,Bulls,F,17,10,4,1,1,0,3,4
2026,2025-12-25,Bones Hyland,Timberwolves,G,23,11,4,5,1,1,1,2
2026,2026-01-13,Lindy Waters III,Spurs,F,13,3,1,1,0,0,0,2
2026,2026-03-29,Blake Wesley,Trail Blazers,G,11,7,3,0,0,0,1,1
2026,2026-03-03,Brandon Ingram,Raptors,F,37,31,2,4,1,1,2,0
2026,2026-03-15,Scoot Henderson,Trail Blazers,G,24,11,3,2,2,1,1,2
2026,2025-12-10,LeBron James,Lakers,F,36,19,15,8,0,3,3,2
2026,2026-03-07,Giannis Antetokounmpo,Bucks,F,27,27,9,8,4,0,2,1
2026,2026-03-20,Bruce Brown,Nuggets,G,21,12,3,0,0,0,2,1
2026,2026-03-05,Malik Monk,Kings,G,30,18,1,4,0,0,1,2
2026,2025-12-20,Steven Adams,Rockets,C,25,1,12,0,0,0,0,1
2026,2026-03-18,Trey Murphy III,Pelicans,F,40,23,7,5,3,1,1,3
2026,2026-02-09,Ousmane Dieng,Bucks,F,5,2,1,0,1,0,0,0
2026,2026-01-11,Aaron Holiday,Rockets,G,28,3,1,4,1,0,0,2
2026,2025-11-08,Jalen Pickett,Nuggets,G,18,2,1,0,0,0,1,2
2026,2026-03-10,Joe Ingles,Timberwolves,F,4,0,0,1,0,0,0,0
2026,2026-01-12,Miles Bridges,Hornets,F,34,11,6,1,0,0,1,3
2026,2025-11-02,Dalen Terry,Bulls,F,1,3,0,0,0,0,0,0
2026,2026-04-03,Jose Alvarado,Knicks,G,12,2,1,4,3,0,1,2
2026,2025-11-22,Daniel Gafford,Mavericks,F,27,5,8,4,0,2,2,5
2026,2026-02-22,Gary Payton II,Warriors,G,19,15,3,0,2,0,3,2
2026,2026-03-12,Jock Landale,Hawks,C,13,4,2,0,0,0,1,2
2026,2025-11-28,Brice Sensabaugh,Jazz,F,28,20,3,0,1,1,2,2
2026,2025-11-19,Guerschon Yabusele,Knicks,F,17,4,2,1,0,1,0,1
2026,2026-01-21,Jalen Johnson,Hawks,F,39,32,15,8,1,0,4,2
2026,2026-01-09,Caleb Love,Trail Blazers,G,25,18,4,1,0,0,0,2
2026,2026-01-24,Caleb Martin,Mavericks,F,24,17,3,1,1,2,0,3
2026,2026-02-19,Wendell Carter Jr.,Magic,C,25,2,8,3,1,0,0,2
2026,2026-03-06,Ryan Nembhard,Mavericks,G,4,5,0,0,0,0,0,0
2026,2025-11-18,Jock Landale,Grizzlies,C,18,4,7,2,1,1,2,3
2026,2026-02-24,Coby White,Hornets,G,16,10,3,4,1,0,2,1
2026,2025-12-08,Derik Queen,Pelicans,C,33,33,10,10,0,3,4,3
2026,2026-01-28,Brice Sensabaugh,Jazz,F,26,22,0,3,2,0,1,2
2026,2025-10-24,Ryan Dunn,Suns,F,17,6,5,0,0,0,1,4
2026,2026-04-01,Adem Bona,76ers,C,21,13,4,1,2,1,0,4
2026,2026-04-07,Kobe Bufkin,Lakers,G,18,9,3,4,0,0,1,1
2026,2026-03-17,Ayo Dosunmu,Timberwolves,G,34,19,5,2,0,0,2,3
2026,2026-01-21,Pete Nance,Bucks,F,30,11,4,1,1,0,2,1
2026,2025-10-26,Jalen Brunson,Knicks,G,35,37,5,7,3,0,3,3
2026,2026-01-16,Jalen Smith,Bulls,F,35,14,13,4,1,4,1,0
2026,2026-01-29,Christian Koloko,Hawks,C,26,6,7,2,1,1,1,4
2026,2026-03-28,Kennedy Chandler,Jazz,G,24,11,3,8,0,0,4,4
2026,2026-01-04,Keon Ellis,Kings,G,5,0,2,0,0,0,0,1
2026,2025-12-28,Will Riley,Wizards,G,19,0,4,4,0,1,0,2
2026,2026-03-01,Jrue Holiday,Trail Blazers,G,28,23,6,4,1,0,4,1
2026,2026-03-12,Jevon Carter,Magic,G,21,6,2,2,0,1,0,2
2026,2025-11-03,Gary Trent Jr.,Bucks,G,34,11,2,2,1,0,0,4
2026,2025-11-29,Ziaire Williams,Nets,F,19,10,2,1,1,0,3,1
2026,2026-03-18,Malachi Smith,Nets,G,4,0,0,0,1,0,0,0
2026,2026-02-19,Ethan Thompson,Pacers,G,27,2,2,1,1,0,2,1
2026,2025-11-03,Bones Hyland,Timberwolves,G,5,0,1,1,1,0,0,0
2026,2026-02-27,Jordan Clarkson,Knicks,G,6,0,0,0,0,0,0,0
2026,2026-01-25,Yves Missi,Pelicans,C,30,10,14,2,1,2,1,5
2026,2026-01-28,Jamison Battle,Raptors,F,2,0,0,0,0,0,0,0
2026,2026-02-12,Ousmane Dieng,Bucks,F,36,19,11,6,1,4,0,4
2026,2025-11-08,Toumani Camara,Trail Blazers,F,39,13,7,1,0,0,3,3
2026,2025-12-07,LeBron James,Lakers,F,34,29,7,6,1,1,2,1
2026,2026-02-07,Kevin Durant,Rockets,F,40,20,1,4,1,1,4,3
2026,2025-10-26,Cade Cunningham,Pistons,G,38,25,3,8,0,1,6,4
2026,2026-01-17,Neemias Queta,Celtics,C,24,14,7,1,1,1,1,2
2026,2026-01-18,Amen Thompson,Rockets,G,40,20,8,6,1,1,2,0
2026,2025-12-26,Micah Potter,Pacers,C,18,9,1,0,0,1,0,0
2026,2026-01-30,Rasheer Fleming,Suns,F,6,5,3,0,0,0,1,2
2026,2025-11-29,Tyrese Martin,Nets,G,24,9,6,1,0,0,1,1
2026,2026-01-01,Jaden Hardy,Mavericks,G,7,5,1,1,0,0,2,0
2026,2026-02-26,Nolan Traore,Nets,G,30,13,2,3,0,0,1,3
2026,2025-12-11,Spencer Jones,Nuggets,F,22,2,3,1,0,0,0,2
2026,2026-02-08,Anthony Edwards,Timberwolves,G,35,23,4,2,2,0,5,1
2026,2026-02-24,Nikola Vucevic,Celtics,C,19,8,4,2,0,1,1,0
2026,2026-03-03,Ausar Thompson,Pistons,G,31,16,6,6,4,1,1,3
2026,2026-01-16,Tre Johnson,Wizards,G,30,18,2,4,1,1,1,0
2026,2025-10-28,Tyrese Maxey,76ers,G,47,39,3,10,1,1,4,3
2026,2026-01-22,Kon Knueppel,Hornets,G,28,13,10,4,1,0,2,0
2026,2026-01-14,Precious Achiuwa,Kings,PF,39,20,14,2,2,2,2,1
2026,2026-01-25,Luguentz Dort,Thunder,G,36,19,8,2,2,0,1,2
2026,2025-12-28,Isaiah Hartenstein,Thunder,C,20,5,3,3,1,1,2,4
2026,2025-10-29,Jaden Hardy,Mavericks,G,8,3,1,0,0,0,1,0
2026,2026-02-28,Jaime Jaquez Jr.,Heat,F,25,14,3,3,0,0,2,2
2026,2025-12-08,Grayson Allen,Suns,G,33,12,3,4,2,0,2,5
2026,2025-11-18,Onyeka Okongwu,Hawks,F,34,21,1,3,1,2,5,6
2026,2025-11-13,Kyle Filipowski,Jazz,F,18,8,9,3,0,3,2,1
2026,2026-01-30,Cade Cunningham,Pistons,G,35,29,4,11,0,1,3,2
2026,2026-03-22,Spencer Jones,Nuggets,F,11,5,0,0,1,1,0,0
2026,2026-03-05,Anthony Gill,Wizards,F,34,10,3,1,1,0,0,1
2026,2026-03-13,Obi Toppin,Pacers,F,16,9,4,1,0,0,1,3
2026,2026-01-22,Josh Okogie,Rockets,G,22,8,2,2,1,1,1,2
2026,2025-11-22,Josh Giddey,Bulls,G,34,18,12,11,3,1,2,2
2026,2026-01-21,Jamison Battle,Raptors,F,8,3,3,0,0,0,0,1
2026,2026-03-30,Jaylin Williams,Thunder,F,32,3,13,2,0,3,3,4
2026,2025-11-29,Jalen Pickett,Nuggets,G,1,0,0,0,0,0,0,0
2026,2025-11-11,Tyrese Maxey,76ers,G,34,21,5,9,1,0,0,3
2026,2026-02-24,Jevon Carter,Magic,G,16,0,4,0,1,0,0,1
2026,2026-04-05,Nick Smith Jr.,Lakers,G,2,0,1,0,0,0,0,1
2026,2026-03-09,Karl-Anthony Towns,Knicks,C,36,35,12,7,0,1,3,6
2026,2026-02-26,Mouhamed Gueye,Hawks,F,18,2,6,0,2,1,1,5
2026,2026-01-19,Isaiah Jackson,Pacers,F,7,0,1,0,0,0,0,0
2026,2025-11-21,Keshad Johnson,Heat,F,29,14,11,1,1,2,1,3
2026,2025-12-12,Andrew Nembhard,Pacers,G,35,18,5,7,1,0,2,0
2026,2025-12-20,Cedric Coward,Grizzlies,F,31,14,6,3,1,1,2,3
2026,2026-03-27,Aaron Nesmith,Pacers,G,35,26,7,2,1,0,5,5
2026,2025-11-01,Reed Sheppard,Rockets,G,17,12,0,3,0,0,0,2
2026,2026-04-01,John Konchar,Jazz,G,29,12,10,6,2,1,1,2
2026,2026-02-03,Will Richard,Warriors,G,13,3,2,1,0,0,2,0
2026,2026-01-11,Will Riley,Wizards,G,19,9,4,1,1,0,2,0
2026,2025-12-08,Stephon Castle,Spurs,G,23,18,5,5,0,0,3,4
2026,2026-02-19,Khaman Maluach,Suns,C,8,4,6,0,1,0,2,1
2026,2026-01-09,Jock Landale,Grizzlies,C,28,13,10,2,0,0,0,1
2026,2025-12-01,Franz Wagner,Magic,F,32,25,6,2,2,1,5,1
2026,2025-11-17,Tony Bradley,Pacers,C,17,4,5,1,0,0,3,5
2026,2026-02-19,Jalen Green,Suns,G,26,26,3,2,3,0,3,1
2026,2025-10-25,Miles Bridges,Hornets,F,35,18,9,7,0,0,1,2
2026,2025-10-28,Alex Caruso,Thunder,G,24,8,2,3,2,1,1,1
2026,2026-01-04,GG Jackson,Grizzlies,F,22,11,6,1,0,1,0,4
2026,2026-03-02,Luka Garza,Celtics,C,20,7,10,1,0,0,2,2
2026,2025-12-31,Tre Johnson,Wizards,G,28,14,2,2,0,0,1,1
2026,2026-03-08,Marvin Bagley III,Mavericks,F,20,6,7,2,0,0,0,1
2026,2025-12-29,Curtis Jones,Nuggets,G,6,2,1,1,0,0,0,1
2026,2025-10-21,Will Richard,Warriors,G,14,5,1,1,1,0,0,2
2026,2025-11-03,Sam Hauser,Celtics,F,28,4,2,1,2,1,1,0
2026,2025-12-06,Bobby Portis,Bucks,F,20,7,7,4,1,2,1,1
2026,2026-04-12,Luke Kennard,Lakers,G,11,3,0,1,0,0,1,1
2026,2026-01-22,Victor Wembanyama,Spurs,F,33,26,14,3,1,5,3,2
2026,2025-11-21,Payton Pritchard,Celtics,G,35,13,3,4,0,0,1,1
2026,2025-12-20,Spencer Jones,Nuggets,F,28,9,4,2,2,0,0,2
2026,2026-01-15,Goga Bitadze,Magic,C,12,5,3,1,0,0,0,0
2026,2026-01-23,Jordan Walsh,Celtics,G,15,5,0,2,0,0,0,2
2026,2026-02-11,Sion James,Hornets,G,17,3,3,3,0,0,1,1
2026,2026-04-08,Taurean Prince,Bucks,F,28,15,2,2,0,1,1,1
2026,2026-01-29,Joel Embiid,76ers,C,36,37,5,8,1,1,2,3
2026,2026-01-01,Aaron Holiday,Rockets,G,3,3,0,1,0,0,0,0
2026,2026-01-08,Ethan Thompson,Pacers,G,8,3,0,0,0,0,1,2
2026,2026-01-12,Jordan Walsh,Celtics,G,26,6,9,1,3,0,1,1
2026,2025-11-21,Nikola Vucevic,Bulls,C,21,6,4,3,0,0,1,1
2026,2026-01-03,Josh Minott,Celtics,F,3,0,1,0,1,0,0,0
2026,2025-10-28,Ryan Rollins,Bucks,G,26,25,2,4,4,0,2,3
2026,2026-01-19,Anfernee Simons,Celtics,G,25,9,3,0,1,0,2,0
2026,2026-01-28,Josh Minott,Celtics,F,5,5,1,0,0,0,1,0
2026,2025-12-18,Jaxson Hayes,Lakers,C,22,16,3,0,0,0,1,4
2026,2026-02-07,Moses Moody,Warriors,G,39,25,4,2,3,1,0,4
2026,2026-03-09,Nolan Traore,Nets,G,23,17,1,4,0,1,1,1
2026,2025-12-26,Gradey Dick,Raptors,G,18,5,4,3,1,1,0,2
2026,2025-12-19,Naz Reid,Timberwolves,C,31,15,6,2,3,2,1,3
2026,2026-04-10,Tyson Etienne,Nets,G,32,23,4,2,0,0,1,4
2026,2025-12-14,Terrence Shannon Jr.,Timberwolves,G,13,2,0,0,0,0,0,1
2026,2026-02-09,Anthony Black,Magic,G,34,26,5,2,2,1,1,2
2026,2025-11-14,Draymond Green,Warriors,F,33,6,8,8,0,3,4,5
2026,2026-03-14,Killian Hayes,Kings,G,7,2,3,2,0,0,3,1
2026,2025-11-07,Luka Garza,Celtics,C,13,2,0,0,0,3,0,3
2026,2025-12-27,Zach Collins,Bulls,F,24,10,10,2,0,0,0,1
2026,2026-01-30,Kyshawn George,Wizards,F,27,15,3,6,1,2,4,4
2026,2026-04-06,Gabe Vincent,Hawks,G,10,0,2,3,0,0,0,0
2026,2025-12-05,Garrett Temple,Raptors,G,7,0,1,0,2,0,0,1
2026,2026-04-01,Alijah Martin,Raptors,G,4,0,1,0,0,0,0,0
2026,2025-12-04,Tyrese Maxey,76ers,G,40,35,3,2,2,1,3,2
2026,2026-02-25,Pat Spencer,Warriors,G,32,12,2,9,1,1,2,4
2026,2026-01-23,Amir Coffey,Bucks,G,21,5,1,0,0,0,0,4
2026,2025-12-29,Tari Eason,Rockets,F,29,13,8,1,1,1,2,3
2026,2026-01-03,Julian Phillips,Bulls,F,15,3,1,0,4,0,1,2
2026,2026-01-09,Paolo Banchero,Magic,F,37,14,11,7,0,1,4,1
2026,2025-10-27,Dean Wade,Cavaliers,F,20,5,6,2,2,0,2,1
2026,2026-01-05,Clint Capela,Rockets,C,9,2,1,0,0,0,0,0
2026,2026-04-03,Obi Toppin,Pacers,F,20,11,4,1,0,0,1,0
2026,2026-02-01,Nick Smith Jr.,Lakers,G,1,0,0,0,0,0,0,0
2026,2026-01-29,Anthony Edwards,Timberwolves,G,35,26,5,5,2,1,3,1
2026,2025-11-28,Evan Mobley,Cavaliers,C,34,20,14,7,2,2,2,2
2026,2026-01-11,Tyrese Martin,Nets,G,21,17,3,1,2,0,0,2
2026,2025-11-21,Joe Ingles,Timberwolves,F,0,0,0,0,0,0,0,0
2026,2026-02-06,Marcus Sasser,Pistons,G,10,0,0,2,0,0,2,0
2026,2026-02-03,Daniel Gafford,Mavericks,F,25,10,12,1,1,2,2,1
2026,2025-12-05,Franz Wagner,Magic,F,34,32,5,3,1,0,2,2
2026,2026-02-08,Andrew Nembhard,Pacers,G,25,10,3,2,2,0,4,2
2026,2025-10-22,Kyle Filipowski,Jazz,F,25,9,4,5,0,1,0,5
2026,2026-03-12,Kevin Huerter,Pistons,G,26,12,4,4,2,0,0,1
2026,2026-03-14,Danny Wolf,Nets,F,26,15,10,2,0,0,1,3
2026,2025-11-01,Josh Minott,Celtics,F,19,10,6,3,2,0,1,0
2026,2026-01-25,Pat Spencer,Warriors,G,3,0,1,0,1,0,0,0
2026,2025-10-31,Jacob Toppin,Hawks,F,1,0,0,0,0,0,0,0
2026,2025-12-12,Brandon Williams,Mavericks,G,26,9,3,5,1,0,2,1
2026,2026-01-11,Terance Mann,Nets,G,26,7,4,1,0,1,3,2
2026,2026-02-01,Cam Christie,Clippers,G,14,6,3,1,0,0,1,0
2026,2026-02-24,Tre Mann,Hornets,G,8,7,4,1,1,1,0,0
2026,2025-11-11,OG Anunoby,Knicks,F,36,16,4,3,2,0,4,5
2026,2026-02-28,Blake Hinson,Jazz,F,16,8,5,0,0,0,0,2
2026,2025-12-23,Kyle Lowry,76ers,G,10,0,1,2,0,0,1,0
2026,2026-02-12,Pete Nance,Bucks,F,24,11,7,2,0,1,1,3
2026,2026-01-20,Alperen Sengun,Rockets,C,34,20,13,9,0,2,4,0
2026,2026-01-10,Jaden McDaniels,Timberwolves,F,27,12,1,1,0,0,1,4
2026,2025-12-20,Isaiah Stewart,Pistons,F,24,8,11,0,1,3,5,5
2026,2025-10-27,Bronny James,Lakers,G,20,0,3,3,1,1,3,3
2026,2026-01-25,Karlo Matkovic,Pelicans,F,12,2,1,0,0,0,1,4
2026,2026-04-02,Deandre Ayton,Lakers,C,20,8,1,0,1,0,0,0
2026,2026-03-22,Scoot Henderson,Trail Blazers,G,27,13,3,2,0,0,1,5
2026,2025-12-12,Jalen Smith,Bulls,F,17,5,10,1,1,1,0,0
2026,2025-12-13,Jalen Brunson,Knicks,G,39,40,4,8,1,0,2,5
2026,2026-03-07,Jalen Johnson,Hawks,F,39,35,10,7,2,0,5,2
2026,2026-04-05,Tre Jones,Bulls,G,31,29,3,6,2,0,2,3
2026,2025-12-30,Marcus Sasser,Pistons,G,24,19,2,5,2,0,1,2
2026,2026-02-07,Matas Buzelis,Bulls,F,30,21,8,3,1,0,3,3
2026,2025-11-24,Kentavious Caldwell-Pope,Grizzlies,G,21,8,0,3,0,0,3,2
2026,2026-03-08,Kris Murray,Trail Blazers,F,17,3,4,0,0,0,1,2
2026,2026-02-21,De'Aaron Fox,Spurs,G,27,18,2,5,1,0,5,3
2026,2026-04-03,Keaton Wallace,Hawks,G,4,4,1,1,1,0,0,0
2026,2026-03-06,Micah Potter,Pacers,C,14,8,6,3,0,0,0,0
2026,2025-11-07,Brandon Ingram,Raptors,F,35,20,6,4,1,1,2,3
2026,2025-11-26,Jabari Smith Jr.,Rockets,F,37,15,4,2,1,0,0,1
2026,2026-02-02,Rudy Gobert,Timberwolves,C,25,7,10,0,0,2,1,3
2026,2025-11-12,Bogdan Bogdanovic,Clippers,G,20,11,0,6,0,0,2,5
2026,2026-01-02,LaMelo Ball,Hornets,G,26,12,2,7,2,0,0,0
2026,2026-03-03,Caris LeVert,Pistons,G,13,2,2,1,0,0,0,2
2026,2025-11-10,Royce O'Neale,Suns,F,23,14,5,2,1,1,1,3
2026,2026-03-19,DeMar DeRozan,Kings,G,23,13,3,5,0,0,2,2
2026,2026-01-13,Devin Booker,Suns,G,40,24,9,9,1,0,4,3
2026,2025-12-02,Saddiq Bey,Pelicans,G,35,22,6,3,0,0,2,1
2026,2025-11-11,Jamison Battle,Raptors,F,13,3,3,1,0,0,0,0
2026,2026-02-07,Oso Ighodaro,Suns,F,17,3,3,1,0,0,1,1
2026,2026-04-10,Jordan Hawkins,Pelicans,G,23,20,5,3,0,0,4,1
2026,2026-04-05,Jalen Slawson,Pacers,F,33,19,6,2,2,0,3,2
2026,2026-03-17,Obi Toppin,Pacers,F,18,15,3,3,0,0,1,3
2026,2026-03-05,Luka Doncic,Lakers,G,40,27,11,7,4,0,3,3
2026,2025-12-21,Jaime Jaquez Jr.,Heat,F,34,23,0,5,0,0,1,0
2026,2025-10-22,Collin Gillespie,Suns,G,22,7,2,4,1,1,0,2
2026,2026-01-15,Quinten Post,Warriors,C,12,5,2,0,0,0,1,1
2026,2026-03-28,Myles Turner,Bucks,C,28,15,6,1,1,2,0,4
2026,2025-11-09,Ja Morant,Grizzlies,G,34,11,3,8,1,0,3,5
2026,2026-03-01,Corey Kispert,Hawks,F,16,8,2,0,0,1,1,2
2026,2025-12-20,Andrew Nembhard,Pacers,G,27,7,3,5,0,0,1,1
2026,2026-03-29,Micah Peavy,Pelicans,G,16,0,1,0,1,0,0,1
2026,2025-12-20,Ethan Thompson,Pacers,G,19,7,2,2,1,0,1,4
2026,2026-02-25,Jonas Valanciunas,Nuggets,C,12,11,6,2,0,1,0,1
2026,2026-04-10,Jaylon Tyson,Cavaliers,G,24,15,4,3,3,2,1,1
2026,2025-11-21,Lonzo Ball,Cavaliers,G,25,0,7,5,0,1,1,4
2026,2026-03-03,Bismack Biyombo,Spurs,C,12,5,1,1,0,0,0,4
2026,2025-12-03,Jarace Walker,Pacers,F,22,11,3,0,0,0,1,2
2026,2026-01-11,Anthony Gill,Wizards,F,1,0,0,0,0,0,0,0
2026,2026-01-09,Moses Moody,Warriors,G,22,7,0,2,0,0,0,2
2026,2026-03-05,Rasheer Fleming,Suns,F,11,5,3,1,0,0,0,1
2026,2026-03-21,Jock Landale,Hawks,C,19,7,1,1,3,0,1,2
2026,2026-04-05,Jared McCain,Thunder,G,15,3,1,2,1,0,1,1
2026,2026-01-03,Ochai Agbaji,Raptors,G,4,0,0,0,1,0,0,1
2026,2025-11-09,Shai Gilgeous-Alexander,Thunder,G,35,35,7,6,2,0,1,0
2026,2026-02-01,Isaiah Livers,Suns,F,14,2,1,1,0,1,0,1
2026,2025-10-26,Chaz Lanier,Pistons,G,5,0,0,1,0,0,0,0
2026,2025-11-26,Brandon Ingram,Raptors,F,38,26,8,0,2,1,3,1
2026,2025-10-27,Rob Dillingham,Timberwolves,G,12,4,0,2,1,0,3,2
2026,2025-11-02,Devin Booker,Suns,G,35,28,2,13,1,0,5,3
2026,2025-11-07,Naji Marshall,Mavericks,F,25,16,7,4,1,0,1,1
2026,2025-10-27,Javonte Green,Pistons,G,17,2,3,1,1,0,1,2
2026,2026-03-15,Marcus Sasser,Pistons,G,12,3,1,2,0,0,1,4
2026,2026-01-02,Miles McBride,Knicks,G,31,11,1,2,1,0,1,1
2026,2026-02-09,Jaylen Wells,Grizzlies,F,26,10,3,0,0,0,0,1
2026,2026-01-19,Xavier Tillman,Celtics,F,2,0,0,0,0,0,0,0
2026,2026-03-14,Tre Johnson,Wizards,G,24,7,1,2,0,0,1,4
2026,2025-12-08,Kelly Olynyk,Spurs,F,15,11,2,1,2,0,0,1
2026,2026-02-28,Elijah Harkless,Jazz,G,28,14,3,5,1,0,0,3
2026,2026-01-02,Spencer Jones,Nuggets,F,36,13,6,1,0,2,1,3
2026,2025-11-03,Tim Hardaway Jr.,Nuggets,G,23,5,2,2,1,0,0,1
2026,2026-01-03,Caleb Houstan,Hawks,G,2,0,0,0,0,0,0,0
2026,2026-01-27,Kris Dunn,Clippers,G,31,14,2,2,5,0,1,1
2026,2025-10-29,Javon Small,Grizzlies,G,10,3,0,0,0,0,2,1
2026,2025-11-14,Rui Hachimura,Lakers,F,35,14,4,0,1,0,1,0
2026,2026-01-04,Deandre Ayton,Lakers,C,34,15,8,1,1,3,1,2
2026,2026-02-28,DeAndre Jordan,Pelicans,C,13,3,7,0,1,0,1,1
2026,2026-03-01,Dyson Daniels,Hawks,G,26,12,6,7,2,0,0,2
2026,2025-12-25,Amen Thompson,Rockets,G,32,26,7,5,1,0,2,2
2026,2026-04-09,Taelon Peter,Pacers,G,30,8,4,3,1,0,2,2
2026,2026-02-03,Nic Claxton,Nets,C,22,10,5,2,0,0,0,3
2026,2026-01-31,Joan Beringer,Timberwolves,F,5,2,0,0,0,0,0,0
2026,2026-03-10,Kelly Oubre Jr.,76ers,G,38,30,12,1,2,1,3,1
2026,2026-01-09,Noah Penda,Magic,F,30,5,7,1,1,2,2,3
2026,2026-02-22,Sandro Mamukelashvili,Raptors,F,23,15,4,4,1,0,0,1
2026,2026-01-17,Jay Huff,Pacers,C,13,3,1,1,0,0,0,3
2026,2026-02-23,Lauri Markkanen,Jazz,F,32,29,3,2,2,0,2,0
2026,2025-12-07,Jaxson Hayes,Lakers,C,17,3,5,0,0,3,0,5
2026,2026-03-16,Ochai Agbaji,Nets,G,25,8,4,1,2,0,1,2
2026,2026-02-24,Moritz Wagner,Magic,F,11,4,3,1,0,0,0,2
2026,2026-01-13,Zion Williamson,Pelicans,F,31,12,7,4,1,0,2,5
2026,2026-03-21,Yves Missi,Pelicans,C,24,6,10,3,1,3,1,2
2026,2025-10-28,Andre Drummond,76ers,C,12,6,10,0,0,1,0,1
2026,2026-03-05,Day'Ron Sharpe,Nets,C,18,7,5,1,0,0,2,4
2026,2026-03-31,Nicolas Batum,Clippers,F,6,0,0,0,0,0,0,0
2026,2025-10-26,Jordan Clarkson,Knicks,G,15,8,3,2,0,0,1,1
2026,2026-01-17,Shai Gilgeous-Alexander,Thunder,G,36,39,4,3,1,0,2,4
2026,2026-02-11,Matas Buzelis,Bulls,F,29,15,8,4,1,2,2,2
2026,2026-03-11,Terrence Shannon Jr.,Timberwolves,G,12,4,1,3,0,0,0,1
2026,2026-04-09,Clint Capela,Rockets,C,12,1,2,2,2,0,0,0
2026,2025-11-14,Tre Mann,Hornets,G,29,9,7,7,0,0,3,2
2026,2026-01-20,Josh Okogie,Rockets,G,17,5,1,0,1,0,0,2
2026,2026-02-03,Kasparas Jakucionis,Heat,G,16,5,3,2,2,0,1,1
2026,2026-03-16,Sidy Cissoko,Trail Blazers,G,21,0,3,3,0,0,1,1
2026,2025-10-29,Sam Hauser,Celtics,F,21,21,3,1,0,0,0,2
2026,2026-02-22,Blake Wesley,Trail Blazers,G,2,2,0,0,0,0,0,0
2026,2026-01-10,Victor Wembanyama,Spurs,F,26,21,6,1,0,3,0,0
2026,2026-01-13,Giannis Antetokounmpo,Bucks,F,31,25,8,5,1,0,7,4
2026,2026-03-25,Jamal Shead,Raptors,G,31,8,0,4,2,1,2,1
2026,2026-01-26,Sidy Cissoko,Trail Blazers,G,25,4,4,1,1,0,2,4
2026,2026-02-19,Cade Cunningham,Pistons,G,38,42,8,13,1,2,5,0
2026,2026-02-09,Nic Claxton,Nets,C,32,28,10,4,1,0,1,4
2026,2025-10-27,Cedric Coward,Grizzlies,F,25,9,4,2,0,1,1,3
2026,2025-11-18,Kevin Love,Jazz,F,14,0,4,0,0,1,0,2
2026,2026-02-21,Jonathan Isaac,Magic,F,8,2,2,0,0,1,0,0
2026,2026-03-22,Bruce Brown,Nuggets,G,26,13,3,3,0,1,0,1
2026,2026-03-04,Caleb Houstan,Hawks,G,2,0,0,0,0,0,0,1
2026,2026-03-29,Jeff Green,Rockets,F,4,2,0,1,0,0,0,0
2026,2026-02-21,Jae'Sean Tate,Rockets,F,5,0,0,0,0,0,0,0
2026,2026-01-15,Norman Powell,Heat,G,32,26,3,2,1,0,0,2
2026,2025-11-14,Trey Murphy III,Pelicans,F,39,35,7,0,1,0,6,2
2026,2025-10-24,Myles Turner,Bucks,C,28,4,5,2,1,2,3,4
2026,2026-03-29,Maxime Raynaud,Kings,C,32,13,8,2,1,0,1,5
2026,2026-03-18,Jaylen Clark,Timberwolves,G,10,9,2,0,0,0,0,1
2026,2026-04-10,Malachi Smith,Nets,G,43,19,8,10,0,0,0,1
2026,2026-03-03,Kelly Olynyk,Spurs,F,12,0,3,2,0,1,1,2
2026,2025-11-28,Justin Edwards,76ers,F,16,4,0,1,2,0,1,1
2026,2025-12-12,Buddy Hield,Warriors,G,19,6,2,2,0,0,2,1
2026,2026-04-08,Khris Middleton,Mavericks,F,18,4,3,2,0,0,3,1
2026,2026-01-28,Reed Sheppard,Rockets,G,26,9,5,0,1,2,1,1
2026,2026-02-07,Walter Clayton Jr.,Grizzlies,G,28,8,4,7,3,0,2,1
2026,2026-01-07,Mark Williams,Suns,C,27,12,12,1,1,1,2,1
2026,2025-11-11,Brandin Podziemski,Warriors,G,21,10,4,1,3,0,0,5
2026,2025-11-22,Tristan Vukcevic,Wizards,F,20,12,8,2,2,2,2,1
2026,2026-01-22,Alperen Sengun,Rockets,C,38,13,8,7,3,2,2,2
2026,2026-01-30,Draymond Green,Warriors,F,33,15,6,7,0,0,2,6
2026,2026-01-26,Ayo Dosunmu,Bulls,G,25,20,3,2,2,0,1,4
2026,2026-03-18,Clint Capela,Rockets,C,3,0,0,0,0,0,0,0
2026,2025-11-19,Ja'Kobe Walter,Raptors,G,15,11,1,1,3,0,1,1
2026,2025-10-22,Noah Clowney,Nets,F,20,5,4,2,0,0,1,2
2026,2025-10-31,Keaton Wallace,Hawks,G,17,11,3,7,1,0,0,2
2026,2025-11-24,Malik Monk,Kings,G,26,22,2,2,1,1,0,0
2026,2026-01-09,Derik Queen,Pelicans,C,35,14,16,12,0,2,5,2
2026,2025-12-14,Dennis Schroder,Kings,G,25,17,1,3,0,0,2,3
2026,2026-02-08,Jose Alvarado,Knicks,G,25,12,2,2,2,1,1,2
2026,2025-12-15,Kobe Brown,Clippers,G,25,9,4,1,0,0,0,1
2026,2026-01-17,Tyler Kolek,Knicks,G,17,2,1,1,1,0,3,1
2026,2026-02-09,Jaden Ivey,Bulls,G,24,13,6,3,3,1,1,1
2026,2025-11-12,Mouhamed Gueye,Hawks,F,20,2,3,2,2,0,0,0
2026,2025-10-22,Donovan Clingan,Trail Blazers,C,30,8,6,1,2,1,1,3
2026,2025-11-09,Ziaire Williams,Nets,F,28,13,3,1,1,1,2,2
2026,2025-10-29,Collin Murray-Boyles,Raptors,F,25,13,1,2,0,0,0,4
2026,2025-10-27,Josh Giddey,Bulls,G,33,18,13,5,1,1,3,0
2026,2025-10-26,Tre Mann,Hornets,G,12,0,2,0,1,0,0,2
2026,2026-03-05,Marcus Smart,Lakers,G,32,9,1,2,1,0,4,4
2026,2026-02-03,Pete Nance,Bucks,F,27,15,8,2,0,0,0,2
2026,2025-11-05,Karl-Anthony Towns,Knicks,C,31,15,10,4,0,2,4,5
2026,2025-12-12,Santi Aldama,Grizzlies,F,36,22,7,2,1,1,0,3
2026,2026-03-08,Drew Eubanks,Kings,F,10,5,4,0,0,1,0,2
2026,2025-12-20,James Wiseman,Pacers,C,15,6,3,0,0,0,1,4
2026,2025-11-29,Rudy Gobert,Timberwolves,C,30,12,8,3,0,0,0,1
2026,2026-03-03,Myron Gardner,Heat,F,4,3,0,0,0,0,0,0
2026,2026-01-26,Johnny Juzang,Timberwolves,G,5,2,1,0,0,0,1,0
2026,2025-10-29,Walter Clayton Jr.,Jazz,G,16,4,1,2,0,0,1,0
2026,2026-03-23,Ausar Thompson,Pistons,G,36,6,5,3,1,1,1,4
2026,2026-01-02,Patrick Williams,Bulls,F,23,15,2,1,1,1,1,0
2026,2026-02-20,Brandon Williams,Mavericks,G,18,13,1,4,0,0,2,1
2026,2025-12-18,Quinten Post,Warriors,C,27,9,11,1,1,0,1,5
2026,2026-04-10,Max Christie,Mavericks,G,31,16,1,2,1,0,1,2
2026,2025-12-18,Kawhi Leonard,Clippers,F,32,22,8,6,1,0,3,0
2026,2026-04-10,John Poulakidas,Mavericks,G,30,12,1,0,1,1,0,1
2026,2026-03-08,Obi Toppin,Pacers,F,11,4,2,0,0,0,0,0
2026,2025-12-01,Taelon Peter,Pacers,G,5,1,0,0,0,0,0,1
2026,2026-02-01,Cason Wallace,Thunder,G,30,27,6,0,2,0,0,1
2026,2026-01-12,Kobe Sanders,Clippers,G,23,8,3,1,0,0,0,3
2026,2026-03-20,Gary Payton II,Warriors,G,25,14,3,3,1,0,1,2
2026,2026-04-04,Stephon Castle,Spurs,G,40,20,5,9,0,0,4,6
2026,2026-03-08,Jerami Grant,Trail Blazers,F,32,21,2,1,2,2,3,2
2026,2025-11-26,Buddy Hield,Warriors,G,15,0,3,0,0,0,0,0
2026,2026-04-01,Dru Smith,Heat,G,4,0,1,1,0,0,0,0
2026,2025-11-13,Keyonte George,Jazz,G,37,19,6,7,1,0,3,0
2026,2025-11-02,Gradey Dick,Raptors,G,20,8,4,0,0,0,0,0
2026,2025-12-27,Ayo Dosunmu,Bulls,G,21,11,2,0,2,0,0,1
2026,2026-02-01,Precious Achiuwa,Kings,PF,9,5,4,0,0,0,1,0
2026,2026-02-01,Simone Fontecchio,Heat,F,18,2,7,4,0,0,1,3
2026,2025-11-17,Peyton Watson,Nuggets,G,34,5,3,1,1,3,1,1
2026,2026-02-15,Kevin Durant,Team Stripes,F,6,0,1,0,0,0,0,0
2026,2025-12-05,Jonas Valanciunas,Nuggets,C,12,8,4,2,0,0,1,1
2026,2025-10-29,Ochai Agbaji,Raptors,G,7,1,0,0,0,0,0,1
2026,2025-11-23,Brook Lopez,Clippers,C,11,0,1,0,0,0,0,1
2026,2025-12-12,Ja Morant,Grizzlies,G,25,21,4,10,0,1,4,1
2026,2025-12-23,Maxime Raynaud,Kings,C,23,8,8,2,0,1,1,2
2026,2026-03-07,Rocco Zikarsky,Timberwolves,C,5,2,0,0,0,1,0,1
2026,2026-03-10,Sandro Mamukelashvili,Raptors,F,30,8,4,4,2,0,1,4
2026,2026-01-16,Nolan Traore,Nets,G,28,8,2,7,1,0,2,4
2026,2025-10-24,Ben Saraf,Nets,G,18,2,0,1,0,0,3,2
2026,2026-03-03,Kyle Anderson,Timberwolves,F,14,2,1,0,0,0,0,2
2026,2025-12-07,Coby White,Bulls,G,25,12,1,1,0,0,4,3
2026,2026-04-01,Jaime Jaquez Jr.,Heat,F,30,17,10,2,0,1,2,1
2026,2026-02-19,Jalen Johnson,Hawks,F,38,32,10,5,3,1,4,2
2026,2025-12-19,VJ Edgecombe,76ers,G,38,23,3,4,2,1,1,2
2026,2025-12-18,Isaiah Jackson,Pacers,F,26,4,10,2,0,1,0,3
2026,2025-11-23,Jamal Shead,Raptors,G,24,11,1,9,1,0,1,2
2026,2026-03-29,Josh Green,Hornets,G,18,0,0,1,1,0,1,1
2026,2026-04-10,Toby Okani,Grizzlies,F,42,20,2,2,0,0,1,3
2026,2026-03-03,Grant Williams,Hornets,F,21,12,4,3,1,0,0,4
2026,2026-03-21,Jaden Hardy,Wizards,G,19,10,1,2,0,0,1,2
2026,2026-04-04,Kel'el Ware,Heat,C,36,24,19,2,0,7,1,4
2026,2026-03-08,Jake LaRavia,Lakers,F,13,6,4,3,0,0,1,3
2026,2026-03-06,Rui Hachimura,Lakers,F,23,13,3,1,0,0,0,0
2026,2025-10-30,Taurean Prince,Bucks,F,18,10,0,1,0,0,0,1
2026,2025-11-16,Gui Santos,Warriors,F,5,3,0,0,0,0,0,2
2026,2026-04-02,Kyle Anderson,Timberwolves,F,26,2,7,2,2,3,2,0
2026,2025-12-18,Caleb Love,Trail Blazers,G,9,5,1,1,1,0,0,2
2026,2026-02-22,Cameron Johnson,Nuggets,F,38,9,3,2,0,0,0,1
2026,2026-02-01,Lonzo Ball,Cavaliers,G,16,3,3,2,1,0,0,1
2026,2025-12-31,Gary Harris,Bucks,G,11,5,0,0,0,0,0,1
2026,2026-03-08,Kon Knueppel,Hornets,G,30,15,1,4,0,0,0,1
2026,2026-02-07,Devin Carter,Kings,G,27,18,4,4,1,1,1,3
2026,2025-10-26,Klay Thompson,Mavericks,G,20,10,4,3,0,1,2,3
2026,2026-03-06,Julian Strawther,Nuggets,G,17,2,2,1,0,0,0,1
2026,2025-12-15,Ryan Nembhard,Mavericks,G,38,14,3,11,1,0,4,2
2026,2026-04-12,Craig Porter Jr.,Cavaliers,G,28,7,7,4,0,1,2,2
2026,2026-04-06,Jalen Suggs,Magic,G,34,12,6,12,3,1,1,1
2026,2025-11-30,Jordan Clarkson,Knicks,G,21,13,1,2,0,1,2,1
2026,2026-02-05,Royce O'Neale,Suns,F,27,9,1,5,0,0,1,1
2026,2025-11-29,Will Richard,Warriors,G,20,3,2,0,0,0,0,1
2026,2025-11-11,Keon Ellis,Kings,G,14,3,0,0,1,2,0,3
2026,2025-11-09,Will Richard,Warriors,G,19,15,3,1,1,0,0,1
2026,2026-01-29,Luguentz Dort,Thunder,G,27,5,4,2,0,0,0,3
2026,2025-11-24,Amen Thompson,Rockets,G,37,28,7,8,0,1,4,4
2026,2026-01-19,Khris Middleton,Wizards,F,28,11,5,5,1,0,1,1
2026,2026-01-25,Isaiah Livers,Suns,F,15,9,5,0,2,1,0,0
2026,2026-03-26,Josh Hart,Knicks,G,39,16,7,4,5,0,1,1
2026,2025-11-26,Tobias Harris,Pistons,F,27,12,4,3,0,2,0,2
2026,2026-01-05,Brandon Ingram,Raptors,F,35,19,9,3,1,2,3,2
2026,2025-10-29,Egor Demin,Nets,G,16,4,1,3,1,0,1,1
2026,2025-12-21,Bones Hyland,Timberwolves,G,19,9,0,4,1,0,0,3
2026,2026-02-03,Cam Thomas,Nets,G,23,8,0,2,0,0,2,0
2026,2025-12-20,Malaki Branham,Wizards,G,0,0,0,0,0,0,0,0
2026,2025-12-22,Saddiq Bey,Pelicans,G,35,19,7,1,0,0,1,2
2026,2026-03-13,Tristan Enaruna,Cavaliers,F,7,2,1,0,1,0,1,1
2026,2026-01-21,Micah Peavy,Pelicans,G,27,17,7,2,4,1,1,0
2026,2026-03-31,Ousmane Dieng,Bucks,F,29,11,10,5,1,1,1,2
2026,2025-12-14,Mason Plumlee,Hornets,C,10,4,4,4,1,0,0,2
2026,2026-01-24,Jaylon Tyson,Cavaliers,G,32,17,5,4,0,0,2,2
2026,2026-01-05,Miles Bridges,Hornets,F,34,17,11,4,0,1,2,0
2026,2025-12-28,Kawhi Leonard,Clippers,F,39,55,11,2,5,3,3,2
2026,2025-10-29,Blake Wesley,Trail Blazers,G,20,10,2,3,2,1,1,3
2026,2026-03-11,Mohamed Diawara,Knicks,F,15,10,1,1,0,0,0,0
2026,2025-10-22,Ja Morant,Grizzlies,G,29,35,3,3,1,0,2,2
2026,2026-02-24,AJ Green,Bucks,G,28,8,5,4,1,0,0,5
2026,2025-12-03,Nikola Jovic,Heat,F,6,0,2,0,0,1,0,0
2026,2025-11-28,Khris Middleton,Wizards,F,26,12,6,4,0,1,4,3
2026,2026-03-10,Zaccharie Risacher,Hawks,F,17,4,3,0,1,0,1,3
2026,2026-01-30,Jalen Pickett,Nuggets,G,14,0,3,3,0,0,0,1
2026,2026-02-07,Zaccharie Risacher,Hawks,F,23,18,3,0,0,3,0,0
2026,2025-10-22,Karl-Anthony Towns,Knicks,C,31,19,11,2,0,0,3,4
2026,2025-12-02,Luke Kornet,Spurs,C,28,4,6,4,1,5,0,1
2026,2026-01-21,Cole Anthony,Bucks,G,24,17,3,3,0,0,5,4
2026,2026-01-01,Tari Eason,Rockets,F,22,15,9,0,1,1,1,3
2026,2025-12-22,Ajay Mitchell,Thunder,G,22,16,9,2,2,0,3,4
2026,2025-10-28,Tidjane Salaun,Hornets,F,15,3,6,1,0,0,1,1
2026,2025-11-26,Pelle Larsson,Heat,G,21,8,3,3,1,1,2,0
2026,2026-01-10,Leonard Miller,Timberwolves,F,3,0,1,0,0,0,0,0
2026,2026-01-19,Cooper Flagg,Mavericks,F,28,18,7,3,1,0,4,2
2026,2025-11-04,Jimmy Butler III,Warriors,F,14,2,4,2,0,0,1,0
2026,2025-12-27,Jaylon Tyson,Cavaliers,G,30,23,15,0,1,1,3,1
2026,2026-04-12,Javon Small,Grizzlies,G,26,18,3,1,2,0,2,0
2026,2026-03-01,Julius Randle,Timberwolves,F,32,14,9,7,1,1,3,2
2026,2026-04-08,Jalen Pickett,Nuggets,G,6,5,0,1,0,0,0,1
2026,2025-10-22,Landry Shamet,Knicks,G,14,9,2,1,1,0,1,1
2026,2026-03-17,Quentin Grimes,76ers,G,26,12,2,1,0,0,2,0
2026,2026-03-24,Jordan Clarkson,Knicks,G,21,10,3,5,1,0,0,1
2026,2025-12-05,Andre Drummond,76ers,C,23,5,6,2,2,0,2,3
2026,2026-01-30,Khaman Maluach,Suns,C,3,0,0,0,0,0,0,0
2026,2026-03-15,Javonte Green,Pistons,G,15,8,3,1,1,0,0,1
2026,2026-04-02,Moussa Diabate,Hornets,F,25,4,10,1,1,0,1,3
2026,2026-03-10,Aaron Nesmith,Pacers,G,35,29,4,3,0,1,0,2
2026,2026-04-05,Jayson Tatum,Celtics,F,34,23,13,7,3,0,5,3
2026,2026-01-26,Noah Penda,Magic,F,14,2,3,1,1,0,1,3
2026,2025-11-20,Kelly Olynyk,Spurs,F,13,8,2,0,1,0,1,1
2026,2026-01-21,Josh Green,Hornets,G,19,7,9,2,1,0,1,1
2026,2026-01-18,Tre Jones,Bulls,G,24,10,0,10,2,0,1,0
2026,2025-11-11,Tyson Etienne,Nets,G,2,3,0,0,0,0,0,0
2026,2026-02-25,Bobby Portis,Bucks,F,21,10,5,1,0,0,0,2
2026,2025-10-24,Ochai Agbaji,Raptors,G,12,3,1,1,0,0,1,3
2026,2025-11-14,Mitchell Robinson,Knicks,C,14,0,10,2,0,0,2,5
2026,2026-03-18,Payton Pritchard,Celtics,G,31,19,0,7,1,0,1,2
2026,2026-04-05,Cason Wallace,Thunder,G,22,16,5,1,2,0,0,0
2026,2026-02-11,Mitchell Robinson,Knicks,C,15,11,6,0,0,4,1,2
2026,2025-11-07,Anthony Black,Magic,G,33,13,4,4,4,1,1,3
2026,2025-10-29,Immanuel Quickley,Raptors,G,31,15,3,7,0,0,3,2
2026,2025-11-16,Bub Carrington,Wizards,G,20,5,4,3,1,0,0,1
2026,2026-04-05,Isaac Okoro,Bulls,F,36,10,4,5,2,1,3,4
2026,2026-04-04,Jalen Duren,Pistons,C,30,16,7,3,0,0,1,1
2026,2025-12-22,Kentavious Caldwell-Pope,Grizzlies,G,21,16,3,4,0,0,3,0
2026,2025-11-28,Bruce Brown,Nuggets,G,19,3,4,1,0,0,0,1
2026,2025-11-22,Goga Bitadze,Magic,C,19,6,7,3,1,1,1,1
2026,2026-04-05,Maxime Raynaud,Kings,C,33,11,15,2,1,1,2,1
2026,2026-04-12,RayJ Dennis,Hawks,G,27,10,3,3,0,0,2,4
2026,2025-12-31,Shaedon Sharpe,Trail Blazers,G,28,14,4,1,3,0,3,2
2026,2025-11-12,Dillon Brooks,Suns,F,31,18,2,4,1,0,0,2
2026,2025-10-31,Jaylon Tyson,Cavaliers,G,33,18,3,4,0,3,2,4
2026,2026-04-05,Xavier Tillman,Hornets,F,2,4,0,0,1,0,0,0
2026,2025-12-03,Egor Demin,Nets,G,25,10,0,4,2,0,4,3
2026,2025-12-25,Jeremy Sochan,Spurs,F,1,0,1,0,0,0,0,0
2026,2026-04-10,Mouhamed Gueye,Hawks,F,12,5,3,1,0,1,0,1
2026,2026-03-04,Derrick Jones Jr.,Clippers,F,26,12,2,0,2,1,2,3
2026,2026-03-05,Karlo Matkovic,Pelicans,F,25,9,9,2,0,3,1,2
2026,2025-11-20,DeMar DeRozan,Kings,G,15,7,0,2,1,0,0,4
2026,2026-01-22,Reed Sheppard,Rockets,G,23,14,1,4,2,0,2,2
2026,2025-11-26,Nick Richards,Suns,C,6,3,0,0,0,2,0,1
2026,2026-02-27,Jeremy Sochan,Knicks,F,6,2,2,0,0,0,0,0
2026,2026-02-05,Moussa Diabate,Hornets,F,29,7,12,4,0,1,1,1
2026,2026-01-02,Kon Knueppel,Hornets,G,34,26,4,3,0,0,3,2
2026,2026-02-19,Ausar Thompson,Pistons,G,31,10,5,4,3,0,1,3
2026,2026-01-12,Maxi Kleber,Lakers,F,2,0,0,1,0,0,0,0
2026,2025-10-24,Zion Williamson,Pelicans,F,37,27,10,7,3,0,4,2
2026,2025-10-29,Daniss Jenkins,Pistons,G,3,0,0,0,0,0,0,0
2026,2025-12-01,Cole Anthony,Bucks,G,5,0,0,0,0,0,0,0
2026,2026-02-23,Paul Reed,Pistons,F,20,10,5,0,1,2,1,2
2026,2026-02-09,John Konchar,Jazz,G,16,0,0,2,0,0,0,3
2026,2025-12-25,Josh Okogie,Rockets,G,10,0,0,0,0,0,1,0
2026,2026-01-04,Bones Hyland,Timberwolves,G,15,7,2,5,0,0,1,3
2026,2025-11-19,Marvin Bagley III,Wizards,F,31,13,7,3,3,1,2,3
2026,2025-11-03,Ben Saraf,Nets,G,4,5,1,0,0,0,1,0
2026,2026-03-11,Bennedict Mathurin,Clippers,G,25,22,2,3,1,0,2,5
2026,2026-03-02,Christian Braun,Nuggets,G,32,11,6,4,0,0,1,1
2026,2025-12-26,Jalen Johnson,Hawks,F,38,24,9,10,1,0,4,2
2026,2026-02-08,Yanic Konan Niederhauser,Clippers,C,17,15,6,2,0,1,1,6
2026,2025-11-19,Lonzo Ball,Cavaliers,G,25,7,2,2,1,1,0,1
2026,2025-12-23,Santi Aldama,Grizzlies,F,34,37,5,7,1,0,3,3
2026,2026-01-19,Mikal Bridges,Knicks,G,33,7,3,3,2,1,1,0
2026,2026-01-13,Nick Smith Jr.,Lakers,G,4,6,0,2,0,0,1,0
2026,2026-02-11,Ben Sheppard,Pacers,G,19,9,1,4,1,0,0,0
2026,2025-12-30,Paul George,76ers,F,39,17,3,3,0,0,3,5
2026,2026-02-19,Jose Alvarado,Knicks,G,21,6,4,5,1,0,2,3
2026,2025-12-20,Marvin Bagley III,Wizards,F,22,16,6,3,0,0,2,3
2026,2026-02-15,Chet Holmgren,Team Stars,C,7,0,1,1,1,0,0,0
2026,2026-01-07,Victor Wembanyama,Spurs,F,26,16,14,2,2,4,4,3
2026,2026-01-05,Tolu Smith,Pistons,F,5,0,2,1,0,0,1,1
2026,2025-11-16,Sam Hauser,Celtics,F,7,0,2,1,0,0,1,1
2026,2026-03-24,Jeremiah Fears,Pelicans,G,20,21,1,3,2,0,2,0
2026,2025-12-07,De'Anthony Melton,Warriors,G,17,13,1,1,2,0,3,2
2026,2026-02-01,Ayo Dosunmu,Bulls,G,26,10,6,1,0,0,3,1
2026,2025-11-24,Chris Livingston,Cavaliers,F,14,7,3,1,1,0,0,2
2026,2025-11-24,Jaden McDaniels,Timberwolves,F,37,6,8,2,2,0,4,5
2026,2026-03-04,Donovan Clingan,Trail Blazers,C,12,7,9,1,1,4,2,1
2026,2025-11-30,Sam Hauser,Celtics,F,35,7,5,2,1,0,0,1
2026,2026-03-20,Malevy Leons,Warriors,F,11,5,1,1,0,0,1,1
2026,2026-04-07,Moussa Diabate,Hornets,F,33,2,5,5,1,0,2,2
2026,2026-01-07,Kyle Filipowski,Jazz,F,4,2,5,0,0,0,0,0
2026,2026-03-28,Ryan Kalkbrenner,Hornets,C,18,4,1,0,0,1,0,4
2026,2025-11-08,Tim Hardaway Jr.,Nuggets,G,24,17,3,4,0,0,1,2
2026,2025-10-27,Julian Phillips,Bulls,F,10,5,0,0,0,1,0,1
2026,2026-01-11,VJ Edgecombe,76ers,G,45,17,4,4,2,0,4,4
2026,2025-10-26,Isaiah Jackson,Pacers,F,15,6,3,2,0,0,2,5
2026,2026-01-07,Javon Small,Grizzlies,G,21,14,3,7,1,1,5,5
2026,2026-03-10,Matisse Thybulle,Trail Blazers,G,11,3,1,0,2,0,1,3
2026,2025-12-31,Jalen Williams,Thunder,G,26,13,7,7,3,0,2,2
2026,2026-04-07,Dillon Brooks,Suns,F,33,10,3,1,1,0,2,3
2026,2026-01-14,Jamison Battle,Raptors,F,20,5,3,1,0,0,2,1
2026,2025-11-24,Donte DiVincenzo,Timberwolves,G,37,17,4,1,1,0,1,2
2026,2025-11-12,Drew Eubanks,Kings,F,7,0,2,0,0,0,0,0
2026,2026-01-27,Ryan Rollins,Bucks,G,39,24,8,4,0,2,0,0
2026,2026-03-06,Spencer Jones,Nuggets,F,10,2,2,0,0,0,0,4
2026,2025-12-09,Mikal Bridges,Knicks,G,36,15,5,4,2,1,0,4
2026,2026-04-08,Dwight Powell,Mavericks,F,16,4,3,3,1,0,0,3
2026,2026-04-07,Mac McClung,Bulls,G,18,5,0,3,1,0,0,3
2026,2026-02-10,Marvin Bagley III,Mavericks,F,24,9,8,2,0,0,1,2
2026,2026-02-01,Cody Williams,Jazz,F,20,10,2,0,1,0,0,3
2026,2026-03-30,Jarred Vanderbilt,Lakers,F,23,4,8,1,1,0,1,0
2026,2026-02-03,Jase Richardson,Magic,G,13,0,1,0,0,0,0,1
2026,2025-11-21,Taelon Peter,Pacers,G,1,0,1,1,0,0,0,0
2026,2026-02-05,Isaiah Livers,Suns,F,3,0,0,0,0,0,0,1
2026,2026-03-01,Guerschon Yabusele,Bulls,F,23,12,7,5,3,0,0,0
2026,2026-02-09,Cade Cunningham,Pistons,G,37,33,9,7,1,0,3,4
2026,2026-01-29,Jaden Ivey,Pistons,G,7,0,2,0,0,0,0,0
2026,2025-11-20,Tyrese Maxey,76ers,G,47,54,5,9,3,3,5,3
2026,2026-03-28,Killian Hayes,Kings,G,17,10,1,4,1,0,2,2
2026,2026-03-18,Quinten Post,Warriors,C,21,6,5,3,0,0,0,2
2026,2026-02-01,Jordan Goodwin,Suns,G,24,12,6,1,2,0,0,3
2026,2025-12-23,Keegan Murray,Kings,F,20,2,1,1,1,2,0,1
2026,2026-03-31,Devin Booker,Suns,G,36,34,3,7,1,0,4,4
2026,2026-03-10,Maxime Raynaud,Kings,C,34,18,11,2,0,2,1,1
2026,2026-02-07,Alex Caruso,Thunder,G,26,8,2,1,2,1,1,4
2026,2026-02-09,Sidy Cissoko,Trail Blazers,G,19,0,5,0,0,1,2,4
2026,2026-03-18,Toumani Camara,Trail Blazers,F,30,17,2,1,1,0,0,1
2026,2025-12-06,Ronald Holland II,Pistons,F,18,4,4,1,1,0,0,1
2026,2025-10-26,Keon Ellis,Kings,G,18,6,2,1,2,0,1,6
2026,2026-03-13,Quinten Post,Warriors,C,11,7,3,1,0,0,1,0
2026,2026-02-07,Will Richard,Warriors,G,10,0,0,1,0,0,1,1
2026,2026-01-06,Karlo Matkovic,Pelicans,F,10,6,2,0,0,0,0,2
2026,2026-01-29,Kel'el Ware,Heat,C,12,12,4,2,0,2,0,2
2026,2026-01-29,Rudy Gobert,Timberwolves,C,34,14,11,3,1,0,0,1
2026,2025-12-12,Lauri Markkanen,Jazz,F,36,26,9,2,1,1,5,3
2026,2025-11-01,Javonte Green,Pistons,G,14,7,2,1,2,1,0,0
2026,2026-03-29,Liam McNeeley,Hornets,G,11,10,6,0,0,0,0,1
2026,2026-04-07,Nique Clifford,Kings,G,36,12,6,2,2,0,2,4
2026,2025-10-29,Mark Williams,Suns,C,28,20,12,1,4,1,2,4
2026,2026-03-08,Noah Penda,Magic,F,24,8,7,4,2,0,0,2
2026,2025-12-20,Jarace Walker,Pacers,F,20,7,5,3,1,1,0,1
2026,2026-01-07,Jaxson Hayes,Lakers,C,18,10,7,0,0,0,0,3
2026,2025-11-15,Brandon Ingram,Raptors,F,30,19,5,2,3,0,2,1
2026,2025-12-27,Dean Wade,Cavaliers,F,18,6,3,1,1,0,0,1
2026,2026-01-30,Egor Demin,Nets,G,29,25,10,4,0,0,1,3
2026,2026-01-18,Danny Wolf,Nets,F,25,14,3,2,0,1,2,2
2026,2026-03-01,Rui Hachimura,Lakers,F,22,8,2,0,1,1,0,2
2026,2026-03-13,Jay Huff,Pacers,C,16,9,4,0,1,1,0,3
2026,2026-03-15,RJ Barrett,Raptors,F,39,27,6,2,1,0,3,3
2026,2025-12-21,Julian Champagnie,Spurs,F,18,3,3,1,0,0,1,1
2026,2026-04-07,Jared McCain,Thunder,G,16,15,2,1,0,0,1,3
2026,2025-12-30,Payton Pritchard,Celtics,G,35,18,4,6,1,0,0,1
2026,2026-02-26,Luke Kennard,Lakers,G,21,8,3,0,1,0,1,1
2026,2026-01-06,Luka Doncic,Lakers,G,37,30,2,10,2,1,5,2
2026,2025-10-24,Scottie Barnes,Raptors,F,36,17,5,3,3,0,3,3
2026,2025-10-30,Tyus Jones,Magic,G,14,5,0,0,1,0,0,0
2026,2026-03-10,Marvin Bagley III,Mavericks,F,21,7,6,6,0,0,0,1
2026,2025-11-03,Drew Eubanks,Kings,F,11,10,2,0,0,0,2,3
2026,2026-01-11,Miles McBride,Knicks,G,35,8,0,3,0,0,1,0
2026,2026-01-08,Cooper Flagg,Mavericks,F,38,26,10,8,3,1,3,4
2026,2026-02-01,Collin Gillespie,Suns,G,27,12,4,2,1,0,0,0
2026,2025-12-07,Jaylin Williams,Thunder,F,24,5,6,4,1,0,2,2
2026,2026-01-24,Karl-Anthony Towns,Knicks,C,16,10,6,1,0,1,2,6
2026,2025-11-20,Maxime Raynaud,Kings,C,21,12,3,1,0,1,0,2
2026,2026-03-30,Isaac Okoro,Bulls,F,25,6,3,0,1,0,0,5
2026,2026-04-03,Tari Eason,Rockets,F,22,16,7,0,0,0,1,2
2026,2025-11-19,Kevin Durant,Rockets,F,37,20,3,3,0,0,4,2
2026,2025-12-15,Jakob Poeltl,Raptors,C,29,8,8,2,0,1,4,2
2026,2026-02-27,Cam Spencer,Grizzlies,G,25,25,2,3,1,0,0,1
2026,2025-12-07,Immanuel Quickley,Raptors,G,31,11,1,5,1,0,1,1
2026,2026-01-21,Miles McBride,Knicks,G,19,14,6,4,1,0,0,0
2026,2026-01-15,Moses Moody,Warriors,G,28,21,1,0,0,0,1,3
2026,2025-11-09,Reed Sheppard,Rockets,G,29,16,0,2,4,1,2,2
2026,2026-03-18,Jaxson Hayes,Lakers,C,14,1,3,1,0,1,0,1
2026,2026-01-02,OG Anunoby,Knicks,F,35,19,10,1,2,0,3,4
2026,2025-11-08,Andrew Nembhard,Pacers,G,33,22,0,6,0,0,3,1
2026,2025-11-10,Rob Dillingham,Timberwolves,G,4,0,1,1,0,0,0,0
2026,2026-02-22,Khaman Maluach,Suns,C,16,7,7,0,0,0,1,1
2026,2026-03-19,Cam Thomas,Bucks,G,23,14,2,4,1,1,5,0
2026,2025-12-01,Justin Champagnie,Wizards,F,19,10,8,2,1,2,0,1
2026,2026-03-10,Luke Kennard,Lakers,G,26,10,2,2,0,1,0,4
2026,2025-11-30,Cason Wallace,Thunder,G,21,3,3,4,1,0,2,3
2026,2026-03-08,Derik Queen,Pelicans,C,25,13,4,5,0,1,1,2
2026,2026-04-07,Kasparas Jakucionis,Heat,G,13,0,1,3,0,0,0,0
2026,2026-02-09,Al Horford,Warriors,C,26,16,9,6,1,0,0,0
2026,2026-03-20,Spencer Jones,Nuggets,F,18,0,3,4,0,0,0,3
2026,2026-02-08,Tyler Kolek,Knicks,G,4,6,0,0,0,0,0,0
2026,2025-11-14,Isaiah Stewart,Pistons,F,23,14,7,1,0,0,2,3
2026,2026-02-21,Collin Gillespie,Suns,G,45,19,5,6,1,0,1,2
2026,2025-11-13,Ja'Kobe Walter,Raptors,G,13,4,3,2,1,0,0,3
2026,2026-02-07,Jordan Goodwin,Suns,G,27,7,3,0,1,0,0,4
2026,2026-03-10,Jaden Hardy,Wizards,G,23,17,1,0,0,1,3,5
2026,2025-11-07,Drake Powell,Nets,G,27,6,4,2,0,0,3,2
2026,2026-04-04,Jabari Walker,76ers,F,5,0,1,0,0,0,0,0
2026,2025-11-24,Royce O'Neale,Suns,F,33,12,5,1,0,1,1,2
2026,2026-01-11,Peyton Watson,Nuggets,G,39,19,8,6,0,2,3,2
2026,2025-11-07,Malik Monk,Kings,G,24,15,3,1,1,1,1,2
2026,2025-11-28,Franz Wagner,Magic,F,36,21,7,1,3,0,1,5
2026,2026-04-10,Colin Castleton,Magic,C,6,3,2,0,1,0,0,1
2026,2025-11-07,Spencer Jones,Nuggets,F,4,2,0,0,1,0,0,0
2026,2026-01-02,Jaxson Hayes,Lakers,C,23,12,2,0,2,1,0,3
2026,2026-03-15,Jericho Sims,Bucks,C,14,2,3,1,0,0,0,3
2026,2025-11-13,Larry Nance Jr.,Cavaliers,F,7,0,0,1,0,0,2,1
2026,2026-01-11,Gui Santos,Warriors,F,16,5,2,3,0,1,0,4
2026,2025-12-26,Jaylen Wells,Grizzlies,F,29,14,2,3,1,0,2,3
2026,2026-03-09,John Konchar,Jazz,G,33,2,10,3,3,0,0,4
2026,2026-01-27,Jalen Brunson,Knicks,G,35,28,3,4,0,1,2,2
2026,2026-02-20,Buddy Boeheim,Thunder,F,2,0,0,0,0,0,0,1
2026,2026-02-08,Andrew Wiggins,Heat,F,23,11,10,2,2,1,0,0
2026,2026-03-23,Jock Landale,Hawks,C,21,11,4,2,0,2,2,1
2026,2026-02-20,Simone Fontecchio,Heat,F,3,3,0,1,0,0,0,0
2026,2025-11-23,Desmond Bane,Magic,G,29,18,4,5,0,0,1,2
2026,2026-03-14,Devin Vassell,Spurs,G,34,9,5,3,0,0,1,1
2026,2026-03-20,Kevin Durant,Rockets,F,30,25,3,6,2,2,0,0
2026,2026-03-10,Tre Johnson,Wizards,G,23,17,2,2,1,0,2,4
2026,2026-01-17,Jrue Holiday,Trail Blazers,G,20,9,3,4,0,0,2,0
2026,2026-02-04,Branden Carlson,Thunder,C,16,3,7,0,0,2,0,1
2026,2026-02-03,Patrick Williams,Bulls,F,27,17,5,3,0,2,1,2
2026,2025-11-24,Naz Reid,Timberwolves,C,23,15,7,0,0,1,1,4
2026,2026-02-05,Ja'Kobe Walter,Raptors,G,31,12,5,2,2,0,1,3
2026,2025-12-05,Rayan Rupert,Trail Blazers,G,3,0,0,0,0,0,1,1
