season,game_date,player,team,position,minutes,points,rebounds,assists,steals,blocks,turnovers,fouls
2025,2025-10-10,NaLyssa Smith,Aces,F,23,5,5,0,1,0,2,4
2025,2025-10-10,Kierstan Bell,Aces,F,7,3,1,0,1,0,0,0
2025,2025-10-10,A'ja Wilson,Aces,C,36,31,9,4,2,3,2,3
2025,2025-10-10,Chelsea Gray,Aces,G,38,18,4,4,2,2,0,2
2025,2025-10-10,Jackie Young,Aces,G,35,18,7,8,1,0,2,0
2025,2025-10-10,Kiah Stokes,Aces,C,1,0,0,0,0,0,0,0
2025,2025-10-10,Megan Gustafson,Aces,C,9,0,1,0,0,0,0,1
2025,2025-10-10,Jewell Loyd,Aces,G,31,12,4,1,1,1,1,3
2025,2025-10-10,Dana Evans,Aces,G,21,10,1,2,0,0,0,3
2025,2025-10-10,DeWanna Bonner,Mercury,F,35,10,10,1,0,1,0,4
2025,2025-10-10,Alyssa Thomas,Mercury,F,40,17,12,10,0,0,9,3
2025,2025-10-10,Natasha Mack,Mercury,F,2,0,0,0,0,0,0,2
2025,2025-10-10,Kahleah Copper,Mercury,G,36,30,6,1,0,0,3,6
2025,2025-10-10,Monique Akoa Makani,Mercury,G,29,10,5,4,2,0,3,2
2025,2025-10-10,Kathryn Westbeld,Mercury,F,16,3,3,0,0,1,1,3
2025,2025-10-10,Kalani Brown,Mercury,C,18,10,4,0,1,2,2,4
2025,2025-10-10,Sami Whitcomb,Mercury,G,17,3,0,1,0,1,0,1
2025,2025-10-10,Lexi Held,Mercury,G,7,3,1,0,0,0,0,0
2025,2025-10-08,NaLyssa Smith,Aces,F,17,2,7,1,0,1,0,5
2025,2025-10-08,Kierstan Bell,Aces,F,11,0,0,0,1,1,0,1
2025,2025-10-08,A'ja Wilson,Aces,C,38,34,14,4,0,3,3,1
2025,2025-10-08,Chelsea Gray,Aces,G,39,11,2,5,3,3,1,4
2025,2025-10-08,Jackie Young,Aces,G,37,21,3,9,2,0,0,1
2025,2025-10-08,Kiah Stokes,Aces,C,0,0,0,0,0,0,0,0
2025,2025-10-08,Megan Gustafson,Aces,C,11,0,2,0,1,0,2,2
2025,2025-10-08,Jewell Loyd,Aces,G,30,16,7,1,1,0,2,3
2025,2025-10-08,Dana Evans,Aces,G,16,6,1,1,0,0,0,6
2025,2025-10-08,Aaliyah Nye,Aces,G,2,0,0,0,0,0,0,1
2025,2025-10-08,Alyssa Thomas,Mercury,F,39,14,12,9,2,0,3,5
2025,2025-10-08,Natasha Mack,Mercury,F,7,0,2,1,0,0,0,1
2025,2025-10-08,Satou Sabally,Mercury,F,32,24,5,3,0,1,5,3
2025,2025-10-08,Kahleah Copper,Mercury,G,36,17,2,0,1,0,1,1
2025,2025-10-08,Monique Akoa Makani,Mercury,G,25,6,1,1,0,0,1,5
2025,2025-10-08,DeWanna Bonner,Mercury,F,31,25,10,0,0,1,1,5
2025,2025-10-08,Kathryn Westbeld,Mercury,F,6,2,0,0,1,0,0,0
2025,2025-10-08,Sami Whitcomb,Mercury,G,25,0,1,3,1,0,1,1
2025,2025-10-05,Alyssa Thomas,Mercury,F,30,10,6,5,3,0,3,4
2025,2025-10-05,Natasha Mack,Mercury,F,19,6,10,0,1,1,0,1
2025,2025-10-05,Satou Sabally,Mercury,F,27,22,9,2,0,0,2,0
2025,2025-10-05,Kahleah Copper,Mercury,G,31,23,3,0,0,0,2,3
2025,2025-10-05,Monique Akoa Makani,Mercury,G,27,9,1,7,1,0,1,2
2025,2025-10-05,DeWanna Bonner,Mercury,F,23,4,0,1,1,0,0,0
2025,2025-10-05,Kathryn Westbeld,Mercury,F,17,0,3,0,1,0,1,3
2025,2025-10-05,Kalani Brown,Mercury,C,4,2,0,0,1,0,1,0
2025,2025-10-05,Sami Whitcomb,Mercury,G,14,0,0,2,1,0,1,0
2025,2025-10-05,Kitija Laksa,Mercury,G,4,0,1,0,0,0,0,0
2025,2025-10-05,Kiana Williams,Mercury,G,4,2,1,0,0,0,0,1
2025,2025-10-05,NaLyssa Smith,Aces,F,21,3,5,1,1,1,1,2
2025,2025-10-05,Kierstan Bell,Aces,F,7,2,0,0,0,0,0,1
2025,2025-10-05,A'ja Wilson,Aces,C,32,28,14,3,1,0,3,2
2025,2025-10-05,Chelsea Gray,Aces,G,35,10,8,10,3,3,3,1
2025,2025-10-05,Jackie Young,Aces,G,34,32,8,2,1,0,3,2
2025,2025-10-05,Cheyenne Parker-Tyus,Aces,F,2,0,1,0,0,0,0,0
2025,2025-10-05,Megan Gustafson,Aces,C,13,2,0,0,0,0,0,2
2025,2025-10-05,Jewell Loyd,Aces,G,30,9,7,0,3,2,0,2
2025,2025-10-05,Dana Evans,Aces,G,26,5,0,5,0,0,3,3
2025,2025-10-05,Aaliyah Nye,Aces,G,2,0,0,0,0,0,0,0
2025,2025-10-03,Alyssa Thomas,Mercury,F,38,15,10,9,0,1,5,1
2025,2025-10-03,Natasha Mack,Mercury,F,16,4,4,1,0,2,1,0
2025,2025-10-03,Satou Sabally,Mercury,F,31,19,4,4,0,0,2,5
2025,2025-10-03,Kahleah Copper,Mercury,G,36,21,4,1,0,0,0,3
2025,2025-10-03,Monique Akoa Makani,Mercury,G,26,11,2,3,2,0,3,2
2025,2025-10-03,DeWanna Bonner,Mercury,F,26,10,8,0,1,1,1,3
2025,2025-10-03,Kathryn Westbeld,Mercury,F,5,0,1,2,0,0,0,0
2025,2025-10-03,Sami Whitcomb,Mercury,G,22,6,2,0,1,0,0,3
2025,2025-10-03,NaLyssa Smith,Aces,F,16,4,6,0,1,0,1,2
2025,2025-10-03,Kierstan Bell,Aces,F,5,5,1,0,0,0,0,0
2025,2025-10-03,A'ja Wilson,Aces,C,38,21,10,5,1,2,0,0
2025,2025-10-03,Chelsea Gray,Aces,G,35,8,7,10,1,1,1,1
2025,2025-10-03,Jackie Young,Aces,G,32,10,2,5,2,0,2,5
2025,2025-10-03,Kiah Stokes,Aces,C,0,0,0,0,0,0,0,0
2025,2025-10-03,Megan Gustafson,Aces,C,11,2,1,1,0,0,0,0
2025,2025-10-03,Jewell Loyd,Aces,G,35,18,4,0,0,0,1,4
2025,2025-10-03,Dana Evans,Aces,G,26,21,2,3,4,0,0,0
2025,2025-10-03,Aaliyah Nye,Aces,G,1,0,0,0,0,0,0,0
2025,2025-09-30,Natasha Howard,Fever,F,33,16,7,5,1,0,3,3
2025,2025-09-30,Aliyah Boston,Fever,C,32,11,16,2,0,0,3,6
2025,2025-09-30,Odyssey Sims,Fever,G,41,27,2,6,1,0,5,5
2025,2025-09-30,Kelsey Mitchell,Fever,G,23,15,2,2,0,0,2,2
2025,2025-09-30,Lexie Hull,Fever,G,43,12,7,3,0,1,5,1
2025,2025-09-30,Brianna Turner,Fever,F,23,2,3,1,1,0,0,4
2025,2025-09-30,Makayla Timpson,Fever,F,2,0,0,0,0,0,0,0
2025,2025-09-30,Shey Peddy,Fever,G,22,13,2,2,0,0,0,3
2025,2025-09-30,Aerial Powers,Fever,G,6,2,1,0,1,0,1,1
2025,2025-09-30,NaLyssa Smith,Aces,F,26,5,1,0,1,3,1,5
2025,2025-09-30,Kierstan Bell,Aces,F,6,0,0,0,0,0,0,0
2025,2025-09-30,A'ja Wilson,Aces,C,41,35,8,5,4,4,1,2
2025,2025-09-30,Chelsea Gray,Aces,G,39,17,2,6,3,2,1,2
2025,2025-09-30,Jackie Young,Aces,G,44,32,4,10,1,0,0,5
2025,2025-09-30,Kiah Stokes,Aces,C,0,0,0,0,0,0,0,0
2025,2025-09-30,Megan Gustafson,Aces,C,18,5,0,2,0,1,0,1
2025,2025-09-30,Jewell Loyd,Aces,G,32,8,6,1,0,0,0,2
2025,2025-09-30,Dana Evans,Aces,G,20,5,0,2,0,0,4,3
2025,2025-09-28,Jessica Shepard,Lynx,F,36,14,7,2,2,0,2,1
2025,2025-09-28,Bridget Carleton,Lynx,F,29,3,3,1,2,1,1,4
2025,2025-09-28,Alanna Smith,Lynx,F,27,8,8,1,1,2,1,4
2025,2025-09-28,Kayla McBride,Lynx,G,38,31,4,2,1,1,0,0
2025,2025-09-28,Courtney Williams,Lynx,G,33,20,3,6,2,0,0,3
2025,2025-09-28,Maria Kliundikova,Lynx,F,14,2,6,2,0,1,1,2
2025,2025-09-28,Anastasiia Olairi Kosu,Lynx,F,3,0,1,1,0,0,0,1
2025,2025-09-28,Natisha Hiedeman,Lynx,G,21,3,2,4,0,1,1,3
2025,2025-09-28,Alyssa Thomas,Mercury,F,37,23,8,10,1,0,6,2
2025,2025-09-28,Natasha Mack,Mercury,F,11,4,5,1,0,1,1,1
2025,2025-09-28,Satou Sabally,Mercury,F,36,21,6,3,0,0,2,3
2025,2025-09-28,Kahleah Copper,Mercury,G,32,13,4,0,0,0,3,0
2025,2025-09-28,Monique Akoa Makani,Mercury,G,21,3,1,2,0,0,0,2
2025,2025-09-28,DeWanna Bonner,Mercury,F,26,13,6,1,1,2,0,0
2025,2025-09-28,Kathryn Westbeld,Mercury,F,10,3,4,0,0,0,0,0
2025,2025-09-28,Sami Whitcomb,Mercury,G,27,6,4,3,0,0,0,2
2025,2025-09-28,NaLyssa Smith,Aces,F,22,8,2,0,0,1,3,5
2025,2025-09-28,Kierstan Bell,Aces,F,6,3,0,0,0,0,0,1
2025,2025-09-28,A'ja Wilson,Aces,C,36,31,9,3,4,3,3,3
2025,2025-09-28,Chelsea Gray,Aces,G,38,12,2,9,4,0,5,5
2025,2025-09-28,Jackie Young,Aces,G,38,18,5,9,0,0,2,5
2025,2025-09-28,Kiah Stokes,Aces,C,0,0,0,0,0,0,0,0
2025,2025-09-28,Megan Gustafson,Aces,C,15,2,1,0,0,0,1,4
2025,2025-09-28,Jewell Loyd,Aces,G,32,6,3,0,1,1,1,1
2025,2025-09-28,Dana Evans,Aces,G,13,3,0,1,0,0,0,0
2025,2025-09-28,Natasha Howard,Fever,F,26,7,3,1,0,0,3,3
2025,2025-09-28,Aliyah Boston,Fever,C,34,24,14,5,2,2,2,4
2025,2025-09-28,Odyssey Sims,Fever,G,25,18,1,2,1,0,2,2
2025,2025-09-28,Kelsey Mitchell,Fever,G,39,25,3,4,0,0,3,3
2025,2025-09-28,Lexie Hull,Fever,G,38,7,7,1,4,1,2,3
2025,2025-09-28,Brianna Turner,Fever,F,9,2,1,0,1,0,0,0
2025,2025-09-28,Makayla Timpson,Fever,F,11,0,2,0,1,0,1,2
2025,2025-09-28,Shey Peddy,Fever,G,16,7,3,1,2,0,1,0
2025,2025-09-28,Aerial Powers,Fever,G,2,0,0,0,0,0,0,0
2025,2025-09-26,Bridget Carleton,Lynx,F,27,6,4,0,0,0,2,1
2025,2025-09-26,Alanna Smith,Lynx,F,12,0,1,1,0,0,0,1
2025,2025-09-26,Napheesa Collier,Lynx,F,37,17,6,3,0,3,4,5
2025,2025-09-26,Kayla McBride,Lynx,G,38,12,4,5,2,0,1,1
2025,2025-09-26,Courtney Williams,Lynx,G,37,14,5,3,2,0,1,3
2025,2025-09-26,Jessica Shepard,Lynx,F,8,0,1,2,1,0,1,0
2025,2025-09-26,Maria Kliundikova,Lynx,F,18,8,6,1,0,3,0,2
2025,2025-09-26,Natisha Hiedeman,Lynx,G,23,19,2,3,2,0,2,1
2025,2025-09-26,Alyssa Thomas,Mercury,F,36,21,9,8,5,2,4,3
2025,2025-09-26,Natasha Mack,Mercury,F,12,0,5,0,0,2,1,0
2025,2025-09-26,Satou Sabally,Mercury,F,30,23,4,0,0,0,3,3
2025,2025-09-26,Kahleah Copper,Mercury,G,36,21,3,2,0,0,3,4
2025,2025-09-26,Monique Akoa Makani,Mercury,G,23,8,5,2,0,0,1,3
2025,2025-09-26,DeWanna Bonner,Mercury,F,22,4,8,2,1,1,0,0
2025,2025-09-26,Kathryn Westbeld,Mercury,F,15,3,2,1,1,0,0,0
2025,2025-09-26,Sami Whitcomb,Mercury,G,24,4,1,4,2,0,3,2
2025,2025-09-26,NaLyssa Smith,Aces,F,33,16,4,0,1,4,1,5
2025,2025-09-26,Kierstan Bell,Aces,F,7,0,0,1,0,1,0,0
2025,2025-09-26,A'ja Wilson,Aces,C,38,13,8,4,1,3,3,4
2025,2025-09-26,Chelsea Gray,Aces,G,36,15,3,6,2,1,2,1
2025,2025-09-26,Jackie Young,Aces,G,34,25,5,4,1,0,4,3
2025,2025-09-26,Megan Gustafson,Aces,C,6,5,3,0,1,0,0,1
2025,2025-09-26,Jewell Loyd,Aces,G,23,0,2,0,1,1,1,3
2025,2025-09-26,Dana Evans,Aces,G,23,10,1,5,1,0,3,2
2025,2025-09-26,Natasha Howard,Fever,F,15,5,5,0,0,0,0,1
2025,2025-09-26,Aliyah Boston,Fever,C,38,12,8,4,1,1,3,3
2025,2025-09-26,Odyssey Sims,Fever,G,19,2,4,2,0,0,3,1
2025,2025-09-26,Kelsey Mitchell,Fever,G,37,21,2,1,2,0,2,2
2025,2025-09-26,Lexie Hull,Fever,G,32,16,10,4,1,2,1,6
2025,2025-09-26,Brianna Turner,Fever,F,11,2,3,0,1,0,1,1
2025,2025-09-26,Makayla Timpson,Fever,F,17,5,4,0,1,2,2,1
2025,2025-09-26,Shey Peddy,Fever,G,21,8,2,2,0,0,2,3
2025,2025-09-26,Aerial Powers,Fever,G,11,1,1,1,0,0,0,3
2025,2025-09-23,Natasha Howard,Fever,F,23,6,7,1,1,0,3,3
2025,2025-09-23,Aliyah Boston,Fever,C,29,10,13,3,0,0,3,3
2025,2025-09-23,Odyssey Sims,Fever,G,32,18,0,7,1,0,6,2
2025,2025-09-23,Kelsey Mitchell,Fever,G,31,13,1,5,2,0,3,3
2025,2025-09-23,Lexie Hull,Fever,G,29,15,3,2,0,0,0,3
2025,2025-09-23,Brianna Turner,Fever,F,25,1,3,0,1,0,2,2
2025,2025-09-23,Makayla Timpson,Fever,F,3,0,0,0,0,0,0,0
2025,2025-09-23,Shey Peddy,Fever,G,17,4,2,0,0,1,1,2
2025,2025-09-23,Aerial Powers,Fever,G,7,1,0,0,0,0,0,1
2025,2025-09-23,Bree Hall,Fever,G,4,0,1,0,0,0,0,0
2025,2025-09-23,NaLyssa Smith,Aces,F,30,18,7,1,1,0,2,4
2025,2025-09-23,Kierstan Bell,Aces,F,10,4,1,1,2,0,0,1
2025,2025-09-23,A'ja Wilson,Aces,C,33,25,9,1,5,2,3,1
2025,2025-09-23,Chelsea Gray,Aces,G,31,6,1,10,3,0,3,3
2025,2025-09-23,Jackie Young,Aces,G,32,13,5,5,0,0,3,4
2025,2025-09-23,Cheyenne Parker-Tyus,Aces,F,4,2,1,0,0,0,0,0
2025,2025-09-23,Kiah Stokes,Aces,C,4,0,1,0,0,0,0,1
2025,2025-09-23,Megan Gustafson,Aces,C,7,2,0,0,0,0,0,1
2025,2025-09-23,Jewell Loyd,Aces,G,26,10,4,1,0,0,3,4
2025,2025-09-23,Dana Evans,Aces,G,19,10,1,3,1,0,0,2
2025,2025-09-23,Aaliyah Nye,Aces,G,4,0,0,0,0,0,0,1
2025,2025-09-23,Alyssa Thomas,Mercury,F,43,19,8,13,1,0,4,3
2025,2025-09-23,Natasha Mack,Mercury,F,19,4,5,2,1,1,0,2
2025,2025-09-23,Satou Sabally,Mercury,F,38,24,9,1,0,0,2,4
2025,2025-09-23,Kahleah Copper,Mercury,G,33,8,1,3,1,0,1,3
2025,2025-09-23,Monique Akoa Makani,Mercury,G,19,9,3,3,0,0,3,0
2025,2025-09-23,DeWanna Bonner,Mercury,F,26,4,3,1,1,0,2,1
2025,2025-09-23,Kathryn Westbeld,Mercury,F,15,8,4,0,4,0,0,0
2025,2025-09-23,Sami Whitcomb,Mercury,G,33,13,4,6,2,0,2,2
2025,2025-09-23,Bridget Carleton,Lynx,F,41,2,5,1,2,1,1,0
2025,2025-09-23,Alanna Smith,Lynx,F,30,13,9,5,0,3,2,4
2025,2025-09-23,Napheesa Collier,Lynx,F,38,24,6,1,3,2,1,3
2025,2025-09-23,Kayla McBride,Lynx,G,43,21,1,3,1,0,3,0
2025,2025-09-23,Courtney Williams,Lynx,G,36,20,7,9,3,0,7,4
2025,2025-09-23,Jessica Shepard,Lynx,F,15,3,7,2,0,0,2,1
2025,2025-09-23,Maria Kliundikova,Lynx,F,7,0,1,0,0,1,0,0
2025,2025-09-23,Camryn Taylor,Lynx,F,0,0,0,0,0,0,0,0
2025,2025-09-23,Anastasiia Olairi Kosu,Lynx,F,0,0,0,0,0,0,0,0
2025,2025-09-23,Natisha Hiedeman,Lynx,G,15,0,1,1,0,0,1,1
2025,2025-09-23,Jaylyn Sherrod,Lynx,G,0,0,0,0,0,0,0,0
2025,2025-09-21,Alyssa Thomas,Mercury,F,37,18,8,7,3,0,2,1
2025,2025-09-21,Natasha Mack,Mercury,F,12,6,3,0,0,0,0,0
2025,2025-09-21,Satou Sabally,Mercury,F,32,10,6,3,2,0,0,0
2025,2025-09-21,Kahleah Copper,Mercury,G,37,22,2,1,0,0,2,1
2025,2025-09-21,Monique Akoa Makani,Mercury,G,22,2,1,3,0,0,0,1
2025,2025-09-21,DeWanna Bonner,Mercury,F,25,0,9,2,0,0,1,3
2025,2025-09-21,Kathryn Westbeld,Mercury,F,10,0,3,1,1,0,1,0
2025,2025-09-21,Sami Whitcomb,Mercury,G,24,11,3,2,0,0,4,0
2025,2025-09-21,Bridget Carleton,Lynx,F,30,5,8,3,0,0,1,4
2025,2025-09-21,Alanna Smith,Lynx,F,26,4,6,3,0,1,3,3
2025,2025-09-21,Napheesa Collier,Lynx,F,34,18,9,2,0,0,3,1
2025,2025-09-21,Kayla McBride,Lynx,G,38,21,6,2,0,1,0,0
2025,2025-09-21,Courtney Williams,Lynx,G,33,23,8,7,5,0,3,1
2025,2025-09-21,Jessica Shepard,Lynx,F,12,2,1,1,0,0,0,1
2025,2025-09-21,Maria Kliundikova,Lynx,F,8,4,4,1,2,0,0,0
2025,2025-09-21,Natisha Hiedeman,Lynx,G,19,5,0,2,0,0,2,0
2025,2025-09-21,Natasha Howard,Fever,F,22,12,11,3,2,0,2,2
2025,2025-09-21,Aliyah Boston,Fever,C,29,6,11,5,0,0,2,3
2025,2025-09-21,Odyssey Sims,Fever,G,32,17,2,3,3,0,1,0
2025,2025-09-21,Kelsey Mitchell,Fever,G,34,34,1,3,2,0,3,3
2025,2025-09-21,Lexie Hull,Fever,G,35,6,2,2,0,1,0,1
2025,2025-09-21,Brianna Turner,Fever,F,23,6,2,0,0,1,1,0
2025,2025-09-21,Makayla Timpson,Fever,F,4,2,1,0,0,0,0,0
2025,2025-09-21,Shey Peddy,Fever,G,11,4,0,1,0,0,0,0
2025,2025-09-21,Aerial Powers,Fever,G,8,0,3,0,0,0,1,2
2025,2025-09-21,Bree Hall,Fever,G,1,2,2,0,0,0,0,1
2025,2025-09-21,NaLyssa Smith,Aces,F,15,4,2,0,0,0,0,0
2025,2025-09-21,Kierstan Bell,Aces,F,16,0,0,1,0,0,0,0
2025,2025-09-21,A'ja Wilson,Aces,C,34,16,13,1,0,4,3,4
2025,2025-09-21,Chelsea Gray,Aces,G,34,13,5,4,1,0,2,1
2025,2025-09-21,Jackie Young,Aces,G,35,19,7,2,0,0,5,3
2025,2025-09-21,Cheyenne Parker-Tyus,Aces,F,5,0,0,0,0,0,0,0
2025,2025-09-21,Kiah Stokes,Aces,C,1,0,0,0,0,0,0,0
2025,2025-09-21,Megan Gustafson,Aces,C,8,4,3,0,0,0,0,1
2025,2025-09-21,Jewell Loyd,Aces,G,28,3,1,1,3,0,1,5
2025,2025-09-21,Dana Evans,Aces,G,23,14,2,3,1,0,1,1
2025,2025-09-21,Aaliyah Nye,Aces,G,1,0,0,0,0,0,0,0
2025,2025-09-19,Breanna Stewart,Liberty,F,35,30,9,3,2,2,0,5
2025,2025-09-19,Leonie Fiebich,Liberty,F,28,3,3,1,0,0,1,1
2025,2025-09-19,Jonquel Jones,Liberty,C,33,3,8,4,0,1,0,5
2025,2025-09-19,Natasha Cloud,Liberty,G,35,7,3,2,4,1,4,3
2025,2025-09-19,Sabrina Ionescu,Liberty,G,37,22,6,4,0,0,4,2
2025,2025-09-19,Emma Meesseman,Liberty,C,9,0,2,3,0,0,0,1
2025,2025-09-19,Rebekah Gardner,Liberty,G,1,0,0,0,0,0,0,1
2025,2025-09-19,Kennedy Burke,Liberty,G,21,8,2,1,1,2,1,1
2025,2025-09-19,Alyssa Thomas,Mercury,F,37,20,11,11,2,1,5,2
2025,2025-09-19,Natasha Mack,Mercury,F,19,0,3,1,0,0,0,1
2025,2025-09-19,Satou Sabally,Mercury,F,34,23,12,3,2,1,1,5
2025,2025-09-19,Kahleah Copper,Mercury,G,34,12,9,0,1,0,3,3
2025,2025-09-19,Monique Akoa Makani,Mercury,G,23,4,3,3,1,0,3,2
2025,2025-09-19,DeWanna Bonner,Mercury,F,21,4,8,2,1,1,0,5
2025,2025-09-19,Kathryn Westbeld,Mercury,F,8,3,2,0,0,0,0,1
2025,2025-09-19,Sami Whitcomb,Mercury,G,22,13,1,1,1,0,0,1
2025,2025-09-18,Nneka Ogwumike,Storm,F,32,16,9,2,1,0,1,0
2025,2025-09-18,Gabby Williams,Storm,F,28,7,6,2,2,0,2,2
2025,2025-09-18,Ezi Magbegor,Storm,F,26,9,5,2,2,0,1,4
2025,2025-09-18,Skylar Diggins,Storm,G,36,13,4,6,3,1,3,2
2025,2025-09-18,Brittney Sykes,Storm,G,23,9,2,0,0,1,3,0
2025,2025-09-18,Dominique Malonga,Storm,C,22,3,5,0,0,2,3,3
2025,2025-09-18,Erica Wheeler,Storm,G,33,16,2,5,1,0,3,5
2025,2025-09-18,NaLyssa Smith,Aces,F,18,2,4,2,0,0,1,5
2025,2025-09-18,Kierstan Bell,Aces,F,20,0,7,1,0,0,2,0
2025,2025-09-18,A'ja Wilson,Aces,C,37,38,5,3,3,2,1,0
2025,2025-09-18,Chelsea Gray,Aces,G,37,12,2,8,2,2,5,3
2025,2025-09-18,Jackie Young,Aces,G,34,14,2,1,4,0,3,3
2025,2025-09-18,Cheyenne Parker-Tyus,Aces,F,10,2,2,1,0,0,0,0
2025,2025-09-18,Kiah Stokes,Aces,C,0,0,0,0,0,0,0,0
2025,2025-09-18,Jewell Loyd,Aces,G,29,4,5,2,2,1,1,2
2025,2025-09-18,Dana Evans,Aces,G,14,2,0,2,0,0,0,2
2025,2025-09-18,Natasha Howard,Fever,F,25,12,6,3,0,0,1,2
2025,2025-09-18,Aliyah Boston,Fever,C,34,14,12,6,1,0,0,2
2025,2025-09-18,Odyssey Sims,Fever,G,28,16,2,8,3,0,0,2
2025,2025-09-18,Kelsey Mitchell,Fever,G,35,24,2,1,0,0,1,1
2025,2025-09-18,Lexie Hull,Fever,G,32,10,2,2,2,0,2,3
2025,2025-09-18,Brianna Turner,Fever,F,18,2,5,2,0,2,1,2
2025,2025-09-18,Makayla Timpson,Fever,F,4,2,5,0,0,0,0,0
2025,2025-09-18,Shey Peddy,Fever,G,11,3,0,1,1,0,1,1
2025,2025-09-18,Aerial Powers,Fever,G,15,4,0,1,0,1,0,1
2025,2025-09-18,Brionna Jones,Dream,F,32,12,7,4,1,1,3,4
2025,2025-09-18,Naz Hillmon,Dream,F,40,9,10,1,0,0,1,5
2025,2025-09-18,Allisha Gray,Dream,G,33,19,12,1,0,1,2,5
2025,2025-09-18,Jordin Canada,Dream,G,33,18,3,10,0,1,3,4
2025,2025-09-18,Rhyne Howard,Dream,G,39,16,3,3,2,1,3,2
2025,2025-09-18,Nia Coffey,Dream,F,0,0,0,0,0,0,0,0
2025,2025-09-18,Brittney Griner,Dream,C,8,5,0,1,0,0,0,2
2025,2025-09-18,Maya Caldwell,Dream,G,5,0,1,0,0,0,0,0
2025,2025-09-18,Te-Hina Paopao,Dream,G,9,6,3,1,0,0,1,0
2025,2025-09-17,Bridget Carleton,Lynx,F,22,12,2,1,0,0,0,4
2025,2025-09-17,Alanna Smith,Lynx,F,19,2,1,0,1,3,1,3
2025,2025-09-17,Napheesa Collier,Lynx,F,39,24,7,4,1,0,3,3
2025,2025-09-17,Kayla McBride,Lynx,G,38,18,4,3,2,0,0,2
2025,2025-09-17,Courtney Williams,Lynx,G,28,6,5,7,0,0,4,1
2025,2025-09-17,Jessica Shepard,Lynx,F,19,0,6,0,0,0,1,0
2025,2025-09-17,Natisha Hiedeman,Lynx,G,21,2,2,7,2,1,2,1
2025,2025-09-17,DiJonai Carrington,Lynx,G,14,11,2,0,0,1,1,2
2025,2025-09-17,Cecilia Zandalasini,Valkyries,F,32,14,5,3,1,0,4,3
2025,2025-09-17,Janelle Salaun,Valkyries,F,34,14,4,1,0,0,0,2
2025,2025-09-17,Iliana Rupert,Valkyries,C,32,8,2,5,0,1,4,2
2025,2025-09-17,Kaila Charles,Valkyries,G,28,5,4,3,2,1,0,1
2025,2025-09-17,Veronica Burton,Valkyries,G,35,13,6,9,4,1,3,4
2025,2025-09-17,Monique Billings,Valkyries,F,25,15,4,0,1,1,0,2
2025,2025-09-17,Kate Martin,Valkyries,G,6,5,1,0,0,0,0,0
2025,2025-09-17,Carla Leite,Valkyries,G,8,0,2,1,0,0,1,0
2025,2025-09-17,Alyssa Thomas,Mercury,F,26,15,6,7,1,0,1,2
2025,2025-09-17,Natasha Mack,Mercury,F,17,6,5,1,0,1,1,2
2025,2025-09-17,Satou Sabally,Mercury,F,30,15,7,4,4,0,2,3
2025,2025-09-17,Kahleah Copper,Mercury,G,29,14,2,0,0,1,0,3
2025,2025-09-17,Monique Akoa Makani,Mercury,G,20,6,3,3,0,0,0,3
2025,2025-09-17,DeWanna Bonner,Mercury,F,21,14,8,1,2,0,0,1
2025,2025-09-17,Kathryn Westbeld,Mercury,F,19,10,3,2,0,0,0,1
2025,2025-09-17,Kalani Brown,Mercury,C,3,0,1,0,0,0,0,0
2025,2025-09-17,Sami Whitcomb,Mercury,G,23,3,2,4,3,0,1,2
2025,2025-09-17,Kitija Laksa,Mercury,G,5,3,1,0,0,0,1,0
2025,2025-09-17,Kiana Williams,Mercury,G,3,0,0,0,0,0,0,0
2025,2025-09-17,Lexi Held,Mercury,G,5,0,1,0,0,0,2,0
2025,2025-09-17,Breanna Stewart,Liberty,F,20,6,2,2,0,1,3,1
2025,2025-09-17,Leonie Fiebich,Liberty,F,23,2,2,2,1,0,1,1
2025,2025-09-17,Jonquel Jones,Liberty,C,22,7,13,1,0,2,2,3
2025,2025-09-17,Natasha Cloud,Liberty,G,28,8,2,2,0,0,1,3
2025,2025-09-17,Sabrina Ionescu,Liberty,G,26,9,4,3,1,1,1,1
2025,2025-09-17,Isabelle Harrison,Liberty,F,7,4,2,0,2,0,0,0
2025,2025-09-17,Stephanie Talbot,Liberty,F,9,0,0,0,0,0,0,0
2025,2025-09-17,Nyara Sabally,Liberty,F,7,1,1,1,1,0,0,0
2025,2025-09-17,Emma Meesseman,Liberty,C,18,11,6,3,0,0,3,0
2025,2025-09-17,Rebekah Gardner,Liberty,G,13,3,1,0,0,0,0,2
2025,2025-09-17,Kennedy Burke,Liberty,G,16,6,1,0,0,0,3,2
2025,2025-09-17,Marine Johannes,Liberty,G,10,3,2,0,0,0,1,1
2025,2025-09-16,NaLyssa Smith,Aces,F,31,7,8,0,3,0,0,2
2025,2025-09-16,Kierstan Bell,Aces,F,11,7,1,0,0,0,1,1
2025,2025-09-16,A'ja Wilson,Aces,C,38,21,13,5,1,2,3,1
2025,2025-09-16,Chelsea Gray,Aces,G,36,7,1,9,0,1,2,2
2025,2025-09-16,Jackie Young,Aces,G,35,25,5,4,1,0,2,4
2025,2025-09-16,Cheyenne Parker-Tyus,Aces,F,6,1,0,0,0,0,1,3
2025,2025-09-16,Jewell Loyd,Aces,G,29,13,1,2,0,0,1,2
2025,2025-09-16,Dana Evans,Aces,G,14,2,0,2,0,0,1,2
2025,2025-09-16,Nneka Ogwumike,Storm,F,34,24,10,3,1,0,1,2
2025,2025-09-16,Gabby Williams,Storm,F,36,6,1,2,1,0,1,0
2025,2025-09-16,Ezi Magbegor,Storm,F,23,4,5,3,1,2,1,4
2025,2025-09-16,Skylar Diggins,Storm,G,35,26,1,7,2,1,4,3
2025,2025-09-16,Brittney Sykes,Storm,G,27,4,3,1,0,0,3,3
2025,2025-09-16,Dominique Malonga,Storm,C,23,11,10,3,0,2,0,4
2025,2025-09-16,Erica Wheeler,Storm,G,22,11,2,3,1,0,0,5
2025,2025-09-16,Brionna Jones,Dream,F,22,8,2,1,2,0,1,3
2025,2025-09-16,Naz Hillmon,Dream,F,29,8,7,3,0,0,2,4
2025,2025-09-16,Allisha Gray,Dream,G,31,9,7,2,0,0,0,5
2025,2025-09-16,Jordin Canada,Dream,G,23,4,0,6,2,0,0,2
2025,2025-09-16,Rhyne Howard,Dream,G,33,10,2,3,2,0,3,2
2025,2025-09-16,Nia Coffey,Dream,F,9,0,2,0,0,0,0,1
2025,2025-09-16,Taylor Thierry,Dream,F,2,0,0,0,0,0,0,0
2025,2025-09-16,Sika Kone,Dream,F,1,0,0,0,0,0,1,0
2025,2025-09-16,Brittney Griner,Dream,C,16,7,1,2,0,1,2,2
2025,2025-09-16,Shatori Walker-Kimbrough,Dream,G,5,0,1,1,2,0,0,0
2025,2025-09-16,Maya Caldwell,Dream,G,14,3,4,2,0,0,2,2
2025,2025-09-16,Te-Hina Paopao,Dream,G,14,11,1,0,1,1,2,2
2025,2025-09-16,Natasha Howard,Fever,F,28,12,5,2,0,0,1,3
2025,2025-09-16,Aliyah Boston,Fever,C,22,15,5,3,0,0,1,2
2025,2025-09-16,Odyssey Sims,Fever,G,27,5,4,4,0,0,3,0
2025,2025-09-16,Kelsey Mitchell,Fever,G,29,19,0,4,2,1,3,1
2025,2025-09-16,Lexie Hull,Fever,G,23,7,5,1,0,0,3,5
2025,2025-09-16,Brianna Turner,Fever,F,20,4,6,1,2,1,2,1
2025,2025-09-16,Makayla Timpson,Fever,F,9,9,3,0,0,0,0,0
2025,2025-09-16,Shey Peddy,Fever,G,23,3,2,1,1,0,1,1
2025,2025-09-16,Aerial Powers,Fever,G,17,3,7,0,0,0,1,3
2025,2025-09-16,Bree Hall,Fever,G,2,0,0,0,0,0,0,0
2025,2025-09-14,Nneka Ogwumike,Storm,F,27,11,8,3,0,0,3,2
2025,2025-09-14,Gabby Williams,Storm,F,27,16,3,2,1,0,3,0
2025,2025-09-14,Ezi Magbegor,Storm,F,24,2,3,2,0,1,0,3
2025,2025-09-14,Skylar Diggins,Storm,G,26,12,2,2,0,0,0,3
2025,2025-09-14,Brittney Sykes,Storm,G,16,0,2,1,0,0,5,5
2025,2025-09-14,Mackenzie Holmes,Storm,F,5,0,1,0,0,0,0,0
2025,2025-09-14,Dominique Malonga,Storm,C,24,12,11,1,2,1,0,3
2025,2025-09-14,Erica Wheeler,Storm,G,25,10,2,1,1,0,0,2
2025,2025-09-14,Tiffany Mitchell,Storm,G,12,6,1,2,0,0,0,2
2025,2025-09-14,Lexie Brown,Storm,G,7,5,1,0,0,0,0,0
2025,2025-09-14,Zia Cooke,Storm,G,7,3,0,1,0,0,1,0
2025,2025-09-14,NaLyssa Smith,Aces,F,25,11,9,1,0,2,0,0
2025,2025-09-14,Kierstan Bell,Aces,F,15,5,1,0,0,0,0,1
2025,2025-09-14,A'ja Wilson,Aces,C,30,29,8,2,3,2,3,4
2025,2025-09-14,Chelsea Gray,Aces,G,27,5,4,6,3,0,1,2
2025,2025-09-14,Jackie Young,Aces,G,28,18,5,7,4,0,4,3
2025,2025-09-14,Cheyenne Parker-Tyus,Aces,F,11,7,2,0,0,1,1,4
2025,2025-09-14,Kiah Stokes,Aces,C,5,0,0,0,0,0,0,1
2025,2025-09-14,Megan Gustafson,Aces,C,5,0,2,0,0,0,0,0
2025,2025-09-14,Jewell Loyd,Aces,G,26,14,3,1,0,1,0,2
2025,2025-09-14,Dana Evans,Aces,G,23,13,4,6,0,0,0,2
2025,2025-09-14,Aaliyah Nye,Aces,G,5,0,1,0,0,0,0,0
2025,2025-09-14,Breanna Stewart,Liberty,F,40,18,6,4,2,0,1,0
2025,2025-09-14,Leonie Fiebich,Liberty,F,39,10,6,1,0,1,4,2
2025,2025-09-14,Jonquel Jones,Liberty,C,35,7,12,2,0,3,2,3
2025,2025-09-14,Natasha Cloud,Liberty,G,40,23,6,5,4,0,4,3
2025,2025-09-14,Sabrina Ionescu,Liberty,G,43,16,6,7,0,2,5,3
2025,2025-09-14,Emma Meesseman,Liberty,C,13,2,8,0,0,0,2,1
2025,2025-09-14,Rebekah Gardner,Liberty,G,1,0,0,0,0,0,0,0
2025,2025-09-14,Kennedy Burke,Liberty,G,15,0,4,0,0,0,2,1
2025,2025-09-14,Alyssa Thomas,Mercury,F,41,14,9,8,1,0,3,2
2025,2025-09-14,Natasha Mack,Mercury,F,19,2,1,1,2,0,0,0
2025,2025-09-14,Satou Sabally,Mercury,F,37,9,8,2,3,0,3,2
2025,2025-09-14,Kahleah Copper,Mercury,G,36,15,2,1,1,1,1,5
2025,2025-09-14,Monique Akoa Makani,Mercury,G,34,8,2,2,0,0,1,4
2025,2025-09-14,DeWanna Bonner,Mercury,F,31,12,5,0,3,0,1,0
2025,2025-09-14,Kathryn Westbeld,Mercury,F,7,3,1,0,0,0,1,0
2025,2025-09-14,Sami Whitcomb,Mercury,G,20,6,3,2,2,1,0,1
2025,2025-09-14,Natasha Howard,Fever,F,24,5,6,1,1,1,4,4
2025,2025-09-14,Aliyah Boston,Fever,C,34,8,12,5,0,0,1,5
2025,2025-09-14,Odyssey Sims,Fever,G,31,10,3,3,2,0,1,1
2025,2025-09-14,Kelsey Mitchell,Fever,G,33,27,1,4,0,1,1,3
2025,2025-09-14,Lexie Hull,Fever,G,36,9,4,1,0,0,2,3
2025,2025-09-14,Brianna Turner,Fever,F,12,0,5,1,1,0,0,2
2025,2025-09-14,Makayla Timpson,Fever,F,2,0,0,0,0,1,0,0
2025,2025-09-14,Shey Peddy,Fever,G,10,0,1,0,1,0,1,0
2025,2025-09-14,Aerial Powers,Fever,G,17,5,0,0,2,0,2,1
2025,2025-09-14,Bree Hall,Fever,G,2,4,0,0,0,0,0,0
2025,2025-09-14,Brionna Jones,Dream,F,31,12,5,3,3,0,2,5
2025,2025-09-14,Naz Hillmon,Dream,F,33,16,9,3,1,3,2,5
2025,2025-09-14,Allisha Gray,Dream,G,35,20,6,4,3,1,2,3
2025,2025-09-14,Jordin Canada,Dream,G,25,2,4,4,1,0,2,6
2025,2025-09-14,Rhyne Howard,Dream,G,32,20,6,2,1,0,1,3
2025,2025-09-14,Nia Coffey,Dream,F,7,2,1,0,0,0,0,0
2025,2025-09-14,Sika Kone,Dream,F,1,0,1,0,0,0,1,1
2025,2025-09-14,Brittney Griner,Dream,C,8,2,2,1,0,0,0,0
2025,2025-09-14,Shatori Walker-Kimbrough,Dream,G,1,0,0,0,0,1,0,0
2025,2025-09-14,Maya Caldwell,Dream,G,21,4,1,0,1,1,2,1
2025,2025-09-14,Te-Hina Paopao,Dream,G,6,2,1,0,0,0,1,0
2025,2025-09-14,Cecilia Zandalasini,Valkyries,F,30,14,4,2,1,0,1,3
2025,2025-09-14,Janelle Salaun,Valkyries,F,36,13,6,0,1,0,2,2
2025,2025-09-14,Temi Fagbenle,Valkyries,C,20,12,3,3,0,0,1,5
2025,2025-09-14,Kaila Charles,Valkyries,G,18,2,1,1,1,0,1,4
2025,2025-09-14,Veronica Burton,Valkyries,G,34,14,5,7,3,1,7,4
2025,2025-09-14,Monique Billings,Valkyries,F,4,0,0,0,0,0,0,0
2025,2025-09-14,Laeticia Amihere,Valkyries,F,4,0,1,0,0,0,0,0
2025,2025-09-14,Iliana Rupert,Valkyries,C,17,0,3,1,0,1,1,3
2025,2025-09-14,Kate Martin,Valkyries,G,26,11,2,2,0,1,1,0
2025,2025-09-14,Kaitlyn Chen,Valkyries,G,4,2,1,1,0,0,0,0
2025,2025-09-14,Carla Leite,Valkyries,G,8,4,0,0,0,0,2,1
2025,2025-09-14,Bridget Carleton,Lynx,F,21,2,3,3,0,0,0,2
2025,2025-09-14,Alanna Smith,Lynx,F,28,9,6,2,4,0,2,3
2025,2025-09-14,Napheesa Collier,Lynx,F,26,20,6,2,1,0,2,4
2025,2025-09-14,Kayla McBride,Lynx,G,26,17,3,1,1,0,3,3
2025,2025-09-14,Courtney Williams,Lynx,G,27,11,4,4,4,1,2,1
2025,2025-09-14,Jessica Shepard,Lynx,F,17,12,8,4,1,0,0,1
2025,2025-09-14,Maria Kliundikova,Lynx,F,4,0,1,2,0,0,0,0
2025,2025-09-14,Camryn Taylor,Lynx,F,4,0,1,0,0,0,0,1
2025,2025-09-14,Anastasiia Olairi Kosu,Lynx,F,4,6,0,0,0,0,0,3
2025,2025-09-14,Natisha Hiedeman,Lynx,G,26,18,3,4,1,0,2,3
2025,2025-09-14,DiJonai Carrington,Lynx,G,11,6,0,2,1,0,0,1
2025,2025-09-14,Jaylyn Sherrod,Lynx,G,4,0,1,1,0,0,0,1
2025,2025-09-11,NaLyssa Smith,Aces,F,24,10,2,2,1,0,0,1
2025,2025-09-11,A'ja Wilson,Aces,C,33,23,19,4,2,4,1,1
2025,2025-09-11,Chelsea Gray,Aces,G,33,15,6,10,7,0,2,2
2025,2025-09-11,Jackie Young,Aces,G,31,17,5,12,1,1,3,0
2025,2025-09-11,Aaliyah Nye,Aces,G,19,6,2,2,0,0,0,1
2025,2025-09-11,Cheyenne Parker-Tyus,Aces,F,6,8,2,0,0,0,0,1
2025,2025-09-11,Kiah Stokes,Aces,C,5,0,1,0,0,0,0,0
2025,2025-09-11,Megan Gustafson,Aces,C,6,3,1,0,1,0,0,0
2025,2025-09-11,Jewell Loyd,Aces,G,27,21,3,0,1,1,0,1
2025,2025-09-11,Dana Evans,Aces,G,17,0,3,5,0,0,5,2
2025,2025-09-11,Dearica Hamby,Sparks,F,27,15,6,3,3,0,3,0
2025,2025-09-11,Azura Stevens,Sparks,F,26,5,12,2,2,0,0,1
2025,2025-09-11,Kelsey Plum,Sparks,G,34,15,4,8,2,0,5,3
2025,2025-09-11,Rae Burrell,Sparks,G,27,10,2,1,0,0,3,0
2025,2025-09-11,Sarah Ashlee Barker,Sparks,G,38,15,2,2,1,0,1,1
2025,2025-09-11,Emma Cannon,Sparks,F,7,0,1,1,1,0,1,0
2025,2025-09-11,Cameron Brink,Sparks,F,5,2,2,0,0,0,0,1
2025,2025-09-11,Sania Feagin,Sparks,F,10,4,0,2,0,0,0,3
2025,2025-09-11,Alissa Pili,Sparks,F,6,7,1,0,0,1,0,0
2025,2025-09-11,Julie Vanloo,Sparks,G,21,2,2,4,0,0,1,2
2025,2025-09-11,Breanna Stewart,Liberty,F,24,24,6,3,1,1,0,1
2025,2025-09-11,Leonie Fiebich,Liberty,F,19,5,2,0,1,0,0,1
2025,2025-09-11,Jonquel Jones,Liberty,C,19,7,3,4,0,1,0,2
2025,2025-09-11,Natasha Cloud,Liberty,G,19,2,1,1,1,0,2,0
2025,2025-09-11,Sabrina Ionescu,Liberty,G,26,11,5,11,0,0,0,3
2025,2025-09-11,Isabelle Harrison,Liberty,F,15,0,5,2,0,0,2,1
2025,2025-09-11,Stephanie Talbot,Liberty,F,10,2,0,0,0,0,2,1
2025,2025-09-11,Nyara Sabally,Liberty,F,11,4,3,0,0,1,0,1
2025,2025-09-11,Emma Meesseman,Liberty,C,16,14,6,3,1,1,2,0
2025,2025-09-11,Rebekah Gardner,Liberty,G,16,15,2,0,3,0,1,2
2025,2025-09-11,Kennedy Burke,Liberty,G,14,4,2,0,0,0,1,1
2025,2025-09-11,Marine Johannes,Liberty,G,11,3,0,2,1,0,0,1
2025,2025-09-11,Michaela Onyenwere,Sky,F,32,11,6,1,0,0,4,4
2025,2025-09-11,Kamilla Cardoso,Sky,C,36,21,5,2,1,4,1,1
2025,2025-09-11,Rachel Banham,Sky,G,33,13,3,10,1,0,3,2
2025,2025-09-11,Rebecca Allen,Sky,G,22,6,2,3,2,1,1,3
2025,2025-09-11,Kia Nurse,Sky,G,32,10,3,2,0,0,1,1
2025,2025-09-11,Maddy Westbeld,Sky,F,28,25,7,3,1,0,0,3
2025,2025-09-11,Sevgi Uzun,Sky,G,17,0,0,4,0,0,1,1
2025,2025-09-11,Alyssa Thomas,Mercury,F,13,3,2,5,1,0,1,1
2025,2025-09-11,Natasha Mack,Mercury,F,16,3,3,1,0,0,1,0
2025,2025-09-11,Satou Sabally,Mercury,F,20,14,5,5,2,0,2,1
2025,2025-09-11,Kahleah Copper,Mercury,G,17,8,0,1,0,0,1,2
2025,2025-09-11,Monique Akoa Makani,Mercury,G,17,6,5,3,1,0,1,1
2025,2025-09-11,Kathryn Westbeld,Mercury,F,20,9,3,1,1,0,2,0
2025,2025-09-11,Kalani Brown,Mercury,C,24,12,5,0,0,1,2,2
2025,2025-09-11,Sami Whitcomb,Mercury,G,13,0,0,0,0,0,2,2
2025,2025-09-11,Kitija Laksa,Mercury,G,24,8,1,1,0,0,1,4
2025,2025-09-11,Kiana Williams,Mercury,G,19,8,1,2,2,0,3,3
2025,2025-09-11,Lexi Held,Mercury,G,18,5,2,2,0,0,2,1
2025,2025-09-11,Myisha Hines-Allen,Wings,F,27,7,10,6,1,0,1,3
2025,2025-09-11,Maddy Siegrist,Wings,F,20,10,2,2,0,0,0,0
2025,2025-09-11,Grace Berger,Wings,G,16,4,0,3,1,0,1,0
2025,2025-09-11,Paige Bueckers,Wings,G,30,24,8,7,1,2,1,2
2025,2025-09-11,Haley Jones,Wings,G,22,6,2,3,1,2,3,2
2025,2025-09-11,Amy Okonkwo,Wings,F,26,20,4,0,4,0,0,1
2025,2025-09-11,Diamond Miller,Wings,F,21,4,7,2,1,1,0,3
2025,2025-09-11,Ajae Petty,Wings,F,3,0,0,0,0,0,0,0
2025,2025-09-11,Christyn Williams,Wings,G,4,2,0,0,0,0,0,1
2025,2025-09-11,Aziaha James,Wings,G,31,20,9,1,2,0,3,1
2025,2025-09-11,Janelle Salaun,Valkyries,F,30,5,11,2,1,0,0,1
2025,2025-09-11,Temi Fagbenle,Valkyries,C,27,6,4,1,2,0,2,4
2025,2025-09-11,Iliana Rupert,Valkyries,C,25,8,8,1,1,1,3,2
2025,2025-09-11,Kaila Charles,Valkyries,G,24,8,7,1,3,1,5,3
2025,2025-09-11,Veronica Burton,Valkyries,G,31,8,3,7,5,1,2,1
2025,2025-09-11,Monique Billings,Valkyries,F,15,6,1,1,1,1,0,2
2025,2025-09-11,Cecilia Zandalasini,Valkyries,F,22,8,2,0,1,0,5,1
2025,2025-09-11,Laeticia Amihere,Valkyries,F,5,3,1,0,0,0,2,0
2025,2025-09-11,Kate Martin,Valkyries,G,5,0,0,0,0,0,0,0
2025,2025-09-11,Kaitlyn Chen,Valkyries,G,5,0,0,0,0,0,0,0
2025,2025-09-11,Carla Leite,Valkyries,G,12,1,1,2,0,0,1,1
2025,2025-09-11,Bridget Carleton,Lynx,F,29,3,2,3,1,0,2,1
2025,2025-09-11,Alanna Smith,Lynx,F,18,0,1,3,2,3,1,3
2025,2025-09-11,Napheesa Collier,Lynx,F,28,19,4,2,2,0,2,0
2025,2025-09-11,Kayla McBride,Lynx,G,30,8,4,4,1,0,4,2
2025,2025-09-11,Courtney Williams,Lynx,G,29,6,5,4,3,1,2,2
2025,2025-09-11,Jessica Shepard,Lynx,F,23,11,14,3,0,0,2,0
2025,2025-09-11,Maria Kliundikova,Lynx,F,9,2,4,0,1,0,0,2
2025,2025-09-11,Camryn Taylor,Lynx,F,2,0,0,0,0,0,0,0
2025,2025-09-11,Anastasiia Olairi Kosu,Lynx,F,5,0,2,1,0,0,1,0
2025,2025-09-11,Natisha Hiedeman,Lynx,G,24,21,2,1,1,1,3,2
2025,2025-09-11,Jaylyn Sherrod,Lynx,G,2,2,1,0,1,0,0,0
2025,2025-09-10,Brionna Jones,Dream,F,16,13,2,1,1,0,1,2
2025,2025-09-10,Naz Hillmon,Dream,F,27,7,4,1,0,0,0,3
2025,2025-09-10,Allisha Gray,Dream,G,20,13,2,5,0,1,1,1
2025,2025-09-10,Rhyne Howard,Dream,G,27,15,4,4,3,1,4,3
2025,2025-09-10,Te-Hina Paopao,Dream,G,31,6,3,6,2,1,2,2
2025,2025-09-10,Nia Coffey,Dream,F,15,10,3,1,0,2,1,2
2025,2025-09-10,Sika Kone,Dream,F,1,0,0,0,0,0,0,0
2025,2025-09-10,Brittney Griner,Dream,C,21,17,4,1,0,4,0,1
2025,2025-09-10,Shatori Walker-Kimbrough,Dream,G,4,0,0,1,0,0,0,0
2025,2025-09-10,Jordin Canada,Dream,G,9,4,0,4,1,0,2,0
2025,2025-09-10,Maya Caldwell,Dream,G,29,3,9,2,0,0,2,4
2025,2025-09-10,Aneesah Morrow,Sun,F,32,11,10,0,1,0,1,2
2025,2025-09-10,Tina Charles,Sun,C,19,9,1,2,0,0,1,2
2025,2025-09-10,Lindsay Allen,Sun,G,33,4,8,1,0,0,0,1
2025,2025-09-10,Marina Mabrey,Sun,G,36,22,1,5,1,0,4,0
2025,2025-09-10,Saniya Rivers,Sun,G,36,16,3,5,1,0,2,3
2025,2025-09-10,Haley Peters,Sun,F,4,0,1,0,0,0,0,0
2025,2025-09-10,Aaliyah Edwards,Sun,F,23,4,8,1,5,0,0,3
2025,2025-09-10,Rayah Marshall,Sun,C,4,2,1,0,0,1,1,2
2025,2025-09-10,Mamignan Toure,Sun,G,13,4,2,0,2,0,1,1
2025,2025-09-09,Michaela Onyenwere,Sky,F,30,13,1,1,1,0,2,4
2025,2025-09-09,Elizabeth Williams,Sky,C,11,4,4,1,0,0,0,2
2025,2025-09-09,Kamilla Cardoso,Sky,C,33,13,13,3,0,2,3,2
2025,2025-09-09,Rachel Banham,Sky,G,34,4,3,2,0,1,4,2
2025,2025-09-09,Rebecca Allen,Sky,G,23,7,2,1,1,1,1,1
2025,2025-09-09,Maddy Westbeld,Sky,F,28,7,2,2,3,1,0,2
2025,2025-09-09,Kia Nurse,Sky,G,24,9,2,0,0,0,1,0
2025,2025-09-09,Sevgi Uzun,Sky,G,16,4,0,2,1,0,1,2
2025,2025-09-09,NaLyssa Smith,Aces,F,23,13,5,1,1,0,1,3
2025,2025-09-09,A'ja Wilson,Aces,C,25,11,5,4,1,3,1,0
2025,2025-09-09,Chelsea Gray,Aces,G,29,10,6,5,2,1,2,2
2025,2025-09-09,Jackie Young,Aces,G,27,15,3,7,2,1,1,3
2025,2025-09-09,Aaliyah Nye,Aces,G,26,2,1,2,0,0,1,4
2025,2025-09-09,Cheyenne Parker-Tyus,Aces,F,8,8,0,0,0,0,1,1
2025,2025-09-09,Kiah Stokes,Aces,C,8,0,1,0,0,1,0,0
2025,2025-09-09,Megan Gustafson,Aces,C,3,5,2,0,0,0,0,0
2025,2025-09-09,Jewell Loyd,Aces,G,30,15,3,1,2,2,0,2
2025,2025-09-09,Dana Evans,Aces,G,22,13,1,6,0,0,0,2
2025,2025-09-09,Dearica Hamby,Sparks,F,29,25,9,5,1,0,2,1
2025,2025-09-09,Azura Stevens,Sparks,F,27,8,9,3,1,0,0,1
2025,2025-09-09,Rickea Jackson,Sparks,F,20,7,1,1,0,0,0,0
2025,2025-09-09,Kelsey Plum,Sparks,G,33,17,1,5,1,0,1,3
2025,2025-09-09,Julie Allemand,Sparks,G,29,7,3,4,1,1,1,0
2025,2025-09-09,Cameron Brink,Sparks,F,15,4,6,0,2,2,1,3
2025,2025-09-09,Julie Vanloo,Sparks,G,11,0,0,0,0,0,1,2
2025,2025-09-09,Rae Burrell,Sparks,G,29,20,5,2,1,1,1,3
2025,2025-09-09,Sarah Ashlee Barker,Sparks,G,7,0,1,1,0,0,2,0
2025,2025-09-09,Alyssa Thomas,Mercury,F,22,10,11,10,2,0,3,1
2025,2025-09-09,Natasha Mack,Mercury,F,15,0,1,1,1,0,0,3
2025,2025-09-09,Satou Sabally,Mercury,F,25,24,5,1,1,0,0,2
2025,2025-09-09,Kahleah Copper,Mercury,G,19,9,4,0,0,0,1,0
2025,2025-09-09,Monique Akoa Makani,Mercury,G,15,6,1,1,0,0,2,2
2025,2025-09-09,DeWanna Bonner,Mercury,F,13,0,2,0,0,0,0,0
2025,2025-09-09,Kathryn Westbeld,Mercury,F,21,2,6,1,2,2,1,3
2025,2025-09-09,Kalani Brown,Mercury,C,14,7,5,0,0,1,0,3
2025,2025-09-09,Sami Whitcomb,Mercury,G,15,11,1,1,1,0,2,1
2025,2025-09-09,Kitija Laksa,Mercury,G,16,3,1,1,0,0,1,2
2025,2025-09-09,Kiana Williams,Mercury,G,10,7,2,1,0,0,1,0
2025,2025-09-09,Lexi Held,Mercury,G,15,4,0,3,0,0,1,1
2025,2025-09-09,Janelle Salaun,Valkyries,F,35,22,6,0,1,0,1,0
2025,2025-09-09,Temi Fagbenle,Valkyries,C,38,14,6,1,2,3,1,3
2025,2025-09-09,Iliana Rupert,Valkyries,C,17,6,3,2,1,1,1,2
2025,2025-09-09,Kaila Charles,Valkyries,G,28,12,9,2,0,0,0,4
2025,2025-09-09,Veronica Burton,Valkyries,G,34,14,2,11,1,0,3,5
2025,2025-09-09,Monique Billings,Valkyries,F,25,5,5,1,1,0,1,1
2025,2025-09-09,Cecilia Zandalasini,Valkyries,F,5,0,1,0,1,0,0,0
2025,2025-09-09,Kate Martin,Valkyries,G,13,0,3,0,0,0,0,1
2025,2025-09-09,Carla Leite,Valkyries,G,6,0,0,1,2,0,2,0
2025,2025-09-09,Nneka Ogwumike,Storm,F,32,16,8,0,1,1,1,0
2025,2025-09-09,Gabby Williams,Storm,F,23,2,1,6,1,0,2,1
2025,2025-09-09,Ezi Magbegor,Storm,F,26,6,9,0,1,3,4,3
2025,2025-09-09,Skylar Diggins,Storm,G,28,10,4,6,0,1,3,4
2025,2025-09-09,Brittney Sykes,Storm,G,37,14,3,3,1,0,1,2
2025,2025-09-09,Dominique Malonga,Storm,C,22,9,7,1,0,2,1,2
2025,2025-09-09,Erica Wheeler,Storm,G,32,17,5,2,0,0,1,4
2025,2025-09-09,Jessica Shepard,Lynx,F,30,16,7,2,2,0,1,1
2025,2025-09-09,Bridget Carleton,Lynx,F,25,4,3,2,0,1,2,3
2025,2025-09-09,Alanna Smith,Lynx,F,20,11,3,4,1,2,0,0
2025,2025-09-09,Kayla McBride,Lynx,G,24,4,0,2,1,0,1,0
2025,2025-09-09,Courtney Williams,Lynx,G,25,8,5,5,2,0,1,3
2025,2025-09-09,Maria Kliundikova,Lynx,F,16,12,7,0,0,1,1,3
2025,2025-09-09,Camryn Taylor,Lynx,F,11,3,4,1,0,0,2,2
2025,2025-09-09,Anastasiia Olairi Kosu,Lynx,F,12,6,3,1,0,2,1,3
2025,2025-09-09,Natisha Hiedeman,Lynx,G,25,6,2,4,2,0,2,0
2025,2025-09-09,Jaylyn Sherrod,Lynx,G,12,2,1,0,0,0,0,0
2025,2025-09-09,Natasha Howard,Fever,F,20,10,7,2,0,0,2,3
2025,2025-09-09,Aliyah Boston,Fever,C,29,12,8,3,2,0,0,3
2025,2025-09-09,Odyssey Sims,Fever,G,33,15,1,1,1,0,1,0
2025,2025-09-09,Kelsey Mitchell,Fever,G,26,18,1,3,0,0,3,0
2025,2025-09-09,Lexie Hull,Fever,G,26,4,5,4,1,0,1,4
2025,2025-09-09,Brianna Turner,Fever,F,12,3,5,3,0,0,1,0
2025,2025-09-09,Makayla Timpson,Fever,F,2,0,0,0,0,1,0,0
2025,2025-09-09,Damiris Dantas,Fever,C,17,10,6,0,0,0,0,0
2025,2025-09-09,Shey Peddy,Fever,G,15,3,0,3,2,0,2,0
2025,2025-09-09,Aerial Powers,Fever,G,20,8,1,0,0,0,3,2
2025,2025-09-09,Alysha Clark,Mystics,F,22,5,2,1,0,1,0,3
2025,2025-09-09,Kiki Iriafen,Mystics,F,30,16,6,2,0,0,1,1
2025,2025-09-09,Shakira Austin,Mystics,C,28,13,5,4,0,0,1,1
2025,2025-09-09,Sug Sutton,Mystics,G,27,5,3,3,0,0,3,1
2025,2025-09-09,Sonia Citron,Mystics,G,35,13,4,4,3,0,0,2
2025,2025-09-09,Emily Engstler,Mystics,F,5,0,3,3,0,1,0,1
2025,2025-09-09,Stefanie Dolson,Mystics,C,17,0,4,2,0,1,1,5
2025,2025-09-09,Madison Scott,Mystics,G,2,2,0,0,0,0,0,0
2025,2025-09-09,Lucy Olsen,Mystics,G,14,6,2,2,1,0,0,0
2025,2025-09-09,Jade Melbourne,Mystics,G,20,6,0,3,0,1,2,0
2025,2025-09-09,Breanna Stewart,Liberty,F,27,14,8,3,2,1,0,0
2025,2025-09-09,Leonie Fiebich,Liberty,F,23,3,2,0,0,0,0,4
2025,2025-09-09,Jonquel Jones,Liberty,C,29,12,11,3,1,0,2,3
2025,2025-09-09,Natasha Cloud,Liberty,G,30,11,1,5,0,0,3,3
2025,2025-09-09,Sabrina Ionescu,Liberty,G,27,6,5,9,1,0,2,0
2025,2025-09-09,Isabelle Harrison,Liberty,F,2,2,0,0,0,0,0,0
2025,2025-09-09,Stephanie Talbot,Liberty,F,3,0,0,0,0,0,0,1
2025,2025-09-09,Nyara Sabally,Liberty,F,2,0,0,0,0,0,0,0
2025,2025-09-09,Emma Meesseman,Liberty,C,20,19,3,0,1,0,1,2
2025,2025-09-09,Rebekah Gardner,Liberty,G,15,3,0,0,0,0,0,1
2025,2025-09-09,Kennedy Burke,Liberty,G,21,5,6,1,0,0,3,1
2025,2025-09-09,Marine Johannes,Liberty,G,2,0,0,0,0,0,0,0
2025,2025-09-08,Aneesah Morrow,Sun,F,31,13,14,0,1,1,4,1
2025,2025-09-08,Tina Charles,Sun,C,28,12,2,2,0,0,1,1
2025,2025-09-08,Lindsay Allen,Sun,G,28,4,1,3,0,0,1,0
2025,2025-09-08,Marina Mabrey,Sun,G,32,8,3,5,0,0,3,1
2025,2025-09-08,Saniya Rivers,Sun,G,29,16,4,2,0,1,2,3
2025,2025-09-08,Haley Peters,Sun,F,10,3,1,0,0,0,1,1
2025,2025-09-08,Aaliyah Edwards,Sun,F,15,3,5,0,2,0,1,0
2025,2025-09-08,Rayah Marshall,Sun,C,5,0,1,0,0,1,0,1
2025,2025-09-08,Mamignan Toure,Sun,G,20,3,2,3,0,0,1,2
2025,2025-09-08,Brionna Jones,Dream,F,20,8,5,1,1,0,0,1
2025,2025-09-08,Naz Hillmon,Dream,F,32,14,5,4,4,0,2,1
2025,2025-09-08,Allisha Gray,Dream,G,20,15,6,0,0,0,0,0
2025,2025-09-08,Jordin Canada,Dream,G,25,6,4,6,2,1,3,1
2025,2025-09-08,Rhyne Howard,Dream,G,31,18,5,6,2,0,1,2
2025,2025-09-08,Nia Coffey,Dream,F,10,0,3,0,0,1,0,0
2025,2025-09-08,Sika Kone,Dream,F,3,0,1,1,0,0,0,0
2025,2025-09-08,Brittney Griner,Dream,C,15,10,2,0,0,3,1,1
2025,2025-09-08,Shatori Walker-Kimbrough,Dream,G,5,0,5,0,0,0,0,0
2025,2025-09-08,Maya Caldwell,Dream,G,24,11,3,1,3,0,0,3
2025,2025-09-08,Te-Hina Paopao,Dream,G,15,5,2,4,0,0,2,1
2025,2025-09-07,Michaela Onyenwere,Sky,F,23,12,2,0,1,0,2,2
2025,2025-09-07,Elizabeth Williams,Sky,C,24,10,7,3,2,2,4,1
2025,2025-09-07,Kamilla Cardoso,Sky,C,31,10,15,3,0,1,3,2
2025,2025-09-07,Rachel Banham,Sky,G,31,12,4,3,2,0,3,1
2025,2025-09-07,Sevgi Uzun,Sky,G,32,10,3,6,1,0,2,0
2025,2025-09-07,Maddy Westbeld,Sky,F,19,2,3,2,0,0,1,1
2025,2025-09-07,Rebecca Allen,Sky,G,19,2,3,2,0,0,0,0
2025,2025-09-07,Kia Nurse,Sky,G,21,8,3,0,0,0,2,2
2025,2025-09-07,Kierstan Bell,Aces,F,12,0,1,0,1,0,3,4
2025,2025-09-07,A'ja Wilson,Aces,C,32,31,11,2,4,3,1,0
2025,2025-09-07,Megan Gustafson,Aces,C,17,4,2,0,0,1,1,3
2025,2025-09-07,Chelsea Gray,Aces,G,32,13,5,4,1,0,3,2
2025,2025-09-07,Jackie Young,Aces,G,31,20,5,9,1,0,1,0
2025,2025-09-07,Kiah Stokes,Aces,C,14,2,2,1,1,1,0,0
2025,2025-09-07,Jewell Loyd,Aces,G,28,6,0,0,4,1,1,2
2025,2025-09-07,Dana Evans,Aces,G,23,4,1,3,0,0,0,1
2025,2025-09-07,Aaliyah Nye,Aces,G,11,0,1,1,0,0,0,1
2025,2025-09-07,Myisha Hines-Allen,Wings,F,30,15,13,7,1,1,1,3
2025,2025-09-07,Maddy Siegrist,Wings,F,31,13,4,1,1,1,1,0
2025,2025-09-07,Grace Berger,Wings,G,28,7,6,4,0,0,1,1
2025,2025-09-07,Paige Bueckers,Wings,G,31,18,6,7,0,1,1,1
2025,2025-09-07,Haley Jones,Wings,G,31,6,6,5,2,1,6,4
2025,2025-09-07,Amy Okonkwo,Wings,F,19,9,4,0,0,0,2,0
2025,2025-09-07,Diamond Miller,Wings,F,8,3,1,0,0,0,2,2
2025,2025-09-07,Ajae Petty,Wings,F,3,0,1,0,0,0,0,1
2025,2025-09-07,Christyn Williams,Wings,G,9,4,2,0,0,0,0,1
2025,2025-09-07,Aziaha James,Wings,G,10,2,3,0,0,0,1,1
2025,2025-09-07,Dearica Hamby,Sparks,F,25,15,8,4,1,1,1,2
2025,2025-09-07,Azura Stevens,Sparks,F,30,13,11,2,2,0,1,3
2025,2025-09-07,Rickea Jackson,Sparks,F,22,11,3,2,0,0,1,1
2025,2025-09-07,Kelsey Plum,Sparks,G,24,12,1,2,0,0,1,2
2025,2025-09-07,Julie Allemand,Sparks,G,35,21,1,4,5,0,0,3
2025,2025-09-07,Cameron Brink,Sparks,F,15,6,9,2,0,1,0,0
2025,2025-09-07,Sania Feagin,Sparks,F,2,0,1,1,0,0,0,0
2025,2025-09-07,Alissa Pili,Sparks,F,1,0,0,0,0,0,0,0
2025,2025-09-07,Julie Vanloo,Sparks,G,5,0,1,0,0,0,1,0
2025,2025-09-07,Rae Burrell,Sparks,G,23,13,2,3,3,0,1,1
2025,2025-09-07,Sarah Ashlee Barker,Sparks,G,16,0,4,3,0,0,1,2
2025,2025-09-07,Natasha Howard,Fever,F,24,17,4,1,2,0,0,3
2025,2025-09-07,Aliyah Boston,Fever,C,32,12,11,5,1,0,1,3
2025,2025-09-07,Odyssey Sims,Fever,G,24,6,2,8,1,0,1,2
2025,2025-09-07,Kelsey Mitchell,Fever,G,25,10,0,1,2,0,3,2
2025,2025-09-07,Lexie Hull,Fever,G,20,7,0,2,1,0,0,4
2025,2025-09-07,Brianna Turner,Fever,F,8,2,1,0,0,0,1,0
2025,2025-09-07,Makayla Timpson,Fever,F,5,3,0,0,0,0,0,0
2025,2025-09-07,Damiris Dantas,Fever,C,11,9,2,0,0,0,0,1
2025,2025-09-07,Shey Peddy,Fever,G,20,13,2,0,1,0,0,0
2025,2025-09-07,Aerial Powers,Fever,G,26,15,6,4,2,1,0,5
2025,2025-09-07,Bree Hall,Fever,G,5,0,1,0,0,0,0,1
2025,2025-09-07,Alysha Clark,Mystics,F,27,7,2,1,0,0,0,3
2025,2025-09-07,Kiki Iriafen,Mystics,F,22,11,5,2,1,0,5,4
2025,2025-09-07,Shakira Austin,Mystics,C,25,11,7,1,0,2,4,4
2025,2025-09-07,Sug Sutton,Mystics,G,25,4,3,2,2,0,1,0
2025,2025-09-07,Sonia Citron,Mystics,G,32,17,2,0,1,1,7,3
2025,2025-09-07,Emily Engstler,Mystics,F,14,4,7,1,0,1,1,0
2025,2025-09-07,Stefanie Dolson,Mystics,C,15,3,2,0,0,0,1,2
2025,2025-09-07,Madison Scott,Mystics,G,3,0,0,0,0,0,0,2
2025,2025-09-07,Lucy Olsen,Mystics,G,15,4,2,1,0,1,0,1
2025,2025-09-07,Jade Melbourne,Mystics,G,22,4,0,5,1,0,2,4
2025,2025-09-06,Jessica Shepard,Lynx,F,38,12,13,3,2,1,1,2
2025,2025-09-06,Bridget Carleton,Lynx,F,27,4,4,2,1,0,0,1
2025,2025-09-06,Napheesa Collier,Lynx,F,36,20,5,2,1,1,1,3
2025,2025-09-06,Kayla McBride,Lynx,G,32,4,1,3,2,1,2,3
2025,2025-09-06,Courtney Williams,Lynx,G,33,14,8,5,0,0,3,1
2025,2025-09-06,Maria Kliundikova,Lynx,F,6,0,4,0,0,1,1,0
2025,2025-09-06,Natisha Hiedeman,Lynx,G,28,24,1,2,3,1,2,5
2025,2025-09-06,Janelle Salaun,Valkyries,F,34,15,8,2,1,0,4,3
2025,2025-09-06,Temi Fagbenle,Valkyries,C,24,6,3,0,0,0,1,3
2025,2025-09-06,Iliana Rupert,Valkyries,C,34,15,6,2,2,0,0,0
2025,2025-09-06,Kaila Charles,Valkyries,G,29,15,8,3,1,1,2,2
2025,2025-09-06,Veronica Burton,Valkyries,G,32,14,6,6,0,0,4,3
2025,2025-09-06,Monique Billings,Valkyries,F,18,5,1,0,0,1,0,2
2025,2025-09-06,Kate Martin,Valkyries,G,20,2,6,2,0,0,1,0
2025,2025-09-06,Carla Leite,Valkyries,G,9,0,0,1,0,0,0,0
2025,2025-09-06,Alyssa Thomas,Mercury,F,32,14,8,10,2,0,3,4
2025,2025-09-06,Natasha Mack,Mercury,F,22,7,9,1,0,1,1,0
2025,2025-09-06,Satou Sabally,Mercury,F,27,11,6,1,1,0,2,5
2025,2025-09-06,Kahleah Copper,Mercury,G,30,18,0,2,1,0,3,3
2025,2025-09-06,Monique Akoa Makani,Mercury,G,18,7,2,4,1,0,1,5
2025,2025-09-06,DeWanna Bonner,Mercury,F,30,9,6,2,0,0,1,2
2025,2025-09-06,Kathryn Westbeld,Mercury,F,13,3,1,0,1,0,0,1
2025,2025-09-06,Sami Whitcomb,Mercury,G,26,13,1,1,1,0,1,5
2025,2025-09-06,Lexi Held,Mercury,G,2,2,0,0,0,0,0,0
2025,2025-09-06,Aneesah Morrow,Sun,F,22,9,13,1,0,0,0,4
2025,2025-09-06,Tina Charles,Sun,C,35,22,10,2,0,2,3,1
2025,2025-09-06,Lindsay Allen,Sun,G,21,3,0,3,0,0,1,5
2025,2025-09-06,Marina Mabrey,Sun,G,38,23,5,4,2,0,4,5
2025,2025-09-06,Leila Lacan,Sun,G,25,14,1,0,1,0,3,5
2025,2025-09-06,Haley Peters,Sun,F,5,3,0,1,0,0,0,0
2025,2025-09-06,Aaliyah Edwards,Sun,F,19,4,3,0,1,0,0,1
2025,2025-09-06,Saniya Rivers,Sun,G,30,6,6,5,1,2,3,0
2025,2025-09-06,Mamignan Toure,Sun,G,7,3,1,0,0,0,0,0
2025,2025-09-05,Breanna Stewart,Liberty,F,36,24,7,4,0,5,2,2
2025,2025-09-05,Leonie Fiebich,Liberty,F,31,21,5,1,2,0,2,2
2025,2025-09-05,Jonquel Jones,Liberty,C,18,2,2,3,0,1,1,5
2025,2025-09-05,Rebekah Gardner,Liberty,G,23,4,5,1,1,0,2,3
2025,2025-09-05,Natasha Cloud,Liberty,G,31,10,7,6,0,3,2,2
2025,2025-09-05,Isabelle Harrison,Liberty,F,4,1,1,1,1,0,1,0
2025,2025-09-05,Stephanie Talbot,Liberty,F,2,0,0,0,0,0,0,0
2025,2025-09-05,Emma Meesseman,Liberty,C,24,9,4,3,0,1,1,0
2025,2025-09-05,Kennedy Burke,Liberty,G,24,13,2,2,1,0,0,2
2025,2025-09-05,Marine Johannes,Liberty,G,7,0,3,1,0,0,2,0
2025,2025-09-05,Nneka Ogwumike,Storm,F,33,20,9,1,1,0,1,1
2025,2025-09-05,Gabby Williams,Storm,F,31,7,5,3,2,0,1,3
2025,2025-09-05,Ezi Magbegor,Storm,F,31,2,6,0,0,3,1,3
2025,2025-09-05,Skylar Diggins,Storm,G,35,14,2,7,3,1,2,1
2025,2025-09-05,Brittney Sykes,Storm,G,23,11,2,2,1,0,2,2
2025,2025-09-05,Dominique Malonga,Storm,C,16,8,1,2,2,0,1,3
2025,2025-09-05,Erica Wheeler,Storm,G,22,12,1,4,1,0,0,3
2025,2025-09-05,Tiffany Mitchell,Storm,G,9,2,0,0,0,0,1,2
2025,2025-09-05,Dearica Hamby,Sparks,F,33,26,7,5,1,0,2,2
2025,2025-09-05,Azura Stevens,Sparks,F,24,3,8,1,0,0,2,1
2025,2025-09-05,Rickea Jackson,Sparks,F,35,17,1,0,1,2,0,0
2025,2025-09-05,Kelsey Plum,Sparks,G,37,20,1,3,0,0,2,3
2025,2025-09-05,Julie Allemand,Sparks,G,34,9,2,5,1,0,1,1
2025,2025-09-05,Cameron Brink,Sparks,F,9,1,3,0,0,1,0,1
2025,2025-09-05,Sania Feagin,Sparks,F,1,0,0,0,0,0,0,1
2025,2025-09-05,Alissa Pili,Sparks,F,5,6,0,0,0,0,1,2
2025,2025-09-05,Julie Vanloo,Sparks,G,6,0,2,1,0,0,0,0
2025,2025-09-05,Rae Burrell,Sparks,G,13,3,3,1,0,1,0,1
2025,2025-09-05,Sarah Ashlee Barker,Sparks,G,3,0,0,0,0,0,0,0
2025,2025-09-05,Brionna Jones,Dream,F,21,12,9,1,1,1,1,3
2025,2025-09-05,Naz Hillmon,Dream,F,34,8,9,3,0,0,0,2
2025,2025-09-05,Jordin Canada,Dream,G,31,4,3,8,1,0,2,4
2025,2025-09-05,Rhyne Howard,Dream,G,37,37,5,6,1,0,1,3
2025,2025-09-05,Te-Hina Paopao,Dream,G,21,7,1,4,0,0,0,2
2025,2025-09-05,Nia Coffey,Dream,F,6,5,2,1,0,0,0,1
2025,2025-09-05,Sika Kone,Dream,F,1,4,0,0,0,0,0,1
2025,2025-09-05,Brittney Griner,Dream,C,18,8,5,2,0,1,2,3
2025,2025-09-05,Shatori Walker-Kimbrough,Dream,G,1,0,0,0,0,0,0,0
2025,2025-09-05,Maya Caldwell,Dream,G,31,19,7,3,1,0,3,1
2025,2025-09-05,Michaela Onyenwere,Sky,F,20,18,1,1,0,0,4,3
2025,2025-09-05,Maddy Westbeld,Sky,F,15,7,4,1,0,0,1,3
2025,2025-09-05,Kamilla Cardoso,Sky,C,33,18,9,5,0,2,5,3
2025,2025-09-05,Rachel Banham,Sky,G,26,0,0,2,1,0,0,2
2025,2025-09-05,Ariel Atkins,Sky,G,25,10,1,1,1,0,5,5
2025,2025-09-05,Elizabeth Williams,Sky,C,32,13,11,4,0,1,3,1
2025,2025-09-05,Rebecca Allen,Sky,G,15,3,3,2,0,1,2,1
2025,2025-09-05,Kia Nurse,Sky,G,15,3,1,0,0,0,1,1
2025,2025-09-05,Sevgi Uzun,Sky,G,19,5,1,2,0,0,2,0
2025,2025-09-05,Natasha Howard,Fever,F,22,18,7,2,4,0,1,2
2025,2025-09-05,Aliyah Boston,Fever,C,19,11,4,5,1,0,1,4
2025,2025-09-05,Odyssey Sims,Fever,G,20,13,0,4,0,0,2,3
2025,2025-09-05,Kelsey Mitchell,Fever,G,31,20,0,8,0,0,1,3
2025,2025-09-05,Lexie Hull,Fever,G,31,9,3,1,1,0,0,3
2025,2025-09-05,Brianna Turner,Fever,F,18,2,5,1,0,0,0,3
2025,2025-09-05,Makayla Timpson,Fever,F,3,4,1,0,0,0,0,0
2025,2025-09-05,Damiris Dantas,Fever,C,21,7,1,1,0,0,1,4
2025,2025-09-05,Shey Peddy,Fever,G,14,3,1,2,1,0,3,1
2025,2025-09-05,Aerial Powers,Fever,G,22,10,1,3,2,0,0,2
2025,2025-09-04,Myisha Hines-Allen,Wings,F,37,12,11,4,1,0,4,2
2025,2025-09-04,Maddy Siegrist,Wings,F,34,16,1,1,2,0,0,2
2025,2025-09-04,Grace Berger,Wings,G,29,0,6,2,1,2,0,4
2025,2025-09-04,Paige Bueckers,Wings,G,34,27,4,6,4,0,2,3
2025,2025-09-04,Haley Jones,Wings,G,34,18,5,7,3,3,3,2
2025,2025-09-04,Amy Okonkwo,Wings,F,11,2,2,0,0,0,0,1
2025,2025-09-04,Diamond Miller,Wings,F,8,0,2,0,0,0,0,0
2025,2025-09-04,Aziaha James,Wings,G,13,5,0,1,0,0,0,3
2025,2025-09-04,Janelle Salaun,Valkyries,F,37,19,6,1,0,0,2,2
2025,2025-09-04,Temi Fagbenle,Valkyries,C,12,5,1,0,0,0,0,1
2025,2025-09-04,Iliana Rupert,Valkyries,C,30,10,1,4,1,3,1,1
2025,2025-09-04,Kaila Charles,Valkyries,G,19,0,7,3,1,0,1,3
2025,2025-09-04,Veronica Burton,Valkyries,G,24,15,3,5,0,1,2,2
2025,2025-09-04,Monique Billings,Valkyries,F,23,11,7,3,1,3,3,2
2025,2025-09-04,Laeticia Amihere,Valkyries,F,10,0,5,0,1,0,1,2
2025,2025-09-04,Kate Martin,Valkyries,G,20,9,4,1,1,0,1,1
2025,2025-09-04,Kaitlyn Chen,Valkyries,G,2,0,2,0,0,0,1,0
2025,2025-09-04,Carla Leite,Valkyries,G,22,15,2,5,0,0,3,2
2025,2025-09-04,Bridget Carleton,Lynx,F,28,9,3,1,1,0,0,2
2025,2025-09-04,Alanna Smith,Lynx,F,24,13,4,2,0,0,2,4
2025,2025-09-04,Napheesa Collier,Lynx,F,30,12,6,3,0,0,2,2
2025,2025-09-04,Kayla McBride,Lynx,G,28,10,3,6,2,0,2,1
2025,2025-09-04,Courtney Williams,Lynx,G,29,14,4,4,1,0,4,1
2025,2025-09-04,Jessica Shepard,Lynx,F,13,2,1,1,0,1,0,1
2025,2025-09-04,Maria Kliundikova,Lynx,F,7,3,0,3,0,0,0,2
2025,2025-09-04,Camryn Taylor,Lynx,F,3,0,1,0,0,0,0,0
2025,2025-09-04,Anastasiia Olairi Kosu,Lynx,F,5,2,0,0,0,0,0,0
2025,2025-09-04,Natisha Hiedeman,Lynx,G,28,22,6,5,4,0,2,1
2025,2025-09-04,Jaylyn Sherrod,Lynx,G,5,0,0,0,0,0,0,0
2025,2025-09-04,NaLyssa Smith,Aces,F,26,10,4,0,1,1,1,5
2025,2025-09-04,Kierstan Bell,Aces,F,12,5,3,2,1,0,1,0
2025,2025-09-04,A'ja Wilson,Aces,C,35,31,8,2,1,2,1,1
2025,2025-09-04,Chelsea Gray,Aces,G,34,13,2,10,0,0,4,1
2025,2025-09-04,Jackie Young,Aces,G,33,20,2,5,1,0,1,2
2025,2025-09-04,Kiah Stokes,Aces,C,2,0,1,0,0,0,0,0
2025,2025-09-04,Jewell Loyd,Aces,G,25,6,5,3,1,0,2,0
2025,2025-09-04,Dana Evans,Aces,G,19,6,2,3,1,0,1,1
2025,2025-09-04,Aaliyah Nye,Aces,G,16,6,2,0,1,1,0,1
2025,2025-09-04,Alyssa Thomas,Mercury,F,33,12,11,9,2,0,6,0
2025,2025-09-04,Natasha Mack,Mercury,F,22,8,8,2,0,3,0,1
2025,2025-09-04,Satou Sabally,Mercury,F,28,10,6,4,0,0,0,1
2025,2025-09-04,Kahleah Copper,Mercury,G,32,18,5,2,2,2,2,2
2025,2025-09-04,Monique Akoa Makani,Mercury,G,24,5,3,3,0,0,1,3
2025,2025-09-04,DeWanna Bonner,Mercury,F,27,9,4,0,2,2,0,1
2025,2025-09-04,Kathryn Westbeld,Mercury,F,10,1,1,0,0,0,0,3
2025,2025-09-04,Sami Whitcomb,Mercury,G,24,12,2,2,0,0,1,5
2025,2025-09-04,Alysha Clark,Mystics,F,33,9,0,4,2,0,1,2
2025,2025-09-04,Kiki Iriafen,Mystics,F,29,18,13,0,1,0,2,0
2025,2025-09-04,Shakira Austin,Mystics,C,27,15,10,3,1,2,1,1
2025,2025-09-04,Sug Sutton,Mystics,G,29,9,3,8,0,0,1,3
2025,2025-09-04,Sonia Citron,Mystics,G,31,7,4,1,1,1,3,1
2025,2025-09-04,Emily Engstler,Mystics,F,10,4,4,3,0,0,0,1
2025,2025-09-04,Stefanie Dolson,Mystics,C,14,0,1,1,0,0,0,0
2025,2025-09-04,Lucy Olsen,Mystics,G,12,5,2,0,0,0,0,1
2025,2025-09-04,Jade Melbourne,Mystics,G,15,2,2,1,1,0,0,1
2025,2025-09-03,Aneesah Morrow,Sun,F,5,2,1,0,0,0,1,1
2025,2025-09-03,Tina Charles,Sun,C,24,19,2,0,0,0,1,3
2025,2025-09-03,Lindsay Allen,Sun,G,29,8,4,1,1,1,3,3
2025,2025-09-03,Marina Mabrey,Sun,G,25,0,3,6,0,1,2,2
2025,2025-09-03,Leila Lacan,Sun,G,22,8,3,1,1,1,2,2
2025,2025-09-03,Haley Peters,Sun,F,12,3,5,2,0,0,1,4
2025,2025-09-03,Aaliyah Edwards,Sun,F,28,4,8,1,1,1,3,3
2025,2025-09-03,Rayah Marshall,Sun,C,12,4,4,1,1,0,1,2
2025,2025-09-03,Saniya Rivers,Sun,G,26,16,2,1,1,1,1,1
2025,2025-09-03,Mamignan Toure,Sun,G,17,0,0,1,0,0,1,2
2025,2025-09-03,Michaela Onyenwere,Sky,F,18,5,0,4,2,0,0,1
2025,2025-09-03,Angel Reese,Sky,F,31,18,13,4,4,0,4,5
2025,2025-09-03,Kamilla Cardoso,Sky,C,23,16,5,2,0,3,0,3
2025,2025-09-03,Rachel Banham,Sky,G,22,10,1,4,0,0,0,1
2025,2025-09-03,Ariel Atkins,Sky,G,29,6,6,3,0,1,1,1
2025,2025-09-03,Maddy Westbeld,Sky,F,9,4,1,1,0,0,1,0
2025,2025-09-03,Elizabeth Williams,Sky,C,18,10,1,2,1,1,2,2
2025,2025-09-03,Rebecca Allen,Sky,G,19,5,3,1,1,1,0,1
2025,2025-09-03,Kia Nurse,Sky,G,15,12,3,0,0,0,2,3
2025,2025-09-03,Sevgi Uzun,Sky,G,18,2,0,4,0,0,0,0
2025,2025-09-03,Dearica Hamby,Sparks,F,28,21,9,4,0,0,3,3
2025,2025-09-03,Azura Stevens,Sparks,F,24,5,6,1,1,3,0,1
2025,2025-09-03,Rickea Jackson,Sparks,F,36,15,3,1,1,0,3,1
2025,2025-09-03,Kelsey Plum,Sparks,G,33,18,3,7,2,0,0,1
2025,2025-09-03,Julie Allemand,Sparks,G,30,3,2,5,2,0,1,2
2025,2025-09-03,Cameron Brink,Sparks,F,11,3,3,0,1,0,4,2
2025,2025-09-03,Sania Feagin,Sparks,F,2,2,2,0,0,0,0,1
2025,2025-09-03,Alissa Pili,Sparks,F,3,2,1,0,0,0,0,0
2025,2025-09-03,Julie Vanloo,Sparks,G,3,0,0,0,1,0,0,0
2025,2025-09-03,Rae Burrell,Sparks,G,21,3,2,1,0,0,0,0
2025,2025-09-03,Sarah Ashlee Barker,Sparks,G,11,3,4,0,0,0,0,0
2025,2025-09-03,Brionna Jones,Dream,F,25,16,13,2,1,2,1,3
2025,2025-09-03,Naz Hillmon,Dream,F,34,15,7,2,0,2,1,2
2025,2025-09-03,Jordin Canada,Dream,G,36,10,3,10,4,2,2,3
2025,2025-09-03,Rhyne Howard,Dream,G,37,19,4,5,0,0,1,3
2025,2025-09-03,Te-Hina Paopao,Dream,G,16,5,1,1,2,1,0,2
2025,2025-09-03,Nia Coffey,Dream,F,6,3,1,0,0,0,1,2
2025,2025-09-03,Sika Kone,Dream,F,1,0,0,0,0,0,0,0
2025,2025-09-03,Brittney Griner,Dream,C,14,4,6,0,0,2,0,0
2025,2025-09-03,Shatori Walker-Kimbrough,Dream,G,4,0,0,0,0,0,1,1
2025,2025-09-03,Maya Caldwell,Dream,G,27,14,8,4,1,0,3,2
2025,2025-09-02,Breanna Stewart,Liberty,F,34,19,5,1,2,1,3,3
2025,2025-09-02,Leonie Fiebich,Liberty,F,26,3,0,4,1,0,1,0
2025,2025-09-02,Jonquel Jones,Liberty,C,25,5,4,1,1,1,3,2
2025,2025-09-02,Natasha Cloud,Liberty,G,36,19,5,4,2,0,3,3
2025,2025-09-02,Kennedy Burke,Liberty,G,16,0,5,1,0,0,0,1
2025,2025-09-02,Isabelle Harrison,Liberty,F,3,0,0,1,0,0,0,1
2025,2025-09-02,Emma Meesseman,Liberty,C,23,9,5,1,1,1,3,2
2025,2025-09-02,Rebekah Gardner,Liberty,G,15,0,1,1,2,0,0,2
2025,2025-09-02,Marine Johannes,Liberty,G,22,3,4,1,1,1,0,4
2025,2025-09-02,Janelle Salaun,Valkyries,F,24,10,3,0,0,0,1,2
2025,2025-09-02,Temi Fagbenle,Valkyries,C,38,16,5,2,2,0,1,3
2025,2025-09-02,Iliana Rupert,Valkyries,C,24,2,7,1,0,1,1,3
2025,2025-09-02,Kaila Charles,Valkyries,G,31,10,5,0,1,0,1,1
2025,2025-09-02,Veronica Burton,Valkyries,G,33,6,9,9,2,0,4,4
2025,2025-09-02,Monique Billings,Valkyries,F,20,5,3,0,0,0,0,1
2025,2025-09-02,Kate Martin,Valkyries,G,15,11,3,0,0,0,1,3
2025,2025-09-02,Carla Leite,Valkyries,G,16,6,0,3,0,0,4,0
2025,2025-09-02,Natasha Howard,Fever,F,18,4,3,3,0,1,2,0
2025,2025-09-02,Aliyah Boston,Fever,C,36,11,8,7,1,2,4,1
2025,2025-09-02,Odyssey Sims,Fever,G,26,5,1,2,0,0,0,0
2025,2025-09-02,Kelsey Mitchell,Fever,G,34,29,4,4,3,0,3,3
2025,2025-09-02,Lexie Hull,Fever,G,35,18,5,1,1,0,2,3
2025,2025-09-02,Brianna Turner,Fever,F,19,4,6,1,0,0,0,3
2025,2025-09-02,Damiris Dantas,Fever,C,8,2,6,2,0,0,0,0
2025,2025-09-02,Shey Peddy,Fever,G,6,0,2,0,0,0,0,2
2025,2025-09-02,Aerial Powers,Fever,G,20,6,5,5,0,0,1,3
2025,2025-09-02,Alyssa Thomas,Mercury,F,34,23,9,9,0,0,6,1
2025,2025-09-02,Natasha Mack,Mercury,F,23,4,10,0,1,1,0,1
2025,2025-09-02,Satou Sabally,Mercury,F,23,13,2,1,1,0,0,1
2025,2025-09-02,Kahleah Copper,Mercury,G,28,11,3,0,1,0,2,1
2025,2025-09-02,Monique Akoa Makani,Mercury,G,22,3,3,6,2,1,0,2
2025,2025-09-02,DeWanna Bonner,Mercury,F,25,19,4,1,0,0,1,2
2025,2025-09-02,Kathryn Westbeld,Mercury,F,16,2,3,0,0,1,0,2
2025,2025-09-02,Sami Whitcomb,Mercury,G,24,10,2,7,1,0,0,1
2025,2025-09-02,Lexi Held,Mercury,G,5,0,0,0,0,0,0,1
2025,2025-09-01,Dearica Hamby,Sparks,F,35,27,11,2,3,0,2,3
2025,2025-09-01,Azura Stevens,Sparks,F,26,3,8,2,2,0,1,1
2025,2025-09-01,Rickea Jackson,Sparks,F,32,23,2,1,0,1,3,0
2025,2025-09-01,Kelsey Plum,Sparks,G,35,14,3,7,3,0,5,0
2025,2025-09-01,Julie Allemand,Sparks,G,31,2,3,6,0,0,3,3
2025,2025-09-01,Cameron Brink,Sparks,F,13,9,5,0,0,1,2,6
2025,2025-09-01,Rae Burrell,Sparks,G,20,11,4,3,0,0,2,3
2025,2025-09-01,Sarah Ashlee Barker,Sparks,G,7,2,1,1,0,0,0,0
2025,2025-09-01,Nneka Ogwumike,Storm,F,34,21,3,4,3,0,4,3
2025,2025-09-01,Gabby Williams,Storm,F,33,8,3,2,2,0,2,3
2025,2025-09-01,Ezi Magbegor,Storm,F,31,11,5,6,0,3,2,2
2025,2025-09-01,Skylar Diggins,Storm,G,30,21,2,6,1,1,1,0
2025,2025-09-01,Brittney Sykes,Storm,G,28,7,4,2,1,0,2,2
2025,2025-09-01,Dominique Malonga,Storm,C,14,8,2,1,1,2,2,5
2025,2025-09-01,Erica Wheeler,Storm,G,23,6,4,1,1,1,1,2
2025,2025-09-01,Tiffany Mitchell,Storm,G,7,3,0,0,0,0,0,0
2025,2025-09-01,Myisha Hines-Allen,Wings,F,29,7,8,2,0,1,3,1
2025,2025-09-01,Amy Okonkwo,Wings,F,27,12,4,1,3,0,2,3
2025,2025-09-01,Maddy Siegrist,Wings,F,30,12,4,2,2,0,1,5
2025,2025-09-01,Grace Berger,Wings,G,30,2,4,4,2,0,2,1
2025,2025-09-01,Paige Bueckers,Wings,G,29,17,1,2,0,0,1,0
2025,2025-09-01,Diamond Miller,Wings,F,29,12,4,2,2,0,2,4
2025,2025-09-01,Christyn Williams,Wings,G,18,9,2,2,0,0,1,1
2025,2025-09-01,Serena Sundell,Wings,G,7,0,0,0,0,0,1,0
2025,2025-09-01,Bridget Carleton,Lynx,F,28,12,0,0,0,1,1,1
2025,2025-09-01,Alanna Smith,Lynx,F,20,4,4,4,1,0,1,5
2025,2025-09-01,Napheesa Collier,Lynx,F,23,25,3,1,0,3,0,1
2025,2025-09-01,Courtney Williams,Lynx,G,27,15,3,9,2,0,2,3
2025,2025-09-01,DiJonai Carrington,Lynx,G,10,4,1,0,1,1,1,1
2025,2025-09-01,Jessica Shepard,Lynx,F,20,8,8,2,1,0,2,1
2025,2025-09-01,Maria Kliundikova,Lynx,F,20,4,7,0,2,1,2,3
2025,2025-09-01,Camryn Taylor,Lynx,F,3,0,0,0,0,0,1,1
2025,2025-09-01,Anastasiia Olairi Kosu,Lynx,F,6,2,2,2,0,0,1,1
2025,2025-09-01,Natisha Hiedeman,Lynx,G,30,20,3,10,0,0,1,1
2025,2025-09-01,Jaylyn Sherrod,Lynx,G,12,2,1,0,0,0,1,1
2025,2025-09-01,Brionna Jones,Dream,F,30,10,11,1,2,1,1,2
2025,2025-09-01,Naz Hillmon,Dream,F,36,17,6,6,0,1,0,2
2025,2025-09-01,Allisha Gray,Dream,G,37,17,5,1,0,0,2,4
2025,2025-09-01,Rhyne Howard,Dream,G,38,23,4,3,2,0,0,4
2025,2025-09-01,Te-Hina Paopao,Dream,G,20,3,2,2,0,0,2,2
2025,2025-09-01,Nia Coffey,Dream,F,3,1,0,0,0,0,0,0
2025,2025-09-01,Sika Kone,Dream,F,1,0,0,0,0,0,0,0
2025,2025-09-01,Brittney Griner,Dream,C,10,7,4,1,0,0,0,1
2025,2025-09-01,Shatori Walker-Kimbrough,Dream,G,1,0,0,0,0,0,0,0
2025,2025-09-01,Jordin Canada,Dream,G,20,15,0,1,1,1,1,1
2025,2025-09-01,Maya Caldwell,Dream,G,4,0,1,1,0,0,0,1
2025,2025-09-01,Aneesah Morrow,Sun,F,20,6,5,1,1,1,0,1
2025,2025-09-01,Tina Charles,Sun,C,36,22,8,1,0,0,3,3
2025,2025-09-01,Lindsay Allen,Sun,G,23,5,2,5,0,0,1,1
2025,2025-09-01,Marina Mabrey,Sun,G,30,12,1,3,1,0,1,3
2025,2025-09-01,Leila Lacan,Sun,G,31,17,3,4,2,1,4,5
2025,2025-09-01,Aaliyah Edwards,Sun,F,21,4,4,1,0,2,2,2
2025,2025-09-01,Rayah Marshall,Sun,C,3,0,1,0,0,0,0,0
2025,2025-09-01,Saniya Rivers,Sun,G,28,10,2,2,2,0,0,2
2025,2025-09-01,Mamignan Toure,Sun,G,8,0,0,0,0,0,0,1
2025,2025-08-31,Natasha Howard,Fever,F,25,13,6,0,1,0,5,3
2025,2025-08-31,Aliyah Boston,Fever,C,30,4,6,3,3,0,3,0
2025,2025-08-31,Odyssey Sims,Fever,G,30,5,2,5,1,0,0,3
2025,2025-08-31,Kelsey Mitchell,Fever,G,33,14,2,3,2,0,3,2
2025,2025-08-31,Lexie Hull,Fever,G,33,8,6,1,0,0,2,2
2025,2025-08-31,Brianna Turner,Fever,F,18,2,2,0,0,1,1,1
2025,2025-08-31,Damiris Dantas,Fever,C,2,0,1,0,0,0,0,0
2025,2025-08-31,Shey Peddy,Fever,G,10,0,1,2,0,0,0,0
2025,2025-08-31,Aerial Powers,Fever,G,19,17,4,1,1,0,0,3
2025,2025-08-31,Janelle Salaun,Valkyries,F,29,10,4,2,0,0,2,2
2025,2025-08-31,Temi Fagbenle,Valkyries,C,31,6,6,2,1,0,5,5
2025,2025-08-31,Iliana Rupert,Valkyries,C,32,21,1,1,0,1,1,3
2025,2025-08-31,Kaila Charles,Valkyries,G,28,9,7,0,3,0,3,2
2025,2025-08-31,Veronica Burton,Valkyries,G,35,8,7,13,1,2,5,3
2025,2025-08-31,Laeticia Amihere,Valkyries,F,10,4,5,0,0,0,1,0
2025,2025-08-31,Kate Martin,Valkyries,G,15,10,2,0,0,0,0,1
2025,2025-08-31,Carla Leite,Valkyries,G,21,7,2,1,1,0,2,2
2025,2025-08-31,Alysha Clark,Mystics,F,20,0,4,1,0,0,1,0
2025,2025-08-31,Kiki Iriafen,Mystics,F,27,22,13,1,0,0,1,2
2025,2025-08-31,Shakira Austin,Mystics,C,22,11,7,0,0,1,0,2
2025,2025-08-31,Sug Sutton,Mystics,G,27,2,2,5,0,0,1,1
2025,2025-08-31,Sonia Citron,Mystics,G,26,12,2,3,2,0,1,3
2025,2025-08-31,Emily Engstler,Mystics,F,16,6,3,0,1,0,1,2
2025,2025-08-31,Stefanie Dolson,Mystics,C,15,10,1,3,1,1,0,1
2025,2025-08-31,Lucy Olsen,Mystics,G,25,6,6,2,4,1,3,4
2025,2025-08-31,Jade Melbourne,Mystics,G,21,9,2,5,1,0,3,1
2025,2025-08-31,Dearica Hamby,Sparks,F,35,20,12,0,2,1,2,3
2025,2025-08-31,Azura Stevens,Sparks,F,29,9,12,4,1,1,2,4
2025,2025-08-31,Rickea Jackson,Sparks,F,27,16,2,0,0,0,1,2
2025,2025-08-31,Kelsey Plum,Sparks,G,33,18,4,7,0,0,3,3
2025,2025-08-31,Julie Allemand,Sparks,G,30,4,6,3,3,0,2,1
2025,2025-08-31,Cameron Brink,Sparks,F,12,5,2,2,0,1,2,4
2025,2025-08-31,Julie Vanloo,Sparks,G,8,0,0,1,0,0,1,1
2025,2025-08-31,Rae Burrell,Sparks,G,16,6,1,2,0,0,0,0
2025,2025-08-31,Sarah Ashlee Barker,Sparks,G,9,3,1,0,0,0,0,0
2025,2025-08-30,Breanna Stewart,Liberty,F,27,14,6,3,2,0,1,2
2025,2025-08-30,Leonie Fiebich,Liberty,F,30,4,6,1,0,0,1,1
2025,2025-08-30,Jonquel Jones,Liberty,C,29,6,6,4,1,0,5,4
2025,2025-08-30,Emma Meesseman,Liberty,C,30,17,4,2,3,0,1,1
2025,2025-08-30,Natasha Cloud,Liberty,G,31,13,4,4,0,0,2,1
2025,2025-08-30,Isabelle Harrison,Liberty,F,7,2,1,0,0,0,0,1
2025,2025-08-30,Stephanie Talbot,Liberty,F,7,0,0,1,0,0,1,0
2025,2025-08-30,Rebekah Gardner,Liberty,G,8,2,1,1,1,0,1,1
2025,2025-08-30,Kennedy Burke,Liberty,G,14,1,0,1,0,1,1,0
2025,2025-08-30,Marine Johannes,Liberty,G,16,4,0,0,0,1,3,2
2025,2025-08-30,Alyssa Thomas,Mercury,F,31,14,5,9,0,0,2,1
2025,2025-08-30,Natasha Mack,Mercury,F,29,8,10,1,1,4,1,2
2025,2025-08-30,Satou Sabally,Mercury,F,26,14,2,4,3,0,2,4
2025,2025-08-30,Kahleah Copper,Mercury,G,33,22,2,0,1,0,3,2
2025,2025-08-30,Monique Akoa Makani,Mercury,G,27,5,0,4,1,0,0,1
2025,2025-08-30,DeWanna Bonner,Mercury,F,22,9,7,0,1,1,1,1
2025,2025-08-30,Kathryn Westbeld,Mercury,F,9,6,0,1,1,0,1,0
2025,2025-08-30,Sami Whitcomb,Mercury,G,19,0,3,3,1,0,2,0
2025,2025-08-30,Kiana Williams,Mercury,G,2,0,1,0,0,0,0,1
2025,2025-08-30,Lexi Held,Mercury,G,2,2,0,0,0,0,0,0
2025,2025-08-30,Michaela Onyenwere,Sky,F,25,11,2,0,0,0,3,2
2025,2025-08-30,Angel Reese,Sky,F,32,20,10,2,2,1,6,3
2025,2025-08-30,Kamilla Cardoso,Sky,C,32,9,10,2,0,2,3,4
2025,2025-08-30,Rachel Banham,Sky,G,26,5,1,4,1,0,3,1
2025,2025-08-30,Ariel Atkins,Sky,G,29,7,2,8,2,1,2,1
2025,2025-08-30,Elizabeth Williams,Sky,C,16,9,4,1,1,0,1,2
2025,2025-08-30,Rebecca Allen,Sky,G,14,2,4,0,0,0,0,1
2025,2025-08-30,Kia Nurse,Sky,G,14,4,1,1,1,0,0,2
2025,2025-08-30,Sevgi Uzun,Sky,G,13,2,3,1,1,0,1,0
2025,2025-08-30,Nneka Ogwumike,Storm,F,33,20,7,0,1,0,2,3
2025,2025-08-30,Gabby Williams,Storm,F,33,12,8,3,2,0,3,0
2025,2025-08-30,Ezi Magbegor,Storm,F,35,13,6,2,2,2,2,5
2025,2025-08-30,Skylar Diggins,Storm,G,33,12,1,6,3,0,1,3
2025,2025-08-30,Brittney Sykes,Storm,G,25,11,3,3,2,0,3,1
2025,2025-08-30,Mackenzie Holmes,Storm,F,12,0,1,1,0,0,0,2
2025,2025-08-30,Erica Wheeler,Storm,G,26,11,1,3,0,0,2,4
2025,2025-08-30,Tiffany Mitchell,Storm,G,3,0,1,0,0,0,0,0
2025,2025-08-30,Alysha Clark,Mystics,F,26,0,6,2,0,0,0,2
2025,2025-08-30,Kiki Iriafen,Mystics,F,25,9,3,2,0,0,1,1
2025,2025-08-30,Shakira Austin,Mystics,C,15,6,2,2,1,1,0,0
2025,2025-08-30,Sug Sutton,Mystics,G,25,17,0,3,0,0,1,3
2025,2025-08-30,Sonia Citron,Mystics,G,27,11,2,3,1,0,5,4
2025,2025-08-30,Emily Engstler,Mystics,F,18,0,3,2,0,0,2,3
2025,2025-08-30,Stefanie Dolson,Mystics,C,16,2,1,2,0,1,0,2
2025,2025-08-30,Madison Scott,Mystics,G,10,2,0,0,0,0,0,0
2025,2025-08-30,Lucy Olsen,Mystics,G,20,13,2,1,2,0,2,2
2025,2025-08-30,Jade Melbourne,Mystics,G,19,2,1,4,2,0,1,3
2025,2025-08-30,Janelle Salaun,Valkyries,F,29,20,6,1,0,0,4,1
2025,2025-08-30,Temi Fagbenle,Valkyries,C,19,5,3,2,0,2,2,4
2025,2025-08-30,Iliana Rupert,Valkyries,C,27,7,5,3,2,0,1,1
2025,2025-08-30,Kaila Charles,Valkyries,G,25,16,4,1,1,0,0,3
2025,2025-08-30,Veronica Burton,Valkyries,G,22,15,5,5,1,2,2,2
2025,2025-08-30,Laeticia Amihere,Valkyries,F,24,11,6,1,4,0,0,0
2025,2025-08-30,Kate Martin,Valkyries,G,21,6,2,5,1,0,0,1
2025,2025-08-30,Bree Hall,Valkyries,G,5,0,0,0,0,0,1,2
2025,2025-08-30,Kaitlyn Chen,Valkyries,G,9,0,0,1,0,0,0,1
2025,2025-08-30,Carla Leite,Valkyries,G,19,19,0,6,0,0,1,2
2025,2025-08-30,Bridget Carleton,Lynx,F,23,0,4,1,1,0,0,1
2025,2025-08-30,Alanna Smith,Lynx,F,25,18,1,1,1,1,0,0
2025,2025-08-30,Napheesa Collier,Lynx,F,27,17,9,3,2,3,0,3
2025,2025-08-30,Kayla McBride,Lynx,G,27,15,0,6,2,0,2,3
2025,2025-08-30,Courtney Williams,Lynx,G,32,15,8,4,0,0,2,0
2025,2025-08-30,Jessica Shepard,Lynx,F,15,4,7,4,0,0,2,1
2025,2025-08-30,Maria Kliundikova,Lynx,F,10,0,2,1,1,1,0,3
2025,2025-08-30,Anastasiia Olairi Kosu,Lynx,F,3,0,1,0,0,0,0,0
2025,2025-08-30,Natisha Hiedeman,Lynx,G,18,5,1,3,0,1,1,1
2025,2025-08-30,DiJonai Carrington,Lynx,G,17,18,1,3,3,0,0,2
2025,2025-08-30,Jaylyn Sherrod,Lynx,G,3,2,1,1,0,0,0,1
2025,2025-08-30,Aneesah Morrow,Sun,F,22,6,11,0,0,0,1,2
2025,2025-08-30,Tina Charles,Sun,C,30,14,8,3,0,0,0,2
2025,2025-08-30,Lindsay Allen,Sun,G,22,2,2,3,2,1,2,1
2025,2025-08-30,Marina Mabrey,Sun,G,34,14,4,2,0,0,2,3
2025,2025-08-30,Leila Lacan,Sun,G,25,6,1,5,0,1,5,2
2025,2025-08-30,Haley Peters,Sun,F,9,2,6,0,0,0,0,0
2025,2025-08-30,Aaliyah Edwards,Sun,F,21,11,5,2,0,0,1,1
2025,2025-08-30,Rayah Marshall,Sun,C,2,1,0,0,0,0,0,1
2025,2025-08-30,Saniya Rivers,Sun,G,22,6,3,0,1,0,3,1
2025,2025-08-30,Mamignan Toure,Sun,G,15,8,1,0,0,0,1,2
2025,2025-08-29,Natasha Howard,Fever,F,29,5,7,2,3,0,3,3
2025,2025-08-29,Aliyah Boston,Fever,C,37,22,11,4,6,1,4,4
2025,2025-08-29,Odyssey Sims,Fever,G,34,21,6,3,1,0,2,2
2025,2025-08-29,Kelsey Mitchell,Fever,G,35,12,2,3,0,0,4,3
2025,2025-08-29,Lexie Hull,Fever,G,27,5,5,4,2,2,0,4
2025,2025-08-29,Brianna Turner,Fever,F,13,2,3,1,0,0,0,1
2025,2025-08-29,Damiris Dantas,Fever,C,2,0,0,0,0,0,0,0
2025,2025-08-29,Shey Peddy,Fever,G,8,0,0,2,0,0,0,0
2025,2025-08-29,Aerial Powers,Fever,G,15,9,6,2,1,0,2,1
2025,2025-08-29,Dearica Hamby,Sparks,F,27,11,7,2,0,0,6,3
2025,2025-08-29,Azura Stevens,Sparks,F,31,17,6,5,2,2,1,1
2025,2025-08-29,Rickea Jackson,Sparks,F,26,8,3,0,0,0,3,1
2025,2025-08-29,Kelsey Plum,Sparks,G,34,12,3,3,1,0,6,2
2025,2025-08-29,Julie Allemand,Sparks,G,23,9,3,4,0,0,0,1
2025,2025-08-29,Cameron Brink,Sparks,F,17,4,5,0,1,2,2,2
2025,2025-08-29,Julie Vanloo,Sparks,G,17,0,1,1,2,0,1,1
2025,2025-08-29,Rae Burrell,Sparks,G,19,12,2,1,1,0,3,0
2025,2025-08-29,Sarah Ashlee Barker,Sparks,G,6,2,0,1,0,0,0,3
2025,2025-08-29,Myisha Hines-Allen,Wings,F,30,11,6,2,2,0,2,3
2025,2025-08-29,Maddy Siegrist,Wings,F,35,23,5,0,1,1,2,2
2025,2025-08-29,Diamond Miller,Wings,F,21,6,4,1,0,1,1,1
2025,2025-08-29,Grace Berger,Wings,G,33,9,3,5,0,0,1,0
2025,2025-08-29,Paige Bueckers,Wings,G,30,16,1,10,1,0,4,1
2025,2025-08-29,Amy Okonkwo,Wings,F,25,11,6,1,1,0,1,3
2025,2025-08-29,Christyn Williams,Wings,G,14,2,0,1,0,0,0,1
2025,2025-08-29,Serena Sundell,Wings,G,12,0,1,0,0,0,0,2
2025,2025-08-29,Brionna Jones,Dream,F,21,16,5,2,0,2,1,3
2025,2025-08-29,Naz Hillmon,Dream,F,30,4,5,3,0,0,2,1
2025,2025-08-29,Allisha Gray,Dream,G,36,19,4,5,1,0,0,2
2025,2025-08-29,Rhyne Howard,Dream,G,37,24,4,5,1,6,1,2
2025,2025-08-29,Te-Hina Paopao,Dream,G,27,14,6,8,2,1,2,1
2025,2025-08-29,Nia Coffey,Dream,F,10,6,3,3,1,0,1,0
2025,2025-08-29,Sika Kone,Dream,F,2,0,0,0,0,0,0,0
2025,2025-08-29,Brittney Griner,Dream,C,17,11,1,2,0,0,1,0
2025,2025-08-29,Shatori Walker-Kimbrough,Dream,G,2,0,1,0,0,1,0,0
2025,2025-08-29,Maya Caldwell,Dream,G,19,6,2,4,1,0,1,2
2025,2025-08-28,Michaela Onyenwere,Sky,F,15,6,1,2,0,1,3,0
2025,2025-08-28,Angel Reese,Sky,F,32,15,20,4,0,2,4,4
2025,2025-08-28,Kamilla Cardoso,Sky,C,32,15,7,4,1,2,2,4
2025,2025-08-28,Rachel Banham,Sky,G,25,13,3,1,1,1,4,3
2025,2025-08-28,Ariel Atkins,Sky,G,32,9,4,2,0,0,3,4
2025,2025-08-28,Elizabeth Williams,Sky,C,13,2,2,1,0,0,0,1
2025,2025-08-28,Rebecca Allen,Sky,G,6,0,0,0,0,1,0,0
2025,2025-08-28,Kia Nurse,Sky,G,29,17,1,4,2,0,3,1
2025,2025-08-28,Sevgi Uzun,Sky,G,15,2,0,1,0,0,1,3
2025,2025-08-28,Alyssa Thomas,Mercury,F,33,15,9,6,3,1,1,3
2025,2025-08-28,Natasha Mack,Mercury,F,28,10,12,3,2,5,0,1
2025,2025-08-28,Satou Sabally,Mercury,F,27,9,3,3,1,2,3,3
2025,2025-08-28,Kahleah Copper,Mercury,G,32,28,3,1,3,1,2,1
2025,2025-08-28,Monique Akoa Makani,Mercury,G,20,6,2,3,2,0,1,1
2025,2025-08-28,DeWanna Bonner,Mercury,F,29,8,2,2,5,0,1,1
2025,2025-08-28,Kathryn Westbeld,Mercury,F,10,2,3,0,0,1,0,1
2025,2025-08-28,Sami Whitcomb,Mercury,G,21,5,0,3,1,1,1,1
2025,2025-08-28,Nneka Ogwumike,Storm,F,27,12,9,1,1,0,2,1
2025,2025-08-28,Gabby Williams,Storm,F,30,16,4,3,1,2,2,3
2025,2025-08-28,Ezi Magbegor,Storm,F,31,8,7,2,0,5,0,2
2025,2025-08-28,Skylar Diggins,Storm,G,29,23,3,5,4,0,2,1
2025,2025-08-28,Brittney Sykes,Storm,G,33,8,3,5,1,1,0,2
2025,2025-08-28,Dominique Malonga,Storm,C,22,13,7,1,0,2,0,3
2025,2025-08-28,Erica Wheeler,Storm,G,19,13,2,3,3,0,2,2
2025,2025-08-28,Tiffany Mitchell,Storm,G,4,0,0,0,0,0,1,0
2025,2025-08-28,Lexie Brown,Storm,G,6,0,0,2,0,0,0,1
2025,2025-08-28,Bridget Carleton,Lynx,F,25,3,4,0,0,0,0,1
2025,2025-08-28,Alanna Smith,Lynx,F,24,8,5,3,0,2,2,4
2025,2025-08-28,Napheesa Collier,Lynx,F,35,18,9,2,1,1,3,2
2025,2025-08-28,Kayla McBride,Lynx,G,35,20,3,2,0,0,2,1
2025,2025-08-28,Courtney Williams,Lynx,G,31,18,5,10,0,0,2,3
2025,2025-08-28,Jessica Shepard,Lynx,F,11,2,4,1,0,0,3,1
2025,2025-08-28,Maria Kliundikova,Lynx,F,10,0,1,0,1,1,1,0
2025,2025-08-28,Camryn Taylor,Lynx,F,1,0,1,0,0,0,0,1
2025,2025-08-28,Anastasiia Olairi Kosu,Lynx,F,1,0,0,0,0,0,0,0
2025,2025-08-28,Natisha Hiedeman,Lynx,G,15,4,2,2,2,0,1,2
2025,2025-08-28,DiJonai Carrington,Lynx,G,13,6,3,0,1,0,0,3
2025,2025-08-28,Jaylyn Sherrod,Lynx,G,1,0,0,0,0,0,0,0
2025,2025-08-28,Alysha Clark,Mystics,F,27,2,4,4,1,0,0,4
2025,2025-08-28,Kiki Iriafen,Mystics,F,33,16,4,0,1,0,1,0
2025,2025-08-28,Shakira Austin,Mystics,C,22,7,5,2,0,1,2,1
2025,2025-08-28,Sug Sutton,Mystics,G,20,2,2,3,0,0,4,2
2025,2025-08-28,Sonia Citron,Mystics,G,32,18,3,1,1,2,1,2
2025,2025-08-28,Emily Engstler,Mystics,F,15,5,1,4,0,0,0,3
2025,2025-08-28,Stefanie Dolson,Mystics,C,10,0,2,0,1,0,0,3
2025,2025-08-28,Madison Scott,Mystics,G,3,2,0,1,0,0,0,0
2025,2025-08-28,Lucy Olsen,Mystics,G,17,9,1,2,0,0,0,2
2025,2025-08-28,Jade Melbourne,Mystics,G,20,2,0,0,0,0,2,0
2025,2025-08-28,Breanna Stewart,Liberty,F,24,12,9,1,1,0,1,3
2025,2025-08-28,Leonie Fiebich,Liberty,F,28,6,3,1,0,0,1,1
2025,2025-08-28,Emma Meesseman,Liberty,C,28,15,5,5,2,0,0,0
2025,2025-08-28,Kennedy Burke,Liberty,G,28,7,2,3,0,0,1,2
2025,2025-08-28,Marine Johannes,Liberty,G,29,14,1,5,0,0,1,0
2025,2025-08-28,Isabelle Harrison,Liberty,F,20,16,5,2,1,0,0,1
2025,2025-08-28,Stephanie Talbot,Liberty,F,26,11,7,6,2,0,2,2
2025,2025-08-28,Rebekah Gardner,Liberty,G,18,8,3,0,1,0,1,1
2025,2025-08-27,Aneesah Morrow,Sun,F,30,11,11,3,2,0,0,1
2025,2025-08-27,Tina Charles,Sun,C,27,18,5,3,0,1,1,2
2025,2025-08-27,Bria Hartley,Sun,G,26,8,3,6,1,0,2,1
2025,2025-08-27,Marina Mabrey,Sun,G,30,18,4,2,1,0,2,3
2025,2025-08-27,Leila Lacan,Sun,G,32,22,3,6,4,0,2,2
2025,2025-08-27,Haley Peters,Sun,F,4,0,0,0,0,0,0,0
2025,2025-08-27,Aaliyah Edwards,Sun,F,7,0,1,0,0,0,1,1
2025,2025-08-27,Olivia Nelson-Ododa,Sun,C,13,8,3,1,0,0,1,2
2025,2025-08-27,Lindsay Allen,Sun,G,2,0,1,0,1,0,0,0
2025,2025-08-27,Saniya Rivers,Sun,G,25,11,1,1,0,1,3,2
2025,2025-08-27,Mamignan Toure,Sun,G,5,5,0,0,0,0,0,1
2025,2025-08-27,Maddy Siegrist,Wings,F,34,15,2,3,0,0,2,3
2025,2025-08-27,Luisa Geiselsoder,Wings,C,14,4,3,1,1,0,2,2
2025,2025-08-27,Grace Berger,Wings,G,29,5,7,6,1,0,0,3
2025,2025-08-27,Aziaha James,Wings,G,33,22,5,6,1,0,1,4
2025,2025-08-27,Haley Jones,Wings,G,28,12,6,5,1,0,2,2
2025,2025-08-27,Myisha Hines-Allen,Wings,F,23,18,7,0,1,2,2,2
2025,2025-08-27,Amy Okonkwo,Wings,F,23,14,1,2,2,1,1,2
2025,2025-08-27,Diamond Miller,Wings,F,14,5,2,1,0,0,2,2
2025,2025-08-27,Serena Sundell,Wings,G,2,0,0,0,0,0,1,2
2025,2025-08-27,NaLyssa Smith,Aces,F,17,2,3,0,0,2,0,2
2025,2025-08-27,Kierstan Bell,Aces,F,21,5,2,3,1,0,1,4
2025,2025-08-27,A'ja Wilson,Aces,C,35,34,9,1,1,4,1,1
2025,2025-08-27,Chelsea Gray,Aces,G,33,14,3,5,1,0,2,2
2025,2025-08-27,Jackie Young,Aces,G,35,10,11,10,0,0,1,2
2025,2025-08-27,Kiah Stokes,Aces,C,5,0,2,0,0,0,0,0
2025,2025-08-27,Jewell Loyd,Aces,G,33,14,2,3,1,0,2,2
2025,2025-08-27,Dana Evans,Aces,G,18,2,0,4,0,0,0,0
2025,2025-08-27,Aaliyah Nye,Aces,G,3,0,0,0,0,0,0,1
2025,2025-08-27,Brionna Jones,Dream,F,30,19,6,1,2,1,1,3
2025,2025-08-27,Naz Hillmon,Dream,F,34,7,15,3,0,1,0,1
2025,2025-08-27,Allisha Gray,Dream,G,37,15,5,2,0,0,2,3
2025,2025-08-27,Rhyne Howard,Dream,G,38,19,4,7,2,0,0,2
2025,2025-08-27,Te-Hina Paopao,Dream,G,24,5,2,3,0,0,1,0
2025,2025-08-27,Nia Coffey,Dream,F,6,2,2,1,0,0,0,0
2025,2025-08-27,Brittney Griner,Dream,C,10,2,5,0,0,1,3,2
2025,2025-08-27,Maya Caldwell,Dream,G,21,6,4,3,0,0,2,1
2025,2025-08-26,Alyssa Thomas,Mercury,F,35,12,16,15,3,0,5,0
2025,2025-08-26,Natasha Mack,Mercury,F,15,4,3,0,2,1,0,1
2025,2025-08-26,Satou Sabally,Mercury,F,34,19,3,2,1,0,0,2
2025,2025-08-26,Kahleah Copper,Mercury,G,28,18,1,3,0,0,3,4
2025,2025-08-26,Monique Akoa Makani,Mercury,G,17,0,2,0,0,0,2,1
2025,2025-08-26,DeWanna Bonner,Mercury,F,26,14,5,3,1,0,1,2
2025,2025-08-26,Kathryn Westbeld,Mercury,F,12,6,0,0,0,0,0,0
2025,2025-08-26,Sami Whitcomb,Mercury,G,29,17,2,4,4,0,2,4
2025,2025-08-26,Lexi Held,Mercury,G,4,2,0,1,0,0,0,0
2025,2025-08-26,Dearica Hamby,Sparks,F,31,25,8,2,5,0,3,2
2025,2025-08-26,Azura Stevens,Sparks,F,25,5,4,3,0,0,2,1
2025,2025-08-26,Rickea Jackson,Sparks,F,27,21,3,1,1,1,3,1
2025,2025-08-26,Kelsey Plum,Sparks,G,37,20,0,4,1,0,2,3
2025,2025-08-26,Julie Allemand,Sparks,G,34,0,4,6,0,0,2,2
2025,2025-08-26,Cameron Brink,Sparks,F,14,4,5,2,0,1,2,4
2025,2025-08-26,Julie Vanloo,Sparks,G,9,0,0,1,0,0,0,2
2025,2025-08-26,Rae Burrell,Sparks,G,23,9,5,0,1,1,2,3
2025,2025-08-26,Nneka Ogwumike,Storm,F,26,17,2,0,1,0,2,3
2025,2025-08-26,Gabby Williams,Storm,F,18,2,1,1,1,0,1,1
2025,2025-08-26,Ezi Magbegor,Storm,F,23,8,2,2,0,3,1,3
2025,2025-08-26,Skylar Diggins,Storm,G,25,6,1,8,0,4,4,1
2025,2025-08-26,Brittney Sykes,Storm,G,27,12,3,3,0,0,3,2
2025,2025-08-26,Mackenzie Holmes,Storm,F,6,4,1,0,3,0,0,1
2025,2025-08-26,Dominique Malonga,Storm,C,24,8,6,2,0,2,1,2
2025,2025-08-26,Erica Wheeler,Storm,G,22,6,3,1,0,0,0,2
2025,2025-08-26,Tiffany Mitchell,Storm,G,17,5,1,0,0,0,0,0
2025,2025-08-26,Lexie Brown,Storm,G,6,2,0,3,1,0,0,0
2025,2025-08-26,Zia Cooke,Storm,G,5,5,1,1,0,0,1,0
2025,2025-08-26,Natasha Howard,Fever,F,22,6,5,6,1,1,1,0
2025,2025-08-26,Aliyah Boston,Fever,C,27,27,9,3,2,0,1,2
2025,2025-08-26,Odyssey Sims,Fever,G,28,22,3,6,1,0,2,3
2025,2025-08-26,Kelsey Mitchell,Fever,G,30,21,0,2,1,0,2,2
2025,2025-08-26,Lexie Hull,Fever,G,23,5,9,1,1,0,1,0
2025,2025-08-26,Brianna Turner,Fever,F,18,4,4,1,0,1,0,2
2025,2025-08-26,Makayla Timpson,Fever,F,4,2,0,0,0,0,0,1
2025,2025-08-26,Damiris Dantas,Fever,C,13,4,2,1,0,0,2,1
2025,2025-08-26,Shey Peddy,Fever,G,15,2,1,1,0,0,0,1
2025,2025-08-26,Aerial Powers,Fever,G,20,2,9,1,1,0,2,1
2025,2025-08-25,NaLyssa Smith,Aces,F,28,10,3,0,0,2,1,4
2025,2025-08-25,Kierstan Bell,Aces,F,7,2,0,0,0,1,0,2
2025,2025-08-25,A'ja Wilson,Aces,C,35,18,9,3,1,2,4,3
2025,2025-08-25,Chelsea Gray,Aces,G,36,14,4,7,1,0,4,3
2025,2025-08-25,Jackie Young,Aces,G,35,22,3,7,3,2,2,0
2025,2025-08-25,Megan Gustafson,Aces,C,10,3,1,1,0,0,0,3
2025,2025-08-25,Jewell Loyd,Aces,G,29,2,2,1,3,1,0,1
2025,2025-08-25,Dana Evans,Aces,G,18,8,2,1,1,0,1,2
2025,2025-08-25,Aaliyah Nye,Aces,G,3,0,0,0,0,0,0,0
2025,2025-08-25,Michaela Onyenwere,Sky,F,23,5,0,1,0,0,3,2
2025,2025-08-25,Angel Reese,Sky,F,37,10,17,4,3,1,3,3
2025,2025-08-25,Kamilla Cardoso,Sky,C,26,19,10,2,0,1,3,4
2025,2025-08-25,Rachel Banham,Sky,G,26,3,3,3,0,1,1,2
2025,2025-08-25,Ariel Atkins,Sky,G,34,30,4,7,0,1,3,4
2025,2025-08-25,Elizabeth Williams,Sky,C,16,6,5,0,0,0,2,1
2025,2025-08-25,Rebecca Allen,Sky,G,9,0,1,0,1,0,1,1
2025,2025-08-25,Kia Nurse,Sky,G,20,1,1,2,0,0,0,1
2025,2025-08-25,Hailey Van Lith,Sky,G,4,0,0,1,0,0,0,0
2025,2025-08-25,Sevgi Uzun,Sky,G,6,0,1,0,0,0,2,1
2025,2025-08-25,Aneesah Morrow,Sun,F,26,18,15,0,0,0,1,0
2025,2025-08-25,Tina Charles,Sun,C,28,13,3,1,1,0,0,2
2025,2025-08-25,Bria Hartley,Sun,G,33,3,4,4,1,0,2,2
2025,2025-08-25,Marina Mabrey,Sun,G,36,16,2,5,1,0,2,5
2025,2025-08-25,Saniya Rivers,Sun,G,18,3,1,1,1,0,1,1
2025,2025-08-25,Aaliyah Edwards,Sun,F,15,2,4,2,0,0,1,2
2025,2025-08-25,Olivia Nelson-Ododa,Sun,C,12,2,2,0,1,0,1,1
2025,2025-08-25,Leila Lacan,Sun,G,31,22,3,3,2,0,4,5
2025,2025-08-25,Mamignan Toure,Sun,G,3,0,0,0,0,0,0,0
2025,2025-08-25,Breanna Stewart,Liberty,F,21,19,5,0,0,1,2,2
2025,2025-08-25,Leonie Fiebich,Liberty,F,31,7,1,2,2,0,1,5
2025,2025-08-25,Jonquel Jones,Liberty,C,33,18,11,6,1,0,1,3
2025,2025-08-25,Kennedy Burke,Liberty,G,30,14,2,2,0,0,1,1
2025,2025-08-25,Sabrina Ionescu,Liberty,G,34,11,7,9,1,1,4,1
2025,2025-08-25,Stephanie Talbot,Liberty,F,7,0,1,2,0,0,0,0
2025,2025-08-25,Emma Meesseman,Liberty,C,21,10,2,1,0,1,2,1
2025,2025-08-25,Rebekah Gardner,Liberty,G,5,0,0,1,0,1,0,2
2025,2025-08-25,Marine Johannes,Liberty,G,16,2,1,2,0,0,3,2
2025,2025-08-24,Natasha Howard,Fever,F,24,10,8,3,0,0,1,4
2025,2025-08-24,Aliyah Boston,Fever,C,34,14,7,5,1,1,2,1
2025,2025-08-24,Odyssey Sims,Fever,G,20,3,0,2,1,0,1,0
2025,2025-08-24,Kelsey Mitchell,Fever,G,33,26,1,2,0,1,2,2
2025,2025-08-24,Lexie Hull,Fever,G,33,6,1,4,2,0,1,3
2025,2025-08-24,Brianna Turner,Fever,F,13,2,1,0,0,1,0,2
2025,2025-08-24,Makayla Timpson,Fever,F,2,2,0,0,0,0,0,0
2025,2025-08-24,Damiris Dantas,Fever,C,7,0,2,1,1,0,1,2
2025,2025-08-24,Shey Peddy,Fever,G,18,16,0,1,0,0,1,3
2025,2025-08-24,Aerial Powers,Fever,G,18,5,5,3,0,0,3,2
2025,2025-08-24,Bridget Carleton,Lynx,F,31,7,4,1,0,0,1,3
2025,2025-08-24,Alanna Smith,Lynx,F,24,8,3,2,1,0,4,4
2025,2025-08-24,Napheesa Collier,Lynx,F,31,32,9,2,2,0,3,3
2025,2025-08-24,Kayla McBride,Lynx,G,31,13,4,4,1,0,1,0
2025,2025-08-24,Courtney Williams,Lynx,G,27,14,2,10,1,1,0,3
2025,2025-08-24,Jessica Shepard,Lynx,F,10,0,1,3,0,0,2,1
2025,2025-08-24,Maria Kliundikova,Lynx,F,14,13,3,2,0,1,1,0
2025,2025-08-24,Camryn Taylor,Lynx,F,1,0,0,0,0,0,0,0
2025,2025-08-24,Anastasiia Olairi Kosu,Lynx,F,1,0,0,0,0,0,0,0
2025,2025-08-24,Natisha Hiedeman,Lynx,G,13,5,3,3,1,0,1,2
2025,2025-08-24,DiJonai Carrington,Lynx,G,15,5,1,0,0,1,1,3
2025,2025-08-24,Jaylyn Sherrod,Lynx,G,1,0,0,1,0,0,0,0
2025,2025-08-24,Janelle Salaun,Valkyries,F,25,9,9,2,0,0,0,1
2025,2025-08-24,Temi Fagbenle,Valkyries,C,36,9,9,3,1,1,4,3
2025,2025-08-24,Iliana Rupert,Valkyries,C,36,17,6,2,0,1,0,3
2025,2025-08-24,Kaila Charles,Valkyries,G,34,16,6,2,0,0,3,3
2025,2025-08-24,Veronica Burton,Valkyries,G,39,25,5,13,0,4,3,3
2025,2025-08-24,Laeticia Amihere,Valkyries,F,7,0,0,0,0,1,0,0
2025,2025-08-24,Kate Martin,Valkyries,G,17,12,5,2,1,0,2,1
2025,2025-08-24,Kaitlyn Chen,Valkyries,G,5,2,1,0,0,0,0,0
2025,2025-08-24,Maddy Siegrist,Wings,F,36,16,5,1,3,1,0,1
2025,2025-08-24,Luisa Geiselsoder,Wings,C,19,3,4,0,2,0,1,1
2025,2025-08-24,Grace Berger,Wings,G,27,11,3,4,0,1,0,2
2025,2025-08-24,Paige Bueckers,Wings,G,34,9,1,9,1,0,1,5
2025,2025-08-24,Haley Jones,Wings,G,18,15,3,1,1,2,0,1
2025,2025-08-24,Myisha Hines-Allen,Wings,F,29,15,8,1,0,0,1,4
2025,2025-08-24,Amy Okonkwo,Wings,F,17,12,3,2,1,0,0,0
2025,2025-08-24,Diamond Miller,Wings,F,11,0,1,3,0,1,0,1
2025,2025-08-24,Aziaha James,Wings,G,9,0,2,0,0,0,0,2
2025,2025-08-24,Nneka Ogwumike,Storm,F,32,30,6,2,0,0,2,0
2025,2025-08-24,Gabby Williams,Storm,F,32,10,2,3,5,1,2,1
2025,2025-08-24,Ezi Magbegor,Storm,F,20,6,6,1,0,2,1,5
2025,2025-08-24,Skylar Diggins,Storm,G,34,10,2,11,2,0,1,3
2025,2025-08-24,Brittney Sykes,Storm,G,30,10,3,1,2,1,3,2
2025,2025-08-24,Dominique Malonga,Storm,C,28,17,10,1,3,1,1,4
2025,2025-08-24,Erica Wheeler,Storm,G,17,1,2,4,0,0,0,0
2025,2025-08-24,Tiffany Mitchell,Storm,G,7,0,0,0,0,0,1,0
2025,2025-08-24,Alysha Clark,Mystics,F,17,3,4,0,0,0,1,1
2025,2025-08-24,Kiki Iriafen,Mystics,F,27,12,6,0,0,0,3,0
2025,2025-08-24,Shakira Austin,Mystics,C,26,30,5,1,1,4,5,1
2025,2025-08-24,Sug Sutton,Mystics,G,35,8,3,9,0,0,3,1
2025,2025-08-24,Sonia Citron,Mystics,G,36,14,6,1,4,0,5,0
2025,2025-08-24,Emily Engstler,Mystics,F,9,0,1,0,1,0,0,0
2025,2025-08-24,Stefanie Dolson,Mystics,C,18,11,5,3,0,1,0,1
2025,2025-08-24,Lucy Olsen,Mystics,G,3,0,0,0,0,0,0,0
2025,2025-08-24,Jade Melbourne,Mystics,G,30,4,4,5,0,0,2,3
2025,2025-08-23,Aneesah Morrow,Sun,F,24,7,5,1,2,1,2,2
2025,2025-08-23,Tina Charles,Sun,C,31,23,10,2,0,1,1,3
2025,2025-08-23,Bria Hartley,Sun,G,32,23,2,4,0,0,3,4
2025,2025-08-23,Marina Mabrey,Sun,G,37,20,4,8,2,0,2,3
2025,2025-08-23,Leila Lacan,Sun,G,20,6,0,4,1,0,0,4
2025,2025-08-23,Aaliyah Edwards,Sun,F,16,0,3,1,1,2,0,0
2025,2025-08-23,Olivia Nelson-Ododa,Sun,C,8,0,1,0,0,0,0,1
2025,2025-08-23,Saniya Rivers,Sun,G,27,13,3,3,3,0,0,1
2025,2025-08-23,Mamignan Toure,Sun,G,4,2,0,1,1,0,0,0
2025,2025-08-23,Michaela Onyenwere,Sky,F,13,3,0,2,0,0,0,1
2025,2025-08-23,Angel Reese,Sky,F,31,11,11,5,0,0,2,3
2025,2025-08-23,Kamilla Cardoso,Sky,C,34,18,7,5,0,0,6,3
2025,2025-08-23,Rachel Banham,Sky,G,23,8,0,3,0,0,2,1
2025,2025-08-23,Ariel Atkins,Sky,G,29,12,6,3,1,0,2,3
2025,2025-08-23,Elizabeth Williams,Sky,C,15,4,1,1,1,1,0,0
2025,2025-08-23,Rebecca Allen,Sky,G,11,3,1,1,2,0,1,1
2025,2025-08-23,Kia Nurse,Sky,G,18,19,2,0,0,0,0,0
2025,2025-08-23,Hailey Van Lith,Sky,G,4,0,1,2,0,0,1,0
2025,2025-08-23,Sevgi Uzun,Sky,G,22,6,3,3,0,0,3,4
2025,2025-08-23,NaLyssa Smith,Aces,F,19,8,2,2,0,0,1,4
2025,2025-08-23,Kierstan Bell,Aces,F,23,3,2,2,0,0,1,0
2025,2025-08-23,A'ja Wilson,Aces,C,33,36,13,1,2,2,3,4
2025,2025-08-23,Chelsea Gray,Aces,G,34,5,6,8,1,2,2,3
2025,2025-08-23,Jackie Young,Aces,G,31,10,6,8,0,1,2,1
2025,2025-08-23,Kiah Stokes,Aces,C,2,0,0,0,0,0,0,0
2025,2025-08-23,Megan Gustafson,Aces,C,7,0,0,0,0,0,0,3
2025,2025-08-23,Jewell Loyd,Aces,G,27,8,2,3,3,0,1,2
2025,2025-08-23,Dana Evans,Aces,G,24,21,3,3,0,1,0,0
2025,2025-08-23,Aaliyah Nye,Aces,G,2,0,0,0,0,0,1,1
2025,2025-08-23,Alysha Clark,Mystics,F,26,6,5,0,1,0,0,1
2025,2025-08-23,Kiki Iriafen,Mystics,F,26,21,15,3,0,0,5,1
2025,2025-08-23,Shakira Austin,Mystics,C,24,18,4,3,0,1,0,4
2025,2025-08-23,Sug Sutton,Mystics,G,27,4,2,3,0,0,3,1
2025,2025-08-23,Sonia Citron,Mystics,G,28,13,1,3,1,0,1,3
2025,2025-08-23,Emily Engstler,Mystics,F,18,8,3,2,1,0,1,0
2025,2025-08-23,Stefanie Dolson,Mystics,C,10,1,3,0,1,0,0,1
2025,2025-08-23,Madison Scott,Mystics,G,3,2,0,0,1,0,0,1
2025,2025-08-23,Lucy Olsen,Mystics,G,13,6,0,1,1,0,0,0
2025,2025-08-23,Jade Melbourne,Mystics,G,24,2,1,6,0,0,2,1
2025,2025-08-23,Leonie Fiebich,Liberty,F,24,8,2,3,0,0,0,1
2025,2025-08-23,Jonquel Jones,Liberty,C,29,11,8,1,0,1,4,2
2025,2025-08-23,Emma Meesseman,Liberty,C,26,10,4,4,0,0,2,0
2025,2025-08-23,Natasha Cloud,Liberty,G,25,7,3,1,2,1,3,1
2025,2025-08-23,Marine Johannes,Liberty,G,24,7,3,5,0,1,1,1
2025,2025-08-23,Stephanie Talbot,Liberty,F,22,2,2,3,0,0,1,1
2025,2025-08-23,Rebekah Gardner,Liberty,G,22,4,6,1,0,0,2,3
2025,2025-08-23,Kennedy Burke,Liberty,G,27,13,5,1,0,0,0,1
2025,2025-08-23,Brionna Jones,Dream,F,25,17,8,2,1,0,0,4
2025,2025-08-23,Naz Hillmon,Dream,F,27,11,8,4,0,0,1,3
2025,2025-08-23,Allisha Gray,Dream,G,32,19,4,2,0,0,1,2
2025,2025-08-23,Rhyne Howard,Dream,G,37,9,8,6,2,0,0,0
2025,2025-08-23,Te-Hina Paopao,Dream,G,24,9,1,3,1,0,1,0
2025,2025-08-23,Nia Coffey,Dream,F,13,2,2,1,0,0,1,1
2025,2025-08-23,Sika Kone,Dream,F,1,0,0,0,0,0,0,0
2025,2025-08-23,Brittney Griner,Dream,C,15,4,2,1,0,0,1,2
2025,2025-08-23,Shatori Walker-Kimbrough,Dream,G,2,0,2,1,0,0,0,0
2025,2025-08-23,Maya Caldwell,Dream,G,25,7,7,0,2,0,0,0
2025,2025-08-22,Janelle Salaun,Valkyries,F,29,15,2,1,1,0,1,0
2025,2025-08-22,Temi Fagbenle,Valkyries,C,16,4,0,1,1,1,0,1
2025,2025-08-22,Iliana Rupert,Valkyries,C,26,9,5,2,0,2,0,3
2025,2025-08-22,Tiffany Hayes,Valkyries,G,21,5,1,3,0,0,1,4
2025,2025-08-22,Veronica Burton,Valkyries,G,25,11,5,8,1,2,2,0
2025,2025-08-22,Laeticia Amihere,Valkyries,F,22,6,8,0,0,0,0,1
2025,2025-08-22,Kaila Charles,Valkyries,G,26,9,5,0,3,0,0,3
2025,2025-08-22,Kate Martin,Valkyries,G,12,7,4,2,0,0,0,1
2025,2025-08-22,Kaitlyn Chen,Valkyries,G,7,0,0,0,0,0,2,0
2025,2025-08-22,Carla Leite,Valkyries,G,16,6,1,3,1,0,0,1
2025,2025-08-22,Alyssa Thomas,Mercury,F,37,13,12,16,0,2,4,1
2025,2025-08-22,Natasha Mack,Mercury,F,13,3,4,0,0,2,0,1
2025,2025-08-22,Satou Sabally,Mercury,F,27,12,5,2,1,0,3,4
2025,2025-08-22,Kahleah Copper,Mercury,G,29,12,4,1,3,0,2,3
2025,2025-08-22,Monique Akoa Makani,Mercury,G,28,18,1,0,0,0,2,4
2025,2025-08-22,DeWanna Bonner,Mercury,F,24,14,6,2,0,0,0,2
2025,2025-08-22,Kathryn Westbeld,Mercury,F,13,3,0,1,0,0,0,0
2025,2025-08-22,Kalani Brown,Mercury,C,2,0,0,0,0,0,0,0
2025,2025-08-22,Sami Whitcomb,Mercury,G,17,6,1,3,0,1,1,3
2025,2025-08-22,Kitija Laksa,Mercury,G,2,0,0,0,0,1,0,0
2025,2025-08-22,Kiana Williams,Mercury,G,2,0,0,0,0,0,0,0
2025,2025-08-22,Lexi Held,Mercury,G,6,0,0,0,0,0,1,1
2025,2025-08-22,Jessica Shepard,Lynx,F,40,22,11,10,0,0,0,0
2025,2025-08-22,Bridget Carleton,Lynx,F,33,7,5,0,2,0,0,1
2025,2025-08-22,Alanna Smith,Lynx,F,25,8,3,5,0,1,2,3
2025,2025-08-22,Kayla McBride,Lynx,G,33,29,2,6,2,0,1,1
2025,2025-08-22,Courtney Williams,Lynx,G,13,2,4,1,0,0,1,2
2025,2025-08-22,Maria Kliundikova,Lynx,F,15,6,3,1,2,0,0,1
2025,2025-08-22,Natisha Hiedeman,Lynx,G,27,17,2,0,1,0,2,2
2025,2025-08-22,DiJonai Carrington,Lynx,G,14,4,0,2,1,0,2,3
2025,2025-08-22,Natasha Howard,Fever,F,20,8,4,1,0,0,3,4
2025,2025-08-22,Aliyah Boston,Fever,C,32,15,6,2,2,0,2,2
2025,2025-08-22,Odyssey Sims,Fever,G,21,4,1,5,1,0,1,1
2025,2025-08-22,Kelsey Mitchell,Fever,G,35,27,0,5,0,0,2,4
2025,2025-08-22,Lexie Hull,Fever,G,38,23,4,2,2,0,1,4
2025,2025-08-22,Brianna Turner,Fever,F,21,0,5,4,0,0,1,2
2025,2025-08-22,Makayla Timpson,Fever,F,3,0,0,0,0,0,0,1
2025,2025-08-22,Damiris Dantas,Fever,C,10,3,3,1,0,0,0,0
2025,2025-08-22,Shey Peddy,Fever,G,22,10,0,4,0,0,3,0
2025,2025-08-22,Nneka Ogwumike,Storm,F,22,4,3,4,2,0,2,0
2025,2025-08-22,Gabby Williams,Storm,F,21,9,5,1,0,1,0,0
2025,2025-08-22,Ezi Magbegor,Storm,F,21,6,6,1,1,0,0,3
2025,2025-08-22,Skylar Diggins,Storm,G,19,6,3,5,1,1,1,3
2025,2025-08-22,Brittney Sykes,Storm,G,22,8,1,5,0,0,3,1
2025,2025-08-22,Mackenzie Holmes,Storm,F,5,2,1,0,0,0,0,0
2025,2025-08-22,Dominique Malonga,Storm,C,30,22,9,2,0,3,1,2
2025,2025-08-22,Erica Wheeler,Storm,G,20,17,0,4,2,0,0,2
2025,2025-08-22,Tiffany Mitchell,Storm,G,21,11,0,1,1,1,1,1
2025,2025-08-22,Lexie Brown,Storm,G,12,5,2,2,0,1,0,0
2025,2025-08-22,Zia Cooke,Storm,G,7,5,0,0,1,0,0,0
2025,2025-08-22,Maddy Siegrist,Wings,F,29,12,5,0,0,0,1,2
2025,2025-08-22,Luisa Geiselsoder,Wings,C,24,3,7,2,1,0,3,3
2025,2025-08-22,Grace Berger,Wings,G,31,4,4,3,0,0,2,4
2025,2025-08-22,Paige Bueckers,Wings,G,22,11,2,0,1,0,1,1
2025,2025-08-22,Haley Jones,Wings,G,24,2,10,2,0,0,3,1
2025,2025-08-22,Myisha Hines-Allen,Wings,F,17,5,5,1,1,0,3,2
2025,2025-08-22,Amy Okonkwo,Wings,F,9,8,1,0,0,0,1,1
2025,2025-08-22,Diamond Miller,Wings,F,23,8,2,1,0,0,1,3
2025,2025-08-22,Aziaha James,Wings,G,21,7,0,0,0,0,1,3
2025,2025-08-21,Alyssa Thomas,Mercury,F,30,17,11,6,2,0,3,5
2025,2025-08-21,Natasha Mack,Mercury,F,19,3,10,0,0,1,0,1
2025,2025-08-21,Satou Sabally,Mercury,F,25,15,3,2,0,0,2,0
2025,2025-08-21,Kahleah Copper,Mercury,G,20,6,2,1,0,0,2,2
2025,2025-08-21,Monique Akoa Makani,Mercury,G,25,9,6,1,0,0,2,2
2025,2025-08-21,DeWanna Bonner,Mercury,F,19,2,1,0,0,0,1,0
2025,2025-08-21,Kathryn Westbeld,Mercury,F,19,2,5,0,0,0,0,0
2025,2025-08-21,Kalani Brown,Mercury,C,5,2,3,0,0,1,0,0
2025,2025-08-21,Sami Whitcomb,Mercury,G,16,3,2,1,0,0,0,0
2025,2025-08-21,Kitija Laksa,Mercury,G,7,0,0,0,0,0,0,0
2025,2025-08-21,Kiana Williams,Mercury,G,5,0,0,0,0,0,1,0
2025,2025-08-21,Lexi Held,Mercury,G,11,2,0,1,0,0,2,0
2025,2025-08-21,NaLyssa Smith,Aces,F,23,12,5,2,0,0,0,1
2025,2025-08-21,Kierstan Bell,Aces,F,22,6,1,3,1,1,0,1
2025,2025-08-21,A'ja Wilson,Aces,C,30,19,13,1,1,1,1,1
2025,2025-08-21,Chelsea Gray,Aces,G,33,12,3,4,2,0,1,1
2025,2025-08-21,Jackie Young,Aces,G,27,12,5,5,1,2,2,1
2025,2025-08-21,Kiah Stokes,Aces,C,7,0,3,0,0,0,0,1
2025,2025-08-21,Megan Gustafson,Aces,C,3,0,2,0,0,0,0,0
2025,2025-08-21,Jewell Loyd,Aces,G,26,5,3,3,2,0,0,2
2025,2025-08-21,Dana Evans,Aces,G,19,17,1,0,1,0,0,1
2025,2025-08-21,Aaliyah Nye,Aces,G,10,0,1,0,1,0,0,0
2025,2025-08-21,Jessica Shepard,Lynx,F,32,15,16,4,1,0,3,0
2025,2025-08-21,Bridget Carleton,Lynx,F,35,16,6,2,1,0,0,3
2025,2025-08-21,Alanna Smith,Lynx,F,37,10,6,1,3,2,2,4
2025,2025-08-21,Kayla McBride,Lynx,G,33,15,0,4,2,0,4,2
2025,2025-08-21,Courtney Williams,Lynx,G,27,6,5,9,0,0,5,1
2025,2025-08-21,Maria Kliundikova,Lynx,F,10,4,5,0,0,0,1,1
2025,2025-08-21,Natisha Hiedeman,Lynx,G,14,4,1,0,0,0,2,0
2025,2025-08-21,DiJonai Carrington,Lynx,G,10,3,3,0,0,0,1,2
2025,2025-08-21,Jaylyn Sherrod,Lynx,G,1,0,0,0,0,0,0,0
2025,2025-08-21,Brionna Jones,Dream,F,25,8,3,2,2,4,0,1
2025,2025-08-21,Naz Hillmon,Dream,F,31,2,9,3,1,0,2,0
2025,2025-08-21,Allisha Gray,Dream,G,31,27,4,2,3,2,0,2
2025,2025-08-21,Rhyne Howard,Dream,G,37,16,4,3,2,0,2,2
2025,2025-08-21,Te-Hina Paopao,Dream,G,30,8,3,4,2,0,2,0
2025,2025-08-21,Nia Coffey,Dream,F,5,0,1,1,0,2,0,1
2025,2025-08-21,Brittney Griner,Dream,C,17,6,8,0,1,0,2,3
2025,2025-08-21,Shatori Walker-Kimbrough,Dream,G,6,0,0,1,1,0,0,0
2025,2025-08-21,Maya Caldwell,Dream,G,18,8,2,2,0,0,1,0
2025,2025-08-21,Kiki Iriafen,Mystics,F,27,13,10,1,0,1,3,3
2025,2025-08-21,Shakira Austin,Mystics,C,20,6,5,0,1,1,2,1
2025,2025-08-21,Sug Sutton,Mystics,G,29,4,1,6,0,0,3,1
2025,2025-08-21,Sonia Citron,Mystics,G,31,15,1,1,1,1,4,1
2025,2025-08-21,Jade Melbourne,Mystics,G,22,4,2,1,1,0,2,1
2025,2025-08-21,Alysha Clark,Mystics,F,25,0,3,1,0,0,0,2
2025,2025-08-21,Emily Engstler,Mystics,F,14,5,1,0,1,2,1,3
2025,2025-08-21,Stefanie Dolson,Mystics,C,17,7,2,1,0,0,0,3
2025,2025-08-21,Madison Scott,Mystics,G,2,0,0,0,0,0,0,0
2025,2025-08-21,Lucy Olsen,Mystics,G,13,2,2,2,1,0,1,0
2025,2025-08-21,Aneesah Morrow,Sun,F,24,6,8,1,2,0,2,3
2025,2025-08-21,Tina Charles,Sun,C,22,21,6,0,2,0,0,1
2025,2025-08-21,Bria Hartley,Sun,G,17,3,0,3,1,0,2,2
2025,2025-08-21,Marina Mabrey,Sun,G,37,7,7,5,2,0,1,1
2025,2025-08-21,Leila Lacan,Sun,G,38,5,3,5,5,0,2,5
2025,2025-08-21,Aaliyah Edwards,Sun,F,16,10,5,0,0,0,2,3
2025,2025-08-21,Olivia Nelson-Ododa,Sun,C,18,8,4,2,2,1,0,2
2025,2025-08-21,Saniya Rivers,Sun,G,28,7,1,4,1,1,1,1
2025,2025-08-21,Michaela Onyenwere,Sky,F,21,13,0,0,1,0,0,1
2025,2025-08-21,Angel Reese,Sky,F,29,21,10,3,1,0,3,3
2025,2025-08-21,Kamilla Cardoso,Sky,C,34,22,15,5,2,1,3,4
2025,2025-08-21,Rachel Banham,Sky,G,20,3,0,2,1,0,1,2
2025,2025-08-21,Ariel Atkins,Sky,G,27,19,5,5,2,1,2,5
2025,2025-08-21,Elizabeth Williams,Sky,C,16,8,7,1,2,0,2,0
2025,2025-08-21,Rebecca Allen,Sky,G,19,0,2,0,0,1,0,1
2025,2025-08-21,Kia Nurse,Sky,G,13,2,0,0,0,0,0,0
2025,2025-08-21,Sevgi Uzun,Sky,G,19,3,3,1,1,0,2,1
2025,2025-08-21,Leonie Fiebich,Liberty,F,30,8,2,2,1,0,2,1
2025,2025-08-21,Jonquel Jones,Liberty,C,32,25,7,2,2,2,1,2
2025,2025-08-21,Emma Meesseman,Liberty,C,32,5,7,6,4,1,6,5
2025,2025-08-21,Natasha Cloud,Liberty,G,27,14,4,5,2,0,2,5
2025,2025-08-21,Sabrina Ionescu,Liberty,G,30,16,3,2,0,0,1,6
2025,2025-08-21,Stephanie Talbot,Liberty,F,10,0,1,2,0,0,0,1
2025,2025-08-21,Rebekah Gardner,Liberty,G,4,3,0,1,0,0,0,2
2025,2025-08-21,Kennedy Burke,Liberty,G,18,5,2,1,0,0,0,1
2025,2025-08-21,Marine Johannes,Liberty,G,17,9,1,1,0,1,1,1
2025,2025-08-20,Maddy Siegrist,Wings,F,31,13,4,0,1,3,0,1
2025,2025-08-20,Luisa Geiselsoder,Wings,C,36,9,6,2,3,0,1,3
2025,2025-08-20,Grace Berger,Wings,G,30,2,6,7,2,3,2,3
2025,2025-08-20,Paige Bueckers,Wings,G,36,44,4,3,1,0,3,3
2025,2025-08-20,Haley Jones,Wings,G,15,3,4,1,2,0,3,3
2025,2025-08-20,Myisha Hines-Allen,Wings,F,14,0,3,1,1,0,2,1
2025,2025-08-20,Diamond Miller,Wings,F,2,0,0,0,0,0,1,0
2025,2025-08-20,Aziaha James,Wings,G,17,4,3,1,0,0,1,1
2025,2025-08-20,JJ Quinerly,Wings,G,18,5,2,1,1,1,2,2
2025,2025-08-20,Dearica Hamby,Sparks,F,30,13,9,2,0,1,2,1
2025,2025-08-20,Azura Stevens,Sparks,F,25,5,8,6,0,0,2,3
2025,2025-08-20,Rickea Jackson,Sparks,F,33,25,5,0,2,0,4,1
2025,2025-08-20,Kelsey Plum,Sparks,G,33,20,4,1,1,0,2,1
2025,2025-08-20,Julie Allemand,Sparks,G,37,0,3,8,2,0,2,3
2025,2025-08-20,Cameron Brink,Sparks,F,19,11,8,0,0,0,2,1
2025,2025-08-20,Julie Vanloo,Sparks,G,4,5,0,2,0,0,0,0
2025,2025-08-20,Rae Burrell,Sparks,G,19,2,2,2,0,1,0,2
2025,2025-08-19,Brionna Jones,Dream,F,22,6,5,0,2,0,1,1
2025,2025-08-19,Naz Hillmon,Dream,F,22,1,4,0,1,0,2,1
2025,2025-08-19,Allisha Gray,Dream,G,36,16,6,2,2,0,0,3
2025,2025-08-19,Maya Caldwell,Dream,G,16,0,2,0,0,0,1,2
2025,2025-08-19,Rhyne Howard,Dream,G,35,19,3,6,1,0,1,1
2025,2025-08-19,Nia Coffey,Dream,F,10,7,0,1,0,0,1,2
2025,2025-08-19,Brittney Griner,Dream,C,26,16,8,2,2,2,2,2
2025,2025-08-19,Te-Hina Paopao,Dream,G,32,7,1,5,0,0,2,2
2025,2025-08-19,NaLyssa Smith,Aces,F,26,5,1,1,1,0,3,4
2025,2025-08-19,Kierstan Bell,Aces,F,13,3,2,0,0,0,1,0
2025,2025-08-19,A'ja Wilson,Aces,C,37,32,12,4,1,5,2,1
2025,2025-08-19,Chelsea Gray,Aces,G,36,8,7,11,1,1,2,3
2025,2025-08-19,Jackie Young,Aces,G,36,16,7,2,2,0,1,2
2025,2025-08-19,Kiah Stokes,Aces,C,6,0,1,0,1,0,1,1
2025,2025-08-19,Jewell Loyd,Aces,G,29,7,1,2,0,0,1,2
2025,2025-08-19,Dana Evans,Aces,G,11,3,0,0,0,0,1,1
2025,2025-08-19,Aaliyah Nye,Aces,G,5,0,1,0,0,0,1,1
2025,2025-08-19,Alyssa Thomas,Mercury,F,35,13,9,8,0,1,6,3
2025,2025-08-19,Natasha Mack,Mercury,F,18,14,7,0,0,1,0,1
2025,2025-08-19,Satou Sabally,Mercury,F,31,17,4,6,0,0,2,2
2025,2025-08-19,Sami Whitcomb,Mercury,G,24,5,5,4,0,0,0,2
2025,2025-08-19,Kahleah Copper,Mercury,G,32,25,5,1,0,0,1,5
2025,2025-08-19,DeWanna Bonner,Mercury,F,28,12,5,0,1,1,0,1
2025,2025-08-19,Kathryn Westbeld,Mercury,F,11,3,3,0,0,0,0,0
2025,2025-08-19,Lexi Held,Mercury,G,5,3,0,0,0,0,1,1
2025,2025-08-19,Monique Akoa Makani,Mercury,G,17,6,2,3,0,0,0,3
2025,2025-08-19,Janelle Salaun,Valkyries,F,37,13,6,0,1,0,2,2
2025,2025-08-19,Temi Fagbenle,Valkyries,C,17,7,2,0,0,0,0,5
2025,2025-08-19,Kate Martin,Valkyries,G,35,14,5,2,2,0,0,1
2025,2025-08-19,Veronica Burton,Valkyries,G,34,24,2,14,2,0,0,4
2025,2025-08-19,Carla Leite,Valkyries,G,32,15,1,3,4,0,1,1
2025,2025-08-19,Laeticia Amihere,Valkyries,F,23,11,7,0,0,1,0,2
2025,2025-08-19,Kaila Charles,Valkyries,G,9,5,2,0,0,0,0,2
2025,2025-08-19,Kaitlyn Chen,Valkyries,G,14,2,4,1,0,0,0,1
2025,2025-08-19,Nneka Ogwumike,Storm,F,33,21,6,5,2,0,3,2
2025,2025-08-19,Gabby Williams,Storm,F,35,9,4,5,1,2,5,1
2025,2025-08-19,Ezi Magbegor,Storm,F,28,11,8,0,1,4,0,3
2025,2025-08-19,Skylar Diggins,Storm,G,32,24,1,6,1,1,2,1
2025,2025-08-19,Brittney Sykes,Storm,G,30,12,4,5,1,0,1,3
2025,2025-08-19,Dominique Malonga,Storm,C,19,15,7,0,0,3,0,1
2025,2025-08-19,Erica Wheeler,Storm,G,13,0,1,0,1,0,1,1
2025,2025-08-19,Tiffany Mitchell,Storm,G,11,2,1,0,1,0,0,0
2025,2025-08-19,Michaela Onyenwere,Sky,F,20,0,0,2,0,0,1,0
2025,2025-08-19,Angel Reese,Sky,F,26,19,7,4,0,1,4,4
2025,2025-08-19,Kamilla Cardoso,Sky,C,26,10,6,6,0,3,2,3
2025,2025-08-19,Rachel Banham,Sky,G,17,5,2,3,1,0,0,2
2025,2025-08-19,Ariel Atkins,Sky,G,34,19,5,5,2,1,3,3
2025,2025-08-19,Elizabeth Williams,Sky,C,28,10,9,4,2,2,0,2
2025,2025-08-19,Rebecca Allen,Sky,G,10,5,0,0,0,0,0,2
2025,2025-08-19,Kia Nurse,Sky,G,14,13,0,2,1,0,1,0
2025,2025-08-19,Sevgi Uzun,Sky,G,25,7,1,4,1,0,1,1
2025,2025-08-19,Aneesah Morrow,Sun,F,11,2,4,0,1,0,0,1
2025,2025-08-19,Tina Charles,Sun,C,24,13,9,2,1,0,1,3
2025,2025-08-19,Bria Hartley,Sun,G,14,3,0,1,1,0,0,1
2025,2025-08-19,Marina Mabrey,Sun,G,35,9,6,2,1,1,3,3
2025,2025-08-19,Leila Lacan,Sun,G,35,8,2,4,4,0,3,1
2025,2025-08-19,Aaliyah Edwards,Sun,F,16,8,4,1,1,1,0,3
2025,2025-08-19,Olivia Nelson-Ododa,Sun,C,29,15,9,4,0,1,0,3
2025,2025-08-19,Lindsay Allen,Sun,G,10,5,0,1,0,0,1,2
2025,2025-08-19,Saniya Rivers,Sun,G,26,17,4,1,1,0,2,2
2025,2025-08-19,Kiki Iriafen,Mystics,F,33,9,12,4,0,0,3,3
2025,2025-08-19,Shakira Austin,Mystics,C,21,12,7,0,1,0,1,0
2025,2025-08-19,Sug Sutton,Mystics,G,29,7,3,7,1,0,3,0
2025,2025-08-19,Sonia Citron,Mystics,G,34,19,3,3,0,0,2,0
2025,2025-08-19,Jade Melbourne,Mystics,G,30,11,2,4,0,0,4,1
2025,2025-08-19,Alysha Clark,Mystics,F,18,4,3,0,1,0,0,2
2025,2025-08-19,Emily Engstler,Mystics,F,16,2,3,2,3,1,0,2
2025,2025-08-19,Madison Scott,Mystics,G,7,4,0,0,0,0,0,3
2025,2025-08-19,Lucy Olsen,Mystics,G,12,1,0,1,0,0,1,1
2025,2025-08-19,Jessica Shepard,Lynx,F,24,6,10,1,0,0,2,0
2025,2025-08-19,Bridget Carleton,Lynx,F,17,3,1,1,0,1,1,2
2025,2025-08-19,Alanna Smith,Lynx,F,32,5,9,2,3,2,1,2
2025,2025-08-19,Kayla McBride,Lynx,G,32,6,2,3,0,0,2,0
2025,2025-08-19,Courtney Williams,Lynx,G,32,17,5,2,2,0,3,3
2025,2025-08-19,Maria Kliundikova,Lynx,F,22,11,5,0,0,1,0,4
2025,2025-08-19,Natisha Hiedeman,Lynx,G,22,16,1,0,1,0,1,2
2025,2025-08-19,DiJonai Carrington,Lynx,G,19,11,0,1,1,0,0,3
2025,2025-08-19,Leonie Fiebich,Liberty,F,31,10,5,4,1,0,0,0
2025,2025-08-19,Jonquel Jones,Liberty,C,30,22,10,1,1,0,2,1
2025,2025-08-19,Emma Meesseman,Liberty,C,25,13,7,3,2,1,2,1
2025,2025-08-19,Natasha Cloud,Liberty,G,27,10,5,2,2,0,2,2
2025,2025-08-19,Sabrina Ionescu,Liberty,G,34,17,4,11,0,1,3,2
2025,2025-08-19,Stephanie Talbot,Liberty,F,9,2,2,0,0,0,1,1
2025,2025-08-19,Kennedy Burke,Liberty,G,25,8,2,1,0,0,1,1
2025,2025-08-19,Marine Johannes,Liberty,G,19,3,2,1,0,0,1,2
2025,2025-08-17,Brionna Jones,Dream,F,23,13,9,2,1,0,2,2
2025,2025-08-17,Naz Hillmon,Dream,F,26,12,5,1,0,0,0,0
2025,2025-08-17,Allisha Gray,Dream,G,32,13,3,4,2,0,3,3
2025,2025-08-17,Maya Caldwell,Dream,G,18,5,3,4,2,0,1,4
2025,2025-08-17,Rhyne Howard,Dream,G,37,14,5,6,0,1,2,2
2025,2025-08-17,Nia Coffey,Dream,F,14,4,4,2,0,1,0,0
2025,2025-08-17,Taylor Thierry,Dream,F,2,0,0,0,0,0,0,0
2025,2025-08-17,Sika Kone,Dream,F,2,0,0,0,0,0,0,1
2025,2025-08-17,Brittney Griner,Dream,C,15,8,6,1,0,1,1,0
2025,2025-08-17,Shatori Walker-Kimbrough,Dream,G,2,0,1,0,0,0,0,0
2025,2025-08-17,Te-Hina Paopao,Dream,G,29,10,2,4,1,0,0,4
2025,2025-08-17,Cecilia Zandalasini,Valkyries,F,31,11,4,2,0,0,0,1
2025,2025-08-17,Janelle Salaun,Valkyries,F,29,5,5,1,1,0,1,1
2025,2025-08-17,Temi Fagbenle,Valkyries,C,14,8,3,0,0,1,1,5
2025,2025-08-17,Tiffany Hayes,Valkyries,G,28,4,0,3,2,0,1,2
2025,2025-08-17,Veronica Burton,Valkyries,G,31,16,1,5,2,0,1,3
2025,2025-08-17,Laeticia Amihere,Valkyries,F,14,7,5,1,1,2,1,0
2025,2025-08-17,Iliana Rupert,Valkyries,C,12,3,3,0,0,1,0,1
2025,2025-08-17,Kaila Charles,Valkyries,G,2,0,0,0,0,0,0,0
2025,2025-08-17,Kate Martin,Valkyries,G,21,7,3,0,0,0,2,1
2025,2025-08-17,Kaitlyn Chen,Valkyries,G,2,0,1,0,0,0,0,0
2025,2025-08-17,Carla Leite,Valkyries,G,16,2,2,2,0,0,1,2
2025,2025-08-17,Alyssa Thomas,Mercury,F,37,19,10,11,3,0,4,1
2025,2025-08-17,Natasha Mack,Mercury,F,18,2,3,0,0,1,1,0
2025,2025-08-17,Satou Sabally,Mercury,F,23,11,10,2,1,0,4,4
2025,2025-08-17,Sami Whitcomb,Mercury,G,27,15,2,1,0,0,3,4
2025,2025-08-17,Kahleah Copper,Mercury,G,35,17,5,4,1,0,2,3
2025,2025-08-17,DeWanna Bonner,Mercury,F,27,10,1,2,0,1,2,3
2025,2025-08-17,Kathryn Westbeld,Mercury,F,14,8,0,0,1,1,0,1
2025,2025-08-17,Kitija Laksa,Mercury,G,6,0,2,0,0,0,1,2
2025,2025-08-17,Lexi Held,Mercury,G,13,3,1,1,0,0,0,1
2025,2025-08-17,Nneka Ogwumike,Storm,F,34,24,8,2,2,0,1,1
2025,2025-08-17,Gabby Williams,Storm,F,34,13,3,7,1,0,2,3
2025,2025-08-17,Ezi Magbegor,Storm,F,28,6,7,2,0,1,1,2
2025,2025-08-17,Skylar Diggins,Storm,G,29,14,0,2,2,1,3,4
2025,2025-08-17,Brittney Sykes,Storm,G,34,11,3,4,2,0,2,1
2025,2025-08-17,Dominique Malonga,Storm,C,18,6,7,1,1,1,1,1
2025,2025-08-17,Erica Wheeler,Storm,G,21,8,2,1,1,0,2,4
2025,2025-08-17,Tiffany Mitchell,Storm,G,3,0,0,0,0,0,0,0
2025,2025-08-17,Maddy Siegrist,Wings,F,33,23,6,1,2,2,0,3
2025,2025-08-17,Luisa Geiselsoder,Wings,C,23,7,3,3,0,0,1,4
2025,2025-08-17,Grace Berger,Wings,G,18,6,2,4,1,0,1,1
2025,2025-08-17,Paige Bueckers,Wings,G,29,18,5,4,1,0,2,0
2025,2025-08-17,Haley Jones,Wings,G,20,7,5,2,0,0,1,4
2025,2025-08-17,Myisha Hines-Allen,Wings,F,21,9,5,4,0,0,4,3
2025,2025-08-17,Diamond Miller,Wings,F,11,4,2,0,0,0,0,1
2025,2025-08-17,Aziaha James,Wings,G,22,9,8,4,1,0,2,0
2025,2025-08-17,JJ Quinerly,Wings,G,24,4,1,4,0,0,1,0
2025,2025-08-17,NaLyssa Smith,Aces,F,22,14,4,1,0,0,0,1
2025,2025-08-17,Kierstan Bell,Aces,F,28,18,6,1,1,0,0,2
2025,2025-08-17,A'ja Wilson,Aces,C,31,34,8,1,2,3,1,1
2025,2025-08-17,Chelsea Gray,Aces,G,32,10,2,14,1,0,1,1
2025,2025-08-17,Jackie Young,Aces,G,29,8,3,5,2,0,4,5
2025,2025-08-17,Kiah Stokes,Aces,C,7,0,3,0,0,0,0,0
2025,2025-08-17,Megan Gustafson,Aces,C,2,0,0,0,0,0,0,1
2025,2025-08-17,Jewell Loyd,Aces,G,25,12,1,3,1,0,1,2
2025,2025-08-17,Dana Evans,Aces,G,16,6,1,3,1,0,1,4
2025,2025-08-17,Aaliyah Nye,Aces,G,10,4,0,0,1,0,0,0
2025,2025-08-17,Dearica Hamby,Sparks,F,30,26,4,7,1,1,2,5
2025,2025-08-17,Azura Stevens,Sparks,F,29,6,2,0,1,0,0,2
2025,2025-08-17,Rickea Jackson,Sparks,F,38,17,2,2,1,1,0,1
2025,2025-08-17,Kelsey Plum,Sparks,G,38,25,3,6,3,1,3,1
2025,2025-08-17,Julie Allemand,Sparks,G,25,2,2,4,1,0,0,0
2025,2025-08-17,Cameron Brink,Sparks,F,12,0,2,0,0,1,1,4
2025,2025-08-17,Julie Vanloo,Sparks,G,10,0,0,2,0,0,0,1
2025,2025-08-17,Rae Burrell,Sparks,G,17,10,0,2,1,0,1,0
2025,2025-08-17,Kiki Iriafen,Mystics,F,26,18,10,3,1,0,3,3
2025,2025-08-17,Shakira Austin,Mystics,C,18,14,6,3,1,1,2,0
2025,2025-08-17,Sug Sutton,Mystics,G,29,8,3,7,0,0,4,1
2025,2025-08-17,Sonia Citron,Mystics,G,27,24,1,3,0,0,0,3
2025,2025-08-17,Jade Melbourne,Mystics,G,24,11,2,4,1,1,1,6
2025,2025-08-17,Alysha Clark,Mystics,F,23,7,7,6,1,1,1,2
2025,2025-08-17,Emily Engstler,Mystics,F,13,4,3,1,2,1,0,0
2025,2025-08-17,Stefanie Dolson,Mystics,C,13,3,1,0,0,0,0,1
2025,2025-08-17,Madison Scott,Mystics,G,10,2,1,0,0,0,1,1
2025,2025-08-17,Lucy Olsen,Mystics,G,18,4,1,3,0,0,2,2
2025,2025-08-17,Natasha Howard,Fever,F,25,18,9,1,1,0,2,5
2025,2025-08-17,Aliyah Boston,Fever,C,36,14,13,5,2,2,3,4
2025,2025-08-17,Odyssey Sims,Fever,G,42,19,4,7,0,0,4,2
2025,2025-08-17,Kelsey Mitchell,Fever,G,40,38,1,6,2,0,3,1
2025,2025-08-17,Sophie Cunningham,Fever,G,10,0,1,0,0,0,1,0
2025,2025-08-17,Brianna Turner,Fever,F,14,0,1,1,0,1,0,2
2025,2025-08-17,Chloe Bibby,Fever,F,7,0,1,0,0,0,0,0
2025,2025-08-17,Makayla Timpson,Fever,F,6,2,0,0,0,0,0,0
2025,2025-08-17,Damiris Dantas,Fever,C,8,0,1,0,0,0,2,2
2025,2025-08-17,Kyra Lambert,Fever,G,0,0,0,0,0,0,0,0
2025,2025-08-17,Lexie Hull,Fever,G,37,8,7,3,2,0,1,3
2025,2025-08-17,Aneesah Morrow,Sun,F,34,10,11,1,2,0,0,4
2025,2025-08-17,Tina Charles,Sun,C,30,21,6,3,1,0,3,4
2025,2025-08-17,Bria Hartley,Sun,G,23,4,2,0,0,0,4,5
2025,2025-08-17,Marina Mabrey,Sun,G,37,27,2,5,0,0,3,3
2025,2025-08-17,Leila Lacan,Sun,G,38,7,4,14,3,0,0,4
2025,2025-08-17,Aaliyah Edwards,Sun,F,11,5,3,0,0,0,1,3
2025,2025-08-17,Olivia Nelson-Ododa,Sun,C,15,4,2,0,1,0,1,4
2025,2025-08-17,Saniya Rivers,Sun,G,36,15,2,2,0,5,2,3
2025,2025-08-16,Leonie Fiebich,Liberty,F,32,7,7,4,1,0,1,4
2025,2025-08-16,Jonquel Jones,Liberty,C,30,17,6,2,0,1,3,2
2025,2025-08-16,Emma Meesseman,Liberty,C,28,10,3,3,1,1,0,5
2025,2025-08-16,Natasha Cloud,Liberty,G,28,10,4,6,1,0,1,5
2025,2025-08-16,Sabrina Ionescu,Liberty,G,33,13,10,2,2,0,3,4
2025,2025-08-16,Stephanie Talbot,Liberty,F,3,0,0,0,0,0,0,0
2025,2025-08-16,Kennedy Burke,Liberty,G,24,11,1,2,0,0,2,2
2025,2025-08-16,Marine Johannes,Liberty,G,23,12,1,2,0,0,3,0
2025,2025-08-16,Jessica Shepard,Lynx,F,31,17,10,2,1,0,1,1
2025,2025-08-16,Bridget Carleton,Lynx,F,19,0,2,3,1,0,0,2
2025,2025-08-16,Alanna Smith,Lynx,F,35,14,7,2,1,4,3,3
2025,2025-08-16,Kayla McBride,Lynx,G,34,17,4,2,0,0,0,1
2025,2025-08-16,Courtney Williams,Lynx,G,35,26,5,5,0,0,3,2
2025,2025-08-16,Maria Kliundikova,Lynx,F,14,3,1,1,1,0,0,1
2025,2025-08-16,Natisha Hiedeman,Lynx,G,19,5,2,4,3,0,0,0
2025,2025-08-16,DiJonai Carrington,Lynx,G,13,4,2,1,0,0,0,2
2025,2025-08-15,Nneka Ogwumike,Storm,F,35,16,8,0,0,0,2,3
2025,2025-08-15,Gabby Williams,Storm,F,25,11,2,2,1,1,0,1
2025,2025-08-15,Ezi Magbegor,Storm,F,27,7,6,3,2,3,1,3
2025,2025-08-15,Skylar Diggins,Storm,G,34,21,3,11,1,1,1,1
2025,2025-08-15,Brittney Sykes,Storm,G,34,13,1,2,2,1,1,4
2025,2025-08-15,Dominique Malonga,Storm,C,19,12,8,2,0,0,1,4
2025,2025-08-15,Erica Wheeler,Storm,G,18,0,1,1,1,0,0,2
2025,2025-08-15,Tiffany Mitchell,Storm,G,9,0,1,0,0,0,0,2
2025,2025-08-15,Brionna Jones,Dream,F,25,18,10,2,0,0,1,3
2025,2025-08-15,Naz Hillmon,Dream,F,28,6,7,0,1,0,1,2
2025,2025-08-15,Allisha Gray,Dream,G,37,12,5,4,1,0,4,4
2025,2025-08-15,Maya Caldwell,Dream,G,33,2,3,3,1,1,1,2
2025,2025-08-15,Rhyne Howard,Dream,G,36,21,2,1,1,1,2,5
2025,2025-08-15,Nia Coffey,Dream,F,13,4,7,3,0,1,0,0
2025,2025-08-15,Brittney Griner,Dream,C,16,10,3,0,0,3,1,3
2025,2025-08-15,Shatori Walker-Kimbrough,Dream,G,1,0,0,0,0,0,0,0
2025,2025-08-15,Te-Hina Paopao,Dream,G,12,5,0,3,0,0,2,0
2025,2025-08-15,NaLyssa Smith,Aces,F,26,7,9,0,0,0,3,4
2025,2025-08-15,Kierstan Bell,Aces,F,14,4,2,1,2,0,0,1
2025,2025-08-15,A'ja Wilson,Aces,C,34,30,16,1,0,2,2,1
2025,2025-08-15,Chelsea Gray,Aces,G,36,16,2,9,3,2,1,1
2025,2025-08-15,Jackie Young,Aces,G,33,17,7,5,0,1,1,3
2025,2025-08-15,Kiah Stokes,Aces,C,6,0,0,0,0,0,0,1
2025,2025-08-15,Jewell Loyd,Aces,G,29,10,1,2,1,0,2,1
2025,2025-08-15,Dana Evans,Aces,G,11,0,0,1,0,0,2,2
2025,2025-08-15,Aaliyah Nye,Aces,G,11,2,2,2,0,0,0,1
2025,2025-08-15,Alyssa Thomas,Mercury,F,34,15,6,9,3,1,3,4
2025,2025-08-15,Natasha Mack,Mercury,F,22,4,6,2,0,1,2,2
2025,2025-08-15,Satou Sabally,Mercury,F,30,26,5,4,2,1,2,3
2025,2025-08-15,Kahleah Copper,Mercury,G,30,15,3,2,0,0,0,3
2025,2025-08-15,Monique Akoa Makani,Mercury,G,32,8,4,6,0,0,2,2
2025,2025-08-15,DeWanna Bonner,Mercury,F,24,12,4,0,1,0,2,3
2025,2025-08-15,Kathryn Westbeld,Mercury,F,10,0,1,0,1,0,0,1
2025,2025-08-15,Sami Whitcomb,Mercury,G,18,3,1,0,0,0,1,1
2025,2025-08-15,Kiki Iriafen,Mystics,F,31,18,12,1,0,1,4,5
2025,2025-08-15,Stefanie Dolson,Mystics,C,15,9,0,2,0,0,1,3
2025,2025-08-15,Sug Sutton,Mystics,G,33,13,1,4,2,0,2,0
2025,2025-08-15,Sonia Citron,Mystics,G,31,21,2,3,0,0,2,2
2025,2025-08-15,Jade Melbourne,Mystics,G,28,7,3,5,0,2,3,2
2025,2025-08-15,Alysha Clark,Mystics,F,22,11,4,0,0,0,0,0
2025,2025-08-15,Emily Engstler,Mystics,F,26,7,7,4,3,3,1,5
2025,2025-08-15,Madison Scott,Mystics,G,7,0,0,1,1,0,0,1
2025,2025-08-15,Lucy Olsen,Mystics,G,7,2,0,0,0,0,0,0
2025,2025-08-15,Natasha Howard,Fever,F,26,11,1,1,1,0,4,3
2025,2025-08-15,Aliyah Boston,Fever,C,27,20,9,1,0,0,1,2
2025,2025-08-15,Kelsey Mitchell,Fever,G,33,14,0,9,0,0,1,3
2025,2025-08-15,Sophie Cunningham,Fever,G,28,8,2,6,3,0,0,5
2025,2025-08-15,Lexie Hull,Fever,G,35,7,5,0,3,0,1,1
2025,2025-08-15,Makayla Timpson,Fever,F,13,3,3,0,0,1,0,1
2025,2025-08-15,Damiris Dantas,Fever,C,12,10,2,1,0,0,1,3
2025,2025-08-15,Odyssey Sims,Fever,G,26,11,2,3,0,0,1,3
2025,2025-08-15,Cecilia Zandalasini,Valkyries,F,29,20,4,3,4,0,0,1
2025,2025-08-15,Janelle Salaun,Valkyries,F,29,15,6,3,1,0,1,1
2025,2025-08-15,Temi Fagbenle,Valkyries,C,21,3,5,1,0,1,0,1
2025,2025-08-15,Tiffany Hayes,Valkyries,G,28,13,5,2,1,1,3,2
2025,2025-08-15,Veronica Burton,Valkyries,G,30,11,5,2,3,0,1,2
2025,2025-08-15,Laeticia Amihere,Valkyries,F,3,0,0,0,0,0,0,0
2025,2025-08-15,Iliana Rupert,Valkyries,C,20,14,2,3,0,0,1,2
2025,2025-08-15,Kaila Charles,Valkyries,G,8,0,1,1,2,0,1,1
2025,2025-08-15,Kate Martin,Valkyries,G,11,5,2,2,0,0,0,1
2025,2025-08-15,Kaitlyn Chen,Valkyries,G,3,2,0,1,0,0,0,0
2025,2025-08-15,Carla Leite,Valkyries,G,19,7,1,1,1,0,1,2
2025,2025-08-15,Elizabeth Williams,Sky,C,29,10,5,4,0,2,1,0
2025,2025-08-15,Kamilla Cardoso,Sky,C,29,14,4,5,0,0,1,4
2025,2025-08-15,Rachel Banham,Sky,G,33,15,5,2,0,0,3,3
2025,2025-08-15,Ariel Atkins,Sky,G,29,7,6,1,1,0,3,2
2025,2025-08-15,Sevgi Uzun,Sky,G,25,6,2,4,1,0,1,4
2025,2025-08-15,Michaela Onyenwere,Sky,F,11,2,1,1,0,0,1,0
2025,2025-08-15,Maddy Westbeld,Sky,F,8,0,2,1,1,0,1,1
2025,2025-08-15,Rebecca Allen,Sky,G,15,3,0,0,0,0,0,1
2025,2025-08-15,Kia Nurse,Sky,G,4,0,1,1,0,0,2,2
2025,2025-08-15,Hailey Van Lith,Sky,G,18,2,2,1,2,0,1,2
2025,2025-08-15,Dearica Hamby,Sparks,F,28,20,10,4,1,0,3,3
2025,2025-08-15,Azura Stevens,Sparks,F,32,15,7,1,0,2,0,1
2025,2025-08-15,Rickea Jackson,Sparks,F,35,15,5,2,1,0,1,5
2025,2025-08-15,Kelsey Plum,Sparks,G,34,28,3,5,2,0,5,4
2025,2025-08-15,Julie Allemand,Sparks,G,36,12,4,10,4,0,1,1
2025,2025-08-15,Cameron Brink,Sparks,F,12,3,7,0,1,3,1,2
2025,2025-08-15,Julie Vanloo,Sparks,G,4,0,0,0,0,0,2,0
2025,2025-08-15,Rae Burrell,Sparks,G,19,4,3,1,2,0,1,1
2025,2025-08-15,Maddy Siegrist,Wings,F,33,15,3,2,1,1,1,3
2025,2025-08-15,Luisa Geiselsoder,Wings,C,17,9,3,4,0,1,3,4
2025,2025-08-15,Grace Berger,Wings,G,7,0,1,1,0,0,1,0
2025,2025-08-15,Paige Bueckers,Wings,G,33,29,4,5,0,1,1,3
2025,2025-08-15,Haley Jones,Wings,G,21,4,2,4,0,2,1,2
2025,2025-08-15,Myisha Hines-Allen,Wings,F,19,9,7,3,0,0,1,1
2025,2025-08-15,Diamond Miller,Wings,F,13,6,2,0,0,0,1,3
2025,2025-08-15,Li Yueru,Wings,C,9,3,1,1,0,2,1,1
2025,2025-08-15,Aziaha James,Wings,G,19,10,3,3,2,0,0,0
2025,2025-08-15,JJ Quinerly,Wings,G,30,11,2,9,3,0,5,3
2025,2025-08-13,Brionna Jones,Dream,F,21,8,4,2,0,0,3,3
2025,2025-08-13,Naz Hillmon,Dream,F,35,7,8,5,1,0,1,2
2025,2025-08-13,Allisha Gray,Dream,G,39,22,11,1,1,0,3,2
2025,2025-08-13,Maya Caldwell,Dream,G,34,10,7,1,0,0,1,1
2025,2025-08-13,Rhyne Howard,Dream,G,38,25,1,7,2,0,3,2
2025,2025-08-13,Nia Coffey,Dream,F,6,0,2,1,0,0,0,1
2025,2025-08-13,Brittney Griner,Dream,C,18,11,8,1,0,1,2,2
2025,2025-08-13,Shatori Walker-Kimbrough,Dream,G,2,0,1,0,0,1,1,0
2025,2025-08-13,Te-Hina Paopao,Dream,G,7,2,0,1,0,1,0,0
2025,2025-08-13,Nneka Ogwumike,Storm,F,36,29,9,4,1,0,0,1
2025,2025-08-13,Gabby Williams,Storm,F,32,11,4,6,1,1,0,1
2025,2025-08-13,Ezi Magbegor,Storm,F,31,8,3,2,2,2,1,3
2025,2025-08-13,Skylar Diggins,Storm,G,31,7,1,4,1,0,0,3
2025,2025-08-13,Brittney Sykes,Storm,G,33,7,5,2,0,0,2,2
2025,2025-08-13,Dominique Malonga,Storm,C,13,4,1,0,0,0,1,1
2025,2025-08-13,Erica Wheeler,Storm,G,15,6,3,2,2,0,1,3
2025,2025-08-13,Tiffany Mitchell,Storm,G,9,3,0,0,0,0,1,1
2025,2025-08-13,Leonie Fiebich,Liberty,F,29,5,4,3,1,0,0,4
2025,2025-08-13,Jonquel Jones,Liberty,C,33,11,7,5,0,2,2,5
2025,2025-08-13,Emma Meesseman,Liberty,C,32,24,10,3,1,0,5,2
2025,2025-08-13,Natasha Cloud,Liberty,G,32,6,5,4,0,1,2,1
2025,2025-08-13,Sabrina Ionescu,Liberty,G,31,18,1,1,1,0,1,2
2025,2025-08-13,Stephanie Talbot,Liberty,F,7,0,0,0,0,0,0,1
2025,2025-08-13,Rebekah Gardner,Liberty,G,5,0,1,0,0,0,1,0
2025,2025-08-13,Kennedy Burke,Liberty,G,16,8,1,1,1,0,0,3
2025,2025-08-13,Marine Johannes,Liberty,G,14,5,1,1,1,0,0,1
2025,2025-08-13,NaLyssa Smith,Aces,F,26,6,6,0,1,1,1,4
2025,2025-08-13,A'ja Wilson,Aces,C,34,17,16,4,2,2,0,1
2025,2025-08-13,Chelsea Gray,Aces,G,39,13,1,5,2,1,2,1
2025,2025-08-13,Jackie Young,Aces,G,34,15,7,4,2,1,5,5
2025,2025-08-13,Dana Evans,Aces,G,15,8,0,0,0,1,0,1
2025,2025-08-13,Kierstan Bell,Aces,F,8,0,4,1,0,0,0,2
2025,2025-08-13,Kiah Stokes,Aces,C,6,0,2,0,0,0,0,0
2025,2025-08-13,Jewell Loyd,Aces,G,26,21,2,1,0,0,1,3
2025,2025-08-13,Aaliyah Nye,Aces,G,11,3,1,0,0,1,1,0
2025,2025-08-13,Cecilia Zandalasini,Valkyries,F,35,20,7,4,0,0,1,0
2025,2025-08-13,Janelle Salaun,Valkyries,F,29,11,4,1,1,0,3,2
2025,2025-08-13,Temi Fagbenle,Valkyries,C,14,2,0,1,0,0,2,2
2025,2025-08-13,Tiffany Hayes,Valkyries,G,32,14,6,2,1,0,0,2
2025,2025-08-13,Veronica Burton,Valkyries,G,36,30,7,7,1,0,3,4
2025,2025-08-13,Iliana Rupert,Valkyries,C,25,3,2,3,0,0,1,4
2025,2025-08-13,Kaila Charles,Valkyries,G,4,0,1,0,1,0,2,1
2025,2025-08-13,Kate Martin,Valkyries,G,12,3,3,1,0,0,0,1
2025,2025-08-13,Carla Leite,Valkyries,G,13,5,0,1,0,0,1,1
2025,2025-08-13,Kiki Iriafen,Mystics,F,33,14,10,4,1,0,1,3
2025,2025-08-13,Stefanie Dolson,Mystics,C,17,5,1,2,0,0,0,0
2025,2025-08-13,Sug Sutton,Mystics,G,29,15,1,7,0,0,1,1
2025,2025-08-13,Sonia Citron,Mystics,G,34,15,3,3,1,0,1,4
2025,2025-08-13,Jade Melbourne,Mystics,G,23,10,0,1,0,0,1,3
2025,2025-08-13,Alysha Clark,Mystics,F,19,2,4,1,1,0,0,3
2025,2025-08-13,Emily Engstler,Mystics,F,24,13,5,2,1,1,3,0
2025,2025-08-13,Jacy Sheldon,Mystics,G,9,5,1,1,0,0,1,3
2025,2025-08-13,Lucy Olsen,Mystics,G,13,4,1,0,0,0,0,1
2025,2025-08-13,Elizabeth Williams,Sky,C,28,12,15,3,0,2,2,1
2025,2025-08-13,Kamilla Cardoso,Sky,C,34,24,9,3,0,1,1,2
2025,2025-08-13,Rachel Banham,Sky,G,29,10,5,2,0,0,2,1
2025,2025-08-13,Ariel Atkins,Sky,G,9,5,1,2,0,0,1,1
2025,2025-08-13,Sevgi Uzun,Sky,G,28,0,0,2,0,0,5,2
2025,2025-08-13,Michaela Onyenwere,Sky,F,21,6,2,1,0,0,2,3
2025,2025-08-13,Maddy Westbeld,Sky,F,11,0,1,2,0,0,0,0
2025,2025-08-13,Rebecca Allen,Sky,G,6,0,2,0,0,1,0,1
2025,2025-08-13,Kia Nurse,Sky,G,23,5,1,1,0,0,5,4
2025,2025-08-13,Hailey Van Lith,Sky,G,11,0,1,1,0,0,1,1
2025,2025-08-13,Aneesah Morrow,Sun,F,28,9,9,0,1,3,0,3
2025,2025-08-13,Tina Charles,Sun,C,21,15,3,0,1,1,0,3
2025,2025-08-13,Bria Hartley,Sun,G,10,0,2,2,0,0,1,0
2025,2025-08-13,Marina Mabrey,Sun,G,36,10,5,4,0,0,1,2
2025,2025-08-13,Leila Lacan,Sun,G,31,17,4,5,2,0,1,2
2025,2025-08-13,Aaliyah Edwards,Sun,F,12,2,1,0,1,0,1,2
2025,2025-08-13,Olivia Nelson-Ododa,Sun,C,19,8,3,2,3,2,1,2
2025,2025-08-13,Lindsay Allen,Sun,G,10,2,1,1,0,0,0,2
2025,2025-08-13,Saniya Rivers,Sun,G,32,8,3,6,3,2,0,2
2025,2025-08-13,Mamignan Toure,Sun,G,3,0,0,0,0,0,0,0
2025,2025-08-12,Leonie Fiebich,Liberty,F,27,20,2,4,1,1,0,2
2025,2025-08-12,Jonquel Jones,Liberty,C,31,21,11,3,0,2,2,4
2025,2025-08-12,Emma Meesseman,Liberty,C,32,24,9,4,0,1,2,0
2025,2025-08-12,Natasha Cloud,Liberty,G,32,11,2,2,2,0,1,3
2025,2025-08-12,Sabrina Ionescu,Liberty,G,32,14,3,6,0,0,3,1
2025,2025-08-12,Stephanie Talbot,Liberty,F,17,3,1,4,0,0,0,0
2025,2025-08-12,Rebekah Gardner,Liberty,G,6,3,2,0,0,0,1,0
2025,2025-08-12,Marine Johannes,Liberty,G,23,9,4,4,1,1,2,2
2025,2025-08-12,Dearica Hamby,Sparks,F,32,21,8,3,4,1,2,2
2025,2025-08-12,Azura Stevens,Sparks,F,35,17,4,4,3,0,0,1
2025,2025-08-12,Rickea Jackson,Sparks,F,31,16,7,3,0,0,2,4
2025,2025-08-12,Kelsey Plum,Sparks,G,34,26,5,5,0,0,1,2
2025,2025-08-12,Julie Allemand,Sparks,G,28,0,5,6,0,0,1,2
2025,2025-08-12,Cameron Brink,Sparks,F,5,2,3,0,0,0,0,0
2025,2025-08-12,Julie Vanloo,Sparks,G,14,6,0,1,0,0,0,2
2025,2025-08-12,Rae Burrell,Sparks,G,17,9,2,1,1,0,0,3
2025,2025-08-12,Sarah Ashlee Barker,Sparks,G,3,0,0,0,0,0,1,0
2025,2025-08-12,Maddy Siegrist,Wings,F,36,22,5,1,1,0,1,0
2025,2025-08-12,Luisa Geiselsoder,Wings,C,13,0,2,2,0,1,0,4
2025,2025-08-12,Grace Berger,Wings,G,17,2,1,0,0,0,2,2
2025,2025-08-12,Paige Bueckers,Wings,G,35,16,5,8,2,0,4,1
2025,2025-08-12,Haley Jones,Wings,G,17,5,4,1,0,0,1,2
2025,2025-08-12,Myisha Hines-Allen,Wings,F,23,8,6,9,1,0,0,3
2025,2025-08-12,Diamond Miller,Wings,F,8,3,1,4,0,0,2,2
2025,2025-08-12,Li Yueru,Wings,C,27,20,4,0,2,0,1,2
2025,2025-08-12,Aziaha James,Wings,G,5,0,0,0,1,0,1,0
2025,2025-08-12,JJ Quinerly,Wings,G,20,5,2,0,2,0,2,3
2025,2025-08-12,Natasha Howard,Fever,F,28,12,12,1,2,3,1,2
2025,2025-08-12,Aliyah Boston,Fever,C,31,14,5,1,0,2,1,3
2025,2025-08-12,Kelsey Mitchell,Fever,G,36,24,6,2,1,0,3,1
2025,2025-08-12,Sophie Cunningham,Fever,G,35,14,2,3,0,0,1,4
2025,2025-08-12,Lexie Hull,Fever,G,25,0,7,3,1,0,3,4
2025,2025-08-12,Brianna Turner,Fever,F,4,2,0,0,1,0,0,0
2025,2025-08-12,Chloe Bibby,Fever,F,12,11,2,0,1,0,3,1
2025,2025-08-12,Makayla Timpson,Fever,F,5,0,2,0,1,0,2,0
2025,2025-08-12,Damiris Dantas,Fever,C,12,3,3,3,0,0,2,0
2025,2025-08-12,Odyssey Sims,Fever,G,13,0,0,2,0,0,1,2
2025,2025-08-11,Aneesah Morrow,Sun,F,24,13,14,0,1,0,1,1
2025,2025-08-11,Olivia Nelson-Ododa,Sun,C,30,12,4,2,1,2,1,1
2025,2025-08-11,Bria Hartley,Sun,G,20,3,1,4,1,0,2,3
2025,2025-08-11,Marina Mabrey,Sun,G,25,3,3,4,0,0,3,2
2025,2025-08-11,Leila Lacan,Sun,G,33,6,0,3,0,0,1,3
2025,2025-08-11,Haley Peters,Sun,F,7,0,3,0,1,0,0,3
2025,2025-08-11,Aaliyah Edwards,Sun,F,18,8,5,0,0,2,3,3
2025,2025-08-11,Saniya Rivers,Sun,G,29,9,5,1,2,1,1,0
2025,2025-08-11,Mamignan Toure,Sun,G,13,3,0,2,0,0,1,2
2025,2025-08-11,Cecilia Zandalasini,Valkyries,F,32,17,4,2,0,0,2,2
2025,2025-08-11,Janelle Salaun,Valkyries,F,27,16,1,2,0,0,1,3
2025,2025-08-11,Temi Fagbenle,Valkyries,C,21,6,9,1,1,1,1,2
2025,2025-08-11,Tiffany Hayes,Valkyries,G,32,17,5,4,0,0,2,3
2025,2025-08-11,Veronica Burton,Valkyries,G,30,3,6,10,0,1,1,0
2025,2025-08-11,Laeticia Amihere,Valkyries,F,2,0,2,0,0,0,0,0
2025,2025-08-11,Iliana Rupert,Valkyries,C,18,10,1,1,1,0,0,2
2025,2025-08-11,Kaila Charles,Valkyries,G,7,2,0,0,0,0,0,2
2025,2025-08-11,Kate Martin,Valkyries,G,16,3,4,1,1,0,0,3
2025,2025-08-11,Kaitlyn Chen,Valkyries,G,2,0,0,0,0,0,0,0
2025,2025-08-11,Carla Leite,Valkyries,G,15,0,0,1,1,0,0,1
2025,2025-08-10,Aneesah Morrow,Sun,F,12,7,3,0,1,1,1,2
2025,2025-08-10,Tina Charles,Sun,C,29,8,5,3,3,1,1,4
2025,2025-08-10,Bria Hartley,Sun,G,29,9,3,4,0,0,1,3
2025,2025-08-10,Marina Mabrey,Sun,G,33,22,4,3,0,0,4,1
2025,2025-08-10,Leila Lacan,Sun,G,25,13,0,5,2,0,1,3
2025,2025-08-10,Haley Peters,Sun,F,5,0,0,0,0,0,0,2
2025,2025-08-10,Aaliyah Edwards,Sun,F,17,4,4,2,1,0,2,1
2025,2025-08-10,Olivia Nelson-Ododa,Sun,C,15,6,3,0,0,0,0,3
2025,2025-08-10,Lindsay Allen,Sun,G,5,0,0,1,0,0,0,0
2025,2025-08-10,Saniya Rivers,Sun,G,28,17,1,4,3,1,2,1
2025,2025-08-10,Mamignan Toure,Sun,G,2,0,0,0,0,0,0,0
2025,2025-08-10,NaLyssa Smith,Aces,F,22,6,6,0,1,0,2,2
2025,2025-08-10,Kierstan Bell,Aces,F,11,3,1,1,0,0,1,0
2025,2025-08-10,A'ja Wilson,Aces,C,37,32,20,5,2,0,6,2
2025,2025-08-10,Chelsea Gray,Aces,G,31,7,2,6,1,0,2,3
2025,2025-08-10,Jackie Young,Aces,G,32,21,4,6,1,0,1,0
2025,2025-08-10,Megan Gustafson,Aces,C,11,3,0,0,0,1,0,2
2025,2025-08-10,Jewell Loyd,Aces,G,29,12,2,2,3,0,1,1
2025,2025-08-10,Dana Evans,Aces,G,21,10,2,3,0,0,1,2
2025,2025-08-10,Aaliyah Nye,Aces,G,7,0,3,1,0,0,1,0
2025,2025-08-10,Nneka Ogwumike,Storm,F,34,15,10,4,1,0,1,1
2025,2025-08-10,Gabby Williams,Storm,F,25,5,2,3,2,0,0,0
2025,2025-08-10,Ezi Magbegor,Storm,F,15,2,5,3,0,0,1,2
2025,2025-08-10,Skylar Diggins,Storm,G,32,17,2,6,2,0,1,2
2025,2025-08-10,Brittney Sykes,Storm,G,35,27,1,3,4,1,5,3
2025,2025-08-10,Dominique Malonga,Storm,C,30,20,11,1,1,0,3,5
2025,2025-08-10,Erica Wheeler,Storm,G,24,5,0,2,3,0,2,3
2025,2025-08-10,Tiffany Mitchell,Storm,G,6,0,1,1,0,0,1,1
2025,2025-08-10,Dearica Hamby,Sparks,F,30,19,7,2,0,2,3,1
2025,2025-08-10,Azura Stevens,Sparks,F,22,15,8,1,1,0,4,1
2025,2025-08-10,Rickea Jackson,Sparks,F,37,9,1,1,0,0,2,2
2025,2025-08-10,Kelsey Plum,Sparks,G,37,20,6,7,1,0,3,2
2025,2025-08-10,Julie Allemand,Sparks,G,30,5,2,8,3,0,3,0
2025,2025-08-10,Cameron Brink,Sparks,F,11,14,5,1,2,1,1,4
2025,2025-08-10,Julie Vanloo,Sparks,G,13,4,0,2,3,0,3,1
2025,2025-08-10,Rae Burrell,Sparks,G,20,8,1,3,0,0,0,0
2025,2025-08-10,Brionna Jones,Dream,F,26,15,11,4,1,4,1,2
2025,2025-08-10,Naz Hillmon,Dream,F,36,13,13,4,1,0,2,1
2025,2025-08-10,Allisha Gray,Dream,G,37,17,5,5,1,0,1,3
2025,2025-08-10,Jordin Canada,Dream,G,25,13,2,1,3,0,2,1
2025,2025-08-10,Te-Hina Paopao,Dream,G,15,5,2,1,1,1,3,0
2025,2025-08-10,Nia Coffey,Dream,F,5,0,1,0,0,0,1,1
2025,2025-08-10,Brittney Griner,Dream,C,13,2,2,1,0,1,0,1
2025,2025-08-10,Maya Caldwell,Dream,G,27,5,2,2,3,0,0,3
2025,2025-08-10,Rhyne Howard,Dream,G,16,4,0,2,1,0,0,3
2025,2025-08-10,Alyssa Thomas,Mercury,F,34,21,8,5,2,0,3,2
2025,2025-08-10,Natasha Mack,Mercury,F,22,2,6,0,0,3,0,2
2025,2025-08-10,Satou Sabally,Mercury,F,29,7,5,3,2,0,1,3
2025,2025-08-10,Kahleah Copper,Mercury,G,32,9,3,3,1,0,1,2
2025,2025-08-10,Monique Akoa Makani,Mercury,G,21,3,3,3,0,0,1,3
2025,2025-08-10,DeWanna Bonner,Mercury,F,26,16,4,1,1,0,2,2
2025,2025-08-10,Kathryn Westbeld,Mercury,F,16,5,1,0,0,0,0,1
2025,2025-08-10,Sami Whitcomb,Mercury,G,20,3,4,1,0,0,4,4
2025,2025-08-10,Kiki Iriafen,Mystics,F,23,23,10,1,0,0,4,4
2025,2025-08-10,Stefanie Dolson,Mystics,C,22,14,4,3,0,1,1,3
2025,2025-08-10,Sug Sutton,Mystics,G,20,0,2,3,2,0,2,6
2025,2025-08-10,Sonia Citron,Mystics,G,32,18,5,6,1,0,3,3
2025,2025-08-10,Jade Melbourne,Mystics,G,21,8,3,3,1,1,3,4
2025,2025-08-10,Alysha Clark,Mystics,F,26,9,3,0,0,0,1,3
2025,2025-08-10,Emily Engstler,Mystics,F,25,11,4,3,2,2,3,2
2025,2025-08-10,Jacy Sheldon,Mystics,G,22,8,2,0,0,0,0,2
2025,2025-08-10,Lucy Olsen,Mystics,G,9,0,1,2,0,1,0,1
2025,2025-08-10,Luisa Geiselsoder,Wings,C,17,10,1,0,0,1,1,3
2025,2025-08-10,Arike Ogunbowale,Wings,G,32,12,0,2,2,1,2,5
2025,2025-08-10,Grace Berger,Wings,G,19,0,1,2,2,0,2,2
2025,2025-08-10,Paige Bueckers,Wings,G,32,17,3,3,2,0,1,4
2025,2025-08-10,Haley Jones,Wings,G,26,11,4,1,0,1,2,4
2025,2025-08-10,Myisha Hines-Allen,Wings,F,27,8,11,5,0,0,4,2
2025,2025-08-10,Maddy Siegrist,Wings,F,19,9,3,2,1,1,0,3
2025,2025-08-10,Diamond Miller,Wings,F,2,0,0,1,0,0,0,0
2025,2025-08-10,Li Yueru,Wings,C,10,0,0,2,0,0,0,0
2025,2025-08-10,Aziaha James,Wings,G,8,2,2,0,1,0,1,0
2025,2025-08-10,JJ Quinerly,Wings,G,8,9,1,0,1,0,0,3
2025,2025-08-10,Jessica Shepard,Lynx,F,19,6,4,2,0,0,1,0
2025,2025-08-10,Bridget Carleton,Lynx,F,22,3,2,1,0,0,1,1
2025,2025-08-10,Alanna Smith,Lynx,F,38,8,9,7,4,3,0,0
2025,2025-08-10,Kayla McBride,Lynx,G,34,18,1,2,0,0,3,1
2025,2025-08-10,Courtney Williams,Lynx,G,25,14,5,7,1,1,2,4
2025,2025-08-10,Maria Kliundikova,Lynx,F,23,6,5,1,4,2,1,1
2025,2025-08-10,Natisha Hiedeman,Lynx,G,15,13,0,1,0,0,1,2
2025,2025-08-10,DiJonai Carrington,Lynx,G,24,15,6,3,2,0,1,2
2025,2025-08-10,Leonie Fiebich,Liberty,F,32,6,3,0,1,0,2,2
2025,2025-08-10,Jonquel Jones,Liberty,C,32,11,6,5,0,3,3,0
2025,2025-08-10,Emma Meesseman,Liberty,C,31,11,5,4,1,1,4,0
2025,2025-08-10,Natasha Cloud,Liberty,G,30,14,6,5,0,0,2,1
2025,2025-08-10,Sabrina Ionescu,Liberty,G,30,10,3,5,1,0,4,2
2025,2025-08-10,Isabelle Harrison,Liberty,F,14,9,5,1,1,0,2,3
2025,2025-08-10,Stephanie Talbot,Liberty,F,12,0,4,1,0,0,1,0
2025,2025-08-10,Rebekah Gardner,Liberty,G,1,0,0,0,0,0,0,0
2025,2025-08-10,Marine Johannes,Liberty,G,17,10,1,0,1,0,0,0
2025,2025-08-09,Dearica Hamby,Sparks,F,27,15,3,1,1,0,2,3
2025,2025-08-09,Azura Stevens,Sparks,F,20,4,6,3,0,1,3,1
2025,2025-08-09,Rickea Jackson,Sparks,F,29,8,6,2,2,0,2,2
2025,2025-08-09,Kelsey Plum,Sparks,G,34,4,4,4,0,0,1,3
2025,2025-08-09,Julie Allemand,Sparks,G,30,10,2,3,1,0,1,0
2025,2025-08-09,Cameron Brink,Sparks,F,16,5,2,0,0,1,1,2
2025,2025-08-09,Sania Feagin,Sparks,F,3,0,1,0,0,0,0,0
2025,2025-08-09,Alissa Pili,Sparks,F,3,1,0,0,0,0,0,0
2025,2025-08-09,Julie Vanloo,Sparks,G,13,2,4,2,2,0,0,2
2025,2025-08-09,Rae Burrell,Sparks,G,22,10,3,0,0,0,2,1
2025,2025-08-09,Sarah Ashlee Barker,Sparks,G,3,0,0,0,0,0,0,0
2025,2025-08-09,Cecilia Zandalasini,Valkyries,F,33,14,2,3,2,2,0,3
2025,2025-08-09,Janelle Salaun,Valkyries,F,32,11,8,1,2,0,1,1
2025,2025-08-09,Temi Fagbenle,Valkyries,C,25,8,6,2,0,0,3,2
2025,2025-08-09,Tiffany Hayes,Valkyries,G,29,8,7,6,1,0,3,1
2025,2025-08-09,Veronica Burton,Valkyries,G,34,16,5,5,0,1,1,0
2025,2025-08-09,Laeticia Amihere,Valkyries,F,2,0,1,0,0,0,1,0
2025,2025-08-09,Iliana Rupert,Valkyries,C,13,4,1,2,0,0,0,3
2025,2025-08-09,Kaila Charles,Valkyries,G,13,2,4,0,0,0,2,0
2025,2025-08-09,Kate Martin,Valkyries,G,2,0,0,0,0,0,0,1
2025,2025-08-09,Kaitlyn Chen,Valkyries,G,2,0,0,0,0,0,1,0
2025,2025-08-09,Carla Leite,Valkyries,G,15,9,3,1,0,0,1,2
2025,2025-08-09,Michaela Onyenwere,Sky,F,22,7,3,1,1,0,2,3
2025,2025-08-09,Elizabeth Williams,Sky,C,31,8,9,2,1,1,2,0
2025,2025-08-09,Kamilla Cardoso,Sky,C,20,6,12,3,0,1,2,3
2025,2025-08-09,Rachel Banham,Sky,G,26,11,0,3,0,0,1,0
2025,2025-08-09,Ariel Atkins,Sky,G,22,8,4,2,1,0,1,3
2025,2025-08-09,Maddy Westbeld,Sky,F,22,10,6,1,0,0,0,5
2025,2025-08-09,Rebecca Allen,Sky,G,20,9,2,1,0,0,0,0
2025,2025-08-09,Kia Nurse,Sky,G,20,2,2,1,0,0,1,0
2025,2025-08-09,Hailey Van Lith,Sky,G,15,6,1,3,0,0,2,0
2025,2025-08-09,Sevgi Uzun,Sky,G,4,3,1,2,0,0,0,0
2025,2025-08-09,Natasha Howard,Fever,F,19,7,10,0,0,2,2,1
2025,2025-08-09,Aliyah Boston,Fever,C,24,15,4,3,1,2,1,1
2025,2025-08-09,Kelsey Mitchell,Fever,G,33,26,3,8,0,0,1,1
2025,2025-08-09,Sophie Cunningham,Fever,G,28,16,3,2,1,0,1,1
2025,2025-08-09,Lexie Hull,Fever,G,32,17,3,3,3,0,1,1
2025,2025-08-09,Brianna Turner,Fever,F,8,0,2,2,0,2,0,0
2025,2025-08-09,Chloe Bibby,Fever,F,21,0,3,1,1,0,0,2
2025,2025-08-09,Makayla Timpson,Fever,F,17,7,7,0,2,0,0,1
2025,2025-08-09,Damiris Dantas,Fever,C,18,4,3,2,0,0,1,0
2025,2025-08-08,Nneka Ogwumike,Storm,F,26,12,9,1,0,0,1,4
2025,2025-08-08,Gabby Williams,Storm,F,37,14,3,4,2,0,0,0
2025,2025-08-08,Ezi Magbegor,Storm,F,30,8,3,2,0,0,1,2
2025,2025-08-08,Skylar Diggins,Storm,G,20,0,0,6,0,1,1,1
2025,2025-08-08,Erica Wheeler,Storm,G,31,16,0,2,3,0,1,3
2025,2025-08-08,Dominique Malonga,Storm,C,25,22,12,0,1,0,1,5
2025,2025-08-08,Tiffany Mitchell,Storm,G,3,0,0,0,1,0,0,0
2025,2025-08-08,Brittney Sykes,Storm,G,29,14,2,6,0,2,2,5
2025,2025-08-08,NaLyssa Smith,Aces,F,31,10,12,1,0,0,3,4
2025,2025-08-08,Kierstan Bell,Aces,F,8,0,0,1,0,0,0,0
2025,2025-08-08,A'ja Wilson,Aces,C,35,29,12,3,0,0,2,5
2025,2025-08-08,Chelsea Gray,Aces,G,34,13,2,5,3,2,5,3
2025,2025-08-08,Jackie Young,Aces,G,33,26,5,5,0,0,1,2
2025,2025-08-08,Megan Gustafson,Aces,C,12,0,4,0,0,0,0,0
2025,2025-08-08,Jewell Loyd,Aces,G,26,10,3,2,2,1,1,1
2025,2025-08-08,Dana Evans,Aces,G,13,2,0,3,0,0,0,0
2025,2025-08-08,Aaliyah Nye,Aces,G,8,0,0,0,0,0,0,1
2025,2025-08-08,Leonie Fiebich,Liberty,F,28,14,2,2,1,0,3,6
2025,2025-08-08,Jonquel Jones,Liberty,C,28,14,6,3,0,0,2,4
2025,2025-08-08,Emma Meesseman,Liberty,C,31,14,8,7,3,1,2,3
2025,2025-08-08,Natasha Cloud,Liberty,G,30,10,3,3,1,0,0,5
2025,2025-08-08,Sabrina Ionescu,Liberty,G,29,16,6,6,2,1,1,0
2025,2025-08-08,Isabelle Harrison,Liberty,F,13,8,1,0,0,0,0,2
2025,2025-08-08,Stephanie Talbot,Liberty,F,13,2,3,0,1,0,1,1
2025,2025-08-08,Rebekah Gardner,Liberty,G,5,0,0,1,1,0,1,0
2025,2025-08-08,Marine Johannes,Liberty,G,23,10,3,2,1,0,0,0
2025,2025-08-08,Li Yueru,Wings,C,18,3,6,2,0,0,1,2
2025,2025-08-08,Luisa Geiselsoder,Wings,C,27,6,6,2,0,0,1,2
2025,2025-08-08,Arike Ogunbowale,Wings,G,35,17,6,3,0,0,3,2
2025,2025-08-08,Aziaha James,Wings,G,7,3,1,0,0,0,1,0
2025,2025-08-08,Haley Jones,Wings,G,18,4,2,2,0,0,3,2
2025,2025-08-08,Myisha Hines-Allen,Wings,F,20,12,7,0,0,2,0,3
2025,2025-08-08,Maddy Siegrist,Wings,F,25,15,2,0,0,0,1,2
2025,2025-08-08,Diamond Miller,Wings,F,11,7,1,1,1,0,0,3
2025,2025-08-08,Grace Berger,Wings,G,30,6,8,4,3,0,1,4
2025,2025-08-08,JJ Quinerly,Wings,G,10,4,1,0,0,0,4,0
2025,2025-08-08,Kiki Iriafen,Mystics,F,27,12,9,4,0,1,5,3
2025,2025-08-08,Shakira Austin,Mystics,C,28,12,6,2,2,0,2,2
2025,2025-08-08,Sug Sutton,Mystics,G,29,4,1,4,1,0,2,2
2025,2025-08-08,Sonia Citron,Mystics,G,28,26,1,4,1,0,3,1
2025,2025-08-08,Jade Melbourne,Mystics,G,29,0,3,3,0,0,2,2
2025,2025-08-08,Alysha Clark,Mystics,F,13,3,2,2,0,0,0,0
2025,2025-08-08,Emily Engstler,Mystics,F,15,5,4,1,2,0,3,2
2025,2025-08-08,Stefanie Dolson,Mystics,C,11,8,4,0,0,0,1,0
2025,2025-08-08,Lucy Olsen,Mystics,G,20,6,2,3,1,0,0,2
2025,2025-08-08,Jessica Shepard,Lynx,F,29,4,6,3,1,0,1,1
2025,2025-08-08,Bridget Carleton,Lynx,F,21,2,6,3,0,1,1,1
2025,2025-08-08,Alanna Smith,Lynx,F,36,25,5,4,1,1,4,0
2025,2025-08-08,Kayla McBride,Lynx,G,32,11,1,4,3,0,1,2
2025,2025-08-08,Courtney Williams,Lynx,G,30,14,2,5,0,1,3,2
2025,2025-08-08,Maria Kliundikova,Lynx,F,6,5,0,1,0,0,0,1
2025,2025-08-08,Natisha Hiedeman,Lynx,G,17,7,0,2,0,1,1,1
2025,2025-08-08,DiJonai Carrington,Lynx,G,29,12,2,0,2,1,3,4
2025,2025-08-07,Aneesah Morrow,Sun,F,20,6,7,0,0,1,0,2
2025,2025-08-07,Tina Charles,Sun,C,36,19,7,2,1,2,0,2
2025,2025-08-07,Bria Hartley,Sun,G,26,16,1,3,0,0,2,4
2025,2025-08-07,Marina Mabrey,Sun,G,36,19,7,3,0,0,3,4
2025,2025-08-07,Leila Lacan,Sun,G,26,10,2,7,3,0,1,4
2025,2025-08-07,Haley Peters,Sun,F,2,0,0,0,0,0,0,0
2025,2025-08-07,Olivia Nelson-Ododa,Sun,C,21,8,6,1,0,1,2,3
2025,2025-08-07,Saniya Rivers,Sun,G,22,7,1,3,2,0,1,2
2025,2025-08-07,Mamignan Toure,Sun,G,9,6,0,1,1,0,0,1
2025,2025-08-07,Dearica Hamby,Sparks,F,24,21,5,4,0,0,2,4
2025,2025-08-07,Azura Stevens,Sparks,F,32,10,7,1,1,2,2,2
2025,2025-08-07,Rickea Jackson,Sparks,F,29,20,1,2,0,0,2,5
2025,2025-08-07,Kelsey Plum,Sparks,G,35,18,1,5,0,0,3,1
2025,2025-08-07,Julie Allemand,Sparks,G,34,10,10,11,1,0,1,0
2025,2025-08-07,Cameron Brink,Sparks,F,17,11,5,1,0,2,1,3
2025,2025-08-07,Julie Vanloo,Sparks,G,5,3,0,0,0,0,3,0
2025,2025-08-07,Rae Burrell,Sparks,G,25,9,3,0,1,0,0,0
2025,2025-08-07,Natasha Howard,Fever,F,18,7,2,0,3,1,2,1
2025,2025-08-07,Aliyah Boston,Fever,C,26,4,9,3,2,1,4,4
2025,2025-08-07,Kelsey Mitchell,Fever,G,35,12,1,4,1,1,5,0
2025,2025-08-07,Sophie Cunningham,Fever,G,26,18,2,2,0,0,4,3
2025,2025-08-07,Aari McDonald,Fever,G,24,4,2,3,0,1,2,3
2025,2025-08-07,Brianna Turner,Fever,F,11,2,3,0,1,1,0,0
2025,2025-08-07,Chloe Bibby,Fever,F,9,0,1,0,1,0,1,1
2025,2025-08-07,Makayla Timpson,Fever,F,10,5,2,0,0,1,1,1
2025,2025-08-07,Damiris Dantas,Fever,C,13,6,3,0,0,0,0,1
2025,2025-08-07,Sydney Colson,Fever,G,1,0,1,0,0,0,0,0
2025,2025-08-07,Lexie Hull,Fever,G,27,2,6,0,0,0,1,4
2025,2025-08-07,Alyssa Thomas,Mercury,F,30,18,11,10,3,0,2,1
2025,2025-08-07,Natasha Mack,Mercury,F,23,4,2,0,0,0,0,3
2025,2025-08-07,Satou Sabally,Mercury,F,21,15,8,2,1,0,2,2
2025,2025-08-07,Kahleah Copper,Mercury,G,27,11,6,4,2,0,3,3
2025,2025-08-07,Monique Akoa Makani,Mercury,G,23,5,2,3,0,0,1,3
2025,2025-08-07,DeWanna Bonner,Mercury,F,24,23,7,1,1,0,1,0
2025,2025-08-07,Kathryn Westbeld,Mercury,F,20,3,1,2,1,0,2,0
2025,2025-08-07,Kalani Brown,Mercury,C,3,0,0,2,0,0,0,0
2025,2025-08-07,Sami Whitcomb,Mercury,G,23,8,6,1,1,0,2,2
2025,2025-08-07,Kitija Laksa,Mercury,G,3,3,1,0,0,0,0,0
2025,2025-08-07,Lexi Held,Mercury,G,3,5,0,0,0,0,0,1
2025,2025-08-07,Brionna Jones,Dream,F,30,8,7,3,3,1,2,3
2025,2025-08-07,Naz Hillmon,Dream,F,34,7,11,4,0,0,3,4
2025,2025-08-07,Allisha Gray,Dream,G,34,25,4,2,0,1,1,1
2025,2025-08-07,Jordin Canada,Dream,G,33,17,6,6,3,0,2,1
2025,2025-08-07,Te-Hina Paopao,Dream,G,36,12,1,2,0,1,2,1
2025,2025-08-07,Nia Coffey,Dream,F,15,10,5,1,2,1,1,0
2025,2025-08-07,Kamiah Smalls,Dream,F,1,0,0,0,0,0,0,0
2025,2025-08-07,Taylor Thierry,Dream,F,1,0,1,0,0,0,0,0
2025,2025-08-07,Shatori Walker-Kimbrough,Dream,G,16,7,2,2,0,0,0,0
2025,2025-08-07,Michaela Onyenwere,Sky,F,16,2,0,1,0,0,2,2
2025,2025-08-07,Elizabeth Williams,Sky,C,27,8,4,1,1,1,3,2
2025,2025-08-07,Kamilla Cardoso,Sky,C,35,12,6,5,2,4,2,2
2025,2025-08-07,Rachel Banham,Sky,G,32,18,4,2,0,1,1,2
2025,2025-08-07,Ariel Atkins,Sky,G,25,8,4,4,2,1,4,1
2025,2025-08-07,Maddy Westbeld,Sky,F,15,6,3,1,1,0,0,2
2025,2025-08-07,Rebecca Allen,Sky,G,12,5,2,0,0,1,0,2
2025,2025-08-07,Kia Nurse,Sky,G,16,2,3,2,0,0,0,2
2025,2025-08-07,Hailey Van Lith,Sky,G,2,0,0,0,0,0,0,0
2025,2025-08-07,Sevgi Uzun,Sky,G,20,4,1,3,0,0,1,3
2025,2025-08-06,NaLyssa Smith,Aces,F,26,8,9,0,2,1,1,4
2025,2025-08-06,Kierstan Bell,Aces,F,11,3,1,1,0,1,0,0
2025,2025-08-06,A'ja Wilson,Aces,C,32,27,7,3,2,2,3,3
2025,2025-08-06,Chelsea Gray,Aces,G,33,8,8,3,0,0,1,3
2025,2025-08-06,Jackie Young,Aces,G,37,14,2,4,5,0,4,3
2025,2025-08-06,Kiah Stokes,Aces,C,2,0,0,0,0,0,0,1
2025,2025-08-06,Megan Gustafson,Aces,C,1,0,0,0,0,0,0,0
2025,2025-08-06,Jewell Loyd,Aces,G,31,14,3,2,0,1,1,2
2025,2025-08-06,Dana Evans,Aces,G,12,4,0,1,0,0,2,2
2025,2025-08-06,Aaliyah Nye,Aces,G,15,0,1,1,0,0,1,1
2025,2025-08-06,Cecilia Zandalasini,Valkyries,F,24,7,3,1,1,0,2,1
2025,2025-08-06,Janelle Salaun,Valkyries,F,30,13,3,3,1,0,1,6
2025,2025-08-06,Temi Fagbenle,Valkyries,C,27,8,5,1,1,0,1,4
2025,2025-08-06,Tiffany Hayes,Valkyries,G,30,14,9,1,0,0,1,4
2025,2025-08-06,Veronica Burton,Valkyries,G,23,6,3,0,0,0,3,2
2025,2025-08-06,Iliana Rupert,Valkyries,C,12,2,1,0,0,0,1,2
2025,2025-08-06,Kaila Charles,Valkyries,G,23,11,4,0,2,0,0,2
2025,2025-08-06,Kate Martin,Valkyries,G,7,0,0,1,0,0,0,0
2025,2025-08-06,Carla Leite,Valkyries,G,24,11,3,2,2,0,4,3
2025,2025-08-05,Natasha Howard,Fever,F,32,17,7,2,0,1,0,2
2025,2025-08-05,Aliyah Boston,Fever,C,34,15,9,4,0,1,0,3
2025,2025-08-05,Kelsey Mitchell,Fever,G,31,34,2,6,1,0,2,3
2025,2025-08-05,Sophie Cunningham,Fever,G,26,8,1,2,2,0,0,0
2025,2025-08-05,Aari McDonald,Fever,G,30,15,5,6,0,0,1,3
2025,2025-08-05,Chloe Bibby,Fever,F,3,0,0,0,0,0,0,0
2025,2025-08-05,Makayla Timpson,Fever,F,4,0,0,0,0,0,0,1
2025,2025-08-05,Damiris Dantas,Fever,C,6,2,1,1,0,0,0,0
2025,2025-08-05,Sydney Colson,Fever,G,13,0,0,1,0,0,0,1
2025,2025-08-05,Lexie Hull,Fever,G,21,0,2,1,1,0,1,3
2025,2025-08-05,Dearica Hamby,Sparks,F,29,16,7,3,0,0,1,4
2025,2025-08-05,Azura Stevens,Sparks,F,26,19,5,1,0,2,0,3
2025,2025-08-05,Rickea Jackson,Sparks,F,32,25,5,2,0,0,0,0
2025,2025-08-05,Kelsey Plum,Sparks,G,34,25,1,11,0,0,3,2
2025,2025-08-05,Julie Allemand,Sparks,G,32,5,8,7,0,0,2,2
2025,2025-08-05,Cameron Brink,Sparks,F,16,0,3,0,0,5,2,2
2025,2025-08-05,Julie Vanloo,Sparks,G,10,3,0,0,0,0,2,2
2025,2025-08-05,Rae Burrell,Sparks,G,17,7,3,1,1,0,1,1
2025,2025-08-05,Sarah Ashlee Barker,Sparks,G,4,0,0,0,0,0,0,0
2025,2025-08-05,Aneesah Morrow,Sun,F,16,0,4,0,0,0,2,1
2025,2025-08-05,Tina Charles,Sun,C,30,16,7,1,0,2,5,4
2025,2025-08-05,Bria Hartley,Sun,G,21,7,1,4,0,0,1,2
2025,2025-08-05,Marina Mabrey,Sun,G,30,18,3,3,0,0,4,1
2025,2025-08-05,Leila Lacan,Sun,G,22,10,5,2,6,0,1,5
2025,2025-08-05,Haley Peters,Sun,F,12,0,4,1,1,0,1,0
2025,2025-08-05,Olivia Nelson-Ododa,Sun,C,22,4,4,0,1,1,1,0
2025,2025-08-05,Lindsay Allen,Sun,G,5,0,0,1,0,0,0,0
2025,2025-08-05,Jacy Sheldon,Sun,G,21,7,4,2,1,0,0,2
2025,2025-08-05,Saniya Rivers,Sun,G,13,2,2,1,0,1,1,1
2025,2025-08-05,Mamignan Toure,Sun,G,7,2,1,1,2,0,1,2
2025,2025-08-05,Alyssa Thomas,Mercury,F,32,13,12,12,3,0,4,3
2025,2025-08-05,Natasha Mack,Mercury,F,8,0,4,3,0,1,0,0
2025,2025-08-05,Satou Sabally,Mercury,F,29,23,6,1,2,1,4,2
2025,2025-08-05,Kahleah Copper,Mercury,G,28,15,1,0,1,0,3,3
2025,2025-08-05,Monique Akoa Makani,Mercury,G,21,9,1,0,0,0,2,0
2025,2025-08-05,DeWanna Bonner,Mercury,F,23,18,7,0,0,0,1,1
2025,2025-08-05,Kathryn Westbeld,Mercury,F,12,1,4,0,1,0,1,2
2025,2025-08-05,Kalani Brown,Mercury,C,9,0,3,0,0,0,0,0
2025,2025-08-05,Sami Whitcomb,Mercury,G,22,3,1,1,1,0,3,1
2025,2025-08-05,Lexi Held,Mercury,G,17,0,0,0,1,0,0,0
2025,2025-08-05,Jessica Shepard,Lynx,F,33,13,13,4,2,0,2,1
2025,2025-08-05,Bridget Carleton,Lynx,F,30,12,1,1,1,0,0,1
2025,2025-08-05,Alanna Smith,Lynx,F,23,6,4,2,5,2,2,5
2025,2025-08-05,Kayla McBride,Lynx,G,32,14,2,6,2,0,1,0
2025,2025-08-05,Courtney Williams,Lynx,G,32,20,4,4,0,0,5,1
2025,2025-08-05,Maria Kliundikova,Lynx,F,16,8,5,0,0,0,3,3
2025,2025-08-05,Natisha Hiedeman,Lynx,G,16,5,1,2,1,0,1,2
2025,2025-08-05,DiJonai Carrington,Lynx,G,18,13,4,2,2,1,1,2
2025,2025-08-05,Nneka Ogwumike,Storm,F,32,23,6,5,1,0,4,1
2025,2025-08-05,Gabby Williams,Storm,F,33,9,4,4,3,0,4,4
2025,2025-08-05,Ezi Magbegor,Storm,F,32,8,8,5,0,1,2,2
2025,2025-08-05,Skylar Diggins,Storm,G,36,11,1,7,1,1,1,2
2025,2025-08-05,Erica Wheeler,Storm,G,29,19,2,4,2,0,3,5
2025,2025-08-05,Dominique Malonga,Storm,C,17,12,3,0,0,0,0,0
2025,2025-08-05,Tiffany Mitchell,Storm,G,15,5,0,0,0,1,0,1
2025,2025-08-05,Lexie Brown,Storm,G,7,0,0,0,0,0,0,1
2025,2025-08-05,Kiki Iriafen,Mystics,F,24,10,6,1,1,1,1,1
2025,2025-08-05,Shakira Austin,Mystics,C,26,8,5,1,5,0,2,3
2025,2025-08-05,Sug Sutton,Mystics,G,32,8,1,5,1,0,3,1
2025,2025-08-05,Sonia Citron,Mystics,G,34,13,4,2,4,0,2,0
2025,2025-08-05,Jade Melbourne,Mystics,G,32,8,2,3,1,0,1,2
2025,2025-08-05,Emily Engstler,Mystics,F,13,5,4,0,1,1,1,1
2025,2025-08-05,Aaliyah Edwards,Mystics,F,7,3,1,1,0,0,0,0
2025,2025-08-05,Stefanie Dolson,Mystics,C,11,2,1,0,0,0,1,3
2025,2025-08-05,Lucy Olsen,Mystics,G,22,7,1,3,1,0,0,1
2025,2025-08-05,Michaela Onyenwere,Sky,F,20,12,3,1,0,0,1,1
2025,2025-08-05,Elizabeth Williams,Sky,C,36,18,10,2,1,0,2,1
2025,2025-08-05,Kamilla Cardoso,Sky,C,31,16,13,3,0,0,2,1
2025,2025-08-05,Rachel Banham,Sky,G,26,5,1,4,1,2,2,3
2025,2025-08-05,Ariel Atkins,Sky,G,24,15,0,5,2,0,2,3
2025,2025-08-05,Maddy Westbeld,Sky,F,13,2,4,1,1,0,1,1
2025,2025-08-05,Rebecca Allen,Sky,G,14,0,0,0,0,0,1,1
2025,2025-08-05,Kia Nurse,Sky,G,17,4,1,1,0,0,3,2
2025,2025-08-05,Hailey Van Lith,Sky,G,1,0,0,0,0,0,1,0
2025,2025-08-05,Sevgi Uzun,Sky,G,19,6,1,5,1,0,3,2
2025,2025-08-05,Luisa Geiselsoder,Wings,C,28,5,10,4,1,1,0,1
2025,2025-08-05,Arike Ogunbowale,Wings,G,35,14,4,4,1,0,0,1
2025,2025-08-05,Paige Bueckers,Wings,G,31,21,8,4,1,0,2,2
2025,2025-08-05,JJ Quinerly,Wings,G,6,2,0,0,0,0,1,1
2025,2025-08-05,Haley Jones,Wings,G,30,11,4,1,0,1,2,6
2025,2025-08-05,Maddy Siegrist,Wings,F,15,13,3,0,0,0,0,2
2025,2025-08-05,Diamond Miller,Wings,F,7,0,1,0,0,0,2,2
2025,2025-08-05,Li Yueru,Wings,C,18,4,8,2,0,0,0,0
2025,2025-08-05,Grace Berger,Wings,G,21,2,1,4,1,0,0,3
2025,2025-08-05,Aziaha James,Wings,G,10,4,6,1,1,0,0,0
2025,2025-08-05,Leonie Fiebich,Liberty,F,29,14,1,4,1,0,0,3
2025,2025-08-05,Jonquel Jones,Liberty,C,21,15,10,2,0,1,2,1
2025,2025-08-05,Emma Meesseman,Liberty,C,24,13,3,2,1,2,2,1
2025,2025-08-05,Natasha Cloud,Liberty,G,31,12,4,6,0,0,4,1
2025,2025-08-05,Sabrina Ionescu,Liberty,G,30,9,5,3,0,1,0,3
2025,2025-08-05,Isabelle Harrison,Liberty,F,11,4,5,0,0,1,0,1
2025,2025-08-05,Stephanie Talbot,Liberty,F,24,13,3,2,1,0,0,1
2025,2025-08-05,Rebekah Gardner,Liberty,G,12,3,2,3,0,0,0,2
2025,2025-08-05,Marine Johannes,Liberty,G,18,2,2,3,1,0,0,0
2025,2025-08-03,Alyssa Thomas,Mercury,F,30,10,10,10,2,1,1,0
2025,2025-08-03,Kalani Brown,Mercury,C,19,5,9,0,0,1,1,4
2025,2025-08-03,Sami Whitcomb,Mercury,G,18,11,4,1,1,0,2,1
2025,2025-08-03,Kahleah Copper,Mercury,G,26,25,3,2,1,1,2,2
2025,2025-08-03,Monique Akoa Makani,Mercury,G,26,8,5,5,2,0,1,2
2025,2025-08-03,DeWanna Bonner,Mercury,F,23,6,3,1,0,1,0,0
2025,2025-08-03,Kathryn Westbeld,Mercury,F,6,0,1,1,0,0,1,0
2025,2025-08-03,Natasha Mack,Mercury,F,21,9,6,0,1,3,0,4
2025,2025-08-03,Kitija Laksa,Mercury,G,13,4,1,0,1,1,1,0
2025,2025-08-03,Lexi Held,Mercury,G,18,5,3,2,0,0,0,4
2025,2025-08-03,Michaela Onyenwere,Sky,F,24,13,3,1,0,0,1,2
2025,2025-08-03,Kamilla Cardoso,Sky,C,28,12,10,3,0,3,3,0
2025,2025-08-03,Rachel Banham,Sky,G,25,2,1,2,1,0,1,2
2025,2025-08-03,Rebecca Allen,Sky,G,16,4,3,1,0,0,0,2
2025,2025-08-03,Kia Nurse,Sky,G,27,5,5,3,0,0,1,0
2025,2025-08-03,Maddy Westbeld,Sky,F,22,9,2,0,0,1,0,1
2025,2025-08-03,Elizabeth Williams,Sky,C,21,15,15,2,1,2,0,2
2025,2025-08-03,Hailey Van Lith,Sky,G,17,5,0,3,0,0,1,3
2025,2025-08-03,Sevgi Uzun,Sky,G,22,2,1,4,1,0,5,1
2025,2025-08-03,Janelle Salaun,Valkyries,F,16,6,3,0,1,0,1,1
2025,2025-08-03,Temi Fagbenle,Valkyries,C,18,0,6,2,2,0,3,2
2025,2025-08-03,Iliana Rupert,Valkyries,C,23,17,8,1,0,0,1,2
2025,2025-08-03,Veronica Burton,Valkyries,G,23,8,1,3,3,0,0,2
2025,2025-08-03,Carla Leite,Valkyries,G,33,14,2,3,1,0,1,1
2025,2025-08-03,Laeticia Amihere,Valkyries,F,22,14,9,3,0,0,1,1
2025,2025-08-03,Kaila Charles,Valkyries,G,22,13,6,2,1,1,2,3
2025,2025-08-03,Kate Martin,Valkyries,G,25,2,4,0,1,0,0,3
2025,2025-08-03,Kaitlyn Chen,Valkyries,G,18,3,0,5,1,0,1,0
2025,2025-08-03,NaLyssa Smith,Aces,F,16,4,5,1,0,0,2,2
2025,2025-08-03,Kierstan Bell,Aces,F,15,2,3,1,0,1,0,0
2025,2025-08-03,A'ja Wilson,Aces,C,29,14,14,2,4,1,1,2
2025,2025-08-03,Chelsea Gray,Aces,G,30,11,5,6,2,0,7,2
2025,2025-08-03,Jackie Young,Aces,G,30,20,5,8,2,0,2,2
2025,2025-08-03,Kiah Stokes,Aces,C,4,0,1,0,0,0,0,0
2025,2025-08-03,Megan Gustafson,Aces,C,13,8,3,0,0,0,0,3
2025,2025-08-03,Jewell Loyd,Aces,G,26,27,3,1,2,0,2,4
2025,2025-08-03,Dana Evans,Aces,G,18,7,1,4,0,0,0,0
2025,2025-08-03,Aaliyah Nye,Aces,G,19,8,6,1,0,1,1,0
2025,2025-08-03,Kiki Iriafen,Mystics,F,27,22,5,3,3,0,1,3
2025,2025-08-03,Shakira Austin,Mystics,C,29,16,3,2,3,1,7,4
2025,2025-08-03,Brittney Sykes,Mystics,G,26,6,2,3,3,0,2,2
2025,2025-08-03,Sug Sutton,Mystics,G,26,13,2,3,0,0,5,1
2025,2025-08-03,Sonia Citron,Mystics,G,33,16,1,3,2,0,0,3
2025,2025-08-03,Emily Engstler,Mystics,F,10,4,1,1,0,1,1,1
2025,2025-08-03,Aaliyah Edwards,Mystics,F,3,0,0,0,0,0,0,0
2025,2025-08-03,Stefanie Dolson,Mystics,C,11,2,3,0,0,0,2,2
2025,2025-08-03,Lucy Olsen,Mystics,G,16,2,1,2,0,0,3,3
2025,2025-08-03,Jade Melbourne,Mystics,G,19,2,1,2,0,0,1,3
2025,2025-08-03,Brionna Jones,Dream,F,26,23,5,1,2,0,3,4
2025,2025-08-03,Naz Hillmon,Dream,F,36,14,13,5,0,2,6,2
2025,2025-08-03,Allisha Gray,Dream,G,35,22,6,4,2,0,3,2
2025,2025-08-03,Jordin Canada,Dream,G,36,16,2,9,3,0,5,4
2025,2025-08-03,Maya Caldwell,Dream,G,10,2,2,2,2,0,2,4
2025,2025-08-03,Nia Coffey,Dream,F,17,15,4,0,1,0,1,2
2025,2025-08-03,Kamiah Smalls,Dream,F,1,0,0,0,0,0,0,0
2025,2025-08-03,Taylor Thierry,Dream,F,0,0,0,0,0,0,0,0
2025,2025-08-03,Shatori Walker-Kimbrough,Dream,G,6,0,0,0,0,0,0,0
2025,2025-08-03,Te-Hina Paopao,Dream,G,33,7,1,5,2,1,1,2
2025,2025-08-03,Natasha Howard,Fever,F,32,21,5,5,1,1,1,4
2025,2025-08-03,Aliyah Boston,Fever,C,31,16,12,2,3,1,3,3
2025,2025-08-03,Kelsey Mitchell,Fever,G,30,9,2,5,2,0,2,2
2025,2025-08-03,Sophie Cunningham,Fever,G,33,17,5,2,0,0,1,2
2025,2025-08-03,Aari McDonald,Fever,G,33,9,4,9,2,0,4,3
2025,2025-08-03,Chloe Bibby,Fever,F,6,0,2,1,0,0,1,1
2025,2025-08-03,Damiris Dantas,Fever,C,10,6,0,1,0,0,1,1
2025,2025-08-03,Sydney Colson,Fever,G,7,0,0,0,1,1,3,1
2025,2025-08-03,Lexie Hull,Fever,G,17,0,2,2,0,0,0,2
2025,2025-08-03,Nneka Ogwumike,Storm,F,30,16,3,3,1,1,5,2
2025,2025-08-03,Gabby Williams,Storm,F,32,12,9,5,1,0,2,1
2025,2025-08-03,Ezi Magbegor,Storm,F,24,8,5,0,0,0,0,4
2025,2025-08-03,Skylar Diggins,Storm,G,34,13,6,4,1,0,4,4
2025,2025-08-03,Erica Wheeler,Storm,G,26,9,3,4,5,0,1,2
2025,2025-08-03,Alysha Clark,Storm,F,6,0,1,1,0,0,0,0
2025,2025-08-03,Dominique Malonga,Storm,C,21,12,5,3,1,1,2,3
2025,2025-08-03,Tiffany Mitchell,Storm,G,22,4,1,0,0,0,0,2
2025,2025-08-03,Lexie Brown,Storm,G,6,0,0,0,0,0,0,0
2025,2025-08-03,Leonie Fiebich,Liberty,F,30,5,4,2,1,0,2,3
2025,2025-08-03,Jonquel Jones,Liberty,C,31,21,9,4,2,1,5,3
2025,2025-08-03,Emma Meesseman,Liberty,C,17,11,2,3,0,1,1,3
2025,2025-08-03,Natasha Cloud,Liberty,G,30,3,5,4,0,0,4,4
2025,2025-08-03,Sabrina Ionescu,Liberty,G,37,36,11,4,1,0,7,0
2025,2025-08-03,Isabelle Harrison,Liberty,F,7,2,0,1,1,0,0,2
2025,2025-08-03,Stephanie Talbot,Liberty,F,9,0,1,4,0,0,0,2
2025,2025-08-03,Rebekah Gardner,Liberty,G,22,6,2,1,2,1,1,2
2025,2025-08-03,Marine Johannes,Liberty,G,17,3,1,1,0,0,0,1
2025,2025-08-03,Aneesah Morrow,Sun,F,27,16,9,0,1,2,1,2
2025,2025-08-03,Tina Charles,Sun,C,34,17,8,2,0,0,3,3
2025,2025-08-03,Bria Hartley,Sun,G,22,12,3,4,2,0,2,2
2025,2025-08-03,Marina Mabrey,Sun,G,30,10,3,2,1,0,2,4
2025,2025-08-03,Saniya Rivers,Sun,G,21,7,1,4,2,0,1,2
2025,2025-08-03,Olivia Nelson-Ododa,Sun,C,19,8,2,0,0,0,1,1
2025,2025-08-03,Lindsay Allen,Sun,G,8,0,0,0,0,0,1,2
2025,2025-08-03,Jacy Sheldon,Sun,G,18,4,0,1,3,0,0,1
2025,2025-08-03,Leila Lacan,Sun,G,16,4,2,1,3,0,2,3
2025,2025-08-03,Mamignan Toure,Sun,G,6,0,0,0,0,0,0,2
2025,2025-08-02,Bridget Carleton,Lynx,F,25,6,4,2,1,0,1,1
2025,2025-08-02,Alanna Smith,Lynx,F,15,7,6,3,1,1,0,3
2025,2025-08-02,Napheesa Collier,Lynx,F,26,18,3,5,2,0,3,1
2025,2025-08-02,Kayla McBride,Lynx,G,23,24,2,5,3,0,0,2
2025,2025-08-02,Courtney Williams,Lynx,G,24,9,6,9,2,1,0,1
2025,2025-08-02,Jessica Shepard,Lynx,F,27,18,14,2,0,0,1,1
2025,2025-08-02,Maria Kliundikova,Lynx,F,14,8,4,0,1,1,2,2
2025,2025-08-02,Anastasiia Olairi Kosu,Lynx,F,10,4,2,0,0,0,1,2
2025,2025-08-02,Yvonne Anderson,Lynx,G,12,0,1,2,2,0,0,3
2025,2025-08-02,Natisha Hiedeman,Lynx,G,23,17,3,4,0,1,2,0
2025,2025-08-02,NaLyssa Smith,Aces,F,17,7,2,0,1,0,1,3
2025,2025-08-02,Kierstan Bell,Aces,F,22,4,4,1,1,1,2,0
2025,2025-08-02,A'ja Wilson,Aces,C,22,10,5,2,0,0,2,1
2025,2025-08-02,Chelsea Gray,Aces,G,21,3,2,4,1,0,1,2
2025,2025-08-02,Jackie Young,Aces,G,19,6,1,3,1,0,2,3
2025,2025-08-02,Kiah Stokes,Aces,C,15,3,3,1,1,1,0,2
2025,2025-08-02,Megan Gustafson,Aces,C,22,6,1,0,0,3,2,4
2025,2025-08-02,Jewell Loyd,Aces,G,19,12,1,2,1,1,3,1
2025,2025-08-02,Dana Evans,Aces,G,22,1,1,4,0,0,2,1
2025,2025-08-02,Aaliyah Nye,Aces,G,21,6,2,1,0,1,0,0
2025,2025-08-01,Dearica Hamby,Sparks,F,41,21,13,2,1,1,3,5
2025,2025-08-01,Azura Stevens,Sparks,F,35,21,5,5,1,2,2,3
2025,2025-08-01,Rickea Jackson,Sparks,F,47,27,9,3,1,0,3,2
2025,2025-08-01,Kelsey Plum,Sparks,G,48,22,4,7,1,0,4,4
2025,2025-08-01,Julie Allemand,Sparks,G,46,8,9,5,2,0,2,2
2025,2025-08-01,Cameron Brink,Sparks,F,12,7,4,0,2,3,2,5
2025,2025-08-01,Julie Vanloo,Sparks,G,4,0,0,0,0,0,1,0
2025,2025-08-01,Rae Burrell,Sparks,G,18,2,2,1,0,0,1,1
2025,2025-08-01,Nneka Ogwumike,Storm,F,46,37,12,4,0,0,1,2
2025,2025-08-01,Gabby Williams,Storm,F,42,14,5,8,5,0,3,1
2025,2025-08-01,Ezi Magbegor,Storm,F,34,9,11,2,1,5,2,5
2025,2025-08-01,Skylar Diggins,Storm,G,43,18,1,6,2,0,2,1
2025,2025-08-01,Erica Wheeler,Storm,G,39,15,3,6,0,1,3,5
2025,2025-08-01,Dominique Malonga,Storm,C,20,6,8,0,0,2,1,3
2025,2025-08-01,Tiffany Mitchell,Storm,G,13,2,1,0,1,0,0,2
2025,2025-08-01,Lexie Brown,Storm,G,13,5,1,3,0,0,0,2
2025,2025-08-01,Alyssa Thomas,Mercury,F,26,12,10,3,1,1,2,1
2025,2025-08-01,Kathryn Westbeld,Mercury,F,15,3,0,2,0,1,1,1
2025,2025-08-01,Satou Sabally,Mercury,F,12,9,1,0,0,0,0,1
2025,2025-08-01,Kahleah Copper,Mercury,G,26,19,2,1,2,0,1,2
2025,2025-08-01,Monique Akoa Makani,Mercury,G,25,7,2,5,0,0,3,3
2025,2025-08-01,DeWanna Bonner,Mercury,F,22,7,4,0,0,0,0,0
2025,2025-08-01,Natasha Mack,Mercury,F,14,2,2,3,0,4,0,0
2025,2025-08-01,Kalani Brown,Mercury,C,9,6,4,0,1,0,0,2
2025,2025-08-01,Sami Whitcomb,Mercury,G,20,4,1,2,0,0,1,2
2025,2025-08-01,Kitija Laksa,Mercury,G,14,0,1,0,0,0,0,0
2025,2025-08-01,Lexi Held,Mercury,G,18,3,0,0,0,0,1,0
2025,2025-08-01,Brionna Jones,Dream,F,23,16,8,1,0,3,1,3
2025,2025-08-01,Naz Hillmon,Dream,F,34,18,9,3,0,1,0,3
2025,2025-08-01,Allisha Gray,Dream,G,28,26,2,2,0,1,1,1
2025,2025-08-01,Jordin Canada,Dream,G,26,8,4,11,2,0,3,1
2025,2025-08-01,Maya Caldwell,Dream,G,31,14,7,4,1,1,0,2
2025,2025-08-01,Nia Coffey,Dream,F,22,4,3,1,0,1,0,1
2025,2025-08-01,Kamiah Smalls,Dream,F,1,0,0,0,0,0,0,0
2025,2025-08-01,Taylor Thierry,Dream,F,6,2,2,0,2,0,1,0
2025,2025-08-01,Shatori Walker-Kimbrough,Dream,G,10,0,1,2,1,0,0,3
2025,2025-08-01,Te-Hina Paopao,Dream,G,19,7,1,3,1,0,1,1
2025,2025-08-01,Leonie Fiebich,Liberty,F,32,2,4,1,1,1,2,2
2025,2025-08-01,Jonquel Jones,Liberty,C,33,14,6,4,0,3,5,4
2025,2025-08-01,Natasha Cloud,Liberty,G,31,7,2,3,2,0,2,4
2025,2025-08-01,Marine Johannes,Liberty,G,21,0,0,2,1,0,2,0
2025,2025-08-01,Sabrina Ionescu,Liberty,G,35,23,7,5,2,0,2,3
2025,2025-08-01,Isabelle Harrison,Liberty,F,17,6,1,0,1,0,3,1
2025,2025-08-01,Stephanie Talbot,Liberty,F,22,5,7,3,2,1,5,1
2025,2025-08-01,Rebekah Gardner,Liberty,G,9,5,2,0,1,0,0,0
2025,2025-08-01,Aneesah Morrow,Sun,F,22,4,11,1,0,0,4,0
2025,2025-08-01,Tina Charles,Sun,C,32,15,4,3,3,0,3,2
2025,2025-08-01,Bria Hartley,Sun,G,20,4,4,2,1,0,1,3
2025,2025-08-01,Marina Mabrey,Sun,G,34,18,10,8,2,1,6,2
2025,2025-08-01,Saniya Rivers,Sun,G,16,5,2,2,2,0,0,2
2025,2025-08-01,Olivia Nelson-Ododa,Sun,C,26,16,4,1,1,3,2,2
2025,2025-08-01,Jacy Sheldon,Sun,G,27,0,3,3,1,1,1,1
2025,2025-08-01,Leila Lacan,Sun,G,23,16,4,1,1,0,0,2
2025,2025-08-01,Janelle Salaun,Valkyries,F,35,16,9,2,1,0,1,3
2025,2025-08-01,Temi Fagbenle,Valkyries,C,18,4,4,2,0,0,0,2
2025,2025-08-01,Kate Martin,Valkyries,G,21,3,4,2,1,1,2,3
2025,2025-08-01,Veronica Burton,Valkyries,G,31,18,4,7,2,1,1,1
2025,2025-08-01,Carla Leite,Valkyries,G,22,11,1,1,1,1,1,0
2025,2025-08-01,Laeticia Amihere,Valkyries,F,9,2,2,0,0,0,2,1
2025,2025-08-01,Iliana Rupert,Valkyries,C,24,14,1,0,1,0,0,2
2025,2025-08-01,Kaila Charles,Valkyries,G,17,5,5,2,0,0,0,2
2025,2025-08-01,Kaitlyn Chen,Valkyries,G,24,0,2,3,0,0,2,2
2025,2025-08-01,Elizabeth Williams,Sky,C,30,15,8,3,0,2,1,2
2025,2025-08-01,Kamilla Cardoso,Sky,C,35,14,11,1,0,1,2,2
2025,2025-08-01,Rachel Banham,Sky,G,28,14,5,7,1,0,4,4
2025,2025-08-01,Rebecca Allen,Sky,G,30,3,4,2,0,2,0,0
2025,2025-08-01,Kia Nurse,Sky,G,32,10,3,7,0,0,1,1
2025,2025-08-01,Michaela Onyenwere,Sky,F,14,3,0,0,0,1,0,0
2025,2025-08-01,Maddy Westbeld,Sky,F,14,2,1,0,0,0,0,4
2025,2025-08-01,Sevgi Uzun,Sky,G,18,5,4,1,1,0,2,3
2025,2025-08-01,Natasha Howard,Fever,F,31,11,16,5,2,1,2,5
2025,2025-08-01,Aliyah Boston,Fever,C,29,12,11,5,3,1,5,4
2025,2025-08-01,Kelsey Mitchell,Fever,G,33,23,3,3,0,0,2,0
2025,2025-08-01,Sophie Cunningham,Fever,G,29,6,5,2,2,1,1,2
2025,2025-08-01,Aari McDonald,Fever,G,29,15,4,6,0,0,6,2
2025,2025-08-01,Chloe Bibby,Fever,F,6,6,0,1,1,0,0,1
2025,2025-08-01,Makayla Timpson,Fever,F,3,0,0,0,0,0,0,0
2025,2025-08-01,Damiris Dantas,Fever,C,11,5,3,0,0,0,0,3
2025,2025-08-01,Sydney Colson,Fever,G,11,3,2,2,1,0,2,1
2025,2025-08-01,Lexie Hull,Fever,G,18,7,0,1,1,0,1,2
2025,2025-08-01,Luisa Geiselsoder,Wings,C,19,4,5,0,1,1,0,0
2025,2025-08-01,Arike Ogunbowale,Wings,G,26,8,1,5,2,0,0,2
2025,2025-08-01,Paige Bueckers,Wings,G,34,22,4,4,2,0,1,0
2025,2025-08-01,JJ Quinerly,Wings,G,27,6,4,3,1,1,1,2
2025,2025-08-01,Haley Jones,Wings,G,23,7,0,1,0,2,2,4
2025,2025-08-01,Myisha Hines-Allen,Wings,F,18,9,5,2,2,0,2,2
2025,2025-08-01,Teaira McCowan,Wings,C,12,6,3,0,0,1,1,1
2025,2025-08-01,Li Yueru,Wings,C,8,3,3,0,0,0,2,0
2025,2025-08-01,DiJonai Carrington,Wings,G,16,4,3,1,0,1,5,2
2025,2025-08-01,Aziaha James,Wings,G,16,9,2,0,0,1,0,3
2025,2025-07-31,Janelle Salaun,Valkyries,F,37,9,4,0,0,1,1,2
2025,2025-07-31,Temi Fagbenle,Valkyries,C,27,10,6,3,1,0,0,1
2025,2025-07-31,Iliana Rupert,Valkyries,C,33,11,7,0,2,0,3,4
2025,2025-07-31,Tiffany Hayes,Valkyries,G,20,0,2,4,0,0,1,2
2025,2025-07-31,Veronica Burton,Valkyries,G,30,10,7,10,0,1,4,1
2025,2025-07-31,Laeticia Amihere,Valkyries,F,13,8,5,1,0,0,1,3
2025,2025-07-31,Kate Martin,Valkyries,G,23,14,5,2,0,1,2,1
2025,2025-07-31,Kaitlyn Chen,Valkyries,G,3,2,0,0,0,0,0,1
2025,2025-07-31,Carla Leite,Valkyries,G,14,4,2,1,0,0,2,0
2025,2025-07-31,Kiki Iriafen,Mystics,F,22,10,6,1,0,0,1,4
2025,2025-07-31,Shakira Austin,Mystics,C,32,10,9,3,1,2,2,2
2025,2025-07-31,Brittney Sykes,Mystics,G,27,8,4,2,1,2,0,2
2025,2025-07-31,Sug Sutton,Mystics,G,26,7,3,6,0,0,1,2
2025,2025-07-31,Sonia Citron,Mystics,G,32,16,2,2,2,1,0,1
2025,2025-07-31,Emily Engstler,Mystics,F,18,5,3,2,0,2,1,0
2025,2025-07-31,Stefanie Dolson,Mystics,C,9,0,1,0,0,1,1,2
2025,2025-07-31,Lucy Olsen,Mystics,G,13,5,0,1,1,0,0,1
2025,2025-07-31,Jade Melbourne,Mystics,G,22,6,2,2,1,0,0,4
2025,2025-07-30,Brionna Jones,Dream,F,27,14,6,3,2,2,2,1
2025,2025-07-30,Brittney Griner,Dream,C,16,4,4,1,0,1,1,2
2025,2025-07-30,Allisha Gray,Dream,G,35,15,6,7,2,0,2,5
2025,2025-07-30,Maya Caldwell,Dream,G,29,13,1,2,1,0,2,2
2025,2025-07-30,Te-Hina Paopao,Dream,G,37,11,8,6,0,0,2,2
2025,2025-07-30,Nia Coffey,Dream,F,8,7,3,3,0,1,1,0
2025,2025-07-30,Naz Hillmon,Dream,F,30,21,1,3,0,1,0,1
2025,2025-07-30,Taylor Thierry,Dream,F,3,0,0,1,0,0,0,0
2025,2025-07-30,Shatori Walker-Kimbrough,Dream,G,16,3,3,0,0,0,2,0
2025,2025-07-30,Luisa Geiselsoder,Wings,C,25,13,4,2,0,0,0,3
2025,2025-07-30,Arike Ogunbowale,Wings,G,35,12,2,2,1,0,2,0
2025,2025-07-30,Paige Bueckers,Wings,G,35,21,2,7,1,0,0,1
2025,2025-07-30,JJ Quinerly,Wings,G,16,5,2,2,1,0,1,0
2025,2025-07-30,Haley Jones,Wings,G,31,12,3,3,1,0,1,4
2025,2025-07-30,Myisha Hines-Allen,Wings,F,14,5,4,1,3,1,1,2
2025,2025-07-30,Li Yueru,Wings,C,12,7,3,1,0,0,2,1
2025,2025-07-30,DiJonai Carrington,Wings,G,25,8,3,3,0,1,1,1
2025,2025-07-30,Aziaha James,Wings,G,7,2,1,0,0,0,0,0
2025,2025-07-30,Leonie Fiebich,Liberty,F,31,6,3,6,1,0,2,3
2025,2025-07-30,Jonquel Jones,Liberty,C,29,12,7,2,0,1,2,3
2025,2025-07-30,Natasha Cloud,Liberty,G,32,12,4,7,2,0,0,2
2025,2025-07-30,Marine Johannes,Liberty,G,31,14,4,0,0,0,2,1
2025,2025-07-30,Sabrina Ionescu,Liberty,G,33,31,5,4,1,1,1,2
2025,2025-07-30,Isabelle Harrison,Liberty,F,17,15,2,2,1,0,1,4
2025,2025-07-30,Stephanie Talbot,Liberty,F,18,3,6,2,1,1,1,2
2025,2025-07-30,Rebekah Gardner,Liberty,G,9,0,0,0,1,0,0,0
2025,2025-07-30,Bridget Carleton,Lynx,F,33,10,6,1,0,0,0,1
2025,2025-07-30,Alanna Smith,Lynx,F,30,12,5,3,0,3,0,3
2025,2025-07-30,Napheesa Collier,Lynx,F,35,30,9,2,1,3,2,3
2025,2025-07-30,Kayla McBride,Lynx,G,36,24,3,5,0,0,4,3
2025,2025-07-30,Courtney Williams,Lynx,G,33,6,9,13,1,1,1,1
2025,2025-07-30,Jessica Shepard,Lynx,F,17,8,7,3,0,0,1,0
2025,2025-07-30,Maria Kliundikova,Lynx,F,1,0,0,0,0,0,1,0
2025,2025-07-30,Diamond Miller,Lynx,F,4,0,0,0,1,0,0,1
2025,2025-07-30,Natisha Hiedeman,Lynx,G,11,10,2,1,0,0,1,3
2025,2025-07-30,Alyssa Thomas,Mercury,F,34,32,15,7,1,1,8,4
2025,2025-07-30,Natasha Mack,Mercury,F,12,4,3,1,1,0,0,3
2025,2025-07-30,Satou Sabally,Mercury,F,24,9,5,1,3,0,1,6
2025,2025-07-30,Kahleah Copper,Mercury,G,31,22,1,1,1,0,3,5
2025,2025-07-30,Monique Akoa Makani,Mercury,G,14,2,1,1,1,0,2,2
2025,2025-07-30,DeWanna Bonner,Mercury,F,21,4,1,0,0,0,0,1
2025,2025-07-30,Kathryn Westbeld,Mercury,F,17,6,3,2,1,0,0,3
2025,2025-07-30,Sami Whitcomb,Mercury,G,26,18,1,3,0,0,3,3
2025,2025-07-30,Kitija Laksa,Mercury,G,9,0,0,0,0,0,0,0
2025,2025-07-30,Lexi Held,Mercury,G,12,4,1,2,1,0,0,1
2025,2025-07-30,Natasha Howard,Fever,F,23,6,6,3,1,2,1,4
2025,2025-07-30,Aliyah Boston,Fever,C,30,22,12,1,0,0,2,2
2025,2025-07-30,Kelsey Mitchell,Fever,G,22,8,3,3,0,0,0,5
2025,2025-07-30,Sophie Cunningham,Fever,G,30,12,3,1,0,0,2,2
2025,2025-07-30,Aari McDonald,Fever,G,31,27,0,4,2,0,4,4
2025,2025-07-30,Chloe Bibby,Fever,F,13,10,0,1,1,0,2,1
2025,2025-07-30,Makayla Timpson,Fever,F,5,0,1,0,1,0,0,0
2025,2025-07-30,Damiris Dantas,Fever,C,10,12,3,1,0,0,2,1
2025,2025-07-30,Sydney Colson,Fever,G,13,8,0,4,1,0,1,1
2025,2025-07-30,Lexie Hull,Fever,G,23,2,5,1,2,0,2,6
2025,2025-07-29,NaLyssa Smith,Aces,F,18,8,5,0,1,1,0,3
2025,2025-07-29,Kierstan Bell,Aces,F,21,3,2,1,2,0,0,1
2025,2025-07-29,A'ja Wilson,Aces,C,30,34,10,4,3,3,3,4
2025,2025-07-29,Chelsea Gray,Aces,G,35,5,3,8,1,2,4,1
2025,2025-07-29,Jackie Young,Aces,G,34,18,11,11,3,0,2,2
2025,2025-07-29,Kiah Stokes,Aces,C,3,0,1,0,0,0,0,1
2025,2025-07-29,Megan Gustafson,Aces,C,7,0,0,0,1,0,1,3
2025,2025-07-29,Jewell Loyd,Aces,G,24,8,1,0,2,0,1,2
2025,2025-07-29,Dana Evans,Aces,G,19,10,1,1,0,0,0,0
2025,2025-07-29,Aaliyah Nye,Aces,G,10,3,2,0,0,0,2,0
2025,2025-07-29,Dearica Hamby,Sparks,F,26,15,6,1,0,0,3,4
2025,2025-07-29,Azura Stevens,Sparks,F,28,9,8,0,0,1,1,1
2025,2025-07-29,Rickea Jackson,Sparks,F,34,6,3,0,0,0,3,2
2025,2025-07-29,Kelsey Plum,Sparks,G,37,22,5,8,0,0,4,5
2025,2025-07-29,Julie Allemand,Sparks,G,24,0,2,3,3,0,4,1
2025,2025-07-29,Cameron Brink,Sparks,F,14,5,3,1,1,1,1,2
2025,2025-07-29,Julie Vanloo,Sparks,G,11,0,1,1,1,0,2,2
2025,2025-07-29,Rae Burrell,Sparks,G,26,17,6,2,0,0,1,0
2025,2025-07-29,Monique Billings,Valkyries,F,9,3,1,0,0,1,0,1
2025,2025-07-29,Janelle Salaun,Valkyries,F,23,6,1,1,0,0,1,4
2025,2025-07-29,Temi Fagbenle,Valkyries,C,24,4,5,2,0,1,0,4
2025,2025-07-29,Tiffany Hayes,Valkyries,G,32,15,3,5,2,0,3,2
2025,2025-07-29,Veronica Burton,Valkyries,G,26,10,4,1,0,0,5,0
2025,2025-07-29,Cecilia Zandalasini,Valkyries,F,30,18,8,2,1,0,0,3
2025,2025-07-29,Laeticia Amihere,Valkyries,F,15,6,4,1,1,0,0,2
2025,2025-07-29,Iliana Rupert,Valkyries,C,17,0,4,2,0,0,0,3
2025,2025-07-29,Kate Martin,Valkyries,G,6,3,0,1,0,0,1,0
2025,2025-07-29,Carla Leite,Valkyries,G,18,12,4,2,0,0,3,2
2025,2025-07-29,Brionna Jones,Dream,F,28,8,6,0,0,0,2,2
2025,2025-07-29,Brittney Griner,Dream,C,20,9,3,0,0,1,0,1
2025,2025-07-29,Allisha Gray,Dream,G,34,12,6,2,3,0,2,4
2025,2025-07-29,Jordin Canada,Dream,G,36,21,2,8,0,1,1,2
2025,2025-07-29,Maya Caldwell,Dream,G,34,9,2,4,4,1,0,1
2025,2025-07-29,Nia Coffey,Dream,F,2,0,0,0,0,0,0,0
2025,2025-07-29,Naz Hillmon,Dream,F,30,14,8,3,1,1,0,0
2025,2025-07-29,Shatori Walker-Kimbrough,Dream,G,12,0,0,1,0,0,1,0
2025,2025-07-29,Te-Hina Paopao,Dream,G,4,2,0,0,0,0,0,1
2025,2025-07-29,Angel Reese,Sky,F,32,22,13,3,3,2,3,5
2025,2025-07-29,Kamilla Cardoso,Sky,C,29,21,10,0,0,0,2,2
2025,2025-07-29,Rachel Banham,Sky,G,37,19,3,3,3,0,0,3
2025,2025-07-29,Rebecca Allen,Sky,G,33,10,3,2,1,0,2,3
2025,2025-07-29,Kia Nurse,Sky,G,33,7,2,3,1,0,1,2
2025,2025-07-29,Michaela Onyenwere,Sky,F,18,5,1,2,0,0,1,0
2025,2025-07-29,Maddy Westbeld,Sky,F,6,0,0,0,0,0,2,2
2025,2025-07-29,Elizabeth Williams,Sky,C,12,2,5,3,0,1,1,3
2025,2025-07-29,Kiki Iriafen,Mystics,F,30,22,10,4,2,0,1,3
2025,2025-07-29,Shakira Austin,Mystics,C,20,6,6,3,0,0,3,5
2025,2025-07-29,Brittney Sykes,Mystics,G,32,18,2,6,2,0,1,0
2025,2025-07-29,Sug Sutton,Mystics,G,24,8,1,3,1,0,0,0
2025,2025-07-29,Sonia Citron,Mystics,G,29,28,2,2,1,1,3,2
2025,2025-07-29,Emily Engstler,Mystics,F,18,5,6,4,1,1,1,1
2025,2025-07-29,Stefanie Dolson,Mystics,C,12,4,2,1,0,0,0,4
2025,2025-07-29,Lucy Olsen,Mystics,G,11,6,1,2,0,0,0,1
2025,2025-07-29,Jade Melbourne,Mystics,G,25,6,2,0,0,0,1,1
2025,2025-07-28,Isabelle Harrison,Liberty,F,17,10,4,0,0,0,1,0
2025,2025-07-28,Leonie Fiebich,Liberty,F,30,9,4,0,1,1,1,0
2025,2025-07-28,Jonquel Jones,Liberty,C,30,18,7,2,0,0,0,1
2025,2025-07-28,Natasha Cloud,Liberty,G,33,4,3,8,1,0,0,5
2025,2025-07-28,Sabrina Ionescu,Liberty,G,31,17,4,5,1,0,5,2
2025,2025-07-28,Stephanie Talbot,Liberty,F,24,10,6,3,2,3,2,3
2025,2025-07-28,Rebekah Gardner,Liberty,G,16,5,5,1,0,0,2,0
2025,2025-07-28,Marine Johannes,Liberty,G,19,9,0,5,1,1,1,1
2025,2025-07-28,Jaylyn Sherrod,Liberty,G,2,0,0,0,0,0,0,0
2025,2025-07-28,Luisa Geiselsoder,Wings,C,23,14,3,1,2,1,1,2
2025,2025-07-28,Arike Ogunbowale,Wings,G,32,20,1,14,1,0,1,1
2025,2025-07-28,Paige Bueckers,Wings,G,30,20,6,4,3,0,1,2
2025,2025-07-28,JJ Quinerly,Wings,G,17,2,3,1,0,0,1,3
2025,2025-07-28,Haley Jones,Wings,G,26,8,3,2,1,0,4,2
2025,2025-07-28,Myisha Hines-Allen,Wings,F,14,4,2,2,1,0,1,3
2025,2025-07-28,Li Yueru,Wings,C,17,8,7,1,0,1,0,3
2025,2025-07-28,DiJonai Carrington,Wings,G,17,9,9,1,0,1,0,0
2025,2025-07-28,Grace Berger,Wings,G,13,4,4,1,0,0,0,1
2025,2025-07-28,Aziaha James,Wings,G,10,3,1,0,0,0,1,0
2025,2025-07-28,Nneka Ogwumike,Storm,F,19,26,3,3,0,0,0,3
2025,2025-07-28,Gabby Williams,Storm,F,24,16,2,2,3,0,1,0
2025,2025-07-28,Ezi Magbegor,Storm,F,17,10,5,3,1,4,0,3
2025,2025-07-28,Skylar Diggins,Storm,G,23,11,12,11,0,2,1,2
2025,2025-07-28,Erica Wheeler,Storm,G,21,8,3,5,1,1,4,2
2025,2025-07-28,Alysha Clark,Storm,F,19,4,2,3,1,0,1,2
2025,2025-07-28,Mackenzie Holmes,Storm,F,6,0,1,0,0,0,0,1
2025,2025-07-28,Dominique Malonga,Storm,C,25,12,6,0,1,1,2,2
2025,2025-07-28,Tiffany Mitchell,Storm,G,15,3,0,1,0,0,2,4
2025,2025-07-28,Lexie Brown,Storm,G,19,3,3,2,0,0,2,1
2025,2025-07-28,Zia Cooke,Storm,G,12,8,0,0,0,0,2,3
2025,2025-07-28,Aneesah Morrow,Sun,F,17,9,7,1,1,0,1,1
2025,2025-07-28,Tina Charles,Sun,C,23,11,4,2,0,0,0,1
2025,2025-07-28,Bria Hartley,Sun,G,30,17,1,4,0,0,1,2
2025,2025-07-28,Marina Mabrey,Sun,G,17,8,2,2,0,0,4,2
2025,2025-07-28,Saniya Rivers,Sun,G,13,5,0,1,0,0,2,0
2025,2025-07-28,Haley Peters,Sun,F,11,0,1,1,0,0,0,1
2025,2025-07-28,Olivia Nelson-Ododa,Sun,C,25,10,6,2,3,2,0,0
2025,2025-07-28,Rayah Marshall,Sun,C,5,5,0,0,1,0,0,0
2025,2025-07-28,Lindsay Allen,Sun,G,7,0,0,1,0,0,1,1
2025,2025-07-28,Jacy Sheldon,Sun,G,26,11,3,2,0,0,1,3
2025,2025-07-28,Leila Lacan,Sun,G,22,9,2,4,2,0,2,3
2025,2025-07-28,Mamignan Toure,Sun,G,6,0,0,0,1,0,1,1
2025,2025-07-27,Brionna Jones,Dream,F,15,7,3,2,2,0,3,2
2025,2025-07-27,Brittney Griner,Dream,C,30,22,4,3,0,0,1,1
2025,2025-07-27,Allisha Gray,Dream,G,37,12,1,2,4,0,3,3
2025,2025-07-27,Jordin Canada,Dream,G,29,18,4,3,2,0,4,1
2025,2025-07-27,Maya Caldwell,Dream,G,21,9,2,3,1,0,0,1
2025,2025-07-27,Nia Coffey,Dream,F,6,0,1,2,0,0,1,2
2025,2025-07-27,Naz Hillmon,Dream,F,29,7,9,2,1,0,2,2
2025,2025-07-27,Shatori Walker-Kimbrough,Dream,G,22,12,1,1,1,0,0,0
2025,2025-07-27,Te-Hina Paopao,Dream,G,11,3,2,4,1,0,2,1
2025,2025-07-27,Bridget Carleton,Lynx,F,17,0,4,1,0,0,0,3
2025,2025-07-27,Alanna Smith,Lynx,F,31,12,3,2,1,1,3,3
2025,2025-07-27,Napheesa Collier,Lynx,F,37,32,8,7,4,2,4,3
2025,2025-07-27,Kayla McBride,Lynx,G,34,4,1,3,3,0,2,0
2025,2025-07-27,Courtney Williams,Lynx,G,34,11,1,9,1,1,3,2
2025,2025-07-27,Jessica Shepard,Lynx,F,13,4,3,3,0,0,0,3
2025,2025-07-27,Maria Kliundikova,Lynx,F,3,5,1,0,0,1,1,1
2025,2025-07-27,Diamond Miller,Lynx,F,16,8,1,0,0,0,2,2
2025,2025-07-27,Natisha Hiedeman,Lynx,G,14,10,0,3,0,0,1,2
2025,2025-07-27,Alyssa Thomas,Mercury,F,33,27,11,8,3,1,3,3
2025,2025-07-27,Natasha Mack,Mercury,F,16,10,6,0,2,2,1,2
2025,2025-07-27,Satou Sabally,Mercury,F,28,15,3,3,1,0,0,4
2025,2025-07-27,Kahleah Copper,Mercury,G,26,6,3,3,2,0,3,2
2025,2025-07-27,Monique Akoa Makani,Mercury,G,26,13,2,1,1,0,1,1
2025,2025-07-27,DeWanna Bonner,Mercury,F,22,2,6,0,0,1,2,2
2025,2025-07-27,Kathryn Westbeld,Mercury,F,10,0,1,0,1,0,0,2
2025,2025-07-27,Sami Whitcomb,Mercury,G,19,0,1,6,0,1,2,0
2025,2025-07-27,Kitija Laksa,Mercury,G,11,13,0,0,0,0,0,0
2025,2025-07-27,Kiana Williams,Mercury,G,0,0,0,0,0,0,0,0
2025,2025-07-27,Lexi Held,Mercury,G,9,2,0,1,0,0,1,3
2025,2025-07-27,Kiki Iriafen,Mystics,F,23,6,10,0,0,0,2,2
2025,2025-07-27,Shakira Austin,Mystics,C,27,20,8,1,0,2,5,1
2025,2025-07-27,Brittney Sykes,Mystics,G,26,0,1,4,3,0,2,1
2025,2025-07-27,Sug Sutton,Mystics,G,20,4,2,3,0,0,2,0
2025,2025-07-27,Sonia Citron,Mystics,G,27,13,2,2,1,0,4,2
2025,2025-07-27,Emily Engstler,Mystics,F,18,8,3,1,0,0,1,0
2025,2025-07-27,Stefanie Dolson,Mystics,C,12,5,3,2,1,0,0,2
2025,2025-07-27,Lucy Olsen,Mystics,G,17,3,0,2,0,0,1,3
2025,2025-07-27,Jade Melbourne,Mystics,G,31,13,3,4,3,0,0,4
2025,2025-07-27,NaLyssa Smith,Aces,F,23,11,7,0,0,0,1,3
2025,2025-07-27,Kierstan Bell,Aces,F,21,19,3,1,0,1,1,2
2025,2025-07-27,A'ja Wilson,Aces,C,34,14,10,7,2,4,3,3
2025,2025-07-27,Chelsea Gray,Aces,G,28,10,6,8,2,2,1,2
2025,2025-07-27,Jackie Young,Aces,G,31,24,3,8,1,0,3,2
2025,2025-07-27,Megan Gustafson,Aces,C,11,0,1,1,0,0,0,3
2025,2025-07-27,Jewell Loyd,Aces,G,19,20,1,2,1,0,1,1
2025,2025-07-27,Dana Evans,Aces,G,18,5,3,3,0,0,0,3
2025,2025-07-27,Aaliyah Nye,Aces,G,15,3,3,0,0,0,0,0
2025,2025-07-27,Li Yueru,Wings,C,18,4,4,0,0,0,0,3
2025,2025-07-27,Luisa Geiselsoder,Wings,C,15,4,5,0,0,0,1,3
2025,2025-07-27,Arike Ogunbowale,Wings,G,31,18,3,4,1,0,1,1
2025,2025-07-27,DiJonai Carrington,Wings,G,30,14,4,0,1,0,1,4
2025,2025-07-27,JJ Quinerly,Wings,G,25,8,1,5,1,1,2,3
2025,2025-07-27,Teaira McCowan,Wings,C,17,12,13,2,1,0,1,1
2025,2025-07-27,Grace Berger,Wings,G,15,0,1,1,0,0,1,2
2025,2025-07-27,Aziaha James,Wings,G,20,5,4,0,0,0,1,1
2025,2025-07-27,Haley Jones,Wings,G,30,15,3,3,0,1,3,2
2025,2025-07-27,Natasha Howard,Fever,F,12,0,0,3,1,0,1,1
2025,2025-07-27,Aliyah Boston,Fever,C,35,14,11,6,2,2,3,2
2025,2025-07-27,Kelsey Mitchell,Fever,G,30,35,2,6,3,0,2,2
2025,2025-07-27,Sophie Cunningham,Fever,G,31,5,1,0,2,0,0,1
2025,2025-07-27,Aari McDonald,Fever,G,23,10,2,4,3,0,4,1
2025,2025-07-27,Chloe Bibby,Fever,F,11,8,2,0,0,1,0,0
2025,2025-07-27,Makayla Timpson,Fever,F,22,14,4,1,3,0,0,2
2025,2025-07-27,Sydney Colson,Fever,G,17,0,3,3,1,0,0,2
2025,2025-07-27,Lexie Hull,Fever,G,19,7,4,3,0,0,1,3
2025,2025-07-27,Elizabeth Williams,Sky,C,23,9,8,0,1,2,1,5
2025,2025-07-27,Kamilla Cardoso,Sky,C,33,12,12,3,0,1,5,2
2025,2025-07-27,Rachel Banham,Sky,G,36,26,1,5,0,1,7,2
2025,2025-07-27,Rebecca Allen,Sky,G,28,13,2,4,3,0,3,4
2025,2025-07-27,Kia Nurse,Sky,G,35,14,6,1,0,0,1,1
2025,2025-07-27,Michaela Onyenwere,Sky,F,14,0,1,2,1,0,0,1
2025,2025-07-27,Maddy Westbeld,Sky,F,23,4,1,2,2,0,2,3
2025,2025-07-27,Marquesha Davis,Sky,G,8,0,1,0,0,1,1,0
2025,2025-07-27,Cecilia Zandalasini,Valkyries,F,15,0,2,1,1,0,3,0
2025,2025-07-27,Janelle Salaun,Valkyries,F,25,9,3,0,0,1,1,3
2025,2025-07-27,Temi Fagbenle,Valkyries,C,21,7,4,3,1,0,2,1
2025,2025-07-27,Tiffany Hayes,Valkyries,G,21,4,4,2,0,0,2,1
2025,2025-07-27,Veronica Burton,Valkyries,G,22,10,2,3,1,0,3,3
2025,2025-07-27,Laeticia Amihere,Valkyries,F,16,4,1,2,4,1,3,3
2025,2025-07-27,Iliana Rupert,Valkyries,C,22,13,4,1,1,1,4,2
2025,2025-07-27,Kate Martin,Valkyries,G,21,9,1,1,0,0,1,1
2025,2025-07-27,Kaitlyn Chen,Valkyries,G,16,3,2,1,0,0,3,2
2025,2025-07-27,Carla Leite,Valkyries,G,20,5,1,1,1,0,0,1
2025,2025-07-27,Aneesah Morrow,Sun,F,24,8,11,0,2,1,2,5
2025,2025-07-27,Tina Charles,Sun,C,19,24,6,2,2,1,1,0
2025,2025-07-27,Bria Hartley,Sun,G,21,15,0,3,1,0,3,1
2025,2025-07-27,Marina Mabrey,Sun,G,20,15,0,4,0,0,3,2
2025,2025-07-27,Saniya Rivers,Sun,G,24,5,6,3,1,2,0,1
2025,2025-07-27,Haley Peters,Sun,F,13,2,2,1,0,0,3,2
2025,2025-07-27,Olivia Nelson-Ododa,Sun,C,9,0,0,0,0,1,1,6
2025,2025-07-27,Rayah Marshall,Sun,C,10,2,2,0,0,0,0,2
2025,2025-07-27,Lindsay Allen,Sun,G,15,3,0,4,0,0,2,0
2025,2025-07-27,Jacy Sheldon,Sun,G,19,13,3,2,2,1,1,2
2025,2025-07-27,Leila Lacan,Sun,G,21,8,2,2,6,0,0,2
2025,2025-07-27,Mamignan Toure,Sun,G,5,0,0,0,0,0,0,0
2025,2025-07-26,Nneka Ogwumike,Storm,F,27,18,5,3,0,0,2,0
2025,2025-07-26,Gabby Williams,Storm,F,25,2,2,1,2,1,2,1
2025,2025-07-26,Ezi Magbegor,Storm,F,26,8,3,0,0,4,0,2
2025,2025-07-26,Skylar Diggins,Storm,G,24,5,4,4,2,2,1,1
2025,2025-07-26,Erica Wheeler,Storm,G,32,12,1,6,1,0,5,2
2025,2025-07-26,Alysha Clark,Storm,F,13,0,3,1,0,0,1,2
2025,2025-07-26,Dominique Malonga,Storm,C,14,8,9,0,2,2,2,4
2025,2025-07-26,Tiffany Mitchell,Storm,G,22,2,1,0,0,1,1,1
2025,2025-07-26,Lexie Brown,Storm,G,17,3,0,1,2,0,0,0
2025,2025-07-26,Kiki Iriafen,Mystics,F,28,7,11,1,0,0,3,2
2025,2025-07-26,Shakira Austin,Mystics,C,25,14,11,1,0,2,3,1
2025,2025-07-26,Brittney Sykes,Mystics,G,25,11,4,5,1,0,1,5
2025,2025-07-26,Sug Sutton,Mystics,G,25,13,3,2,1,0,3,3
2025,2025-07-26,Sonia Citron,Mystics,G,30,11,10,3,1,2,1,1
2025,2025-07-26,Emily Engstler,Mystics,F,13,2,2,0,1,1,1,3
2025,2025-07-26,Stefanie Dolson,Mystics,C,15,4,2,3,1,1,1,1
2025,2025-07-26,Lucy Olsen,Mystics,G,13,2,1,1,1,1,1,1
2025,2025-07-26,Jade Melbourne,Mystics,G,27,5,0,4,1,1,3,2
2025,2025-07-26,Dearica Hamby,Sparks,F,34,17,10,1,1,0,2,1
2025,2025-07-26,Azura Stevens,Sparks,F,31,17,11,2,0,0,1,0
2025,2025-07-26,Rickea Jackson,Sparks,F,31,24,3,2,1,0,0,4
2025,2025-07-26,Kelsey Plum,Sparks,G,35,20,4,8,0,0,2,2
2025,2025-07-26,Julie Allemand,Sparks,G,38,4,6,10,0,0,5,5
2025,2025-07-26,Sania Feagin,Sparks,F,6,4,1,0,0,0,1,1
2025,2025-07-26,Julie Vanloo,Sparks,G,7,3,0,0,0,0,0,0
2025,2025-07-26,Rae Burrell,Sparks,G,18,12,2,1,1,0,1,2
2025,2025-07-26,Breanna Stewart,Liberty,F,3,3,1,0,0,0,0,0
2025,2025-07-26,Leonie Fiebich,Liberty,F,31,10,3,1,2,3,1,1
2025,2025-07-26,Jonquel Jones,Liberty,C,29,14,8,4,0,1,2,3
2025,2025-07-26,Natasha Cloud,Liberty,G,34,22,3,9,1,2,1,3
2025,2025-07-26,Sabrina Ionescu,Liberty,G,36,30,8,6,4,0,3,2
2025,2025-07-26,Isabelle Harrison,Liberty,F,13,7,1,0,1,0,0,1
2025,2025-07-26,Stephanie Talbot,Liberty,F,17,0,4,0,0,0,0,2
2025,2025-07-26,Rebekah Gardner,Liberty,G,11,2,3,0,1,0,1,4
2025,2025-07-26,Kennedy Burke,Liberty,G,6,2,0,0,0,0,1,0
2025,2025-07-26,Marine Johannes,Liberty,G,19,9,2,1,0,0,1,2
2025,2025-07-25,Li Yueru,Wings,C,13,4,2,0,1,0,0,1
2025,2025-07-25,Luisa Geiselsoder,Wings,C,30,9,9,2,1,1,1,3
2025,2025-07-25,Arike Ogunbowale,Wings,G,34,16,1,3,1,0,3,5
2025,2025-07-25,Paige Bueckers,Wings,G,37,17,1,6,4,0,2,4
2025,2025-07-25,JJ Quinerly,Wings,G,24,3,5,3,1,0,4,2
2025,2025-07-25,DiJonai Carrington,Wings,G,15,4,4,1,1,0,1,4
2025,2025-07-25,Aziaha James,Wings,G,19,13,3,1,0,0,0,2
2025,2025-07-25,Haley Jones,Wings,G,28,10,4,3,2,1,2,3
2025,2025-07-25,Cecilia Zandalasini,Valkyries,F,30,10,3,4,1,0,3,3
2025,2025-07-25,Janelle Salaun,Valkyries,F,34,16,7,3,3,0,3,0
2025,2025-07-25,Temi Fagbenle,Valkyries,C,25,11,8,1,1,1,2,1
2025,2025-07-25,Tiffany Hayes,Valkyries,G,31,17,3,5,0,0,2,5
2025,2025-07-25,Veronica Burton,Valkyries,G,31,5,9,3,0,0,2,2
2025,2025-07-25,Laeticia Amihere,Valkyries,F,13,4,2,0,1,0,1,0
2025,2025-07-25,Iliana Rupert,Valkyries,C,15,9,5,2,1,0,1,3
2025,2025-07-25,Kaitlyn Chen,Valkyries,G,4,0,0,0,0,0,0,0
2025,2025-07-25,Carla Leite,Valkyries,G,17,14,2,3,1,0,3,3
2025,2025-07-25,Alyssa Thomas,Mercury,F,35,20,13,8,2,0,3,2
2025,2025-07-25,Natasha Mack,Mercury,F,18,9,2,0,1,2,0,2
2025,2025-07-25,Satou Sabally,Mercury,F,22,6,5,3,0,0,2,4
2025,2025-07-25,Kahleah Copper,Mercury,G,24,14,3,0,0,0,4,2
2025,2025-07-25,Monique Akoa Makani,Mercury,G,23,9,2,4,0,1,1,2
2025,2025-07-25,DeWanna Bonner,Mercury,F,26,9,4,2,1,0,1,2
2025,2025-07-25,Sami Whitcomb,Mercury,G,24,6,2,3,0,0,1,1
2025,2025-07-25,Kitija Laksa,Mercury,G,18,0,2,0,1,0,1,2
2025,2025-07-25,Lexi Held,Mercury,G,10,3,0,2,0,0,1,2
2025,2025-07-25,Breanna Stewart,Liberty,F,31,6,8,5,2,2,3,1
2025,2025-07-25,Leonie Fiebich,Liberty,F,31,13,5,2,2,0,4,4
2025,2025-07-25,Jonquel Jones,Liberty,C,29,20,11,1,1,1,1,1
2025,2025-07-25,Natasha Cloud,Liberty,G,29,10,4,3,1,1,1,4
2025,2025-07-25,Sabrina Ionescu,Liberty,G,34,29,5,8,1,1,5,2
2025,2025-07-25,Stephanie Talbot,Liberty,F,4,2,0,0,0,0,1,2
2025,2025-07-25,Rebekah Gardner,Liberty,G,3,0,0,1,0,0,0,1
2025,2025-07-25,Kennedy Burke,Liberty,G,22,4,2,2,1,2,1,1
2025,2025-07-25,Marine Johannes,Liberty,G,16,5,2,0,0,1,0,2
2025,2025-07-25,Jaylyn Sherrod,Liberty,G,1,0,0,0,0,0,0,0
2025,2025-07-25,NaLyssa Smith,Aces,F,23,8,5,0,1,1,0,3
2025,2025-07-25,A'ja Wilson,Aces,C,24,15,7,3,0,3,0,2
2025,2025-07-25,Chelsea Gray,Aces,G,22,9,2,0,0,0,2,1
2025,2025-07-25,Jewell Loyd,Aces,G,21,0,3,1,1,0,0,5
2025,2025-07-25,Jackie Young,Aces,G,27,14,3,5,2,0,0,4
2025,2025-07-25,Kierstan Bell,Aces,F,13,9,0,0,0,0,0,2
2025,2025-07-25,Kiah Stokes,Aces,C,9,0,2,0,2,0,0,2
2025,2025-07-25,Megan Gustafson,Aces,C,13,8,1,1,0,0,0,4
2025,2025-07-25,Dana Evans,Aces,G,25,8,4,5,0,0,3,3
2025,2025-07-25,Aaliyah Nye,Aces,G,24,7,3,0,1,0,1,1
2025,2025-07-25,Bridget Carleton,Lynx,F,25,14,6,0,0,0,2,5
2025,2025-07-25,Alanna Smith,Lynx,F,19,4,6,4,3,1,1,1
2025,2025-07-25,Napheesa Collier,Lynx,F,26,25,9,2,1,0,2,2
2025,2025-07-25,Kayla McBride,Lynx,G,28,13,3,3,0,0,0,0
2025,2025-07-25,Courtney Williams,Lynx,G,27,23,3,5,0,0,0,2
2025,2025-07-25,Jessica Shepard,Lynx,F,21,10,13,4,0,0,2,1
2025,2025-07-25,Maria Kliundikova,Lynx,F,14,2,3,1,1,0,0,3
2025,2025-07-25,Diamond Miller,Lynx,F,16,7,0,0,0,0,1,0
2025,2025-07-25,Anastasiia Olairi Kosu,Lynx,F,8,5,1,0,0,0,0,1
2025,2025-07-25,Natisha Hiedeman,Lynx,G,16,6,4,3,0,0,2,3
2025,2025-07-24,Nneka Ogwumike,Storm,F,20,10,3,1,2,0,2,3
2025,2025-07-24,Gabby Williams,Storm,F,24,10,4,7,3,1,1,0
2025,2025-07-24,Ezi Magbegor,Storm,F,23,9,5,1,1,3,0,1
2025,2025-07-24,Skylar Diggins,Storm,G,25,21,7,3,0,2,2,1
2025,2025-07-24,Erica Wheeler,Storm,G,24,13,3,4,1,0,0,4
2025,2025-07-24,Alysha Clark,Storm,F,19,4,4,3,0,0,0,2
2025,2025-07-24,Mackenzie Holmes,Storm,F,6,0,1,0,1,0,0,1
2025,2025-07-24,Dominique Malonga,Storm,C,17,14,10,3,0,2,2,5
2025,2025-07-24,Tiffany Mitchell,Storm,G,18,0,1,0,1,0,0,1
2025,2025-07-24,Lexie Brown,Storm,G,16,12,0,2,2,0,2,2
2025,2025-07-24,Zia Cooke,Storm,G,8,2,1,1,0,0,1,0
2025,2025-07-24,Elizabeth Williams,Sky,C,27,11,4,3,1,1,3,2
2025,2025-07-24,Kamilla Cardoso,Sky,C,28,13,13,0,1,0,2,6
2025,2025-07-24,Rachel Banham,Sky,G,29,13,2,1,0,1,4,1
2025,2025-07-24,Rebecca Allen,Sky,G,21,2,1,3,1,0,3,0
2025,2025-07-24,Kia Nurse,Sky,G,32,5,7,0,0,0,2,4
2025,2025-07-24,Maddy Westbeld,Sky,F,25,3,2,2,1,1,2,1
2025,2025-07-24,Moriah Jefferson,Sky,G,1,0,0,0,0,0,0,0
2025,2025-07-24,Hailey Van Lith,Sky,G,24,8,1,5,0,0,1,1
2025,2025-07-24,Marquesha Davis,Sky,G,13,2,1,0,0,0,2,1
2025,2025-07-24,Dearica Hamby,Sparks,F,30,20,11,2,1,0,1,3
2025,2025-07-24,Azura Stevens,Sparks,F,31,17,8,4,2,3,1,2
2025,2025-07-24,Rickea Jackson,Sparks,F,24,4,4,2,0,1,3,2
2025,2025-07-24,Kelsey Plum,Sparks,G,29,30,2,6,2,0,3,5
2025,2025-07-24,Julie Allemand,Sparks,G,32,12,8,4,2,0,1,2
2025,2025-07-24,Emma Cannon,Sparks,F,6,3,2,0,0,0,2,0
2025,2025-07-24,Sania Feagin,Sparks,F,5,0,1,0,0,1,1,2
2025,2025-07-24,Julie Vanloo,Sparks,G,16,9,1,1,0,0,2,1
2025,2025-07-24,Rae Burrell,Sparks,G,23,6,2,2,1,0,1,2
2025,2025-07-24,Sarah Ashlee Barker,Sparks,G,3,0,0,0,0,0,0,1
2025,2025-07-24,Tina Charles,Sun,C,33,24,10,2,1,0,2,1
2025,2025-07-24,Olivia Nelson-Ododa,Sun,C,29,17,4,0,0,2,0,3
2025,2025-07-24,Bria Hartley,Sun,G,18,16,3,2,1,0,2,1
2025,2025-07-24,Saniya Rivers,Sun,G,18,5,2,1,0,1,1,2
2025,2025-07-24,Leila Lacan,Sun,G,19,2,1,6,3,0,2,5
2025,2025-07-24,Haley Peters,Sun,F,5,3,0,0,0,0,0,1
2025,2025-07-24,Aneesah Morrow,Sun,F,13,5,8,0,0,0,1,4
2025,2025-07-24,Lindsay Allen,Sun,G,11,2,2,3,1,1,1,0
2025,2025-07-24,Marina Mabrey,Sun,G,26,7,2,3,2,0,3,2
2025,2025-07-24,Jacy Sheldon,Sun,G,22,5,2,1,0,0,0,3
2025,2025-07-24,Mamignan Toure,Sun,G,6,0,0,0,0,0,1,2
2025,2025-07-24,NaLyssa Smith,Aces,F,26,10,10,2,1,0,3,4
2025,2025-07-24,A'ja Wilson,Aces,C,30,20,6,2,3,1,5,4
2025,2025-07-24,Chelsea Gray,Aces,G,33,9,3,4,1,1,0,2
2025,2025-07-24,Jewell Loyd,Aces,G,27,8,2,0,0,0,1,1
2025,2025-07-24,Jackie Young,Aces,G,32,19,3,3,1,0,1,4
2025,2025-07-24,Kierstan Bell,Aces,F,5,4,2,0,0,0,1,1
2025,2025-07-24,Kiah Stokes,Aces,C,5,0,3,0,0,1,2,1
2025,2025-07-24,Megan Gustafson,Aces,C,12,0,6,0,0,0,0,3
2025,2025-07-24,Dana Evans,Aces,G,15,0,0,1,0,0,0,1
2025,2025-07-24,Aaliyah Nye,Aces,G,16,0,2,0,1,0,1,0
2025,2025-07-24,Natasha Howard,Fever,F,30,18,13,1,3,0,0,2
2025,2025-07-24,Aliyah Boston,Fever,C,35,13,10,3,2,0,3,4
2025,2025-07-24,Kelsey Mitchell,Fever,G,33,21,1,4,0,0,1,2
2025,2025-07-24,Sophie Cunningham,Fever,G,33,15,3,0,1,0,0,2
2025,2025-07-24,Aari McDonald,Fever,G,22,9,2,4,2,0,3,3
2025,2025-07-24,Makayla Timpson,Fever,F,7,0,4,0,0,0,0,1
2025,2025-07-24,Damiris Dantas,Fever,C,2,0,0,0,0,0,1,0
2025,2025-07-24,Sydney Colson,Fever,G,18,4,1,4,0,0,5,1
2025,2025-07-24,Lexie Hull,Fever,G,19,0,2,1,1,1,0,1
2025,2025-07-23,Brionna Jones,Dream,F,24,8,6,4,0,3,0,1
2025,2025-07-23,Brittney Griner,Dream,C,26,17,8,1,0,0,2,3
2025,2025-07-23,Allisha Gray,Dream,G,37,28,7,6,1,0,2,3
2025,2025-07-23,Jordin Canada,Dream,G,36,14,3,6,1,0,3,1
2025,2025-07-23,Maya Caldwell,Dream,G,21,3,6,4,2,0,1,1
2025,2025-07-23,Nia Coffey,Dream,F,4,0,3,0,0,0,0,0
2025,2025-07-23,Naz Hillmon,Dream,F,26,9,1,3,0,0,0,4
2025,2025-07-23,Shatori Walker-Kimbrough,Dream,G,22,11,1,1,1,1,0,2
2025,2025-07-23,Te-Hina Paopao,Dream,G,4,0,1,0,0,0,0,0
2025,2025-07-23,Alyssa Thomas,Mercury,F,34,7,11,9,0,0,4,0
2025,2025-07-23,Kathryn Westbeld,Mercury,F,18,3,2,2,0,0,0,1
2025,2025-07-23,Satou Sabally,Mercury,F,21,13,1,1,1,0,2,3
2025,2025-07-23,Sami Whitcomb,Mercury,G,28,11,1,2,2,0,0,2
2025,2025-07-23,Kahleah Copper,Mercury,G,22,10,1,0,0,0,1,3
2025,2025-07-23,DeWanna Bonner,Mercury,F,25,18,2,1,0,1,0,2
2025,2025-07-23,Natasha Mack,Mercury,F,19,8,7,3,1,2,0,2
2025,2025-07-23,Kalani Brown,Mercury,C,8,4,3,0,0,0,0,0
2025,2025-07-23,Kitija Laksa,Mercury,G,12,2,1,0,1,0,1,1
2025,2025-07-23,Lexi Held,Mercury,G,12,3,3,0,0,0,0,3
2025,2025-07-22,Brionna Jones,Dream,F,25,7,5,4,1,1,3,2
2025,2025-07-22,Brittney Griner,Dream,C,25,9,4,0,0,0,2,2
2025,2025-07-22,Allisha Gray,Dream,G,36,24,8,2,2,0,5,3
2025,2025-07-22,Jordin Canada,Dream,G,37,12,4,6,1,0,5,2
2025,2025-07-22,Maya Caldwell,Dream,G,13,2,3,1,0,0,0,2
2025,2025-07-22,Nia Coffey,Dream,F,5,0,1,0,0,0,1,2
2025,2025-07-22,Naz Hillmon,Dream,F,23,6,5,1,0,0,2,2
2025,2025-07-22,Taylor Thierry,Dream,F,1,0,0,0,0,0,0,0
2025,2025-07-22,Shatori Walker-Kimbrough,Dream,G,23,7,1,0,1,1,1,3
2025,2025-07-22,Te-Hina Paopao,Dream,G,12,5,0,1,0,0,0,0
2025,2025-07-22,NaLyssa Smith,Aces,F,22,11,4,0,2,0,2,4
2025,2025-07-22,A'ja Wilson,Aces,C,31,24,12,5,2,2,1,3
2025,2025-07-22,Chelsea Gray,Aces,G,30,9,2,5,1,0,2,1
2025,2025-07-22,Jewell Loyd,Aces,G,29,7,3,0,3,0,1,1
2025,2025-07-22,Jackie Young,Aces,G,24,14,4,7,2,0,1,4
2025,2025-07-22,Kierstan Bell,Aces,F,1,0,0,0,0,0,0,0
2025,2025-07-22,Kiah Stokes,Aces,C,9,0,4,0,0,2,2,0
2025,2025-07-22,Megan Gustafson,Aces,C,18,6,2,0,0,0,0,2
2025,2025-07-22,Dana Evans,Aces,G,23,14,2,2,2,0,0,1
2025,2025-07-22,Aaliyah Nye,Aces,G,14,2,1,1,1,0,2,2
2025,2025-07-22,Li Yueru,Wings,C,22,8,10,0,0,1,1,3
2025,2025-07-22,Luisa Geiselsoder,Wings,C,24,13,3,2,0,0,2,3
2025,2025-07-22,Arike Ogunbowale,Wings,G,31,20,3,3,1,0,2,4
2025,2025-07-22,Paige Bueckers,Wings,G,27,14,4,6,1,1,1,0
2025,2025-07-22,JJ Quinerly,Wings,G,21,9,7,4,1,0,3,2
2025,2025-07-22,Teaira McCowan,Wings,C,3,2,1,0,0,0,1,1
2025,2025-07-22,DiJonai Carrington,Wings,G,17,4,6,1,0,0,2,0
2025,2025-07-22,Grace Berger,Wings,G,10,0,4,2,0,1,1,3
2025,2025-07-22,Aziaha James,Wings,G,14,7,4,1,1,1,1,0
2025,2025-07-22,Haley Jones,Wings,G,31,10,6,6,2,3,1,0
2025,2025-07-22,Nneka Ogwumike,Storm,F,26,22,2,0,0,0,0,1
2025,2025-07-22,Gabby Williams,Storm,F,27,14,6,8,4,0,2,1
2025,2025-07-22,Ezi Magbegor,Storm,F,27,12,9,3,1,1,3,2
2025,2025-07-22,Erica Wheeler,Storm,G,29,4,7,2,2,1,0,4
2025,2025-07-22,Tiffany Mitchell,Storm,G,29,2,0,1,0,2,0,2
2025,2025-07-22,Alysha Clark,Storm,F,14,0,2,1,0,0,0,2
2025,2025-07-22,Mackenzie Holmes,Storm,F,4,0,0,0,1,0,0,0
2025,2025-07-22,Dominique Malonga,Storm,C,13,0,5,1,0,1,2,3
2025,2025-07-22,Lexie Brown,Storm,G,20,2,2,2,0,0,0,1
2025,2025-07-22,Zia Cooke,Storm,G,12,7,1,0,0,0,2,1
2025,2025-07-22,Natasha Howard,Fever,F,27,13,6,0,3,1,4,4
2025,2025-07-22,Aliyah Boston,Fever,C,30,15,12,6,2,0,5,6
2025,2025-07-22,Kelsey Mitchell,Fever,G,35,29,2,2,2,0,3,3
2025,2025-07-22,Sophie Cunningham,Fever,G,33,15,3,0,1,0,1,3
2025,2025-07-22,Aari McDonald,Fever,G,31,5,4,6,3,0,4,3
2025,2025-07-22,Damiris Dantas,Fever,C,9,0,2,0,0,0,1,1
2025,2025-07-22,Sydney Colson,Fever,G,14,0,0,2,1,0,1,1
2025,2025-07-22,Lexie Hull,Fever,G,21,7,1,2,1,0,0,1
2025,2025-07-22,Breanna Stewart,Liberty,F,36,17,4,6,3,1,3,2
2025,2025-07-22,Leonie Fiebich,Liberty,F,34,17,5,2,1,0,1,3
2025,2025-07-22,Jonquel Jones,Liberty,C,23,18,9,2,0,1,2,5
2025,2025-07-22,Natasha Cloud,Liberty,G,26,10,3,4,2,0,3,4
2025,2025-07-22,Sabrina Ionescu,Liberty,G,29,13,5,9,0,2,4,1
2025,2025-07-22,Isabelle Harrison,Liberty,F,17,13,5,0,2,0,2,1
2025,2025-07-22,Stephanie Talbot,Liberty,F,4,0,0,1,1,0,3,0
2025,2025-07-22,Kennedy Burke,Liberty,G,17,7,2,0,0,0,1,1
2025,2025-07-22,Marine Johannes,Liberty,G,15,3,1,1,0,1,0,0
2025,2025-07-22,Angel Reese,Sky,F,30,11,11,2,0,1,9,3
2025,2025-07-22,Kamilla Cardoso,Sky,C,24,10,10,2,1,0,4,6
2025,2025-07-22,Rachel Banham,Sky,G,25,8,1,0,0,0,3,2
2025,2025-07-22,Rebecca Allen,Sky,G,28,3,2,1,0,0,0,5
2025,2025-07-22,Kia Nurse,Sky,G,33,16,8,1,1,0,2,1
2025,2025-07-22,Maddy Westbeld,Sky,F,12,9,1,0,0,0,0,2
2025,2025-07-22,Elizabeth Williams,Sky,C,20,4,1,1,1,1,1,0
2025,2025-07-22,Hailey Van Lith,Sky,G,27,7,2,4,3,0,2,1
2025,2025-07-22,Bridget Carleton,Lynx,F,31,11,5,0,3,1,1,1
2025,2025-07-22,Alanna Smith,Lynx,F,27,10,4,2,1,1,1,3
2025,2025-07-22,Napheesa Collier,Lynx,F,30,19,8,4,1,4,0,2
2025,2025-07-22,Kayla McBride,Lynx,G,29,19,5,3,1,0,2,3
2025,2025-07-22,Courtney Williams,Lynx,G,31,10,1,7,1,0,1,2
2025,2025-07-22,Jessica Shepard,Lynx,F,13,7,1,1,0,0,0,0
2025,2025-07-22,Maria Kliundikova,Lynx,F,10,2,4,0,1,2,1,2
2025,2025-07-22,Diamond Miller,Lynx,F,10,8,3,0,0,0,0,1
2025,2025-07-22,Anastasiia Olairi Kosu,Lynx,F,3,1,0,0,0,0,0,1
2025,2025-07-22,Natisha Hiedeman,Lynx,G,15,4,0,3,1,0,2,0
2025,2025-07-22,Dearica Hamby,Sparks,F,33,24,14,3,2,1,6,4
2025,2025-07-22,Azura Stevens,Sparks,F,24,15,6,1,1,0,2,4
2025,2025-07-22,Rickea Jackson,Sparks,F,35,22,3,4,0,0,2,0
2025,2025-07-22,Kelsey Plum,Sparks,G,32,11,4,7,2,0,3,2
2025,2025-07-22,Julie Allemand,Sparks,G,29,8,2,4,2,0,1,2
2025,2025-07-22,Sania Feagin,Sparks,F,7,0,2,0,0,0,0,1
2025,2025-07-22,Julie Vanloo,Sparks,G,17,3,1,2,0,0,1,3
2025,2025-07-22,Rae Burrell,Sparks,G,17,7,1,2,0,1,1,4
2025,2025-07-22,Sarah Ashlee Barker,Sparks,G,5,3,0,1,0,0,0,0
2025,2025-07-22,Kiki Iriafen,Mystics,F,25,13,4,1,0,0,2,5
2025,2025-07-22,Shakira Austin,Mystics,C,28,17,6,2,4,2,4,3
2025,2025-07-22,Brittney Sykes,Mystics,G,33,18,3,5,2,0,4,0
2025,2025-07-22,Sug Sutton,Mystics,G,35,8,2,4,0,0,3,0
2025,2025-07-22,Sonia Citron,Mystics,G,30,7,4,6,3,1,0,5
2025,2025-07-22,Aaliyah Edwards,Mystics,F,10,7,4,0,0,1,2,0
2025,2025-07-22,Stefanie Dolson,Mystics,C,17,8,0,1,0,0,0,3
2025,2025-07-22,Lucy Olsen,Mystics,G,6,2,1,0,0,0,0,0
2025,2025-07-22,Jade Melbourne,Mystics,G,18,6,2,3,0,0,0,0
2025,2025-07-19,Nneka Ogwumike,TEAM COLLIER,F,19,16,7,3,0,0,2,1
2025,2025-07-19,Breanna Stewart,TEAM COLLIER,F,21,8,4,2,0,0,1,0
2025,2025-07-19,Napheesa Collier,TEAM COLLIER,F,19,36,9,1,1,0,1,1
2025,2025-07-19,Allisha Gray,TEAM COLLIER,G,16,18,0,2,0,0,0,0
2025,2025-07-19,Paige Bueckers,TEAM COLLIER,G,22,6,2,8,0,0,0,0
2025,2025-07-19,Alyssa Thomas,TEAM COLLIER,F,13,6,4,4,0,0,2,0
2025,2025-07-19,Angel Reese,TEAM COLLIER,F,17,6,9,2,1,0,1,0
2025,2025-07-19,Skylar Diggins,TEAM COLLIER,G,21,11,11,15,0,0,1,0
2025,2025-07-19,Kayla McBride,TEAM COLLIER,G,19,15,3,0,0,0,1,0
2025,2025-07-19,Courtney Williams,TEAM COLLIER,G,15,13,2,5,0,0,1,0
2025,2025-07-19,Kelsey Plum,TEAM COLLIER,G,17,16,5,3,1,0,2,1
2025,2025-07-19,A'ja Wilson,TEAM CLARK,C,12,4,2,2,1,0,2,0
2025,2025-07-19,Aliyah Boston,TEAM CLARK,C,18,9,6,2,0,0,0,0
2025,2025-07-19,Kelsey Mitchell,TEAM CLARK,G,21,20,2,2,2,0,0,1
2025,2025-07-19,Jackie Young,TEAM CLARK,G,1,0,0,0,0,0,0,0
2025,2025-07-19,Sabrina Ionescu,TEAM CLARK,G,20,12,2,7,0,0,0,0
2025,2025-07-19,Kayla Thornton,TEAM CLARK,F,25,15,11,5,1,0,0,1
2025,2025-07-19,Brionna Jones,TEAM CLARK,F,12,11,3,3,0,0,0,0
2025,2025-07-19,Gabby Williams,TEAM CLARK,F,24,16,0,5,1,0,1,0
2025,2025-07-19,Kiki Iriafen,TEAM CLARK,F,23,17,10,1,2,0,2,0
2025,2025-07-19,Brittney Sykes,TEAM CLARK,G,22,16,3,7,0,0,2,0
2025,2025-07-19,Sonia Citron,TEAM CLARK,G,21,11,2,2,1,0,1,0
2025,2025-07-16,NaLyssa Smith,Aces,F,23,7,8,1,0,1,0,1
2025,2025-07-16,A'ja Wilson,Aces,C,34,37,10,2,0,2,4,0
2025,2025-07-16,Chelsea Gray,Aces,G,25,6,3,7,1,2,3,2
2025,2025-07-16,Jewell Loyd,Aces,G,30,14,8,2,0,1,2,3
2025,2025-07-16,Jackie Young,Aces,G,25,2,2,6,3,1,4,1
2025,2025-07-16,Kiah Stokes,Aces,C,6,0,1,0,2,0,0,0
2025,2025-07-16,Megan Gustafson,Aces,C,15,5,4,1,1,0,1,2
2025,2025-07-16,Dana Evans,Aces,G,18,6,2,3,1,1,0,0
2025,2025-07-16,Aaliyah Nye,Aces,G,23,13,2,1,0,1,1,2
2025,2025-07-16,Li Yueru,Wings,C,22,10,8,3,0,2,0,3
2025,2025-07-16,Luisa Geiselsoder,Wings,C,24,14,7,1,3,1,0,4
2025,2025-07-16,Arike Ogunbowale,Wings,G,35,9,1,6,1,1,3,3
2025,2025-07-16,Paige Bueckers,Wings,G,39,20,3,8,2,0,4,4
2025,2025-07-16,JJ Quinerly,Wings,G,30,17,5,4,5,1,1,3
2025,2025-07-16,Myisha Hines-Allen,Wings,F,15,0,7,3,0,1,1,1
2025,2025-07-16,Teaira McCowan,Wings,C,4,2,0,0,0,0,0,0
2025,2025-07-16,Aziaha James,Wings,G,12,2,3,3,0,0,0,0
2025,2025-07-16,Haley Jones,Wings,G,19,12,5,4,3,0,2,2
2025,2025-07-16,Natasha Howard,Fever,F,16,8,5,1,1,0,2,1
2025,2025-07-16,Aliyah Boston,Fever,C,29,7,3,6,1,1,0,2
2025,2025-07-16,Kelsey Mitchell,Fever,G,27,16,2,0,0,0,0,0
2025,2025-07-16,Sophie Cunningham,Fever,G,26,12,4,0,1,0,3,1
2025,2025-07-16,Aari McDonald,Fever,G,29,10,1,5,1,0,3,2
2025,2025-07-16,Makayla Timpson,Fever,F,11,8,4,0,0,1,0,0
2025,2025-07-16,Damiris Dantas,Fever,C,20,11,5,0,2,0,0,2
2025,2025-07-16,Sydney Colson,Fever,G,24,0,1,2,0,0,2,2
2025,2025-07-16,Lexie Hull,Fever,G,19,5,7,2,2,0,2,3
2025,2025-07-16,Breanna Stewart,Liberty,F,30,24,11,7,1,4,2,4
2025,2025-07-16,Nyara Sabally,Liberty,F,21,2,4,3,0,3,3,2
2025,2025-07-16,Leonie Fiebich,Liberty,F,25,10,1,1,0,0,1,4
2025,2025-07-16,Natasha Cloud,Liberty,G,26,14,5,3,0,0,1,2
2025,2025-07-16,Sabrina Ionescu,Liberty,G,27,15,3,9,0,1,1,0
2025,2025-07-16,Isabelle Harrison,Liberty,F,19,9,2,1,3,1,2,3
2025,2025-07-16,Rebekah Gardner,Liberty,G,8,6,1,1,2,0,1,1
2025,2025-07-16,Kennedy Burke,Liberty,G,20,6,1,2,0,0,0,0
2025,2025-07-16,Marine Johannes,Liberty,G,18,12,1,3,2,0,1,0
2025,2025-07-16,Jaylyn Sherrod,Liberty,G,6,0,0,0,0,0,1,0
2025,2025-07-16,Kayla Thornton,Valkyries,F,25,4,4,2,0,1,1,4
2025,2025-07-16,Janelle Salaun,Valkyries,F,14,10,4,0,0,0,0,0
2025,2025-07-16,Temi Fagbenle,Valkyries,C,26,5,4,1,1,1,0,5
2025,2025-07-16,Tiffany Hayes,Valkyries,G,20,3,2,1,0,0,1,2
2025,2025-07-16,Veronica Burton,Valkyries,G,31,8,8,4,0,1,4,3
2025,2025-07-16,Monique Billings,Valkyries,F,6,2,1,0,0,0,0,1
2025,2025-07-16,Cecilia Zandalasini,Valkyries,F,25,12,4,0,0,1,1,4
2025,2025-07-16,Laeticia Amihere,Valkyries,F,9,4,4,1,0,0,0,0
2025,2025-07-16,Kate Martin,Valkyries,G,15,3,4,2,1,0,3,1
2025,2025-07-16,Kaitlyn Chen,Valkyries,G,12,2,0,0,0,0,0,2
2025,2025-07-16,Carla Leite,Valkyries,G,16,5,0,2,0,1,1,2
2025,2025-07-16,Nneka Ogwumike,Storm,F,36,22,8,1,1,1,1,3
2025,2025-07-16,Gabby Williams,Storm,F,30,4,7,2,2,0,2,4
2025,2025-07-16,Ezi Magbegor,Storm,F,32,3,8,0,1,2,1,3
2025,2025-07-16,Skylar Diggins,Storm,G,32,10,1,6,0,1,2,3
2025,2025-07-16,Erica Wheeler,Storm,G,29,15,3,2,1,0,0,3
2025,2025-07-16,Alysha Clark,Storm,F,12,0,3,1,1,0,1,2
2025,2025-07-16,Tiffany Mitchell,Storm,G,15,6,0,0,1,0,0,1
2025,2025-07-16,Lexie Brown,Storm,G,14,7,3,1,0,0,0,1
2025,2025-07-16,DeWanna Bonner,Mercury,F,26,11,1,2,1,0,1,1
2025,2025-07-16,Alyssa Thomas,Mercury,F,32,12,5,9,0,0,5,1
2025,2025-07-16,Kathryn Westbeld,Mercury,F,20,3,4,0,0,1,1,1
2025,2025-07-16,Natasha Mack,Mercury,F,23,6,13,0,3,0,0,0
2025,2025-07-16,Sami Whitcomb,Mercury,G,23,9,1,5,1,0,4,5
2025,2025-07-16,Kalani Brown,Mercury,C,19,11,11,1,1,2,1,1
2025,2025-07-16,Kitija Laksa,Mercury,G,30,5,2,1,1,1,0,5
2025,2025-07-16,Kiana Williams,Mercury,G,27,9,2,3,0,0,0,2
2025,2025-07-16,Bridget Carleton,Lynx,F,27,5,6,5,1,0,0,1
2025,2025-07-16,Alanna Smith,Lynx,F,22,11,5,3,0,1,1,2
2025,2025-07-16,Napheesa Collier,Lynx,F,26,10,5,0,3,1,0,3
2025,2025-07-16,Kayla McBride,Lynx,G,32,18,5,5,2,0,3,2
2025,2025-07-16,Courtney Williams,Lynx,G,30,12,7,5,1,0,3,1
2025,2025-07-16,Jessica Shepard,Lynx,F,17,8,8,2,0,0,2,1
2025,2025-07-16,Maria Kliundikova,Lynx,F,15,7,5,0,0,2,1,1
2025,2025-07-16,Diamond Miller,Lynx,F,12,2,1,0,1,0,1,1
2025,2025-07-16,Anastasiia Olairi Kosu,Lynx,F,2,2,0,0,1,0,1,0
2025,2025-07-16,Natisha Hiedeman,Lynx,G,18,4,2,2,0,0,1,2
2025,2025-07-16,Brionna Jones,Dream,F,20,14,9,4,1,0,2,1
2025,2025-07-16,Brittney Griner,Dream,C,20,15,5,0,0,2,1,1
2025,2025-07-16,Allisha Gray,Dream,G,26,14,7,5,1,0,1,1
2025,2025-07-16,Jordin Canada,Dream,G,23,7,1,8,0,0,0,1
2025,2025-07-16,Maya Caldwell,Dream,G,29,8,6,3,0,0,2,0
2025,2025-07-16,Nia Coffey,Dream,F,15,2,3,1,1,1,1,3
2025,2025-07-16,Naz Hillmon,Dream,F,23,10,4,1,0,1,0,2
2025,2025-07-16,Taylor Thierry,Dream,F,8,1,2,1,1,0,0,0
2025,2025-07-16,Shatori Walker-Kimbrough,Dream,G,14,2,2,0,0,1,2,1
2025,2025-07-16,Te-Hina Paopao,Dream,G,21,13,3,3,1,0,1,0
2025,2025-07-16,Michaela Onyenwere,Sky,F,12,0,0,0,1,1,1,0
2025,2025-07-16,Elizabeth Williams,Sky,C,25,8,2,2,1,3,2,3
2025,2025-07-16,Kamilla Cardoso,Sky,C,30,8,11,0,1,0,5,2
2025,2025-07-16,Rachel Banham,Sky,G,26,6,1,2,1,1,0,2
2025,2025-07-16,Moriah Jefferson,Sky,G,21,7,5,5,0,0,1,1
2025,2025-07-16,Maddy Westbeld,Sky,F,25,2,7,1,0,2,0,3
2025,2025-07-16,Rebecca Allen,Sky,G,19,9,0,0,0,0,1,4
2025,2025-07-16,Kia Nurse,Sky,G,22,5,3,0,1,0,0,0
2025,2025-07-16,Hailey Van Lith,Sky,G,21,4,4,2,0,0,3,2
2025,2025-07-15,Kiki Iriafen,Mystics,F,26,8,8,1,0,0,3,2
2025,2025-07-15,Shakira Austin,Mystics,C,27,16,8,2,3,3,3,2
2025,2025-07-15,Brittney Sykes,Mystics,G,24,8,1,3,0,1,2,4
2025,2025-07-15,Sug Sutton,Mystics,G,27,14,3,4,0,0,1,2
2025,2025-07-15,Sonia Citron,Mystics,G,32,8,6,6,2,1,5,3
2025,2025-07-15,Emily Engstler,Mystics,F,6,0,1,1,0,0,1,2
2025,2025-07-15,Aaliyah Edwards,Mystics,F,14,13,3,0,0,0,0,1
2025,2025-07-15,Sika Kone,Mystics,F,3,2,1,0,0,0,0,0
2025,2025-07-15,Stefanie Dolson,Mystics,C,11,3,2,2,0,1,0,0
2025,2025-07-15,Lucy Olsen,Mystics,G,13,5,2,2,0,0,1,1
2025,2025-07-15,Jade Melbourne,Mystics,G,17,3,0,1,1,0,1,1
2025,2025-07-15,Dearica Hamby,Sparks,F,26,26,6,4,1,1,1,1
2025,2025-07-15,Azura Stevens,Sparks,F,29,15,8,2,1,0,0,3
2025,2025-07-15,Rickea Jackson,Sparks,F,29,22,3,2,1,1,3,3
2025,2025-07-15,Kelsey Plum,Sparks,G,34,20,4,6,3,0,4,3
2025,2025-07-15,Julie Allemand,Sparks,G,32,3,5,10,1,0,1,2
2025,2025-07-15,Emma Cannon,Sparks,F,2,0,0,0,0,0,0,0
2025,2025-07-15,Sania Feagin,Sparks,F,13,8,1,0,0,1,1,2
2025,2025-07-15,Julie Vanloo,Sparks,G,16,0,0,3,0,0,0,2
2025,2025-07-15,Rae Burrell,Sparks,G,17,5,1,1,2,1,0,2
2025,2025-07-15,Sarah Ashlee Barker,Sparks,G,2,0,2,0,0,0,0,0
2025,2025-07-15,Natasha Howard,Fever,F,31,18,13,0,1,2,1,0
2025,2025-07-15,Aliyah Boston,Fever,C,33,11,6,4,0,1,2,5
2025,2025-07-15,Kelsey Mitchell,Fever,G,33,20,2,3,1,0,0,1
2025,2025-07-15,Lexie Hull,Fever,G,14,5,0,2,0,0,0,1
2025,2025-07-15,Caitlin Clark,Fever,G,28,14,8,7,1,0,5,1
2025,2025-07-15,Makayla Timpson,Fever,F,6,1,4,0,0,0,0,0
2025,2025-07-15,Damiris Dantas,Fever,C,10,3,1,2,0,0,1,3
2025,2025-07-15,Sydney Colson,Fever,G,9,0,0,0,0,0,0,1
2025,2025-07-15,Sophie Cunningham,Fever,G,26,11,3,1,3,0,1,1
2025,2025-07-15,Aari McDonald,Fever,G,10,2,0,3,0,0,2,0
2025,2025-07-15,Tina Charles,Sun,C,34,21,11,3,1,1,0,3
2025,2025-07-15,Olivia Nelson-Ododa,Sun,C,20,6,5,1,1,0,1,3
2025,2025-07-15,Bria Hartley,Sun,G,29,11,4,2,0,0,2,5
2025,2025-07-15,Jacy Sheldon,Sun,G,27,1,0,3,2,0,0,1
2025,2025-07-15,Saniya Rivers,Sun,G,29,8,5,3,2,0,0,5
2025,2025-07-15,Haley Peters,Sun,F,3,0,1,0,0,0,0,1
2025,2025-07-15,Aneesah Morrow,Sun,F,23,7,12,1,0,0,1,1
2025,2025-07-15,Lindsay Allen,Sun,G,11,4,1,2,1,0,1,1
2025,2025-07-15,Leila Lacan,Sun,G,24,19,1,1,3,0,3,0
2025,2025-07-14,Alyssa Thomas,Mercury,F,35,17,6,11,0,2,6,2
2025,2025-07-14,Kathryn Westbeld,Mercury,F,26,14,2,2,1,0,3,1
2025,2025-07-14,Natasha Mack,Mercury,F,28,4,9,1,3,2,1,4
2025,2025-07-14,Sami Whitcomb,Mercury,G,29,7,1,5,0,0,2,3
2025,2025-07-14,Monique Akoa Makani,Mercury,G,26,9,1,2,1,0,1,5
2025,2025-07-14,DeWanna Bonner,Mercury,F,29,22,11,2,1,0,0,0
2025,2025-07-14,Kalani Brown,Mercury,C,9,5,3,0,0,1,0,0
2025,2025-07-14,Kitija Laksa,Mercury,G,18,0,2,0,0,0,1,3
2025,2025-07-14,Kayla Thornton,Valkyries,F,38,8,6,4,0,0,2,4
2025,2025-07-14,Janelle Salaun,Valkyries,F,19,12,3,1,1,0,0,0
2025,2025-07-14,Temi Fagbenle,Valkyries,C,11,0,3,1,0,0,0,0
2025,2025-07-14,Tiffany Hayes,Valkyries,G,33,15,3,4,1,0,3,2
2025,2025-07-14,Veronica Burton,Valkyries,G,31,17,2,6,2,1,2,4
2025,2025-07-14,Monique Billings,Valkyries,F,19,9,9,1,1,0,0,2
2025,2025-07-14,Cecilia Zandalasini,Valkyries,F,20,8,3,3,0,0,1,2
2025,2025-07-14,Laeticia Amihere,Valkyries,F,9,2,2,1,1,0,0,0
2025,2025-07-14,Kate Martin,Valkyries,G,5,0,0,1,1,0,0,0
2025,2025-07-14,Carla Leite,Valkyries,G,15,6,5,1,0,0,1,2
2025,2025-07-14,Bridget Carleton,Lynx,F,30,11,5,2,3,1,0,2
2025,2025-07-14,Alanna Smith,Lynx,F,25,4,7,5,0,1,1,4
2025,2025-07-14,Napheesa Collier,Lynx,F,36,29,3,5,3,1,2,2
2025,2025-07-14,Kayla McBride,Lynx,G,31,17,5,4,1,0,2,0
2025,2025-07-14,Courtney Williams,Lynx,G,36,18,8,7,4,2,1,0
2025,2025-07-14,Jessica Shepard,Lynx,F,12,4,5,0,0,0,2,2
2025,2025-07-14,Maria Kliundikova,Lynx,F,7,0,0,1,1,1,0,1
2025,2025-07-14,Diamond Miller,Lynx,F,6,0,1,0,0,0,2,1
2025,2025-07-14,Anastasiia Olairi Kosu,Lynx,F,1,2,0,0,0,0,0,0
2025,2025-07-14,Natisha Hiedeman,Lynx,G,16,6,0,2,2,0,0,2
2025,2025-07-14,Michaela Onyenwere,Sky,F,21,8,5,2,0,0,0,3
2025,2025-07-14,Angel Reese,Sky,F,37,22,10,3,0,1,5,3
2025,2025-07-14,Kamilla Cardoso,Sky,C,26,6,6,1,0,0,3,3
2025,2025-07-14,Rachel Banham,Sky,G,31,15,2,2,1,0,5,3
2025,2025-07-14,Ariel Atkins,Sky,G,15,2,0,3,1,0,1,1
2025,2025-07-14,Elizabeth Williams,Sky,C,17,7,2,3,0,0,1,1
2025,2025-07-14,Rebecca Allen,Sky,G,19,10,4,3,1,0,1,3
2025,2025-07-14,Kia Nurse,Sky,G,24,4,3,1,0,0,0,0
2025,2025-07-14,Hailey Van Lith,Sky,G,9,4,2,1,0,0,2,1
2025,2025-07-13,Tina Charles,Sun,C,34,9,7,3,1,0,4,2
2025,2025-07-13,Olivia Nelson-Ododa,Sun,C,24,4,3,0,0,0,4,6
2025,2025-07-13,Bria Hartley,Sun,G,33,25,1,6,1,0,1,1
2025,2025-07-13,Jacy Sheldon,Sun,G,18,11,2,1,0,0,0,3
2025,2025-07-13,Saniya Rivers,Sun,G,30,20,6,1,3,1,2,1
2025,2025-07-13,Aneesah Morrow,Sun,F,22,10,7,0,0,1,2,0
2025,2025-07-13,Lindsay Allen,Sun,G,9,2,0,0,1,0,2,0
2025,2025-07-13,Leila Lacan,Sun,G,31,7,2,4,1,1,1,3
2025,2025-07-13,Dearica Hamby,Sparks,F,34,17,7,4,2,0,2,3
2025,2025-07-13,Azura Stevens,Sparks,F,27,21,11,1,2,1,4,3
2025,2025-07-13,Rickea Jackson,Sparks,F,32,19,6,4,0,2,2,2
2025,2025-07-13,Kelsey Plum,Sparks,G,34,23,1,3,2,0,2,1
2025,2025-07-13,Julie Allemand,Sparks,G,31,5,4,6,2,0,0,2
2025,2025-07-13,Sania Feagin,Sparks,F,6,0,0,0,0,1,0,1
2025,2025-07-13,Julie Vanloo,Sparks,G,13,0,0,2,0,0,1,1
2025,2025-07-13,Rae Burrell,Sparks,G,17,7,2,1,0,0,1,2
2025,2025-07-13,Sarah Ashlee Barker,Sparks,G,6,0,1,1,0,0,0,0
2025,2025-07-13,Kiki Iriafen,Mystics,F,25,10,10,1,1,0,1,4
2025,2025-07-13,Shakira Austin,Mystics,C,23,9,7,5,1,1,4,2
2025,2025-07-13,Brittney Sykes,Mystics,G,33,19,4,4,1,0,2,3
2025,2025-07-13,Sug Sutton,Mystics,G,26,2,1,4,1,0,2,2
2025,2025-07-13,Sonia Citron,Mystics,G,36,17,1,0,0,0,4,3
2025,2025-07-13,Emily Engstler,Mystics,F,2,0,0,0,0,0,0,0
2025,2025-07-13,Aaliyah Edwards,Mystics,F,12,9,3,0,0,0,0,2
2025,2025-07-13,Stefanie Dolson,Mystics,C,18,5,7,1,0,0,1,0
2025,2025-07-13,Jade Melbourne,Mystics,G,26,3,3,4,2,1,1,4
2025,2025-07-13,Nneka Ogwumike,Storm,F,28,16,6,0,0,1,3,1
2025,2025-07-13,Gabby Williams,Storm,F,33,6,5,4,0,0,1,3
2025,2025-07-13,Ezi Magbegor,Storm,F,36,19,7,1,2,2,1,3
2025,2025-07-13,Skylar Diggins,Storm,G,35,10,3,4,0,1,3,3
2025,2025-07-13,Erica Wheeler,Storm,G,27,6,3,2,0,0,3,4
2025,2025-07-13,Alysha Clark,Storm,F,13,0,2,1,1,0,1,3
2025,2025-07-13,Dominique Malonga,Storm,C,3,0,2,0,0,0,2,1
2025,2025-07-13,Tiffany Mitchell,Storm,G,23,12,1,1,2,0,1,2
2025,2025-07-13,Zia Cooke,Storm,G,3,0,0,0,0,0,0,0
2025,2025-07-13,Brionna Jones,Dream,F,31,8,7,4,0,1,1,3
2025,2025-07-13,Brittney Griner,Dream,C,27,10,10,1,0,2,5,1
2025,2025-07-13,Allisha Gray,Dream,G,38,16,8,3,1,0,1,2
2025,2025-07-13,Jordin Canada,Dream,G,35,12,8,6,1,2,4,1
2025,2025-07-13,Maya Caldwell,Dream,G,35,12,5,3,1,1,2,3
2025,2025-07-13,Nia Coffey,Dream,F,7,0,1,0,0,0,0,0
2025,2025-07-13,Naz Hillmon,Dream,F,19,11,7,1,0,2,1,2
2025,2025-07-13,Shatori Walker-Kimbrough,Dream,G,2,0,0,0,0,0,0,0
2025,2025-07-13,Te-Hina Paopao,Dream,G,7,3,1,0,0,0,1,0
2025,2025-07-13,Breanna Stewart,Liberty,F,37,18,10,4,3,2,1,2
2025,2025-07-13,Nyara Sabally,Liberty,F,24,7,9,2,0,4,2,5
2025,2025-07-13,Leonie Fiebich,Liberty,F,33,21,4,4,1,0,0,3
2025,2025-07-13,Natasha Cloud,Liberty,G,27,2,1,4,2,0,1,2
2025,2025-07-13,Sabrina Ionescu,Liberty,G,28,9,2,5,1,0,2,3
2025,2025-07-13,Isabelle Harrison,Liberty,F,16,9,6,1,0,0,0,2
2025,2025-07-13,Rebekah Gardner,Liberty,G,3,0,0,0,0,0,0,0
2025,2025-07-13,Kennedy Burke,Liberty,G,18,7,3,4,1,0,0,1
2025,2025-07-13,Marine Johannes,Liberty,G,14,6,1,0,0,0,0,0
2025,2025-07-13,Li Yueru,Wings,C,26,16,5,2,1,1,0,0
2025,2025-07-13,Luisa Geiselsoder,Wings,C,19,7,7,2,0,0,0,1
2025,2025-07-13,Arike Ogunbowale,Wings,G,28,2,2,4,1,0,1,3
2025,2025-07-13,Paige Bueckers,Wings,G,33,21,4,4,2,0,4,1
2025,2025-07-13,JJ Quinerly,Wings,G,24,13,1,4,0,0,2,4
2025,2025-07-13,Myisha Hines-Allen,Wings,F,23,3,7,3,0,0,5,4
2025,2025-07-13,Teaira McCowan,Wings,C,9,5,3,2,0,1,1,1
2025,2025-07-13,Aziaha James,Wings,G,22,11,3,3,1,0,3,1
2025,2025-07-13,Haley Jones,Wings,G,15,5,1,0,0,2,1,4
2025,2025-07-13,Natasha Howard,Fever,F,24,18,2,0,2,0,0,4
2025,2025-07-13,Aliyah Boston,Fever,C,26,17,3,3,0,1,0,1
2025,2025-07-13,Kelsey Mitchell,Fever,G,26,20,4,3,0,0,0,0
2025,2025-07-13,Lexie Hull,Fever,G,18,3,2,1,2,0,1,2
2025,2025-07-13,Caitlin Clark,Fever,G,25,14,3,13,5,1,2,2
2025,2025-07-13,Brianna Turner,Fever,F,4,0,3,0,0,0,1,0
2025,2025-07-13,Makayla Timpson,Fever,F,14,7,4,0,0,0,1,0
2025,2025-07-13,Damiris Dantas,Fever,C,16,2,2,1,0,0,2,2
2025,2025-07-13,Sydney Colson,Fever,G,5,3,0,0,0,0,0,0
2025,2025-07-13,Sophie Cunningham,Fever,G,22,13,5,3,0,0,1,4
2025,2025-07-13,Aari McDonald,Fever,G,20,5,5,6,2,0,0,2
2025,2025-07-12,Kayla Thornton,Valkyries,F,28,10,9,2,0,1,1,2
2025,2025-07-12,Janelle Salaun,Valkyries,F,21,16,6,2,1,0,1,5
2025,2025-07-12,Temi Fagbenle,Valkyries,C,27,13,3,1,1,0,0,5
2025,2025-07-12,Tiffany Hayes,Valkyries,G,26,16,2,5,0,1,1,1
2025,2025-07-12,Veronica Burton,Valkyries,G,28,11,5,8,0,0,0,6
2025,2025-07-12,Monique Billings,Valkyries,F,9,5,2,0,0,0,1,1
2025,2025-07-12,Cecilia Zandalasini,Valkyries,F,18,12,0,1,0,0,1,0
2025,2025-07-12,Laeticia Amihere,Valkyries,F,3,2,0,0,0,0,0,1
2025,2025-07-12,Kate Martin,Valkyries,G,13,8,1,0,0,0,0,1
2025,2025-07-12,Kaitlyn Chen,Valkyries,G,11,3,0,2,1,0,1,2
2025,2025-07-12,Carla Leite,Valkyries,G,15,6,0,2,1,0,4,1
2025,2025-07-12,NaLyssa Smith,Aces,F,9,2,0,1,0,0,0,4
2025,2025-07-12,A'ja Wilson,Aces,C,33,34,16,4,1,2,0,0
2025,2025-07-12,Chelsea Gray,Aces,G,33,6,3,6,2,0,3,1
2025,2025-07-12,Jewell Loyd,Aces,G,31,15,2,1,0,0,1,5
2025,2025-07-12,Jackie Young,Aces,G,31,30,3,6,0,0,3,1
2025,2025-07-12,Kiah Stokes,Aces,C,3,0,0,0,0,0,0,0
2025,2025-07-12,Megan Gustafson,Aces,C,20,5,2,1,0,0,0,5
2025,2025-07-12,Dana Evans,Aces,G,19,8,1,2,0,0,0,2
2025,2025-07-12,Aaliyah Nye,Aces,G,20,4,3,0,1,0,2,2
2025,2025-07-12,Bridget Carleton,Lynx,F,26,6,4,1,0,1,1,1
2025,2025-07-12,Alanna Smith,Lynx,F,34,8,5,4,6,2,2,4
2025,2025-07-12,Napheesa Collier,Lynx,F,36,26,8,5,3,3,2,4
2025,2025-07-12,Kayla McBride,Lynx,G,33,17,0,1,3,0,0,2
2025,2025-07-12,Courtney Williams,Lynx,G,38,13,8,8,0,0,2,2
2025,2025-07-12,Jessica Shepard,Lynx,F,17,2,2,2,0,0,2,2
2025,2025-07-12,Maria Kliundikova,Lynx,F,4,0,1,1,0,0,0,0
2025,2025-07-12,Diamond Miller,Lynx,F,5,6,0,0,0,0,0,0
2025,2025-07-12,Natisha Hiedeman,Lynx,G,8,3,0,0,0,0,0,1
2025,2025-07-12,Michaela Onyenwere,Sky,F,26,4,7,0,0,0,4,3
2025,2025-07-12,Angel Reese,Sky,F,35,19,11,4,2,0,6,4
2025,2025-07-12,Kamilla Cardoso,Sky,C,33,17,15,2,0,2,1,0
2025,2025-07-12,Rachel Banham,Sky,G,31,12,3,5,0,0,0,3
2025,2025-07-12,Ariel Atkins,Sky,G,36,27,3,1,2,1,4,2
2025,2025-07-12,Elizabeth Williams,Sky,C,12,8,0,2,0,0,2,1
2025,2025-07-12,Rebecca Allen,Sky,G,12,0,3,3,0,0,0,0
2025,2025-07-12,Kia Nurse,Sky,G,16,0,3,0,1,0,0,4
2025,2025-07-11,Tina Charles,Sun,C,35,20,10,3,1,0,5,1
2025,2025-07-11,Olivia Nelson-Ododa,Sun,C,34,10,8,1,1,2,0,1
2025,2025-07-11,Bria Hartley,Sun,G,30,7,5,2,0,0,4,5
2025,2025-07-11,Jacy Sheldon,Sun,G,12,0,1,1,0,1,1,3
2025,2025-07-11,Saniya Rivers,Sun,G,35,12,2,3,2,0,1,0
2025,2025-07-11,Haley Peters,Sun,F,5,0,0,0,0,0,0,3
2025,2025-07-11,Aneesah Morrow,Sun,F,11,4,1,0,0,0,0,2
2025,2025-07-11,Lindsay Allen,Sun,G,6,2,1,0,0,0,0,0
2025,2025-07-11,Leila Lacan,Sun,G,32,10,7,1,0,0,4,5
2025,2025-07-11,Nneka Ogwumike,Storm,F,34,16,4,5,1,2,2,1
2025,2025-07-11,Gabby Williams,Storm,F,38,18,2,5,3,0,2,2
2025,2025-07-11,Ezi Magbegor,Storm,F,30,14,4,1,2,2,0,3
2025,2025-07-11,Skylar Diggins,Storm,G,26,14,5,5,0,0,0,4
2025,2025-07-11,Erica Wheeler,Storm,G,31,6,1,5,4,0,1,1
2025,2025-07-11,Alysha Clark,Storm,F,5,0,1,0,0,0,0,1
2025,2025-07-11,Dominique Malonga,Storm,C,10,4,8,1,0,0,2,2
2025,2025-07-11,Tiffany Mitchell,Storm,G,20,5,3,0,0,0,0,4
2025,2025-07-11,Zia Cooke,Storm,G,5,2,0,0,1,0,0,0
2025,2025-07-11,Brionna Jones,Dream,F,24,6,3,1,2,0,1,6
2025,2025-07-11,Brittney Griner,Dream,C,26,10,8,1,1,2,3,2
2025,2025-07-11,Allisha Gray,Dream,G,36,6,4,2,0,0,1,2
2025,2025-07-11,Jordin Canada,Dream,G,37,30,3,8,1,0,1,3
2025,2025-07-11,Rhyne Howard,Dream,G,26,14,3,2,1,3,0,2
2025,2025-07-11,Nia Coffey,Dream,F,6,7,2,0,0,0,2,1
2025,2025-07-11,Naz Hillmon,Dream,F,23,3,5,3,1,1,3,2
2025,2025-07-11,Taylor Thierry,Dream,F,1,0,0,0,0,0,0,0
2025,2025-07-11,Shatori Walker-Kimbrough,Dream,G,1,0,0,0,0,0,0,0
2025,2025-07-11,Maya Caldwell,Dream,G,14,6,1,0,2,0,0,2
2025,2025-07-11,Te-Hina Paopao,Dream,G,5,0,0,2,0,0,0,0
2025,2025-07-11,Natasha Howard,Fever,F,24,9,7,0,2,0,0,0
2025,2025-07-11,Aliyah Boston,Fever,C,33,19,6,8,1,0,3,6
2025,2025-07-11,Kelsey Mitchell,Fever,G,25,25,0,3,1,2,1,1
2025,2025-07-11,Lexie Hull,Fever,G,15,5,5,3,0,0,2,0
2025,2025-07-11,Caitlin Clark,Fever,G,26,12,4,9,0,0,2,1
2025,2025-07-11,Damiris Dantas,Fever,C,21,7,2,0,1,0,2,4
2025,2025-07-11,Sydney Colson,Fever,G,1,0,0,0,0,0,0,0
2025,2025-07-11,Sophie Cunningham,Fever,G,30,16,10,1,0,1,0,1
2025,2025-07-11,Aari McDonald,Fever,G,25,6,1,3,1,0,1,1
2025,2025-07-10,NaLyssa Smith,Aces,F,24,6,4,2,1,1,3,6
2025,2025-07-10,Kiah Stokes,Aces,C,16,0,3,0,1,0,0,2
2025,2025-07-10,Chelsea Gray,Aces,G,29,13,7,3,1,3,3,3
2025,2025-07-10,Jewell Loyd,Aces,G,33,20,3,1,2,0,2,2
2025,2025-07-10,Jackie Young,Aces,G,30,10,7,3,0,0,0,3
2025,2025-07-10,Kierstan Bell,Aces,F,9,2,1,0,0,0,0,1
2025,2025-07-10,Megan Gustafson,Aces,C,22,4,4,0,0,1,1,1
2025,2025-07-10,Dana Evans,Aces,G,22,11,0,2,2,0,2,0
2025,2025-07-10,Aaliyah Nye,Aces,G,14,2,2,1,1,0,0,2
2025,2025-07-10,Kiki Iriafen,Mystics,F,24,12,8,2,0,0,4,4
2025,2025-07-10,Shakira Austin,Mystics,C,27,16,8,2,1,1,2,2
2025,2025-07-10,Brittney Sykes,Mystics,G,35,18,2,4,0,0,5,1
2025,2025-07-10,Sug Sutton,Mystics,G,25,5,1,6,1,0,1,3
2025,2025-07-10,Sonia Citron,Mystics,G,38,9,5,0,0,0,0,1
2025,2025-07-10,Emily Engstler,Mystics,F,2,0,0,0,0,0,0,0
2025,2025-07-10,Aaliyah Edwards,Mystics,F,16,6,6,0,0,2,2,1
2025,2025-07-10,Stefanie Dolson,Mystics,C,13,0,3,1,0,0,0,3
2025,2025-07-10,Lucy Olsen,Mystics,G,2,0,0,0,0,0,0,1
2025,2025-07-10,Jade Melbourne,Mystics,G,18,4,2,5,0,0,2,1
2025,2025-07-10,Bridget Carleton,Lynx,F,28,4,3,6,1,0,2,2
2025,2025-07-10,Alanna Smith,Lynx,F,23,15,5,0,2,2,2,1
2025,2025-07-10,Napheesa Collier,Lynx,F,32,17,8,5,2,2,2,1
2025,2025-07-10,Kayla McBride,Lynx,G,27,5,1,2,2,0,0,1
2025,2025-07-10,Courtney Williams,Lynx,G,33,16,5,7,3,1,3,1
2025,2025-07-10,Jessica Shepard,Lynx,F,14,5,5,3,0,0,1,1
2025,2025-07-10,Maria Kliundikova,Lynx,F,9,5,4,2,1,0,0,0
2025,2025-07-10,Diamond Miller,Lynx,F,12,6,0,1,1,0,0,2
2025,2025-07-10,Alissa Pili,Lynx,F,1,0,0,0,0,0,0,0
2025,2025-07-10,Anastasiia Olairi Kosu,Lynx,F,1,0,0,0,0,1,0,0
2025,2025-07-10,Natisha Hiedeman,Lynx,G,19,18,1,2,1,0,0,2
2025,2025-07-10,Dearica Hamby,Sparks,F,29,12,7,2,1,0,4,5
2025,2025-07-10,Azura Stevens,Sparks,F,27,6,10,1,0,1,5,1
2025,2025-07-10,Rickea Jackson,Sparks,F,31,14,3,1,1,0,3,2
2025,2025-07-10,Kelsey Plum,Sparks,G,32,17,3,12,2,0,5,2
2025,2025-07-10,Julie Allemand,Sparks,G,23,7,2,4,1,0,1,0
2025,2025-07-10,Emma Cannon,Sparks,F,13,7,1,0,2,0,1,2
2025,2025-07-10,Sania Feagin,Sparks,F,1,0,0,0,0,0,0,0
2025,2025-07-10,Mercedes Russell,Sparks,C,9,2,0,0,0,0,0,0
2025,2025-07-10,Julie Vanloo,Sparks,G,17,15,2,3,0,0,2,2
2025,2025-07-10,Rae Burrell,Sparks,G,9,2,2,0,0,0,1,0
2025,2025-07-10,Sarah Ashlee Barker,Sparks,G,8,0,1,1,0,0,0,1
2025,2025-07-09,Li Yueru,Wings,C,31,18,10,0,0,1,2,3
2025,2025-07-09,Luisa Geiselsoder,Wings,C,16,3,7,1,0,0,2,2
2025,2025-07-09,Paige Bueckers,Wings,G,36,17,3,4,2,0,0,1
2025,2025-07-09,Aziaha James,Wings,G,37,8,4,4,4,0,1,1
2025,2025-07-09,JJ Quinerly,Wings,G,31,16,1,5,3,1,2,5
2025,2025-07-09,Myisha Hines-Allen,Wings,F,25,6,4,3,0,1,1,2
2025,2025-07-09,Teaira McCowan,Wings,C,9,4,2,0,0,1,2,3
2025,2025-07-09,Haley Jones,Wings,G,15,4,0,1,1,0,0,1
2025,2025-07-09,Michaela Onyenwere,Sky,F,10,5,3,1,1,0,1,4
2025,2025-07-09,Angel Reese,Sky,F,30,15,11,1,0,1,5,3
2025,2025-07-09,Elizabeth Williams,Sky,C,22,8,5,6,0,0,0,2
2025,2025-07-09,Rachel Banham,Sky,G,32,11,1,2,2,0,0,4
2025,2025-07-09,Ariel Atkins,Sky,G,26,7,4,4,1,3,2,0
2025,2025-07-09,Maddy Westbeld,Sky,F,4,0,2,0,0,0,0,1
2025,2025-07-09,Kamilla Cardoso,Sky,C,24,9,4,4,1,2,3,3
2025,2025-07-09,Rebecca Allen,Sky,G,27,27,6,3,0,3,1,3
2025,2025-07-09,Kia Nurse,Sky,G,17,3,2,2,0,0,1,1
2025,2025-07-09,Hailey Van Lith,Sky,G,8,2,2,1,0,1,2,2
2025,2025-07-09,Bridget Carleton,Lynx,F,34,10,2,4,2,0,1,2
2025,2025-07-09,Alanna Smith,Lynx,F,29,2,9,1,0,0,1,3
2025,2025-07-09,Napheesa Collier,Lynx,F,36,18,7,2,1,2,2,0
2025,2025-07-09,Kayla McBride,Lynx,G,33,6,2,0,0,0,1,2
2025,2025-07-09,Courtney Williams,Lynx,G,32,21,6,5,1,0,4,2
2025,2025-07-09,Jessica Shepard,Lynx,F,11,8,7,2,0,0,4,0
2025,2025-07-09,Maria Kliundikova,Lynx,F,4,0,0,0,1,0,0,0
2025,2025-07-09,Diamond Miller,Lynx,F,8,0,0,0,0,0,1,3
2025,2025-07-09,Natisha Hiedeman,Lynx,G,13,6,3,3,0,0,2,1
2025,2025-07-09,Alyssa Thomas,Mercury,F,34,29,8,5,2,0,3,2
2025,2025-07-09,Kathryn Westbeld,Mercury,F,28,7,6,0,2,0,1,4
2025,2025-07-09,Natasha Mack,Mercury,F,16,7,6,0,0,0,0,1
2025,2025-07-09,Sami Whitcomb,Mercury,G,29,10,5,6,1,1,3,1
2025,2025-07-09,Monique Akoa Makani,Mercury,G,30,13,0,4,0,0,2,2
2025,2025-07-09,DeWanna Bonner,Mercury,F,26,7,6,2,1,0,0,1
2025,2025-07-09,Kalani Brown,Mercury,C,2,2,1,0,0,0,0,0
2025,2025-07-09,Kitija Laksa,Mercury,G,19,2,1,0,0,0,0,1
2025,2025-07-09,Kiana Williams,Mercury,G,16,2,2,0,0,0,0,0
2025,2025-07-09,Kayla Thornton,Valkyries,F,27,18,8,2,1,0,0,1
2025,2025-07-09,Temi Fagbenle,Valkyries,C,19,7,5,2,1,0,2,4
2025,2025-07-09,Tiffany Hayes,Valkyries,G,28,6,8,2,1,0,6,0
2025,2025-07-09,Kate Martin,Valkyries,G,19,5,2,0,0,0,1,2
2025,2025-07-09,Veronica Burton,Valkyries,G,34,21,8,6,1,0,2,2
2025,2025-07-09,Monique Billings,Valkyries,F,12,5,2,0,0,2,1,1
2025,2025-07-09,Laeticia Amihere,Valkyries,F,10,4,6,2,0,0,2,3
2025,2025-07-09,Janelle Salaun,Valkyries,F,25,4,7,1,0,0,0,1
2025,2025-07-09,Kaitlyn Chen,Valkyries,G,14,5,1,3,2,0,2,0
2025,2025-07-09,Carla Leite,Valkyries,G,13,5,0,0,1,0,0,2
2025,2025-07-09,Natasha Howard,Fever,F,16,4,2,2,1,0,2,1
2025,2025-07-09,Aliyah Boston,Fever,C,27,6,6,2,2,0,0,2
2025,2025-07-09,Kelsey Mitchell,Fever,G,30,12,3,0,1,1,3,1
2025,2025-07-09,Aari McDonald,Fever,G,27,7,1,4,0,0,2,3
2025,2025-07-09,Caitlin Clark,Fever,G,25,10,5,6,1,0,4,1
2025,2025-07-09,Makayla Timpson,Fever,F,20,10,6,0,3,2,0,3
2025,2025-07-09,Damiris Dantas,Fever,C,9,4,1,0,0,0,0,0
2025,2025-07-09,Sydney Colson,Fever,G,2,0,0,0,0,0,0,0
2025,2025-07-09,Sophie Cunningham,Fever,G,21,3,3,0,0,0,2,3
2025,2025-07-09,Lexie Hull,Fever,G,24,5,9,1,1,0,1,2
2025,2025-07-09,Nneka Ogwumike,Storm,F,35,12,12,3,1,0,3,1
2025,2025-07-09,Gabby Williams,Storm,F,36,21,5,1,1,0,1,2
2025,2025-07-09,Ezi Magbegor,Storm,F,35,13,6,3,1,1,0,5
2025,2025-07-09,Skylar Diggins,Storm,G,33,23,3,7,1,0,2,3
2025,2025-07-09,Erica Wheeler,Storm,G,34,10,1,7,1,0,1,3
2025,2025-07-09,Alysha Clark,Storm,F,13,4,3,0,0,0,1,2
2025,2025-07-09,Dominique Malonga,Storm,C,6,0,1,1,0,0,1,2
2025,2025-07-09,Zia Cooke,Storm,G,7,0,0,0,0,0,0,2
2025,2025-07-09,Tina Charles,Sun,C,35,29,11,0,0,1,1,2
2025,2025-07-09,Olivia Nelson-Ododa,Sun,C,25,8,6,0,0,3,2,2
2025,2025-07-09,Bria Hartley,Sun,G,24,15,3,5,1,0,1,3
2025,2025-07-09,Jacy Sheldon,Sun,G,30,16,2,4,0,0,2,2
2025,2025-07-09,Saniya Rivers,Sun,G,34,11,4,7,4,1,0,2
2025,2025-07-09,Haley Peters,Sun,F,4,0,0,1,0,0,0,1
2025,2025-07-09,Aneesah Morrow,Sun,F,20,6,7,0,0,1,2,3
2025,2025-07-09,Lindsay Allen,Sun,G,9,0,1,1,0,0,1,0
2025,2025-07-09,Leila Lacan,Sun,G,19,8,4,3,0,0,1,4
2025,2025-07-08,NaLyssa Smith,Aces,F,26,11,4,1,0,2,1,5
2025,2025-07-08,A'ja Wilson,Aces,C,14,2,4,2,0,0,0,0
2025,2025-07-08,Chelsea Gray,Aces,G,34,11,7,3,1,1,5,3
2025,2025-07-08,Jewell Loyd,Aces,G,32,10,3,2,0,0,1,1
2025,2025-07-08,Jackie Young,Aces,G,33,19,7,3,0,2,5,4
2025,2025-07-08,Kierstan Bell,Aces,F,17,9,2,0,0,1,0,3
2025,2025-07-08,Kiah Stokes,Aces,C,12,0,3,0,0,1,2,2
2025,2025-07-08,Dana Evans,Aces,G,14,16,2,1,1,0,2,2
2025,2025-07-08,Aaliyah Nye,Aces,G,18,0,0,1,0,0,0,2
2025,2025-07-08,Breanna Stewart,Liberty,F,37,15,7,5,2,1,1,2
2025,2025-07-08,Nyara Sabally,Liberty,F,18,4,2,1,0,0,1,3
2025,2025-07-08,Leonie Fiebich,Liberty,F,33,15,9,2,0,3,0,4
2025,2025-07-08,Kennedy Burke,Liberty,G,32,10,0,0,6,0,1,2
2025,2025-07-08,Sabrina Ionescu,Liberty,G,36,28,8,8,2,1,3,1
2025,2025-07-08,Rebekah Gardner,Liberty,G,17,2,4,1,0,0,0,3
2025,2025-07-08,Marine Johannes,Liberty,G,24,10,4,3,0,0,3,1
2025,2025-07-08,Jaylyn Sherrod,Liberty,G,4,3,0,1,0,0,0,2
2025,2025-07-08,Michaela Onyenwere,Sky,F,15,2,1,3,0,0,0,1
2025,2025-07-08,Angel Reese,Sky,F,36,22,15,4,1,0,3,5
2025,2025-07-08,Elizabeth Williams,Sky,C,30,20,7,1,0,1,2,6
2025,2025-07-08,Rachel Banham,Sky,G,25,13,4,3,2,0,4,3
2025,2025-07-08,Ariel Atkins,Sky,G,35,11,0,5,3,2,5,4
2025,2025-07-08,Maddy Westbeld,Sky,F,12,3,6,0,1,0,1,2
2025,2025-07-08,Moriah Jefferson,Sky,G,4,0,0,1,0,0,0,0
2025,2025-07-08,Rebecca Allen,Sky,G,14,0,2,1,1,2,0,3
2025,2025-07-08,Kia Nurse,Sky,G,25,8,4,1,0,0,1,2
2025,2025-07-08,Hailey Van Lith,Sky,G,3,0,0,0,0,0,0,0
2025,2025-07-08,Kiki Iriafen,Mystics,F,31,11,10,2,0,1,1,3
2025,2025-07-08,Shakira Austin,Mystics,C,24,15,8,4,2,2,2,5
2025,2025-07-08,Brittney Sykes,Mystics,G,32,11,4,4,2,0,3,0
2025,2025-07-08,Sug Sutton,Mystics,G,23,9,1,2,1,0,1,2
2025,2025-07-08,Sonia Citron,Mystics,G,35,13,8,3,1,0,0,3
2025,2025-07-08,Emily Engstler,Mystics,F,4,0,2,1,0,0,0,0
2025,2025-07-08,Aaliyah Edwards,Mystics,F,17,8,3,0,1,1,0,4
2025,2025-07-08,Stefanie Dolson,Mystics,C,9,5,2,1,0,0,2,1
2025,2025-07-08,Lucy Olsen,Mystics,G,6,2,0,0,0,0,0,0
2025,2025-07-08,Jade Melbourne,Mystics,G,19,7,0,1,1,0,4,3
2025,2025-07-07,Li Yueru,Wings,C,23,2,7,0,0,0,2,0
2025,2025-07-07,Luisa Geiselsoder,Wings,C,29,4,8,1,0,1,1,2
2025,2025-07-07,Paige Bueckers,Wings,G,24,11,2,3,0,1,3,2
2025,2025-07-07,Aziaha James,Wings,G,36,15,4,3,1,0,4,2
2025,2025-07-07,JJ Quinerly,Wings,G,29,18,1,5,2,0,2,5
2025,2025-07-07,Myisha Hines-Allen,Wings,F,24,11,8,4,1,0,4,3
2025,2025-07-07,Liatu King,Wings,F,12,2,4,0,0,0,0,1
2025,2025-07-07,Teaira McCowan,Wings,C,22,9,10,0,1,1,1,1
2025,2025-07-07,Alyssa Thomas,Mercury,F,29,15,10,15,2,0,4,4
2025,2025-07-07,Kathryn Westbeld,Mercury,F,28,14,4,0,0,0,0,0
2025,2025-07-07,Natasha Mack,Mercury,F,24,4,10,4,1,2,1,3
2025,2025-07-07,Sami Whitcomb,Mercury,G,27,36,6,1,2,0,3,3
2025,2025-07-07,Monique Akoa Makani,Mercury,G,23,4,1,3,3,0,0,3
2025,2025-07-07,Kalani Brown,Mercury,C,24,6,9,2,0,3,0,1
2025,2025-07-07,Kitija Laksa,Mercury,G,24,6,0,0,0,0,0,1
2025,2025-07-07,Kiana Williams,Mercury,G,21,17,3,4,1,0,1,0
2025,2025-07-07,Kayla Thornton,Valkyries,F,34,15,6,3,1,0,1,3
2025,2025-07-07,Monique Billings,Valkyries,F,29,19,6,1,1,0,2,3
2025,2025-07-07,Temi Fagbenle,Valkyries,C,25,0,4,2,1,0,4,5
2025,2025-07-07,Tiffany Hayes,Valkyries,G,27,12,3,1,0,0,6,3
2025,2025-07-07,Veronica Burton,Valkyries,G,26,11,3,7,1,0,4,1
2025,2025-07-07,Stephanie Talbot,Valkyries,F,6,2,0,0,0,0,0,1
2025,2025-07-07,Laeticia Amihere,Valkyries,F,17,4,6,4,0,0,2,2
2025,2025-07-07,Janelle Salaun,Valkyries,F,4,0,0,0,0,0,0,2
2025,2025-07-07,Kate Martin,Valkyries,G,18,11,1,1,1,0,1,1
2025,2025-07-07,Kaitlyn Chen,Valkyries,G,15,7,0,0,0,0,1,1
2025,2025-07-07,Brionna Jones,Dream,F,30,14,8,5,2,0,0,3
2025,2025-07-07,Brittney Griner,Dream,C,18,11,5,0,0,1,3,4
2025,2025-07-07,Allisha Gray,Dream,G,35,24,1,4,2,1,4,1
2025,2025-07-07,Jordin Canada,Dream,G,26,7,4,9,3,0,1,1
2025,2025-07-07,Rhyne Howard,Dream,G,34,15,4,4,2,0,1,4
2025,2025-07-07,Nia Coffey,Dream,F,3,0,1,0,0,1,0,0
2025,2025-07-07,Naz Hillmon,Dream,F,31,16,6,1,1,1,0,1
2025,2025-07-07,Taylor Thierry,Dream,F,3,0,0,0,1,0,0,0
2025,2025-07-07,Shatori Walker-Kimbrough,Dream,G,4,0,1,0,0,0,0,1
2025,2025-07-07,Maya Caldwell,Dream,G,6,3,0,0,0,0,0,0
2025,2025-07-07,Te-Hina Paopao,Dream,G,8,0,1,1,0,0,1,0
2025,2025-07-06,Michaela Onyenwere,Sky,F,26,11,8,1,0,0,0,2
2025,2025-07-06,Angel Reese,Sky,F,37,16,17,6,0,1,6,4
2025,2025-07-06,Elizabeth Williams,Sky,C,36,12,7,2,0,0,2,0
2025,2025-07-06,Rachel Banham,Sky,G,27,20,2,2,0,0,1,4
2025,2025-07-06,Ariel Atkins,Sky,G,33,11,5,6,4,0,2,2
2025,2025-07-06,Maddy Westbeld,Sky,F,5,0,3,1,0,1,1,0
2025,2025-07-06,Rebecca Allen,Sky,G,15,2,1,2,0,0,0,2
2025,2025-07-06,Kia Nurse,Sky,G,17,3,2,1,0,0,0,1
2025,2025-07-06,Hailey Van Lith,Sky,G,4,0,0,0,0,0,1,1
2025,2025-07-06,Bridget Carleton,Lynx,F,26,0,5,2,1,0,0,3
2025,2025-07-06,Alanna Smith,Lynx,F,24,4,2,1,2,2,0,1
2025,2025-07-06,Napheesa Collier,Lynx,F,32,21,7,0,0,2,3,2
2025,2025-07-06,Kayla McBride,Lynx,G,33,11,3,5,0,1,0,3
2025,2025-07-06,Courtney Williams,Lynx,G,31,25,8,6,0,0,2,2
2025,2025-07-06,Jessica Shepard,Lynx,F,12,4,3,2,0,0,2,2
2025,2025-07-06,Maria Kliundikova,Lynx,F,12,5,4,0,1,3,0,2
2025,2025-07-06,Diamond Miller,Lynx,F,16,10,5,3,1,2,1,0
2025,2025-07-06,Natisha Hiedeman,Lynx,G,13,0,0,2,1,0,0,2
2025,2025-07-06,NaLyssa Smith,Aces,F,24,11,10,1,2,0,1,3
2025,2025-07-06,A'ja Wilson,Aces,C,24,19,3,0,2,4,1,1
2025,2025-07-06,Chelsea Gray,Aces,G,20,6,2,8,0,0,2,1
2025,2025-07-06,Jewell Loyd,Aces,G,32,3,6,2,2,0,3,2
2025,2025-07-06,Jackie Young,Aces,G,21,14,3,6,1,0,1,2
2025,2025-07-06,Kierstan Bell,Aces,F,18,8,2,0,1,1,1,2
2025,2025-07-06,Kiah Stokes,Aces,C,18,2,5,1,0,1,1,1
2025,2025-07-06,Dana Evans,Aces,G,23,18,4,3,1,0,2,2
2025,2025-07-06,Aaliyah Nye,Aces,G,21,5,0,0,0,0,2,1
2025,2025-07-06,Aneesah Morrow,Sun,F,22,12,3,0,2,1,2,1
2025,2025-07-06,Olivia Nelson-Ododa,Sun,C,22,9,7,1,0,0,2,0
2025,2025-07-06,Bria Hartley,Sun,G,20,7,0,2,2,0,2,2
2025,2025-07-06,Jacy Sheldon,Sun,G,23,8,5,2,1,0,1,3
2025,2025-07-06,Saniya Rivers,Sun,G,31,10,7,1,1,1,3,1
2025,2025-07-06,Haley Peters,Sun,F,13,3,0,0,0,0,0,1
2025,2025-07-06,Tina Charles,Sun,C,24,11,4,2,2,0,0,0
2025,2025-07-06,Rayah Marshall,Sun,C,2,0,0,0,0,0,0,0
2025,2025-07-06,Lindsay Allen,Sun,G,20,3,1,5,1,0,2,1
2025,2025-07-06,Leila Lacan,Sun,G,24,5,0,1,0,0,2,4
2025,2025-07-06,Nneka Ogwumike,Storm,F,35,15,7,4,1,0,1,2
2025,2025-07-06,Gabby Williams,Storm,F,31,16,7,5,3,1,2,1
2025,2025-07-06,Ezi Magbegor,Storm,F,28,14,5,3,0,2,0,1
2025,2025-07-06,Skylar Diggins,Storm,G,35,13,0,6,2,2,4,3
2025,2025-07-06,Erica Wheeler,Storm,G,32,5,3,3,2,0,2,3
2025,2025-07-06,Alysha Clark,Storm,F,17,5,5,0,2,1,0,1
2025,2025-07-06,Mackenzie Holmes,Storm,F,2,0,0,0,0,0,0,2
2025,2025-07-06,Dominique Malonga,Storm,C,10,11,8,0,0,0,0,1
2025,2025-07-06,Lexie Brown,Storm,G,2,0,0,0,0,0,0,0
2025,2025-07-06,Zia Cooke,Storm,G,9,0,0,0,1,0,1,0
2025,2025-07-06,Breanna Stewart,Liberty,F,35,8,6,3,0,3,2,0
2025,2025-07-06,Leonie Fiebich,Liberty,F,32,7,5,3,1,0,5,2
2025,2025-07-06,Natasha Cloud,Liberty,G,22,12,3,1,0,0,0,3
2025,2025-07-06,Kennedy Burke,Liberty,G,24,4,1,2,1,1,1,1
2025,2025-07-06,Sabrina Ionescu,Liberty,G,32,22,9,6,2,0,3,3
2025,2025-07-06,Isabelle Harrison,Liberty,F,2,0,0,0,0,0,0,0
2025,2025-07-06,Nyara Sabally,Liberty,F,20,6,6,0,0,1,1,2
2025,2025-07-06,Rebekah Gardner,Liberty,G,11,8,3,0,2,0,1,1
2025,2025-07-06,Marine Johannes,Liberty,G,15,0,3,1,0,0,1,0
2025,2025-07-06,Jaylyn Sherrod,Liberty,G,3,0,0,1,1,0,1,0
2025,2025-07-06,Marquesha Davis,Liberty,G,3,3,0,0,0,0,0,0
2025,2025-07-05,Kayla Thornton,Valkyries,F,34,13,10,3,2,0,0,1
2025,2025-07-05,Stephanie Talbot,Valkyries,F,24,10,4,4,0,0,0,2
2025,2025-07-05,Temi Fagbenle,Valkyries,C,26,7,6,2,0,1,2,5
2025,2025-07-05,Tiffany Hayes,Valkyries,G,33,23,3,4,0,0,1,3
2025,2025-07-05,Veronica Burton,Valkyries,G,31,6,3,4,0,0,3,2
2025,2025-07-05,Monique Billings,Valkyries,F,14,5,4,0,0,0,0,2
2025,2025-07-05,Cecilia Zandalasini,Valkyries,F,9,2,0,0,0,0,1,0
2025,2025-07-05,Janelle Salaun,Valkyries,F,9,0,1,0,0,0,2,1
2025,2025-07-05,Kate Martin,Valkyries,G,15,5,2,1,0,0,1,2
2025,2025-07-05,Kaitlyn Chen,Valkyries,G,4,0,0,1,0,0,0,1
2025,2025-07-05,Bridget Carleton,Lynx,F,35,7,4,4,0,0,0,1
2025,2025-07-05,Alanna Smith,Lynx,F,19,5,5,6,1,2,3,2
2025,2025-07-05,Napheesa Collier,Lynx,F,35,22,6,1,1,1,3,2
2025,2025-07-05,Kayla McBride,Lynx,G,30,12,0,3,0,1,1,2
2025,2025-07-05,Courtney Williams,Lynx,G,27,15,3,2,0,0,0,2
2025,2025-07-05,Jessica Shepard,Lynx,F,24,8,10,5,2,0,0,2
2025,2025-07-05,Diamond Miller,Lynx,F,13,8,0,1,0,0,1,2
2025,2025-07-05,Natisha Hiedeman,Lynx,G,16,5,3,3,0,0,1,1
2025,2025-07-05,Dearica Hamby,Sparks,F,32,18,3,4,1,0,3,5
2025,2025-07-05,Azura Stevens,Sparks,F,29,21,12,2,0,0,0,2
2025,2025-07-05,Rickea Jackson,Sparks,F,33,15,2,5,1,1,2,3
2025,2025-07-05,Kelsey Plum,Sparks,G,37,20,3,3,0,0,1,2
2025,2025-07-05,Julie Allemand,Sparks,G,30,5,6,5,0,0,1,2
2025,2025-07-05,Emma Cannon,Sparks,F,11,0,1,0,0,0,0,1
2025,2025-07-05,Mercedes Russell,Sparks,C,8,5,1,1,0,0,0,3
2025,2025-07-05,Julie Vanloo,Sparks,G,10,3,0,2,0,0,0,2
2025,2025-07-05,Rae Burrell,Sparks,G,11,2,2,0,0,0,0,1
2025,2025-07-05,Natasha Howard,Fever,F,36,21,9,3,1,2,4,5
2025,2025-07-05,Aliyah Boston,Fever,C,32,23,12,4,0,2,1,4
2025,2025-07-05,Kelsey Mitchell,Fever,G,31,19,0,0,0,0,0,2
2025,2025-07-05,Aari McDonald,Fever,G,30,4,1,8,1,0,1,6
2025,2025-07-05,Lexie Hull,Fever,G,22,5,2,1,0,0,1,2
2025,2025-07-05,Makayla Timpson,Fever,F,12,5,6,0,0,1,2,3
2025,2025-07-05,Sydney Colson,Fever,G,15,6,2,5,0,1,0,0
2025,2025-07-05,Sophie Cunningham,Fever,G,23,4,1,1,1,0,0,2
2025,2025-07-03,Alyssa Thomas,Mercury,F,34,9,7,10,3,0,2,2
2025,2025-07-03,Kathryn Westbeld,Mercury,F,17,6,2,1,1,0,0,3
2025,2025-07-03,Satou Sabally,Mercury,F,32,20,2,3,2,1,0,4
2025,2025-07-03,Kahleah Copper,Mercury,G,27,33,5,1,0,0,4,5
2025,2025-07-03,Monique Akoa Makani,Mercury,G,22,14,2,4,1,0,2,3
2025,2025-07-03,Natasha Mack,Mercury,F,9,0,2,0,1,1,0,0
2025,2025-07-03,Kalani Brown,Mercury,C,16,2,3,1,1,3,0,2
2025,2025-07-03,Sami Whitcomb,Mercury,G,26,3,3,1,2,1,1,4
2025,2025-07-03,Kitija Laksa,Mercury,G,17,2,0,0,0,0,1,3
2025,2025-07-03,Kiana Williams,Mercury,G,2,0,0,0,0,0,0,0
2025,2025-07-03,Li Yueru,Wings,C,24,12,11,0,1,0,2,3
2025,2025-07-03,Luisa Geiselsoder,Wings,C,33,4,4,1,1,3,4,3
2025,2025-07-03,Paige Bueckers,Wings,G,33,23,4,5,1,0,3,3
2025,2025-07-03,Aziaha James,Wings,G,38,28,6,6,0,0,2,2
2025,2025-07-03,JJ Quinerly,Wings,G,35,17,5,7,1,1,2,3
2025,2025-07-03,Myisha Hines-Allen,Wings,F,17,5,5,1,0,0,2,5
2025,2025-07-03,Liatu King,Wings,F,4,0,0,0,0,0,0,1
2025,2025-07-03,Teaira McCowan,Wings,C,16,9,3,0,0,2,0,2
2025,2025-07-03,Kiki Iriafen,Mystics,F,23,2,7,0,1,0,3,3
2025,2025-07-03,Shakira Austin,Mystics,C,21,10,5,2,0,0,5,2
2025,2025-07-03,Brittney Sykes,Mystics,G,23,7,2,2,0,0,4,0
2025,2025-07-03,Sonia Citron,Mystics,G,29,7,4,0,0,1,0,1
2025,2025-07-03,Jade Melbourne,Mystics,G,28,6,2,4,0,0,2,2
2025,2025-07-03,Emily Engstler,Mystics,F,20,4,5,0,1,1,1,1
2025,2025-07-03,Aaliyah Edwards,Mystics,F,18,15,6,0,0,0,4,2
2025,2025-07-03,Sika Kone,Mystics,F,3,2,0,1,0,0,1,0
2025,2025-07-03,Stefanie Dolson,Mystics,C,19,3,3,3,0,0,0,0
2025,2025-07-03,Lucy Olsen,Mystics,G,17,19,1,3,0,0,0,1
2025,2025-07-03,Bridget Carleton,Lynx,F,28,8,3,2,1,0,0,0
2025,2025-07-03,Alanna Smith,Lynx,F,28,10,4,4,1,3,0,2
2025,2025-07-03,Napheesa Collier,Lynx,F,31,28,5,4,1,2,2,3
2025,2025-07-03,Kayla McBride,Lynx,G,28,10,3,1,0,0,1,3
2025,2025-07-03,Courtney Williams,Lynx,G,26,10,6,8,5,0,1,2
2025,2025-07-03,Jessica Shepard,Lynx,F,11,8,4,1,0,0,0,0
2025,2025-07-03,Maria Kliundikova,Lynx,F,7,2,2,0,0,0,0,1
2025,2025-07-03,Diamond Miller,Lynx,F,14,7,1,0,0,0,1,3
2025,2025-07-03,Alissa Pili,Lynx,F,3,3,0,0,0,0,0,0
2025,2025-07-03,Anastasiia Olairi Kosu,Lynx,F,3,2,1,0,0,0,0,0
2025,2025-07-03,Natisha Hiedeman,Lynx,G,21,4,1,4,0,0,1,4
2025,2025-07-03,Nneka Ogwumike,Storm,F,32,24,7,2,3,1,4,2
2025,2025-07-03,Gabby Williams,Storm,F,35,11,5,6,2,0,1,0
2025,2025-07-03,Ezi Magbegor,Storm,F,31,5,2,2,2,4,1,4
2025,2025-07-03,Skylar Diggins,Storm,G,31,11,2,3,1,0,1,3
2025,2025-07-03,Erica Wheeler,Storm,G,36,21,5,2,3,1,1,3
2025,2025-07-03,Alysha Clark,Storm,F,18,8,2,1,1,0,1,3
2025,2025-07-03,Dominique Malonga,Storm,C,2,0,1,0,0,0,2,0
2025,2025-07-03,Lexie Brown,Storm,G,3,0,0,0,0,0,0,1
2025,2025-07-03,Zia Cooke,Storm,G,13,0,0,1,0,0,0,1
2025,2025-07-03,Brionna Jones,Dream,F,32,18,10,4,1,0,1,2
2025,2025-07-03,Brittney Griner,Dream,C,19,8,4,2,0,0,2,2
2025,2025-07-03,Shatori Walker-Kimbrough,Dream,G,17,0,1,2,1,0,0,0
2025,2025-07-03,Allisha Gray,Dream,G,40,12,11,4,0,0,3,1
2025,2025-07-03,Jordin Canada,Dream,G,39,25,5,5,4,0,5,2
2025,2025-07-03,Nia Coffey,Dream,F,4,0,1,0,0,0,1,2
2025,2025-07-03,Naz Hillmon,Dream,F,24,8,6,2,0,0,2,0
2025,2025-07-03,Maya Caldwell,Dream,G,19,6,7,1,1,0,2,2
2025,2025-07-03,Te-Hina Paopao,Dream,G,6,2,1,0,0,0,0,0
2025,2025-07-03,Kiah Stokes,Aces,C,12,2,3,0,1,0,0,1
2025,2025-07-03,A'ja Wilson,Aces,C,26,29,3,1,0,1,3,3
2025,2025-07-03,Chelsea Gray,Aces,G,23,2,3,2,1,0,5,3
2025,2025-07-03,Jewell Loyd,Aces,G,30,2,4,2,0,0,1,2
2025,2025-07-03,Jackie Young,Aces,G,25,6,1,1,0,0,2,2
2025,2025-07-03,Joyner Holmes,Aces,F,7,0,1,0,0,0,0,0
2025,2025-07-03,NaLyssa Smith,Aces,F,23,4,7,0,1,0,3,5
2025,2025-07-03,Kierstan Bell,Aces,F,7,2,1,0,0,0,0,0
2025,2025-07-03,Dana Evans,Aces,G,22,3,1,3,0,0,1,2
2025,2025-07-03,Aaliyah Nye,Aces,G,26,4,2,3,1,0,2,3
2025,2025-07-03,Natasha Howard,Fever,F,25,11,10,3,0,1,1,4
2025,2025-07-03,Aliyah Boston,Fever,C,24,20,7,2,0,0,1,4
2025,2025-07-03,Kelsey Mitchell,Fever,G,29,25,0,6,2,0,2,2
2025,2025-07-03,Aari McDonald,Fever,G,31,8,7,7,0,1,4,1
2025,2025-07-03,Lexie Hull,Fever,G,28,7,6,2,0,0,1,1
2025,2025-07-03,Brianna Turner,Fever,F,4,0,1,0,0,0,0,0
2025,2025-07-03,Makayla Timpson,Fever,F,14,2,3,0,2,1,1,3
2025,2025-07-03,Sydney Colson,Fever,G,21,6,0,3,0,0,2,2
2025,2025-07-03,Sophie Cunningham,Fever,G,24,2,3,1,1,0,0,1
2025,2025-07-03,Dearica Hamby,Sparks,F,33,25,9,3,3,2,2,1
2025,2025-07-03,Azura Stevens,Sparks,F,34,12,7,4,1,4,0,3
2025,2025-07-03,Rickea Jackson,Sparks,F,28,8,4,2,2,0,2,0
2025,2025-07-03,Kelsey Plum,Sparks,G,35,13,7,8,0,0,6,3
2025,2025-07-03,Julie Allemand,Sparks,G,38,10,2,3,2,0,2,4
2025,2025-07-03,Emma Cannon,Sparks,F,6,4,1,0,0,0,2,1
2025,2025-07-03,Mercedes Russell,Sparks,C,7,2,0,1,0,0,0,2
2025,2025-07-03,Julie Vanloo,Sparks,G,2,0,0,0,0,0,2,0
2025,2025-07-03,Rae Burrell,Sparks,G,12,5,2,0,0,0,1,2
2025,2025-07-03,Sarah Ashlee Barker,Sparks,G,5,0,0,1,0,0,0,0
2025,2025-07-03,Breanna Stewart,Liberty,F,37,17,14,4,2,1,1,2
2025,2025-07-03,Leonie Fiebich,Liberty,F,33,5,3,0,1,1,1,3
2025,2025-07-03,Natasha Cloud,Liberty,G,33,23,4,7,1,0,2,4
2025,2025-07-03,Kennedy Burke,Liberty,G,30,12,1,0,1,3,1,1
2025,2025-07-03,Sabrina Ionescu,Liberty,G,35,20,6,6,2,0,7,4
2025,2025-07-03,Isabelle Harrison,Liberty,F,12,7,4,2,2,0,0,2
2025,2025-07-03,Nyara Sabally,Liberty,F,5,0,0,0,0,0,0,1
2025,2025-07-03,Rebekah Gardner,Liberty,G,4,0,0,0,0,0,0,0
2025,2025-07-03,Marine Johannes,Liberty,G,11,5,0,2,1,0,1,1
2025,2025-07-01,Natasha Howard,Fever,F,35,16,12,4,2,0,6,3
2025,2025-07-01,Aliyah Boston,Fever,C,33,12,11,6,2,1,1,4
2025,2025-07-01,Kelsey Mitchell,Fever,G,33,12,1,3,0,0,2,1
2025,2025-07-01,Aari McDonald,Fever,G,25,12,3,1,1,2,3,3
2025,2025-07-01,Lexie Hull,Fever,G,15,6,2,1,0,0,0,2
2025,2025-07-01,Brianna Turner,Fever,F,1,0,1,0,0,0,0,0
2025,2025-07-01,Makayla Timpson,Fever,F,11,0,2,0,1,1,0,1
2025,2025-07-01,Sydney Colson,Fever,G,21,3,1,4,1,0,2,1
2025,2025-07-01,Sophie Cunningham,Fever,G,26,13,7,1,0,0,0,2
2025,2025-07-01,Bridget Carleton,Lynx,F,27,0,4,1,0,0,0,1
2025,2025-07-01,Alanna Smith,Lynx,F,31,15,5,2,1,1,0,2
2025,2025-07-01,Napheesa Collier,Lynx,F,34,12,9,3,3,1,5,2
2025,2025-07-01,Kayla McBride,Lynx,G,35,7,1,3,3,0,2,3
2025,2025-07-01,Courtney Williams,Lynx,G,34,11,4,4,0,0,6,3
2025,2025-07-01,Jessica Shepard,Lynx,F,14,9,5,0,0,0,1,2
2025,2025-07-01,Maria Kliundikova,Lynx,F,6,2,1,0,0,0,0,1
2025,2025-07-01,Diamond Miller,Lynx,F,1,0,1,0,0,1,0,0
2025,2025-07-01,Alissa Pili,Lynx,F,1,0,0,0,0,0,0,0
2025,2025-07-01,Anastasiia Olairi Kosu,Lynx,F,1,0,0,0,0,0,0,0
2025,2025-07-01,Natisha Hiedeman,Lynx,G,16,3,0,0,0,0,2,0
2025,2025-06-29,Nneka Ogwumike,Storm,F,32,8,7,0,1,0,2,3
2025,2025-06-29,Gabby Williams,Storm,F,30,2,4,0,3,1,1,2
2025,2025-06-29,Ezi Magbegor,Storm,F,21,2,6,2,0,2,1,2
2025,2025-06-29,Skylar Diggins,Storm,G,33,18,5,6,0,0,3,2
2025,2025-06-29,Erica Wheeler,Storm,G,28,13,4,3,1,0,1,2
2025,2025-06-29,Alysha Clark,Storm,F,18,0,3,1,1,1,1,2
2025,2025-06-29,Mackenzie Holmes,Storm,F,5,2,2,0,0,0,0,0
2025,2025-06-29,Dominique Malonga,Storm,C,11,2,4,1,1,0,1,2
2025,2025-06-29,Zia Cooke,Storm,G,22,10,3,0,1,0,1,2
2025,2025-06-29,Kayla Thornton,Valkyries,F,19,2,5,0,0,0,2,1
2025,2025-06-29,Stephanie Talbot,Valkyries,F,18,5,2,3,1,0,2,1
2025,2025-06-29,Monique Billings,Valkyries,F,15,9,3,0,0,1,0,1
2025,2025-06-29,Tiffany Hayes,Valkyries,G,26,21,3,4,0,0,1,0
2025,2025-06-29,Veronica Burton,Valkyries,G,25,15,5,5,0,2,2,2
2025,2025-06-29,Chloe Bibby,Valkyries,F,5,0,1,0,0,0,0,1
2025,2025-06-29,Laeticia Amihere,Valkyries,F,18,15,8,1,1,1,2,1
2025,2025-06-29,Temi Fagbenle,Valkyries,C,20,4,4,2,0,0,1,2
2025,2025-06-29,Kate Martin,Valkyries,G,26,11,3,2,2,0,2,0
2025,2025-06-29,Bree Hall,Valkyries,G,5,0,1,0,0,0,2,0
2025,2025-06-29,Kaitlyn Chen,Valkyries,G,23,2,6,3,1,0,2,1
2025,2025-06-29,Tina Charles,Sun,C,21,4,1,1,0,1,2,1
2025,2025-06-29,Olivia Nelson-Ododa,Sun,C,21,10,3,2,0,1,0,1
2025,2025-06-29,Bria Hartley,Sun,G,21,3,3,2,1,0,3,4
2025,2025-06-29,Jacy Sheldon,Sun,G,21,7,2,0,0,0,2,1
2025,2025-06-29,Saniya Rivers,Sun,G,24,9,2,1,1,1,1,1
2025,2025-06-29,Haley Peters,Sun,F,18,5,2,3,0,0,1,3
2025,2025-06-29,Aneesah Morrow,Sun,F,27,16,11,2,5,1,1,3
2025,2025-06-29,Rayah Marshall,Sun,C,7,4,1,0,0,0,1,1
2025,2025-06-29,Kariata Diaby,Sun,C,4,0,0,0,0,0,2,1
2025,2025-06-29,Lindsay Allen,Sun,G,19,0,0,3,0,1,1,1
2025,2025-06-29,Jaelyn Brown,Sun,G,17,5,2,0,1,0,0,3
2025,2025-06-29,Bridget Carleton,Lynx,F,22,7,1,1,1,0,0,0
2025,2025-06-29,Alanna Smith,Lynx,F,21,9,7,2,0,2,1,2
2025,2025-06-29,Napheesa Collier,Lynx,F,27,23,9,2,2,1,3,3
2025,2025-06-29,Kayla McBride,Lynx,G,29,20,0,5,1,0,1,1
2025,2025-06-29,Courtney Williams,Lynx,G,25,12,9,7,2,0,3,1
2025,2025-06-29,Jessica Shepard,Lynx,F,12,6,4,1,1,0,0,0
2025,2025-06-29,Maria Kliundikova,Lynx,F,13,2,3,0,0,1,2,2
2025,2025-06-29,Diamond Miller,Lynx,F,13,2,2,1,1,0,0,4
2025,2025-06-29,Alissa Pili,Lynx,F,7,5,0,1,0,0,1,2
2025,2025-06-29,Anastasiia Olairi Kosu,Lynx,F,7,6,2,0,0,0,0,1
2025,2025-06-29,Karlie Samuelson,Lynx,G,3,0,0,0,0,0,0,1
2025,2025-06-29,Natisha Hiedeman,Lynx,G,22,10,4,7,0,1,2,2
2025,2025-06-29,Kiah Stokes,Aces,C,9,0,4,0,0,0,2,2
2025,2025-06-29,A'ja Wilson,Aces,C,35,26,18,7,1,1,3,1
2025,2025-06-29,Chelsea Gray,Aces,G,35,9,5,5,0,1,1,2
2025,2025-06-29,Jewell Loyd,Aces,G,30,10,0,1,0,0,2,3
2025,2025-06-29,Jackie Young,Aces,G,35,15,3,6,2,0,4,4
2025,2025-06-29,Joyner Holmes,Aces,F,4,2,2,0,0,0,0,1
2025,2025-06-29,Tiffany Mitchell,Aces,G,21,6,2,0,1,1,0,2
2025,2025-06-29,Dana Evans,Aces,G,11,0,1,1,0,0,0,2
2025,2025-06-29,Aaliyah Nye,Aces,G,20,16,1,0,1,0,0,2
2025,2025-06-29,Alyssa Thomas,Mercury,F,33,16,7,8,0,0,3,2
2025,2025-06-29,Kathryn Westbeld,Mercury,F,18,6,1,1,1,1,1,3
2025,2025-06-29,Satou Sabally,Mercury,F,29,10,9,2,0,0,2,3
2025,2025-06-29,Kahleah Copper,Mercury,G,30,15,6,3,1,1,4,4
2025,2025-06-29,Monique Akoa Makani,Mercury,G,14,6,0,0,0,0,0,1
2025,2025-06-29,Natasha Mack,Mercury,F,12,3,5,0,1,1,0,2
2025,2025-06-29,Kalani Brown,Mercury,C,15,6,6,1,1,0,0,2
2025,2025-06-29,Sami Whitcomb,Mercury,G,28,14,1,3,1,0,1,2
2025,2025-06-29,Kitija Laksa,Mercury,G,20,5,0,1,0,0,0,1
2025,2025-06-29,Angel Reese,Sky,F,38,24,16,7,1,2,4,5
2025,2025-06-29,Elizabeth Williams,Sky,C,35,12,9,1,3,2,1,2
2025,2025-06-29,Rachel Banham,Sky,G,28,13,1,4,1,0,1,1
2025,2025-06-29,Rebecca Allen,Sky,G,19,6,4,1,0,1,1,2
2025,2025-06-29,Ariel Atkins,Sky,G,37,20,2,2,1,2,2,5
2025,2025-06-29,Michaela Onyenwere,Sky,F,6,3,1,2,0,0,0,2
2025,2025-06-29,Moriah Jefferson,Sky,G,7,0,0,3,0,0,0,2
2025,2025-06-29,Kia Nurse,Sky,G,24,14,2,0,0,0,2,1
2025,2025-06-29,Hailey Van Lith,Sky,G,5,0,0,2,0,0,0,0
2025,2025-06-29,Dearica Hamby,Sparks,F,37,20,10,4,3,1,3,3
2025,2025-06-29,Azura Stevens,Sparks,F,26,17,6,4,1,3,4,3
2025,2025-06-29,Rickea Jackson,Sparks,F,28,6,1,1,0,0,1,2
2025,2025-06-29,Shey Peddy,Sparks,G,23,3,6,1,0,0,0,0
2025,2025-06-29,Kelsey Plum,Sparks,G,35,22,5,7,2,0,2,5
2025,2025-06-29,Emma Cannon,Sparks,F,14,15,3,1,0,0,0,2
2025,2025-06-29,Mercedes Russell,Sparks,C,3,0,0,0,0,0,0,0
2025,2025-06-29,Odyssey Sims,Sparks,G,17,2,2,4,0,0,1,1
2025,2025-06-29,Sarah Ashlee Barker,Sparks,G,17,0,2,0,1,1,2,0
2025,2025-06-29,Breanna Stewart,Liberty,F,34,21,9,4,2,2,3,3
2025,2025-06-29,Nyara Sabally,Liberty,F,25,0,4,1,0,0,0,3
2025,2025-06-29,Rebekah Gardner,Liberty,G,11,1,0,0,0,1,0,2
2025,2025-06-29,Natasha Cloud,Liberty,G,34,20,4,6,1,0,2,2
2025,2025-06-29,Sabrina Ionescu,Liberty,G,32,14,4,3,0,0,5,2
2025,2025-06-29,Isabelle Harrison,Liberty,F,21,8,6,2,1,0,2,2
2025,2025-06-29,Kennedy Burke,Liberty,G,23,11,0,1,3,0,0,0
2025,2025-06-29,Marine Johannes,Liberty,G,11,6,2,1,0,0,0,2
2025,2025-06-29,Jaylyn Sherrod,Liberty,G,9,0,1,0,0,0,1,1
2025,2025-06-29,Brionna Jones,Dream,F,32,21,6,3,1,2,1,3
2025,2025-06-29,Brittney Griner,Dream,C,28,14,4,3,0,0,3,1
2025,2025-06-29,Allisha Gray,Dream,G,36,20,9,6,0,0,4,5
2025,2025-06-29,Jordin Canada,Dream,G,33,15,5,8,2,0,4,2
2025,2025-06-29,Rhyne Howard,Dream,G,24,5,2,2,1,0,1,3
2025,2025-06-29,Nia Coffey,Dream,F,5,1,6,0,0,0,0,1
2025,2025-06-29,Naz Hillmon,Dream,F,25,10,4,3,1,0,0,1
2025,2025-06-29,Shatori Walker-Kimbrough,Dream,G,8,2,1,0,2,0,0,0
2025,2025-06-29,Te-Hina Paopao,Dream,G,9,2,1,2,0,0,0,0
2025,2025-06-28,Kiki Iriafen,Mystics,F,29,8,2,0,3,0,1,4
2025,2025-06-28,Shakira Austin,Mystics,C,29,18,3,1,1,1,5,2
2025,2025-06-28,Brittney Sykes,Mystics,G,26,6,4,5,1,0,2,4
2025,2025-06-28,Sug Sutton,Mystics,G,30,12,1,3,1,0,2,2
2025,2025-06-28,Sonia Citron,Mystics,G,39,22,10,2,2,0,2,3
2025,2025-06-28,Aaliyah Edwards,Mystics,F,13,3,4,0,0,1,0,0
2025,2025-06-28,Sika Kone,Mystics,F,5,2,0,0,0,0,0,0
2025,2025-06-28,Stefanie Dolson,Mystics,C,5,0,0,1,0,0,1,2
2025,2025-06-28,Lucy Olsen,Mystics,G,24,0,2,2,0,0,0,1
2025,2025-06-28,NaLyssa Smith,Wings,F,23,4,7,1,0,1,1,4
2025,2025-06-28,Li Yueru,Wings,C,19,4,6,2,1,1,3,4
2025,2025-06-28,Arike Ogunbowale,Wings,G,34,14,2,3,2,0,3,1
2025,2025-06-28,Kaila Charles,Wings,G,16,6,4,0,0,0,3,2
2025,2025-06-28,JJ Quinerly,Wings,G,33,15,4,4,0,0,5,2
2025,2025-06-28,Myisha Hines-Allen,Wings,F,22,13,6,5,3,1,3,4
2025,2025-06-28,Aziaha James,Wings,G,33,15,5,1,1,1,1,3
2025,2025-06-28,Haley Jones,Wings,G,21,8,7,2,0,0,0,2
2025,2025-06-27,Michaela Onyenwere,Sky,F,23,4,3,2,3,0,1,5
2025,2025-06-27,Angel Reese,Sky,F,34,17,18,2,1,0,3,5
2025,2025-06-27,Rachel Banham,Sky,G,25,11,1,1,0,0,1,2
2025,2025-06-27,Rebecca Allen,Sky,G,23,3,4,1,0,2,1,1
2025,2025-06-27,Ariel Atkins,Sky,G,38,20,5,3,2,2,2,5
2025,2025-06-27,Elizabeth Williams,Sky,C,17,1,5,2,1,0,1,1
2025,2025-06-27,Kia Nurse,Sky,G,27,17,4,3,0,0,1,3
2025,2025-06-27,Hailey Van Lith,Sky,G,13,5,0,1,0,0,1,0
2025,2025-06-27,Kayla Thornton,Valkyries,F,30,29,6,1,1,0,3,4
2025,2025-06-27,Stephanie Talbot,Valkyries,F,18,0,6,2,0,0,0,2
2025,2025-06-27,Monique Billings,Valkyries,F,28,9,4,0,1,2,1,3
2025,2025-06-27,Tiffany Hayes,Valkyries,G,26,13,5,4,1,0,2,1
2025,2025-06-27,Veronica Burton,Valkyries,G,22,2,3,4,1,0,1,1
2025,2025-06-27,Chloe Bibby,Valkyries,F,14,6,4,0,0,0,0,2
2025,2025-06-27,Laeticia Amihere,Valkyries,F,17,3,9,3,0,0,1,2
2025,2025-06-27,Kate Martin,Valkyries,G,20,11,3,0,0,0,0,2
2025,2025-06-27,Kaitlyn Chen,Valkyries,G,25,10,2,2,0,0,1,2
2025,2025-06-27,Breanna Stewart,Liberty,F,31,17,5,4,1,0,3,3
2025,2025-06-27,Nyara Sabally,Liberty,F,22,16,6,0,0,0,0,0
2025,2025-06-27,Rebekah Gardner,Liberty,G,16,2,3,0,1,0,1,2
2025,2025-06-27,Natasha Cloud,Liberty,G,30,14,4,7,1,0,1,2
2025,2025-06-27,Sabrina Ionescu,Liberty,G,26,9,0,7,1,0,0,0
2025,2025-06-27,Isabelle Harrison,Liberty,F,15,10,5,0,0,0,1,0
2025,2025-06-27,Kennedy Burke,Liberty,G,23,10,2,1,0,0,2,0
2025,2025-06-27,Marine Johannes,Liberty,G,18,10,3,2,3,0,2,2
2025,2025-06-27,Jaylyn Sherrod,Liberty,G,11,2,1,0,2,0,2,0
2025,2025-06-27,Marquesha Davis,Liberty,G,8,1,1,0,0,0,0,1
2025,2025-06-27,Alyssa Thomas,Mercury,F,31,17,9,15,0,0,2,1
2025,2025-06-27,Kathryn Westbeld,Mercury,F,18,5,1,4,1,0,0,2
2025,2025-06-27,Satou Sabally,Mercury,F,24,25,6,3,2,0,3,0
2025,2025-06-27,Kahleah Copper,Mercury,G,25,12,4,1,0,0,4,4
2025,2025-06-27,Monique Akoa Makani,Mercury,G,18,9,2,4,1,0,2,1
2025,2025-06-27,Natasha Mack,Mercury,F,19,2,6,0,1,0,0,2
2025,2025-06-27,Kalani Brown,Mercury,C,8,4,5,0,0,1,1,3
2025,2025-06-27,Murjanatu Musa,Mercury,C,3,2,2,0,0,0,0,0
2025,2025-06-27,Sami Whitcomb,Mercury,G,22,15,0,3,2,0,0,0
2025,2025-06-27,Kitija Laksa,Mercury,G,27,13,1,0,0,0,0,4
2025,2025-06-27,Kiana Williams,Mercury,G,3,2,0,0,0,0,0,0
2025,2025-06-27,Tina Charles,Sun,C,20,7,2,1,0,0,1,2
2025,2025-06-27,Olivia Nelson-Ododa,Sun,C,27,12,6,2,3,2,0,3
2025,2025-06-27,Bria Hartley,Sun,G,31,19,4,6,1,0,2,2
2025,2025-06-27,Jacy Sheldon,Sun,G,28,15,4,1,0,0,3,2
2025,2025-06-27,Saniya Rivers,Sun,G,24,4,1,6,2,2,3,2
2025,2025-06-27,Haley Peters,Sun,F,9,0,0,1,0,0,0,0
2025,2025-06-27,Aneesah Morrow,Sun,F,27,20,11,1,2,0,3,2
2025,2025-06-27,Kariata Diaby,Sun,C,4,0,0,0,1,1,1,2
2025,2025-06-27,Lindsay Allen,Sun,G,24,4,0,2,0,0,2,4
2025,2025-06-27,Jaelyn Brown,Sun,G,6,0,0,1,0,0,0,1
2025,2025-06-27,Nneka Ogwumike,Storm,F,23,16,4,1,0,1,0,2
2025,2025-06-27,Gabby Williams,Storm,F,31,16,8,7,4,1,3,2
2025,2025-06-27,Ezi Magbegor,Storm,F,20,12,5,3,1,2,0,2
2025,2025-06-27,Skylar Diggins,Storm,G,28,24,1,5,1,0,1,2
2025,2025-06-27,Erica Wheeler,Storm,G,31,6,5,6,2,0,4,3
2025,2025-06-27,Alysha Clark,Storm,F,17,1,4,1,0,0,0,1
2025,2025-06-27,Mackenzie Holmes,Storm,F,7,2,1,1,0,1,0,0
2025,2025-06-27,Dominique Malonga,Storm,C,20,11,5,1,0,1,0,3
2025,2025-06-27,Zia Cooke,Storm,G,24,9,1,2,0,0,3,4
2025,2025-06-27,Bridget Carleton,Lynx,F,37,14,2,3,0,0,1,5
2025,2025-06-27,Alanna Smith,Lynx,F,30,9,8,4,2,3,4,4
2025,2025-06-27,Napheesa Collier,Lynx,F,40,26,7,6,1,2,4,5
2025,2025-06-27,Kayla McBride,Lynx,G,38,18,3,3,1,0,5,2
2025,2025-06-27,Courtney Williams,Lynx,G,34,16,2,8,2,0,0,4
2025,2025-06-27,Jessica Shepard,Lynx,F,19,2,4,4,0,0,1,2
2025,2025-06-27,Maria Kliundikova,Lynx,F,1,0,0,0,0,0,0,0
2025,2025-06-27,Karlie Samuelson,Lynx,G,15,6,1,0,0,0,0,1
2025,2025-06-27,Natisha Hiedeman,Lynx,G,11,5,1,2,0,0,1,0
2025,2025-06-27,Brionna Jones,Dream,F,36,18,8,0,2,0,1,3
2025,2025-06-27,Brittney Griner,Dream,C,28,16,7,1,0,1,3,4
2025,2025-06-27,Allisha Gray,Dream,G,42,17,8,4,0,0,2,5
2025,2025-06-27,Jordin Canada,Dream,G,35,14,3,7,4,0,1,3
2025,2025-06-27,Rhyne Howard,Dream,G,44,15,6,8,3,1,3,4
2025,2025-06-27,Nia Coffey,Dream,F,1,0,0,0,0,0,0,0
2025,2025-06-27,Naz Hillmon,Dream,F,25,10,8,1,1,0,3,3
2025,2025-06-27,Shatori Walker-Kimbrough,Dream,G,3,0,0,0,0,0,0,0
2025,2025-06-27,Maya Caldwell,Dream,G,0,0,0,0,0,0,0,0
2025,2025-06-27,Te-Hina Paopao,Dream,G,10,2,0,0,0,0,0,1
2025,2025-06-27,Natasha Howard,Fever,F,32,15,13,4,3,0,3,4
2025,2025-06-27,Aliyah Boston,Fever,C,35,21,6,3,0,0,2,1
2025,2025-06-27,Kelsey Mitchell,Fever,G,34,32,3,7,0,0,3,3
2025,2025-06-27,Aari McDonald,Fever,G,30,13,2,6,0,0,1,5
2025,2025-06-27,Lexie Hull,Fever,G,21,3,2,0,1,1,1,3
2025,2025-06-27,Makayla Timpson,Fever,F,14,3,2,0,1,0,0,4
2025,2025-06-27,Sydney Colson,Fever,G,12,2,0,3,0,0,0,0
2025,2025-06-27,Sophie Cunningham,Fever,G,24,5,4,0,1,0,1,3
2025,2025-06-27,NaLyssa Smith,Wings,F,26,7,10,2,0,0,2,5
2025,2025-06-27,Li Yueru,Wings,C,30,7,3,1,0,0,2,4
2025,2025-06-27,Arike Ogunbowale,Wings,G,32,15,1,1,1,1,2,3
2025,2025-06-27,Kaila Charles,Wings,G,14,2,4,3,0,0,0,2
2025,2025-06-27,Paige Bueckers,Wings,G,36,27,1,6,2,2,0,0
2025,2025-06-27,Myisha Hines-Allen,Wings,F,23,9,1,3,1,0,0,4
2025,2025-06-27,Aziaha James,Wings,G,26,14,1,2,1,0,1,1
2025,2025-06-27,JJ Quinerly,Wings,G,13,5,2,3,0,0,1,2
2025,2025-06-26,Kiki Iriafen,Mystics,F,25,12,9,2,0,0,3,4
2025,2025-06-26,Shakira Austin,Mystics,C,28,13,13,3,0,0,1,2
2025,2025-06-26,Sug Sutton,Mystics,G,40,17,1,5,1,0,2,1
2025,2025-06-26,Sonia Citron,Mystics,G,34,21,2,2,1,0,1,1
2025,2025-06-26,Jade Melbourne,Mystics,G,1,2,0,0,0,0,0,0
2025,2025-06-26,Aaliyah Edwards,Mystics,F,12,7,3,1,1,0,1,2
2025,2025-06-26,Sika Kone,Mystics,F,7,4,0,0,0,0,0,1
2025,2025-06-26,Stefanie Dolson,Mystics,C,15,4,2,2,0,0,0,1
2025,2025-06-26,Lucy Olsen,Mystics,G,38,14,4,3,1,0,0,1
2025,2025-06-26,Kiah Stokes,Aces,C,22,4,4,1,1,0,0,5
2025,2025-06-26,A'ja Wilson,Aces,C,32,22,5,2,1,4,0,3
2025,2025-06-26,Chelsea Gray,Aces,G,31,13,4,8,1,1,3,4
2025,2025-06-26,Jewell Loyd,Aces,G,25,11,4,1,0,0,3,1
2025,2025-06-26,Jackie Young,Aces,G,28,13,4,5,1,1,1,4
2025,2025-06-26,Joyner Holmes,Aces,F,6,3,1,0,0,0,1,2
2025,2025-06-26,Kierstan Bell,Aces,F,4,0,0,0,0,0,0,0
2025,2025-06-26,Elizabeth Kitley,Aces,C,6,0,0,0,0,1,0,1
2025,2025-06-26,Tiffany Mitchell,Aces,G,6,3,0,0,0,0,0,1
2025,2025-06-26,Dana Evans,Aces,G,19,12,2,4,0,0,0,2
2025,2025-06-26,Aaliyah Nye,Aces,G,22,2,3,0,0,0,0,1
2025,2025-06-26,Dearica Hamby,Sparks,F,29,14,7,5,3,0,7,3
2025,2025-06-26,Azura Stevens,Sparks,F,32,23,7,3,1,0,2,5
2025,2025-06-26,Rickea Jackson,Sparks,F,30,14,2,1,1,0,2,3
2025,2025-06-26,Shey Peddy,Sparks,G,32,5,2,4,0,0,0,4
2025,2025-06-26,Kelsey Plum,Sparks,G,35,21,3,6,1,0,2,2
2025,2025-06-26,Emma Cannon,Sparks,F,8,2,2,0,1,0,0,3
2025,2025-06-26,Liatu King,Sparks,F,11,4,4,0,0,0,1,1
2025,2025-06-26,Mercedes Russell,Sparks,C,11,2,3,0,1,1,2,1
2025,2025-06-26,Sarah Ashlee Barker,Sparks,G,13,0,4,0,0,0,3,2
2025,2025-06-26,Natasha Howard,Fever,F,26,13,3,0,0,1,2,2
2025,2025-06-26,Aliyah Boston,Fever,C,33,12,10,1,5,0,2,3
2025,2025-06-26,Sydney Colson,Fever,G,17,0,2,4,1,1,2,1
2025,2025-06-26,Kelsey Mitchell,Fever,G,32,20,1,4,0,0,1,3
2025,2025-06-26,Lexie Hull,Fever,G,33,6,9,3,2,0,5,4
2025,2025-06-26,Brianna Turner,Fever,F,4,0,1,0,0,0,0,3
2025,2025-06-26,Makayla Timpson,Fever,F,5,0,1,0,0,0,0,0
2025,2025-06-26,Sophie Cunningham,Fever,G,27,10,2,0,4,0,1,3
2025,2025-06-26,Aari McDonald,Fever,G,24,14,2,1,2,0,0,3
2025,2025-06-25,Breanna Stewart,Liberty,F,37,23,10,3,1,2,2,1
2025,2025-06-25,Nyara Sabally,Liberty,F,16,3,4,1,0,1,0,3
2025,2025-06-25,Rebekah Gardner,Liberty,G,34,11,3,0,0,1,1,3
2025,2025-06-25,Natasha Cloud,Liberty,G,27,2,3,7,1,0,3,4
2025,2025-06-25,Sabrina Ionescu,Liberty,G,29,11,7,4,1,1,1,2
2025,2025-06-25,Isabelle Harrison,Liberty,F,5,0,0,1,0,0,0,1
2025,2025-06-25,Kennedy Burke,Liberty,G,30,20,5,1,1,0,0,0
2025,2025-06-25,Marine Johannes,Liberty,G,18,11,5,1,1,0,1,1
2025,2025-06-25,Jaylyn Sherrod,Liberty,G,4,0,0,0,0,0,0,1
2025,2025-06-25,Kayla Thornton,Valkyries,F,34,11,7,3,1,0,1,2
2025,2025-06-25,Stephanie Talbot,Valkyries,F,28,13,5,3,0,0,2,1
2025,2025-06-25,Monique Billings,Valkyries,F,20,2,7,1,1,0,1,1
2025,2025-06-25,Tiffany Hayes,Valkyries,G,34,15,5,3,1,1,3,5
2025,2025-06-25,Veronica Burton,Valkyries,G,34,7,5,10,0,1,0,4
2025,2025-06-25,Chloe Bibby,Valkyries,F,4,3,2,0,0,0,0,0
2025,2025-06-25,Laeticia Amihere,Valkyries,F,13,6,5,0,1,1,1,0
2025,2025-06-25,Kate Martin,Valkyries,G,24,21,2,0,1,0,2,1
2025,2025-06-25,Kaitlyn Chen,Valkyries,G,9,0,0,0,0,0,0,0
2025,2025-06-25,Tina Charles,Sun,C,28,18,3,2,1,0,3,1
2025,2025-06-25,Olivia Nelson-Ododa,Sun,C,28,12,5,0,0,1,4,4
2025,2025-06-25,Bria Hartley,Sun,G,25,6,1,2,0,0,0,3
2025,2025-06-25,Jacy Sheldon,Sun,G,24,8,3,3,2,0,1,3
2025,2025-06-25,Saniya Rivers,Sun,G,30,10,2,3,2,2,1,0
2025,2025-06-25,Haley Peters,Sun,F,22,1,6,0,1,0,0,3
2025,2025-06-25,Aneesah Morrow,Sun,F,12,0,6,1,0,1,2,3
2025,2025-06-25,Kariata Diaby,Sun,C,1,0,0,0,0,0,0,0
2025,2025-06-25,Lindsay Allen,Sun,G,18,2,2,4,0,0,0,1
2025,2025-06-25,Jaelyn Brown,Sun,G,12,2,2,0,1,1,1,1
2025,2025-06-25,Kiah Stokes,Aces,C,20,0,6,1,0,0,1,1
2025,2025-06-25,A'ja Wilson,Aces,C,27,22,8,4,4,3,0,2
2025,2025-06-25,Chelsea Gray,Aces,G,29,15,7,6,0,3,5,2
2025,2025-06-25,Jewell Loyd,Aces,G,27,13,7,2,0,0,2,1
2025,2025-06-25,Jackie Young,Aces,G,26,20,8,1,0,0,1,1
2025,2025-06-25,Joyner Holmes,Aces,F,4,2,1,0,0,0,0,0
2025,2025-06-25,Kierstan Bell,Aces,F,13,8,4,0,1,1,0,1
2025,2025-06-25,Elizabeth Kitley,Aces,C,6,0,1,0,1,0,0,1
2025,2025-06-25,Tiffany Mitchell,Aces,G,10,2,1,1,0,0,3,3
2025,2025-06-25,Dana Evans,Aces,G,17,3,0,1,0,0,2,0
2025,2025-06-25,Aaliyah Nye,Aces,G,23,0,2,2,0,0,1,2
2025,2025-06-24,Natasha Howard,Fever,F,13,4,5,0,0,0,0,4
2025,2025-06-24,Aliyah Boston,Fever,C,33,31,8,3,2,0,1,2
2025,2025-06-24,Kelsey Mitchell,Fever,G,34,26,4,4,1,0,1,3
2025,2025-06-24,Lexie Hull,Fever,G,31,15,11,0,2,0,0,4
2025,2025-06-24,Caitlin Clark,Fever,G,31,6,2,9,3,0,8,2
2025,2025-06-24,Brianna Turner,Fever,F,8,0,0,0,0,0,1,1
2025,2025-06-24,Damiris Dantas,Fever,C,20,10,5,0,0,0,2,4
2025,2025-06-24,Sydney Colson,Fever,G,11,0,0,1,0,1,0,0
2025,2025-06-24,Sophie Cunningham,Fever,G,18,2,3,1,2,0,2,1
2025,2025-06-24,Nneka Ogwumike,Storm,F,35,16,6,1,2,2,2,2
2025,2025-06-24,Gabby Williams,Storm,F,32,11,2,3,2,1,4,2
2025,2025-06-24,Ezi Magbegor,Storm,F,35,9,5,3,1,2,1,4
2025,2025-06-24,Skylar Diggins,Storm,G,34,22,2,6,1,2,1,4
2025,2025-06-24,Erica Wheeler,Storm,G,31,20,2,2,1,0,6,4
2025,2025-06-24,Alysha Clark,Storm,F,18,2,2,2,1,0,2,1
2025,2025-06-24,Dominique Malonga,Storm,C,5,4,2,0,0,0,1,0
2025,2025-06-24,Zia Cooke,Storm,G,9,2,0,0,0,0,0,3
2025,2025-06-24,Jessica Shepard,Lynx,F,37,12,15,4,2,1,1,2
2025,2025-06-24,Bridget Carleton,Lynx,F,25,4,2,1,1,0,1,4
2025,2025-06-24,Alanna Smith,Lynx,F,30,26,5,2,2,6,3,3
2025,2025-06-24,Kayla McBride,Lynx,G,37,7,2,3,2,0,1,1
2025,2025-06-24,Courtney Williams,Lynx,G,28,5,9,4,1,0,10,1
2025,2025-06-24,Maria Kliundikova,Lynx,F,14,9,2,0,1,0,0,2
2025,2025-06-24,Diamond Miller,Lynx,F,5,0,0,0,0,1,1,1
2025,2025-06-24,Karlie Samuelson,Lynx,G,8,0,0,0,0,0,0,1
2025,2025-06-24,Natisha Hiedeman,Lynx,G,16,1,4,1,0,0,2,1
2025,2025-06-24,Kiki Iriafen,Mystics,F,27,11,11,1,0,1,0,3
2025,2025-06-24,Shakira Austin,Mystics,C,28,19,8,3,2,0,3,4
2025,2025-06-24,Sug Sutton,Mystics,G,35,12,1,4,4,0,3,0
2025,2025-06-24,Sonia Citron,Mystics,G,37,9,4,2,2,0,2,1
2025,2025-06-24,Jade Melbourne,Mystics,G,36,5,3,5,0,0,5,3
2025,2025-06-24,Emily Engstler,Mystics,F,5,0,2,1,0,0,0,1
2025,2025-06-24,Aaliyah Edwards,Mystics,F,11,7,5,0,1,0,0,0
2025,2025-06-24,Stefanie Dolson,Mystics,C,14,3,5,1,1,0,1,4
2025,2025-06-24,Lucy Olsen,Mystics,G,6,2,1,0,0,0,0,2
2025,2025-06-24,Dearica Hamby,Sparks,F,33,15,7,5,1,2,4,3
2025,2025-06-24,Azura Stevens,Sparks,F,30,21,7,2,4,4,5,6
2025,2025-06-24,Rickea Jackson,Sparks,F,36,11,1,4,0,1,0,3
2025,2025-06-24,Shey Peddy,Sparks,G,33,7,4,5,0,0,0,2
2025,2025-06-24,Kelsey Plum,Sparks,G,35,20,2,5,1,0,3,2
2025,2025-06-24,Emma Cannon,Sparks,F,9,5,0,0,0,0,1,2
2025,2025-06-24,Liatu King,Sparks,F,4,0,2,1,0,0,1,0
2025,2025-06-24,Mercedes Russell,Sparks,C,7,2,2,0,0,0,0,2
2025,2025-06-24,Sarah Ashlee Barker,Sparks,G,12,5,2,0,1,0,3,5
2025,2025-06-24,Angel Reese,Sky,F,33,18,17,6,4,0,2,4
2025,2025-06-24,Kamilla Cardoso,Sky,C,30,27,7,3,0,2,4,3
2025,2025-06-24,Rachel Banham,Sky,G,23,8,0,4,0,0,1,1
2025,2025-06-24,Rebecca Allen,Sky,G,26,7,5,0,1,0,0,0
2025,2025-06-24,Ariel Atkins,Sky,G,29,13,1,5,1,0,0,6
2025,2025-06-24,Michaela Onyenwere,Sky,F,7,4,1,2,1,0,1,0
2025,2025-06-24,Elizabeth Williams,Sky,C,14,6,3,0,0,0,2,0
2025,2025-06-24,Moriah Jefferson,Sky,G,2,0,0,0,0,0,1,0
2025,2025-06-24,Kia Nurse,Sky,G,23,8,1,1,0,0,0,3
2025,2025-06-24,Hailey Van Lith,Sky,G,14,6,1,2,1,1,0,0
2025,2025-06-24,Brionna Jones,Dream,F,31,12,7,2,2,0,1,1
2025,2025-06-24,Brittney Griner,Dream,C,18,2,6,0,0,1,0,1
2025,2025-06-24,Allisha Gray,Dream,G,39,13,3,1,0,0,2,4
2025,2025-06-24,Jordin Canada,Dream,G,20,0,4,1,0,0,2,1
2025,2025-06-24,Rhyne Howard,Dream,G,37,23,8,0,3,1,2,1
2025,2025-06-24,Nia Coffey,Dream,F,12,1,3,1,0,1,0,3
2025,2025-06-24,Naz Hillmon,Dream,F,24,4,4,3,0,0,1,3
2025,2025-06-24,Taylor Thierry,Dream,F,0,0,0,0,0,0,0,0
2025,2025-06-24,Shatori Walker-Kimbrough,Dream,G,0,0,0,0,0,0,0,0
2025,2025-06-24,Maya Caldwell,Dream,G,3,0,0,0,0,0,0,1
2025,2025-06-24,Te-Hina Paopao,Dream,G,14,0,2,2,1,0,1,0
2025,2025-06-24,NaLyssa Smith,Wings,F,18,4,4,0,1,3,2,2
2025,2025-06-24,Li Yueru,Wings,C,34,10,15,1,1,0,1,1
2025,2025-06-24,Arike Ogunbowale,Wings,G,35,21,1,4,2,0,0,2
2025,2025-06-24,Kaila Charles,Wings,G,26,0,8,3,0,0,0,4
2025,2025-06-24,Paige Bueckers,Wings,G,33,12,5,4,0,0,1,2
2025,2025-06-24,Myisha Hines-Allen,Wings,F,20,8,4,1,1,0,2,1
2025,2025-06-24,Aziaha James,Wings,G,24,11,4,1,0,2,2,3
2025,2025-06-24,JJ Quinerly,Wings,G,11,2,3,0,1,0,0,2
2025,2025-06-22,Aneesah Morrow,Sun,F,16,14,4,0,0,0,1,4
2025,2025-06-22,Tina Charles,Sun,C,20,9,6,0,0,2,1,3
2025,2025-06-22,Bria Hartley,Sun,G,20,7,3,3,1,0,2,1
2025,2025-06-22,Jacy Sheldon,Sun,G,29,10,2,2,1,1,0,1
2025,2025-06-22,Saniya Rivers,Sun,G,32,2,4,3,2,2,2,1
2025,2025-06-22,Haley Peters,Sun,F,14,2,4,1,0,0,0,3
2025,2025-06-22,Olivia Nelson-Ododa,Sun,C,23,4,6,3,0,5,1,5
2025,2025-06-22,Rayah Marshall,Sun,C,11,5,3,0,0,0,2,1
2025,2025-06-22,Lindsay Allen,Sun,G,23,7,2,2,0,0,3,2
2025,2025-06-22,Jaelyn Brown,Sun,G,12,3,1,0,0,0,1,2
2025,2025-06-22,Kayla Thornton,Valkyries,F,22,21,8,2,2,0,0,1
2025,2025-06-22,Stephanie Talbot,Valkyries,F,19,6,10,4,1,0,0,2
2025,2025-06-22,Monique Billings,Valkyries,F,20,4,6,1,1,2,2,3
2025,2025-06-22,Tiffany Hayes,Valkyries,G,27,14,4,2,0,0,0,1
2025,2025-06-22,Veronica Burton,Valkyries,G,24,10,0,2,1,0,0,0
2025,2025-06-22,Chloe Bibby,Valkyries,F,20,11,4,2,2,0,0,2
2025,2025-06-22,Laeticia Amihere,Valkyries,F,23,10,12,1,1,1,6,4
2025,2025-06-22,Aerial Powers,Valkyries,G,4,2,1,1,1,0,0,0
2025,2025-06-22,Kate Martin,Valkyries,G,17,1,4,2,0,0,0,2
2025,2025-06-22,Bree Hall,Valkyries,G,3,3,1,0,0,0,0,1
2025,2025-06-22,Kaitlyn Chen,Valkyries,G,21,5,1,1,0,0,1,0
2025,2025-06-22,Breanna Stewart,Liberty,F,37,18,9,7,0,2,5,1
2025,2025-06-22,Nyara Sabally,Liberty,F,31,8,9,0,0,2,3,1
2025,2025-06-22,Rebekah Gardner,Liberty,G,21,12,2,0,0,1,1,4
2025,2025-06-22,Natasha Cloud,Liberty,G,34,5,5,8,2,0,6,1
2025,2025-06-22,Marine Johannes,Liberty,G,36,17,5,1,1,1,4,1
2025,2025-06-22,Isabelle Harrison,Liberty,F,5,2,2,1,0,0,0,2
2025,2025-06-22,Kennedy Burke,Liberty,G,22,9,4,1,2,1,1,2
2025,2025-06-22,Jaylyn Sherrod,Liberty,G,14,8,3,3,2,0,0,2
2025,2025-06-22,Nneka Ogwumike,Storm,F,34,26,7,1,2,2,2,1
2025,2025-06-22,Gabby Williams,Storm,F,37,12,6,10,4,0,3,2
2025,2025-06-22,Ezi Magbegor,Storm,F,28,6,8,2,3,1,1,1
2025,2025-06-22,Skylar Diggins,Storm,G,36,20,2,6,2,2,1,4
2025,2025-06-22,Erica Wheeler,Storm,G,31,9,2,1,1,0,0,0
2025,2025-06-22,Alysha Clark,Storm,F,13,4,2,0,1,0,0,1
2025,2025-06-22,Dominique Malonga,Storm,C,7,6,4,1,0,0,1,4
2025,2025-06-22,Lexie Brown,Storm,G,6,1,1,2,0,0,0,1
2025,2025-06-22,Zia Cooke,Storm,G,8,5,0,1,0,1,2,0
2025,2025-06-22,Angel Reese,Sky,F,33,10,19,4,3,1,3,4
2025,2025-06-22,Kamilla Cardoso,Sky,C,21,7,5,3,0,1,0,3
2025,2025-06-22,Rachel Banham,Sky,G,32,10,0,4,0,0,0,2
2025,2025-06-22,Rebecca Allen,Sky,G,26,4,1,0,0,1,0,3
2025,2025-06-22,Ariel Atkins,Sky,G,35,29,6,3,2,0,2,6
2025,2025-06-22,Michaela Onyenwere,Sky,F,12,2,0,1,0,0,0,1
2025,2025-06-22,Elizabeth Williams,Sky,C,22,16,5,1,1,2,0,0
2025,2025-06-22,Kia Nurse,Sky,G,12,0,2,2,0,0,2,0
2025,2025-06-22,Hailey Van Lith,Sky,G,8,2,0,1,1,0,2,1
2025,2025-06-22,Brionna Jones,Dream,F,29,13,11,1,1,2,3,2
2025,2025-06-22,Brittney Griner,Dream,C,18,3,4,1,0,1,0,2
2025,2025-06-22,Allisha Gray,Dream,G,38,19,5,4,2,1,1,3
2025,2025-06-22,Jordin Canada,Dream,G,19,6,2,3,1,0,1,1
2025,2025-06-22,Rhyne Howard,Dream,G,35,22,3,3,2,1,1,3
2025,2025-06-22,Nia Coffey,Dream,F,7,2,2,1,0,0,0,1
2025,2025-06-22,Naz Hillmon,Dream,F,26,12,6,4,1,0,3,2
2025,2025-06-22,Taylor Thierry,Dream,F,0,0,0,0,0,0,0,0
2025,2025-06-22,Shatori Walker-Kimbrough,Dream,G,4,0,1,1,0,0,0,0
2025,2025-06-22,Maya Caldwell,Dream,G,4,0,0,0,0,0,0,0
2025,2025-06-22,Te-Hina Paopao,Dream,G,21,16,2,3,0,1,0,1
2025,2025-06-22,Myisha Hines-Allen,Wings,F,22,0,1,3,1,0,2,3
2025,2025-06-22,NaLyssa Smith,Wings,F,32,7,9,1,1,4,2,5
2025,2025-06-22,Arike Ogunbowale,Wings,G,41,27,1,3,1,0,2,1
2025,2025-06-22,Paige Bueckers,Wings,G,40,20,9,7,1,1,3,5
2025,2025-06-22,Aziaha James,Wings,G,37,11,6,1,2,1,3,3
2025,2025-06-22,Li Yueru,Wings,C,22,6,3,0,0,0,3,6
2025,2025-06-22,Kaila Charles,Wings,G,21,9,7,1,2,0,1,6
2025,2025-06-22,JJ Quinerly,Wings,G,10,8,2,0,0,0,1,4
2025,2025-06-22,Kiki Iriafen,Mystics,F,37,19,7,6,5,0,2,5
2025,2025-06-22,Shakira Austin,Mystics,C,30,21,7,2,1,1,3,3
2025,2025-06-22,Brittney Sykes,Mystics,G,39,8,1,4,0,0,0,5
2025,2025-06-22,Sug Sutton,Mystics,G,32,15,4,3,2,0,2,1
2025,2025-06-22,Sonia Citron,Mystics,G,41,27,11,2,2,1,5,2
2025,2025-06-22,Emily Engstler,Mystics,F,6,0,1,0,0,2,1,0
2025,2025-06-22,Aaliyah Edwards,Mystics,F,11,0,1,1,1,0,2,2
2025,2025-06-22,Stefanie Dolson,Mystics,C,8,0,1,2,0,0,0,5
2025,2025-06-22,Lucy Olsen,Mystics,G,1,0,0,0,0,0,0,2
2025,2025-06-22,Jade Melbourne,Mystics,G,18,1,0,3,0,0,1,2
2025,2025-06-22,Natasha Howard,Fever,F,24,7,4,1,2,0,4,4
2025,2025-06-22,Aliyah Boston,Fever,C,33,26,10,3,0,0,0,5
2025,2025-06-22,Kelsey Mitchell,Fever,G,35,20,2,2,1,1,2,0
2025,2025-06-22,Lexie Hull,Fever,G,36,7,6,3,2,0,0,4
2025,2025-06-22,Caitlin Clark,Fever,G,35,19,3,10,2,0,8,3
2025,2025-06-22,Brianna Turner,Fever,F,6,2,1,0,0,0,0,0
2025,2025-06-22,Sydney Colson,Fever,G,15,0,1,4,1,0,2,0
2025,2025-06-22,Sophie Cunningham,Fever,G,17,0,6,0,1,0,0,1
2025,2025-06-22,Kiah Stokes,Aces,C,19,0,6,1,0,0,1,0
2025,2025-06-22,A'ja Wilson,Aces,C,34,24,7,2,1,2,3,3
2025,2025-06-22,Chelsea Gray,Aces,G,35,18,3,3,2,0,4,0
2025,2025-06-22,Jewell Loyd,Aces,G,34,10,5,5,1,0,1,2
2025,2025-06-22,Jackie Young,Aces,G,27,19,7,7,3,1,3,4
2025,2025-06-22,Tiffany Mitchell,Aces,G,7,4,2,0,0,0,0,1
2025,2025-06-22,Dana Evans,Aces,G,18,3,1,1,2,0,1,1
2025,2025-06-22,Aaliyah Nye,Aces,G,27,11,0,0,0,0,0,0
2025,2025-06-21,Dearica Hamby,Sparks,F,31,13,6,2,4,0,5,1
2025,2025-06-21,Azura Stevens,Sparks,F,28,11,9,3,1,2,2,3
2025,2025-06-21,Rickea Jackson,Sparks,F,31,9,1,1,0,1,1,3
2025,2025-06-21,Shey Peddy,Sparks,G,19,6,1,1,2,0,1,3
2025,2025-06-21,Kelsey Plum,Sparks,G,39,15,3,4,0,0,4,3
2025,2025-06-21,Emma Cannon,Sparks,F,12,3,3,1,0,0,0,2
2025,2025-06-21,Sania Feagin,Sparks,F,2,0,0,0,0,0,1,0
2025,2025-06-21,Liatu King,Sparks,F,9,2,2,0,0,0,0,0
2025,2025-06-21,Mercedes Russell,Sparks,C,7,2,1,0,0,0,0,0
2025,2025-06-21,Sarah Ashlee Barker,Sparks,G,23,5,0,1,0,0,1,2
2025,2025-06-21,Bridget Carleton,Lynx,F,21,3,1,3,0,0,1,4
2025,2025-06-21,Alanna Smith,Lynx,F,29,6,8,3,0,2,2,4
2025,2025-06-21,Maria Kliundikova,Lynx,F,27,12,8,2,3,2,3,3
2025,2025-06-21,Kayla McBride,Lynx,G,30,29,1,1,0,0,3,1
2025,2025-06-21,Courtney Williams,Lynx,G,31,18,3,6,4,0,3,5
2025,2025-06-21,Diamond Miller,Lynx,F,10,4,1,0,0,1,3,2
2025,2025-06-21,Alissa Pili,Lynx,F,19,5,4,0,1,0,1,1
2025,2025-06-21,Anastasiia Olairi Kosu,Lynx,F,1,0,0,0,0,0,0,0
2025,2025-06-21,Karlie Samuelson,Lynx,G,15,1,4,0,0,0,2,1
2025,2025-06-21,Natisha Hiedeman,Lynx,G,17,4,2,6,1,0,2,0
2025,2025-06-21,Alyssa Thomas,Mercury,F,21,11,3,8,1,0,1,1
2025,2025-06-21,Kathryn Westbeld,Mercury,F,20,8,5,0,2,0,1,2
2025,2025-06-21,Satou Sabally,Mercury,F,18,15,2,3,0,0,1,4
2025,2025-06-21,Kahleah Copper,Mercury,G,23,16,3,3,5,0,3,0
2025,2025-06-21,Monique Akoa Makani,Mercury,G,18,8,4,2,3,0,3,1
2025,2025-06-21,Natasha Mack,Mercury,F,14,4,5,1,1,0,3,0
2025,2025-06-21,Kalani Brown,Mercury,C,18,11,3,1,0,1,2,3
2025,2025-06-21,Murjanatu Musa,Mercury,C,15,6,4,2,0,1,2,1
2025,2025-06-21,Sami Whitcomb,Mercury,G,25,17,4,2,0,0,1,2
2025,2025-06-21,Kitija Laksa,Mercury,G,28,11,1,3,1,0,2,2
2025,2025-06-21,Angel Reese,Sky,F,21,9,2,2,1,1,0,1
2025,2025-06-21,Kamilla Cardoso,Sky,C,21,17,3,0,1,0,3,2
2025,2025-06-21,Rebecca Allen,Sky,G,17,2,3,3,2,1,2,2
2025,2025-06-21,Kia Nurse,Sky,G,23,10,3,0,2,0,1,2
2025,2025-06-21,Ariel Atkins,Sky,G,21,13,2,4,2,0,5,1
2025,2025-06-21,Michaela Onyenwere,Sky,F,24,17,2,2,1,0,2,4
2025,2025-06-21,Maddy Westbeld,Sky,F,15,3,1,1,0,1,1,4
2025,2025-06-21,Elizabeth Williams,Sky,C,19,8,3,1,1,0,1,0
2025,2025-06-21,Rachel Banham,Sky,G,18,3,3,6,2,0,2,2
2025,2025-06-21,Hailey Van Lith,Sky,G,21,4,0,3,2,0,3,2
2025,2025-06-20,Nneka Ogwumike,Storm,F,34,25,12,3,2,1,2,3
2025,2025-06-20,Gabby Williams,Storm,F,38,18,12,4,0,0,1,2
2025,2025-06-20,Ezi Magbegor,Storm,F,18,4,2,3,0,0,1,3
2025,2025-06-20,Skylar Diggins,Storm,G,38,24,1,6,1,1,2,1
2025,2025-06-20,Erica Wheeler,Storm,G,33,17,4,2,2,0,1,3
2025,2025-06-20,Alysha Clark,Storm,F,28,2,6,2,2,0,0,4
2025,2025-06-20,Dominique Malonga,Storm,C,4,0,0,1,0,0,2,0
2025,2025-06-20,Lexie Brown,Storm,G,5,0,0,0,0,0,0,0
2025,2025-06-20,Zia Cooke,Storm,G,2,0,0,0,0,0,0,0
2025,2025-06-20,Kiah Stokes,Aces,C,18,4,4,2,1,0,0,0
2025,2025-06-20,A'ja Wilson,Aces,C,34,20,14,2,2,3,7,3
2025,2025-06-20,Chelsea Gray,Aces,G,31,7,4,7,1,0,2,1
2025,2025-06-20,Jewell Loyd,Aces,G,34,15,3,4,1,0,1,1
2025,2025-06-20,Jackie Young,Aces,G,31,22,4,5,0,0,3,5
2025,2025-06-20,Kierstan Bell,Aces,F,2,0,0,0,0,0,0,0
2025,2025-06-20,Tiffany Mitchell,Aces,G,10,0,0,0,0,0,0,1
2025,2025-06-20,Dana Evans,Aces,G,15,2,0,0,0,1,0,2
2025,2025-06-20,Aaliyah Nye,Aces,G,24,13,1,0,0,1,1,3
2025,2025-06-20,Kiki Iriafen,Mystics,F,24,9,6,2,0,0,1,5
2025,2025-06-20,Shakira Austin,Mystics,C,32,28,10,3,3,2,1,5
2025,2025-06-20,Brittney Sykes,Mystics,G,36,21,5,8,2,1,5,3
2025,2025-06-20,Sug Sutton,Mystics,G,20,7,5,3,0,0,2,1
2025,2025-06-20,Sonia Citron,Mystics,G,37,17,3,3,1,0,1,1
2025,2025-06-20,Emily Engstler,Mystics,F,13,3,2,1,1,1,2,2
2025,2025-06-20,Aaliyah Edwards,Mystics,F,6,3,0,0,1,0,1,0
2025,2025-06-20,Stefanie Dolson,Mystics,C,7,0,0,0,0,0,0,2
2025,2025-06-20,Jade Melbourne,Mystics,G,26,3,2,5,0,0,1,5
2025,2025-06-20,Brionna Jones,Dream,F,22,14,4,6,1,0,1,3
2025,2025-06-20,Brittney Griner,Dream,C,27,10,7,1,0,1,2,1
2025,2025-06-20,Allisha Gray,Dream,G,33,18,2,0,1,2,1,4
2025,2025-06-20,Jordin Canada,Dream,G,25,11,1,4,2,0,2,1
2025,2025-06-20,Rhyne Howard,Dream,G,37,13,5,6,0,0,0,4
2025,2025-06-20,Nia Coffey,Dream,F,13,9,0,3,0,0,0,2
2025,2025-06-20,Naz Hillmon,Dream,F,18,8,3,0,1,0,0,1
2025,2025-06-20,Shatori Walker-Kimbrough,Dream,G,10,2,0,1,0,0,0,1
2025,2025-06-20,Te-Hina Paopao,Dream,G,15,7,2,2,0,1,3,2
2025,2025-06-20,Myisha Hines-Allen,Wings,F,18,4,6,2,0,0,2,2
2025,2025-06-20,NaLyssa Smith,Wings,F,17,12,7,1,1,0,2,3
2025,2025-06-20,Arike Ogunbowale,Wings,G,34,7,2,1,1,0,3,4
2025,2025-06-20,Paige Bueckers,Wings,G,37,21,2,7,2,0,4,1
2025,2025-06-20,Aziaha James,Wings,G,25,17,5,5,0,0,2,3
2025,2025-06-20,Li Yueru,Wings,C,24,11,9,3,1,0,0,2
2025,2025-06-20,Kaila Charles,Wings,G,14,9,1,1,0,0,1,2
2025,2025-06-20,DiJonai Carrington,Wings,G,24,5,9,1,2,1,2,2
2025,2025-06-20,JJ Quinerly,Wings,G,4,0,0,2,0,0,1,1
2025,2025-06-20,Haley Jones,Wings,G,3,0,1,0,0,0,0,1
2025,2025-06-20,Haley Peters,Sun,F,12,2,4,1,0,1,0,2
2025,2025-06-20,Tina Charles,Sun,C,29,26,6,1,1,0,1,2
2025,2025-06-20,Marina Mabrey,Sun,G,29,8,3,6,0,1,2,2
2025,2025-06-20,Jacy Sheldon,Sun,G,24,10,1,2,0,0,0,5
2025,2025-06-20,Saniya Rivers,Sun,G,28,8,4,2,3,2,3,5
2025,2025-06-20,Aneesah Morrow,Sun,F,19,10,7,3,0,1,0,4
2025,2025-06-20,Olivia Nelson-Ododa,Sun,C,20,6,0,1,1,3,0,2
2025,2025-06-20,Bria Hartley,Sun,G,17,7,2,2,2,0,3,0
2025,2025-06-20,Lindsay Allen,Sun,G,17,6,0,1,2,0,3,4
2025,2025-06-20,Jaelyn Brown,Sun,G,5,0,2,0,0,0,0,0
2025,2025-06-19,Natasha Howard,Fever,F,24,13,5,2,0,0,2,2
2025,2025-06-19,Aliyah Boston,Fever,C,30,17,12,1,1,3,3,5
2025,2025-06-19,Kelsey Mitchell,Fever,G,33,16,1,2,0,0,4,5
2025,2025-06-19,Lexie Hull,Fever,G,33,3,3,3,0,0,0,3
2025,2025-06-19,Caitlin Clark,Fever,G,34,11,7,9,1,0,6,3
2025,2025-06-19,Brianna Turner,Fever,F,0,0,0,0,0,0,0,0
2025,2025-06-19,Makayla Timpson,Fever,F,0,0,0,0,0,0,0,0
2025,2025-06-19,Damiris Dantas,Fever,C,8,3,0,0,0,0,0,2
2025,2025-06-19,Sydney Colson,Fever,G,13,5,1,2,1,0,1,2
2025,2025-06-19,Sophie Cunningham,Fever,G,24,9,6,1,0,0,0,0
2025,2025-06-19,Kayla Thornton,Valkyries,F,20,16,6,0,1,0,1,4
2025,2025-06-19,Stephanie Talbot,Valkyries,F,15,0,3,0,3,0,0,1
2025,2025-06-19,Monique Billings,Valkyries,F,19,8,3,1,1,0,2,4
2025,2025-06-19,Veronica Burton,Valkyries,G,32,11,5,3,0,1,0,0
2025,2025-06-19,Carla Leite,Valkyries,G,20,8,1,4,1,0,2,2
2025,2025-06-19,Chloe Bibby,Valkyries,F,24,12,3,1,1,0,0,1
2025,2025-06-19,Laeticia Amihere,Valkyries,F,19,10,3,3,1,4,0,2
2025,2025-06-19,Tiffany Hayes,Valkyries,G,32,14,3,5,1,0,1,3
2025,2025-06-19,Kate Martin,Valkyries,G,20,9,5,1,1,0,1,1
2025,2025-06-19,Alyssa Thomas,Mercury,F,27,18,15,7,2,0,1,2
2025,2025-06-19,Kathryn Westbeld,Mercury,F,15,4,0,0,3,0,0,4
2025,2025-06-19,Satou Sabally,Mercury,F,28,15,9,0,1,0,4,3
2025,2025-06-19,Sami Whitcomb,Mercury,G,30,16,5,5,0,0,2,2
2025,2025-06-19,Monique Akoa Makani,Mercury,G,28,21,1,6,0,0,2,3
2025,2025-06-19,Natasha Mack,Mercury,F,20,0,6,2,1,3,1,4
2025,2025-06-19,Kalani Brown,Mercury,C,7,0,2,0,1,0,1,1
2025,2025-06-19,Murjanatu Musa,Mercury,C,8,2,2,0,0,0,0,0
2025,2025-06-19,Kitija Laksa,Mercury,G,28,13,1,1,1,0,0,1
2025,2025-06-19,Lexi Held,Mercury,G,9,0,1,1,1,0,2,1
2025,2025-06-19,Breanna Stewart,Liberty,F,37,35,3,2,3,0,6,1
2025,2025-06-19,Jonquel Jones,Liberty,C,9,2,4,0,0,1,2,0
2025,2025-06-19,Natasha Cloud,Liberty,G,33,8,3,10,0,0,0,5
2025,2025-06-19,Kennedy Burke,Liberty,G,22,6,2,1,1,0,2,5
2025,2025-06-19,Sabrina Ionescu,Liberty,G,35,16,6,6,3,0,5,1
2025,2025-06-19,Isabelle Harrison,Liberty,F,4,1,0,0,0,0,0,2
2025,2025-06-19,Nyara Sabally,Liberty,F,27,7,7,0,0,0,3,3
2025,2025-06-19,Rebekah Gardner,Liberty,G,9,0,5,0,0,0,1,1
2025,2025-06-19,Marine Johannes,Liberty,G,22,6,2,0,1,1,0,2
2025,2025-06-19,Jaylyn Sherrod,Liberty,G,3,0,0,0,0,0,0,2
2025,2025-06-18,Alyssa Thomas,Mercury,F,31,14,8,11,1,0,5,3
2025,2025-06-18,Kathryn Westbeld,Mercury,F,23,4,4,2,1,1,0,1
2025,2025-06-18,Satou Sabally,Mercury,F,29,12,15,1,1,1,1,2
2025,2025-06-18,Kahleah Copper,Mercury,G,22,13,1,2,1,0,0,2
2025,2025-06-18,Monique Akoa Makani,Mercury,G,21,5,4,0,2,0,2,6
2025,2025-06-18,Natasha Mack,Mercury,F,18,6,2,0,1,2,0,4
2025,2025-06-18,Kalani Brown,Mercury,C,5,0,1,2,0,0,1,1
2025,2025-06-18,Murjanatu Musa,Mercury,C,8,4,2,0,0,0,0,0
2025,2025-06-18,Kitija Laksa,Mercury,G,23,11,2,0,0,1,1,1
2025,2025-06-18,Lexi Held,Mercury,G,20,14,2,0,2,0,2,0
2025,2025-06-18,Tina Charles,Sun,C,15,2,4,1,0,0,4,1
2025,2025-06-18,Olivia Nelson-Ododa,Sun,C,23,10,14,1,0,3,1,2
2025,2025-06-18,Bria Hartley,Sun,G,19,9,1,2,0,0,0,4
2025,2025-06-18,Marina Mabrey,Sun,G,37,8,2,7,0,2,2,3
2025,2025-06-18,Jacy Sheldon,Sun,G,24,13,0,1,0,0,3,1
2025,2025-06-18,Haley Peters,Sun,F,12,2,4,2,0,0,0,0
2025,2025-06-18,Aneesah Morrow,Sun,F,23,16,9,1,3,0,2,2
2025,2025-06-18,Kariata Diaby,Sun,C,7,2,2,0,1,0,0,0
2025,2025-06-18,Lindsay Allen,Sun,G,5,0,0,2,0,0,0,0
2025,2025-06-18,Jaelyn Brown,Sun,G,13,6,0,0,0,0,0,2
2025,2025-06-18,Saniya Rivers,Sun,G,23,7,1,3,1,0,1,3
2025,2025-06-17,Nneka Ogwumike,Storm,F,27,26,5,2,3,0,0,2
2025,2025-06-17,Gabby Williams,Storm,F,29,11,4,7,8,0,1,2
2025,2025-06-17,Ezi Magbegor,Storm,F,16,2,3,5,0,6,3,3
2025,2025-06-17,Skylar Diggins,Storm,G,29,15,3,7,0,1,1,3
2025,2025-06-17,Erica Wheeler,Storm,G,28,15,3,2,1,0,2,3
2025,2025-06-17,Alysha Clark,Storm,F,19,14,2,2,0,0,0,2
2025,2025-06-17,Mackenzie Holmes,Storm,F,5,0,1,0,0,0,0,0
2025,2025-06-17,Dominique Malonga,Storm,C,13,7,3,1,1,0,1,2
2025,2025-06-17,Lexie Brown,Storm,G,21,3,2,1,1,0,1,4
2025,2025-06-17,Zia Cooke,Storm,G,14,5,1,2,1,0,1,1
2025,2025-06-17,Dearica Hamby,Sparks,F,25,8,7,3,2,0,5,3
2025,2025-06-17,Azura Stevens,Sparks,F,24,16,10,1,3,1,2,0
2025,2025-06-17,Rickea Jackson,Sparks,F,36,17,2,2,2,0,4,0
2025,2025-06-17,Shey Peddy,Sparks,G,24,6,4,3,0,0,3,3
2025,2025-06-17,Sarah Ashlee Barker,Sparks,G,34,12,7,1,0,0,2,2
2025,2025-06-17,Emma Cannon,Sparks,F,16,2,8,1,0,0,1,1
2025,2025-06-17,Sania Feagin,Sparks,F,11,0,1,1,0,3,2,2
2025,2025-06-17,Liatu King,Sparks,F,10,6,0,1,0,0,0,0
2025,2025-06-17,Mercedes Russell,Sparks,C,4,0,2,0,0,0,0,0
2025,2025-06-17,Grace Berger,Sparks,G,16,0,1,1,0,0,3,1
2025,2025-06-17,Kiki Iriafen,Mystics,F,27,8,6,1,1,0,4,4
2025,2025-06-17,Shakira Austin,Mystics,C,27,9,9,2,2,4,4,0
2025,2025-06-17,Brittney Sykes,Mystics,G,36,32,2,5,3,0,3,3
2025,2025-06-17,Sug Sutton,Mystics,G,20,7,0,6,2,0,0,1
2025,2025-06-17,Sonia Citron,Mystics,G,36,13,9,3,3,0,2,2
2025,2025-06-17,Aaliyah Edwards,Mystics,F,12,6,2,1,1,1,1,3
2025,2025-06-17,Stefanie Dolson,Mystics,C,13,2,0,1,1,0,0,3
2025,2025-06-17,Lucy Olsen,Mystics,G,4,0,0,0,0,0,0,0
2025,2025-06-17,Jade Melbourne,Mystics,G,24,2,4,2,1,0,2,1
2025,2025-06-17,Angel Reese,Sky,F,35,17,10,5,1,1,7,4
2025,2025-06-17,Kamilla Cardoso,Sky,C,29,18,10,1,1,1,2,2
2025,2025-06-17,Rebecca Allen,Sky,G,21,7,5,4,2,0,4,1
2025,2025-06-17,Kia Nurse,Sky,G,15,3,0,1,1,0,0,2
2025,2025-06-17,Ariel Atkins,Sky,G,34,10,2,7,2,4,2,2
2025,2025-06-17,Michaela Onyenwere,Sky,F,11,6,1,0,0,0,2,5
2025,2025-06-17,Elizabeth Williams,Sky,C,13,6,0,1,0,0,0,1
2025,2025-06-17,Rachel Banham,Sky,G,15,0,1,1,3,0,0,4
2025,2025-06-17,Hailey Van Lith,Sky,G,26,5,2,1,0,0,5,1
2025,2025-06-17,Kayla Thornton,Valkyries,F,35,17,5,0,1,1,4,3
2025,2025-06-17,Stephanie Talbot,Valkyries,F,21,0,2,4,1,0,1,2
2025,2025-06-17,Monique Billings,Valkyries,F,34,18,8,0,1,2,1,1
2025,2025-06-17,Veronica Burton,Valkyries,G,27,4,3,5,1,1,2,5
2025,2025-06-17,Carla Leite,Valkyries,G,27,8,2,4,1,1,3,4
2025,2025-06-17,Laeticia Amihere,Valkyries,F,24,14,6,2,0,1,2,4
2025,2025-06-17,Tiffany Hayes,Valkyries,G,22,10,2,1,0,0,1,0
2025,2025-06-17,Kate Martin,Valkyries,G,8,0,0,1,0,0,2,0
2025,2025-06-17,Myisha Hines-Allen,Wings,F,28,9,6,2,0,2,2,1
2025,2025-06-17,NaLyssa Smith,Wings,F,17,6,10,1,0,0,1,3
2025,2025-06-17,Arike Ogunbowale,Wings,G,36,19,5,6,3,1,1,3
2025,2025-06-17,Paige Bueckers,Wings,G,39,20,4,2,4,2,3,3
2025,2025-06-17,Aziaha James,Wings,G,17,3,3,2,0,0,0,1
2025,2025-06-17,Li Yueru,Wings,C,13,2,2,2,0,0,0,2
2025,2025-06-17,Kaila Charles,Wings,G,24,10,5,4,3,1,0,4
2025,2025-06-17,DiJonai Carrington,Wings,G,22,8,4,4,2,0,3,2
2025,2025-06-17,JJ Quinerly,Wings,G,4,3,0,0,0,0,1,1
2025,2025-06-17,Kiah Stokes,Aces,C,30,7,8,1,0,1,0,4
2025,2025-06-17,Chelsea Gray,Aces,G,33,9,2,6,2,0,3,2
2025,2025-06-17,Tiffany Mitchell,Aces,G,21,10,5,0,1,0,2,1
2025,2025-06-17,Jewell Loyd,Aces,G,34,12,8,3,0,1,3,3
2025,2025-06-17,Jackie Young,Aces,G,31,9,3,6,0,0,4,5
2025,2025-06-17,Joyner Holmes,Aces,F,6,0,1,0,0,0,0,2
2025,2025-06-17,Kierstan Bell,Aces,F,12,5,3,0,1,0,1,1
2025,2025-06-17,Elizabeth Kitley,Aces,C,3,0,0,0,0,0,1,2
2025,2025-06-17,Dana Evans,Aces,G,14,3,1,2,0,0,2,0
2025,2025-06-17,Aaliyah Nye,Aces,G,15,7,3,0,0,2,1,1
2025,2025-06-17,Bridget Carleton,Lynx,F,34,7,6,4,1,0,1,1
2025,2025-06-17,Alanna Smith,Lynx,F,31,10,13,3,0,2,3,4
2025,2025-06-17,Napheesa Collier,Lynx,F,19,7,6,1,0,0,2,1
2025,2025-06-17,Kayla McBride,Lynx,G,36,8,1,2,2,0,0,1
2025,2025-06-17,Courtney Williams,Lynx,G,32,20,4,5,3,2,1,1
2025,2025-06-17,Maria Kliundikova,Lynx,F,3,0,2,1,0,0,1,0
2025,2025-06-17,Diamond Miller,Lynx,F,14,12,2,1,1,0,0,3
2025,2025-06-17,Alissa Pili,Lynx,F,3,0,0,0,0,0,0,0
2025,2025-06-17,Karlie Samuelson,Lynx,G,4,0,0,0,1,0,0,0
2025,2025-06-17,Natisha Hiedeman,Lynx,G,25,12,6,3,0,0,0,1
2025,2025-06-17,Tina Charles,Sun,C,30,20,4,3,0,1,1,2
2025,2025-06-17,Olivia Nelson-Ododa,Sun,C,17,14,8,0,0,0,2,3
2025,2025-06-17,Bria Hartley,Sun,G,14,2,0,1,0,0,1,2
2025,2025-06-17,Marina Mabrey,Sun,G,28,6,8,1,3,0,4,1
2025,2025-06-17,Jacy Sheldon,Sun,G,28,2,2,3,3,0,1,4
2025,2025-06-17,Haley Peters,Sun,F,25,4,1,1,1,1,2,2
2025,2025-06-17,Aneesah Morrow,Sun,F,3,0,0,0,0,0,0,0
2025,2025-06-17,Rayah Marshall,Sun,C,1,1,0,0,0,0,0,0
2025,2025-06-17,Kariata Diaby,Sun,C,5,2,0,0,0,0,0,1
2025,2025-06-17,Lindsay Allen,Sun,G,12,0,0,1,0,0,1,1
2025,2025-06-17,Jaelyn Brown,Sun,G,18,13,1,0,1,1,0,2
2025,2025-06-17,Saniya Rivers,Sun,G,20,7,3,5,0,1,0,4
2025,2025-06-17,Natasha Howard,Fever,F,26,16,12,0,1,0,2,3
2025,2025-06-17,Aliyah Boston,Fever,C,27,9,9,5,1,1,0,1
2025,2025-06-17,Kelsey Mitchell,Fever,G,29,17,2,2,0,0,0,1
2025,2025-06-17,Lexie Hull,Fever,G,31,8,3,2,0,0,0,3
2025,2025-06-17,Caitlin Clark,Fever,G,29,20,1,6,2,0,4,3
2025,2025-06-17,Brianna Turner,Fever,F,2,0,0,0,0,0,0,0
2025,2025-06-17,Makayla Timpson,Fever,F,2,0,1,0,0,0,0,0
2025,2025-06-17,Damiris Dantas,Fever,C,16,13,2,2,0,0,3,3
2025,2025-06-17,Sydney Colson,Fever,G,16,0,1,1,1,0,3,2
2025,2025-06-17,Sophie Cunningham,Fever,G,22,5,7,1,1,0,3,5
2025,2025-06-17,Brionna Jones,Dream,F,27,13,3,3,0,1,2,3
2025,2025-06-17,Brittney Griner,Dream,C,23,9,2,0,0,2,1,2
2025,2025-06-17,Allisha Gray,Dream,G,36,14,5,5,0,0,0,3
2025,2025-06-17,Jordin Canada,Dream,G,25,9,5,3,1,1,3,0
2025,2025-06-17,Rhyne Howard,Dream,G,39,13,7,9,3,3,4,2
2025,2025-06-17,Nia Coffey,Dream,F,10,3,1,1,0,0,0,0
2025,2025-06-17,Naz Hillmon,Dream,F,22,4,7,1,1,0,1,2
2025,2025-06-17,Shatori Walker-Kimbrough,Dream,G,1,0,0,0,0,0,0,0
2025,2025-06-17,Maya Caldwell,Dream,G,2,0,0,0,0,0,0,1
2025,2025-06-17,Te-Hina Paopao,Dream,G,15,16,1,1,2,0,1,4
2025,2025-06-17,Breanna Stewart,Liberty,F,36,23,6,4,0,1,2,3
2025,2025-06-17,Nyara Sabally,Liberty,F,18,8,3,1,2,2,1,2
2025,2025-06-17,Jonquel Jones,Liberty,C,25,10,10,2,1,0,0,1
2025,2025-06-17,Natasha Cloud,Liberty,G,29,7,1,5,1,0,1,3
2025,2025-06-17,Sabrina Ionescu,Liberty,G,38,34,7,5,3,0,3,0
2025,2025-06-17,Isabelle Harrison,Liberty,F,3,0,1,0,0,0,0,0
2025,2025-06-17,Rebekah Gardner,Liberty,G,5,0,0,0,0,0,0,2
2025,2025-06-17,Kennedy Burke,Liberty,G,16,2,2,0,1,0,1,2
2025,2025-06-17,Marine Johannes,Liberty,G,19,2,6,2,0,0,3,1
2025,2025-06-17,Jaylyn Sherrod,Liberty,G,9,0,1,0,0,0,1,1
2025,2025-06-15,Alyssa Thomas,Mercury,F,29,14,6,13,2,1,7,3
2025,2025-06-15,Kathryn Westbeld,Mercury,F,15,1,1,0,1,0,0,2
2025,2025-06-15,Satou Sabally,Mercury,F,30,22,9,3,1,1,1,2
2025,2025-06-15,Kahleah Copper,Mercury,G,18,11,2,1,1,0,2,3
2025,2025-06-15,Monique Akoa Makani,Mercury,G,21,0,4,1,1,0,0,3
2025,2025-06-15,Natasha Mack,Mercury,F,15,3,7,0,2,1,1,1
2025,2025-06-15,Murjanatu Musa,Mercury,C,7,0,1,0,1,0,0,1
2025,2025-06-15,Sami Whitcomb,Mercury,G,23,18,2,0,0,0,0,1
2025,2025-06-15,Kitija Laksa,Mercury,G,18,4,3,2,0,0,1,1
2025,2025-06-15,Lexi Held,Mercury,G,23,3,1,2,1,1,0,1
2025,2025-06-15,Kiah Stokes,Aces,C,29,0,14,1,2,0,3,3
2025,2025-06-15,Chelsea Gray,Aces,G,38,20,10,4,1,1,5,2
2025,2025-06-15,Tiffany Mitchell,Aces,G,15,4,0,0,0,0,4,1
2025,2025-06-15,Jewell Loyd,Aces,G,32,17,6,2,1,0,1,1
2025,2025-06-15,Jackie Young,Aces,G,32,15,3,5,0,1,2,2
2025,2025-06-15,Joyner Holmes,Aces,F,3,0,0,0,0,0,1,0
2025,2025-06-15,Kierstan Bell,Aces,F,14,8,2,0,0,0,1,0
2025,2025-06-15,Elizabeth Kitley,Aces,C,11,0,2,0,0,1,2,1
2025,2025-06-15,Dana Evans,Aces,G,11,4,0,0,2,0,0,0
2025,2025-06-15,Aaliyah Nye,Aces,G,15,2,1,2,0,1,0,3
2025,2025-06-15,Brionna Jones,Dream,F,23,5,4,2,0,0,1,3
2025,2025-06-15,Brittney Griner,Dream,C,19,2,8,1,0,2,0,0
2025,2025-06-15,Allisha Gray,Dream,G,29,32,5,4,3,0,1,2
2025,2025-06-15,Jordin Canada,Dream,G,21,4,7,2,3,0,0,2
2025,2025-06-15,Rhyne Howard,Dream,G,29,14,1,2,1,0,1,3
2025,2025-06-15,Nia Coffey,Dream,F,13,0,1,0,0,0,0,3
2025,2025-06-15,Naz Hillmon,Dream,F,26,10,11,5,1,0,1,2
2025,2025-06-15,Taylor Thierry,Dream,F,3,3,1,0,0,0,0,0
2025,2025-06-15,Shatori Walker-Kimbrough,Dream,G,10,0,0,2,0,0,1,0
2025,2025-06-15,Maya Caldwell,Dream,G,9,3,2,1,0,0,1,3
2025,2025-06-15,Te-Hina Paopao,Dream,G,17,16,1,5,0,0,0,1
2025,2025-06-15,Kiki Iriafen,Mystics,F,21,6,8,2,0,0,0,3
2025,2025-06-15,Stefanie Dolson,Mystics,C,19,3,1,0,0,0,1,4
2025,2025-06-15,Brittney Sykes,Mystics,G,26,9,5,3,1,0,4,3
2025,2025-06-15,Sug Sutton,Mystics,G,20,2,1,4,0,0,0,1
2025,2025-06-15,Sonia Citron,Mystics,G,30,10,3,0,2,0,2,1
2025,2025-06-15,Emily Engstler,Mystics,F,17,2,5,2,1,0,0,0
2025,2025-06-15,Aaliyah Edwards,Mystics,F,17,5,3,0,1,0,2,2
2025,2025-06-15,Sika Kone,Mystics,F,4,0,1,0,0,0,0,0
2025,2025-06-15,Shakira Austin,Mystics,C,19,9,7,0,0,2,1,0
2025,2025-06-15,Lucy Olsen,Mystics,G,5,2,1,0,0,0,1,0
2025,2025-06-15,Jade Melbourne,Mystics,G,23,8,0,1,0,0,2,0
2025,2025-06-15,Angel Reese,Sky,F,36,11,13,11,3,2,2,4
2025,2025-06-15,Kamilla Cardoso,Sky,C,25,10,7,1,0,0,2,4
2025,2025-06-15,Rebecca Allen,Sky,G,18,0,3,1,1,1,0,0
2025,2025-06-15,Kia Nurse,Sky,G,16,11,2,0,1,0,1,1
2025,2025-06-15,Ariel Atkins,Sky,G,31,10,5,4,2,1,6,1
2025,2025-06-15,Michaela Onyenwere,Sky,F,16,7,0,0,0,0,0,1
2025,2025-06-15,Elizabeth Williams,Sky,C,19,8,3,2,0,0,0,0
2025,2025-06-15,Rachel Banham,Sky,G,14,5,0,0,0,0,0,1
2025,2025-06-15,Hailey Van Lith,Sky,G,24,16,5,1,0,1,1,2
2025,2025-06-15,Tina Charles,Sun,C,36,19,6,1,1,0,1,4
2025,2025-06-15,Olivia Nelson-Ododa,Sun,C,26,5,10,0,1,2,2,3
2025,2025-06-15,Bria Hartley,Sun,G,30,6,3,5,2,0,1,4
2025,2025-06-15,Marina Mabrey,Sun,G,39,22,5,4,0,0,6,1
2025,2025-06-15,Jacy Sheldon,Sun,G,29,12,4,2,3,0,0,2
2025,2025-06-15,Kariata Diaby,Sun,C,18,2,3,2,0,0,1,2
2025,2025-06-15,Lindsay Allen,Sun,G,12,0,0,1,0,0,0,1
2025,2025-06-15,Jaelyn Brown,Sun,G,10,0,1,0,2,0,1,0
2025,2025-06-14,Nneka Ogwumike,Storm,F,26,6,5,2,1,1,5,4
2025,2025-06-14,Gabby Williams,Storm,F,32,9,3,4,4,0,2,3
2025,2025-06-14,Ezi Magbegor,Storm,F,31,10,6,2,2,2,0,0
2025,2025-06-14,Skylar Diggins,Storm,G,35,21,0,3,2,1,2,2
2025,2025-06-14,Erica Wheeler,Storm,G,27,6,2,5,1,0,4,2
2025,2025-06-14,Alysha Clark,Storm,F,24,11,3,1,1,0,1,3
2025,2025-06-14,Dominique Malonga,Storm,C,6,2,1,1,0,1,2,0
2025,2025-06-14,Lexie Brown,Storm,G,14,5,0,0,0,0,0,1
2025,2025-06-14,Zia Cooke,Storm,G,5,0,0,1,0,0,0,0
2025,2025-06-14,Kayla Thornton,Valkyries,F,36,22,12,1,0,0,3,4
2025,2025-06-14,Stephanie Talbot,Valkyries,F,25,4,4,5,1,0,3,3
2025,2025-06-14,Temi Fagbenle,Valkyries,C,27,16,7,2,0,0,0,3
2025,2025-06-14,Veronica Burton,Valkyries,G,34,8,2,9,4,1,5,1
2025,2025-06-14,Carla Leite,Valkyries,G,32,14,0,3,1,0,4,2
2025,2025-06-14,Monique Billings,Valkyries,F,13,5,4,0,3,1,1,3
2025,2025-06-14,Laeticia Amihere,Valkyries,F,15,2,1,0,0,0,2,2
2025,2025-06-14,Aerial Powers,Valkyries,G,3,0,1,0,0,0,0,0
2025,2025-06-14,Kate Martin,Valkyries,G,15,5,2,1,0,0,0,1
2025,2025-06-14,Breanna Stewart,Liberty,F,38,24,5,2,3,0,3,3
2025,2025-06-14,Nyara Sabally,Liberty,F,31,10,9,1,4,2,2,4
2025,2025-06-14,Natasha Cloud,Liberty,G,31,5,6,5,1,0,2,4
2025,2025-06-14,Kennedy Burke,Liberty,G,25,3,3,3,0,2,0,1
2025,2025-06-14,Sabrina Ionescu,Liberty,G,38,34,2,4,1,0,2,2
2025,2025-06-14,Isabelle Harrison,Liberty,F,8,2,4,1,0,0,0,0
2025,2025-06-14,Rebekah Gardner,Liberty,G,12,0,3,1,0,0,0,3
2025,2025-06-14,Marine Johannes,Liberty,G,18,10,2,0,1,0,2,1
2025,2025-06-14,Jaylyn Sherrod,Liberty,G,0,0,0,0,0,0,0,0
2025,2025-06-14,Natasha Howard,Fever,F,14,4,4,0,0,0,1,2
2025,2025-06-14,Aliyah Boston,Fever,C,30,10,11,6,0,2,1,4
2025,2025-06-14,Kelsey Mitchell,Fever,G,34,22,2,1,1,0,1,3
2025,2025-06-14,Lexie Hull,Fever,G,34,14,4,2,1,2,1,3
2025,2025-06-14,Caitlin Clark,Fever,G,31,32,8,9,1,2,7,3
2025,2025-06-14,Brianna Turner,Fever,F,0,0,0,0,0,0,0,0
2025,2025-06-14,Makayla Timpson,Fever,F,0,0,0,0,0,0,0,0
2025,2025-06-14,Damiris Dantas,Fever,C,10,5,4,1,0,0,0,0
2025,2025-06-14,Sydney Colson,Fever,G,20,10,1,6,1,0,0,2
2025,2025-06-14,Sophie Cunningham,Fever,G,25,5,4,0,1,0,1,5
2025,2025-06-14,Dearica Hamby,Sparks,F,31,10,12,2,1,1,2,2
2025,2025-06-14,Azura Stevens,Sparks,F,18,4,6,1,0,0,4,1
2025,2025-06-14,Rickea Jackson,Sparks,F,36,18,5,2,1,0,2,2
2025,2025-06-14,Kelsey Plum,Sparks,G,33,20,3,4,0,0,3,3
2025,2025-06-14,Sarah Ashlee Barker,Sparks,G,28,4,4,2,1,0,5,1
2025,2025-06-14,Emma Cannon,Sparks,F,22,14,2,0,0,0,1,2
2025,2025-06-14,Sania Feagin,Sparks,F,3,2,1,0,0,0,0,0
2025,2025-06-14,Liatu King,Sparks,F,16,3,2,0,0,0,3,2
2025,2025-06-14,Mercedes Russell,Sparks,C,6,0,0,1,0,0,0,0
2025,2025-06-14,Shey Peddy,Sparks,G,7,3,1,2,0,0,0,1
2025,2025-06-14,Bridget Carleton,Lynx,F,23,6,2,4,1,1,1,1
2025,2025-06-14,Alanna Smith,Lynx,F,22,3,3,2,0,3,2,3
2025,2025-06-14,Napheesa Collier,Lynx,F,31,32,8,6,2,2,2,4
2025,2025-06-14,Kayla McBride,Lynx,G,21,4,1,3,1,0,0,2
2025,2025-06-14,Courtney Williams,Lynx,G,18,17,3,2,0,0,2,4
2025,2025-06-14,Maria Kliundikova,Lynx,F,14,11,5,1,2,3,0,1
2025,2025-06-14,Diamond Miller,Lynx,F,13,3,3,2,0,0,1,2
2025,2025-06-14,Alissa Pili,Lynx,F,10,8,2,0,0,0,0,3
2025,2025-06-14,Anastasiia Olairi Kosu,Lynx,F,3,3,0,1,0,0,0,0
2025,2025-06-14,Karlie Samuelson,Lynx,G,20,0,0,4,2,1,1,1
2025,2025-06-14,Natisha Hiedeman,Lynx,G,25,14,0,5,1,0,0,2
2025,2025-06-13,Myisha Hines-Allen,Wings,F,27,6,5,2,3,0,1,1
2025,2025-06-13,Luisa Geiselsoder,Wings,C,26,13,3,2,1,2,1,3
2025,2025-06-13,Arike Ogunbowale,Wings,G,38,26,4,8,2,0,4,3
2025,2025-06-13,DiJonai Carrington,Wings,G,35,15,8,3,2,0,4,6
2025,2025-06-13,Paige Bueckers,Wings,G,38,16,2,5,2,0,2,4
2025,2025-06-13,NaLyssa Smith,Wings,F,10,5,2,1,0,0,0,0
2025,2025-06-13,Aziaha James,Wings,G,21,3,5,2,0,0,2,2
2025,2025-06-13,JJ Quinerly,Wings,G,5,0,0,1,0,0,1,1
2025,2025-06-13,Kiah Stokes,Aces,C,33,6,8,2,1,2,1,3
2025,2025-06-13,Elizabeth Kitley,Aces,C,18,2,4,1,0,0,0,1
2025,2025-06-13,Chelsea Gray,Aces,G,28,13,4,5,3,0,3,2
2025,2025-06-13,Jewell Loyd,Aces,G,28,21,3,2,1,0,3,1
2025,2025-06-13,Jackie Young,Aces,G,33,28,5,3,3,1,6,1
2025,2025-06-13,Kierstan Bell,Aces,F,11,3,3,0,0,0,2,0
2025,2025-06-13,Tiffany Mitchell,Aces,G,13,4,5,0,1,1,0,0
2025,2025-06-13,Dana Evans,Aces,G,14,6,0,2,0,0,2,1
2025,2025-06-13,Aaliyah Nye,Aces,G,22,5,4,0,1,0,1,3
2025,2025-06-13,Angel Reese,Sky,F,29,12,9,3,1,0,3,2
2025,2025-06-13,Kamilla Cardoso,Sky,C,27,15,9,3,0,2,3,2
2025,2025-06-13,Rebecca Allen,Sky,G,29,6,4,4,0,0,0,1
2025,2025-06-13,Kia Nurse,Sky,G,27,2,3,1,1,0,2,2
2025,2025-06-13,Ariel Atkins,Sky,G,29,12,1,5,2,0,0,4
2025,2025-06-13,Michaela Onyenwere,Sky,F,14,2,0,0,0,0,2,1
2025,2025-06-13,Maddy Westbeld,Sky,F,4,0,1,0,0,0,0,1
2025,2025-06-13,Elizabeth Williams,Sky,C,15,8,5,0,2,1,1,0
2025,2025-06-13,Rachel Banham,Sky,G,23,9,4,3,0,0,1,0
2025,2025-06-13,Hailey Van Lith,Sky,G,4,4,0,1,0,0,0,0
2025,2025-06-13,Brionna Jones,Dream,F,30,13,11,0,2,2,2,4
2025,2025-06-13,Brittney Griner,Dream,C,26,7,4,0,0,3,1,2
2025,2025-06-13,Allisha Gray,Dream,G,36,15,7,5,0,1,3,3
2025,2025-06-13,Jordin Canada,Dream,G,26,12,2,8,1,0,1,3
2025,2025-06-13,Rhyne Howard,Dream,G,39,36,8,4,0,0,2,3
2025,2025-06-13,Nia Coffey,Dream,F,12,3,1,1,1,0,1,0
2025,2025-06-13,Naz Hillmon,Dream,F,18,0,2,1,0,0,1,2
2025,2025-06-13,Taylor Thierry,Dream,F,1,0,0,0,0,0,0,0
2025,2025-06-13,Shatori Walker-Kimbrough,Dream,G,2,0,0,0,0,0,0,0
2025,2025-06-13,Maya Caldwell,Dream,G,8,2,4,2,1,0,0,0
2025,2025-06-13,Te-Hina Paopao,Dream,G,5,0,0,0,0,0,1,1
2025,2025-06-11,Dearica Hamby,Sparks,F,33,19,8,7,2,0,2,3
2025,2025-06-11,Azura Stevens,Sparks,F,33,19,10,1,1,0,1,4
2025,2025-06-11,Rickea Jackson,Sparks,F,33,30,7,1,0,0,3,3
2025,2025-06-11,Odyssey Sims,Sparks,G,22,0,4,4,0,0,0,3
2025,2025-06-11,Kelsey Plum,Sparks,G,37,13,4,9,1,1,4,3
2025,2025-06-11,Emma Cannon,Sparks,F,7,6,1,1,0,0,2,3
2025,2025-06-11,Liatu King,Sparks,F,7,5,1,0,0,0,1,2
2025,2025-06-11,Mercedes Russell,Sparks,C,7,2,0,1,1,0,1,3
2025,2025-06-11,Sarah Ashlee Barker,Sparks,G,20,3,3,0,0,0,1,2
2025,2025-06-11,Kiah Stokes,Aces,C,30,4,7,1,0,0,0,2
2025,2025-06-11,A'ja Wilson,Aces,C,28,13,8,5,2,4,1,3
2025,2025-06-11,Chelsea Gray,Aces,G,36,28,1,1,2,0,5,4
2025,2025-06-11,Jewell Loyd,Aces,G,25,7,0,1,1,0,1,4
2025,2025-06-11,Jackie Young,Aces,G,37,34,8,4,3,0,1,3
2025,2025-06-11,Elizabeth Kitley,Aces,C,2,0,0,0,0,0,1,0
2025,2025-06-11,Tiffany Mitchell,Aces,G,12,3,1,0,0,0,0,3
2025,2025-06-11,Dana Evans,Aces,G,9,0,0,0,0,0,0,2
2025,2025-06-11,Aaliyah Nye,Aces,G,21,0,3,0,0,0,0,3
2025,2025-06-11,Myisha Hines-Allen,Wings,F,18,3,2,3,0,0,2,2
2025,2025-06-11,Luisa Geiselsoder,Wings,C,30,10,5,0,2,0,1,0
2025,2025-06-11,Arike Ogunbowale,Wings,G,35,10,2,4,1,0,4,5
2025,2025-06-11,DiJonai Carrington,Wings,G,30,11,8,4,1,1,4,2
2025,2025-06-11,Paige Bueckers,Wings,G,37,35,6,4,1,1,2,2
2025,2025-06-11,NaLyssa Smith,Wings,F,17,4,6,0,0,2,0,1
2025,2025-06-11,Maddy Siegrist,Wings,F,15,3,3,0,0,0,0,1
2025,2025-06-11,Kaila Charles,Wings,G,11,0,3,0,0,0,1,0
2025,2025-06-11,Aziaha James,Wings,G,1,0,0,0,0,0,0,0
2025,2025-06-11,JJ Quinerly,Wings,G,6,4,1,1,1,0,0,1
2025,2025-06-11,Alyssa Thomas,Mercury,F,24,11,2,10,2,1,2,3
2025,2025-06-11,Kathryn Westbeld,Mercury,F,25,11,2,2,3,1,1,1
2025,2025-06-11,Satou Sabally,Mercury,F,26,20,9,2,1,0,2,5
2025,2025-06-11,Sami Whitcomb,Mercury,G,31,8,7,3,1,0,1,2
2025,2025-06-11,Monique Akoa Makani,Mercury,G,23,9,2,3,0,0,0,4
2025,2025-06-11,Natasha Mack,Mercury,F,13,2,2,1,2,2,1,2
2025,2025-06-11,Murjanatu Musa,Mercury,C,12,7,3,0,0,1,0,2
2025,2025-06-11,Kitija Laksa,Mercury,G,27,14,1,1,0,1,0,3
2025,2025-06-11,Lexi Held,Mercury,G,20,11,0,1,0,0,3,2
2025,2025-06-11,Bridget Carleton,Lynx,F,35,11,1,1,1,1,3,5
2025,2025-06-11,Alanna Smith,Lynx,F,37,14,6,1,1,0,2,3
2025,2025-06-11,Napheesa Collier,Lynx,F,38,25,9,5,0,3,0,1
2025,2025-06-11,Kayla McBride,Lynx,G,37,19,4,6,1,0,3,2
2025,2025-06-11,Courtney Williams,Lynx,G,20,3,3,6,1,0,2,3
2025,2025-06-11,Alissa Pili,Lynx,F,5,3,2,0,0,0,1,0
2025,2025-06-11,Karlie Samuelson,Lynx,G,7,2,0,1,1,0,0,0
2025,2025-06-11,Natisha Hiedeman,Lynx,G,22,7,1,5,0,0,1,3
2025,2025-06-11,Nneka Ogwumike,Storm,F,32,21,10,4,2,0,2,1
2025,2025-06-11,Gabby Williams,Storm,F,37,12,8,7,4,0,2,0
2025,2025-06-11,Ezi Magbegor,Storm,F,31,13,8,1,0,3,0,4
2025,2025-06-11,Skylar Diggins,Storm,G,35,18,1,6,1,0,2,4
2025,2025-06-11,Erica Wheeler,Storm,G,31,20,2,9,1,0,2,2
2025,2025-06-11,Alysha Clark,Storm,F,15,2,1,1,0,0,0,1
2025,2025-06-11,Dominique Malonga,Storm,C,13,8,4,2,0,0,2,1
2025,2025-06-11,Lexie Brown,Storm,G,3,0,0,0,0,0,0,0
2025,2025-06-11,Zia Cooke,Storm,G,4,0,0,0,1,0,0,1
2025,2025-06-10,Angel Reese,Sky,F,31,17,11,3,2,0,5,2
2025,2025-06-10,Kamilla Cardoso,Sky,C,19,8,9,2,0,0,3,0
2025,2025-06-10,Rachel Banham,Sky,G,27,3,1,5,0,0,0,3
2025,2025-06-10,Rebecca Allen,Sky,G,21,0,5,1,0,0,1,1
2025,2025-06-10,Ariel Atkins,Sky,G,31,11,4,0,3,0,5,2
2025,2025-06-10,Michaela Onyenwere,Sky,F,8,8,1,1,0,0,1,1
2025,2025-06-10,Maddy Westbeld,Sky,F,7,2,1,0,1,0,2,0
2025,2025-06-10,Elizabeth Williams,Sky,C,21,4,4,4,0,2,3,2
2025,2025-06-10,Kia Nurse,Sky,G,20,8,1,0,0,1,0,0
2025,2025-06-10,Hailey Van Lith,Sky,G,16,5,0,2,1,0,2,0
2025,2025-06-10,Breanna Stewart,Liberty,F,27,18,7,5,0,2,1,2
2025,2025-06-10,Nyara Sabally,Liberty,F,15,9,3,1,1,0,0,1
2025,2025-06-10,Leonie Fiebich,Liberty,F,24,6,1,0,1,0,0,2
2025,2025-06-10,Natasha Cloud,Liberty,G,19,5,3,3,2,1,2,3
2025,2025-06-10,Sabrina Ionescu,Liberty,G,27,23,1,7,4,2,1,0
2025,2025-06-10,Isabelle Harrison,Liberty,F,16,0,5,1,0,0,0,0
2025,2025-06-10,Rebekah Gardner,Liberty,G,19,4,2,1,1,0,0,2
2025,2025-06-10,Kennedy Burke,Liberty,G,22,15,3,2,2,0,3,1
2025,2025-06-10,Marine Johannes,Liberty,G,19,3,2,1,0,0,0,1
2025,2025-06-10,Jaylyn Sherrod,Liberty,G,10,0,2,2,2,0,2,3
2025,2025-06-10,Marquesha Davis,Liberty,G,3,2,0,0,0,0,0,0
2025,2025-06-10,Natasha Howard,Fever,F,27,15,10,0,1,2,2,2
2025,2025-06-10,Aliyah Boston,Fever,C,29,7,4,5,0,1,2,4
2025,2025-06-10,Sydney Colson,Fever,G,25,3,1,1,0,0,2,0
2025,2025-06-10,Kelsey Mitchell,Fever,G,31,11,1,1,1,0,0,1
2025,2025-06-10,Lexie Hull,Fever,G,32,0,5,1,2,0,1,5
2025,2025-06-10,DeWanna Bonner,Fever,F,20,5,2,2,1,0,0,0
2025,2025-06-10,Brianna Turner,Fever,F,1,0,1,0,0,0,0,0
2025,2025-06-10,Makayla Timpson,Fever,F,1,0,0,0,0,0,0,1
2025,2025-06-10,Damiris Dantas,Fever,C,10,3,2,1,0,0,1,2
2025,2025-06-10,Aari McDonald,Fever,G,24,14,1,2,0,0,3,1
2025,2025-06-10,Brionna Jones,Dream,F,28,21,10,0,1,0,2,3
2025,2025-06-10,Brittney Griner,Dream,C,15,9,4,0,0,1,0,3
2025,2025-06-10,Allisha Gray,Dream,G,33,23,6,4,2,1,2,0
2025,2025-06-10,Jordin Canada,Dream,G,24,4,2,5,0,0,0,2
2025,2025-06-10,Rhyne Howard,Dream,G,37,3,5,5,1,2,3,4
2025,2025-06-10,Nia Coffey,Dream,F,20,10,7,1,1,0,3,1
2025,2025-06-10,Naz Hillmon,Dream,F,25,2,6,5,1,0,1,4
2025,2025-06-10,Taylor Thierry,Dream,F,1,0,0,0,0,0,0,0
2025,2025-06-10,Shatori Walker-Kimbrough,Dream,G,6,0,1,0,0,0,1,2
2025,2025-06-10,Maya Caldwell,Dream,G,4,2,1,0,1,0,0,0
2025,2025-06-10,Te-Hina Paopao,Dream,G,7,3,2,1,0,0,0,3
2025,2025-06-09,Kayla Thornton,Valkyries,F,35,18,11,1,1,0,0,2
2025,2025-06-09,Janelle Salaun,Valkyries,F,39,21,8,1,0,0,2,5
2025,2025-06-09,Temi Fagbenle,Valkyries,C,28,14,13,1,4,4,5,3
2025,2025-06-09,Julie Vanloo,Valkyries,G,32,2,5,8,1,0,1,2
2025,2025-06-09,Veronica Burton,Valkyries,G,32,9,2,6,0,0,2,5
2025,2025-06-09,Monique Billings,Valkyries,F,17,10,4,0,0,1,1,1
2025,2025-06-09,Kate Martin,Valkyries,G,16,0,1,0,1,0,1,3
2025,2025-06-09,Carla Leite,Valkyries,G,26,15,5,3,1,0,1,4
2025,2025-06-09,Dearica Hamby,Sparks,F,39,20,9,5,0,1,2,3
2025,2025-06-09,Azura Stevens,Sparks,F,34,6,8,4,3,3,1,2
2025,2025-06-09,Rickea Jackson,Sparks,F,35,8,2,1,0,0,3,3
2025,2025-06-09,Odyssey Sims,Sparks,G,31,5,3,2,2,0,2,1
2025,2025-06-09,Kelsey Plum,Sparks,G,41,24,4,7,1,0,3,6
2025,2025-06-09,Emma Cannon,Sparks,F,11,6,1,0,0,0,0,2
2025,2025-06-09,Mercedes Russell,Sparks,C,6,2,0,0,0,0,1,1
2025,2025-06-09,Julie Allemand,Sparks,G,19,3,4,3,2,0,0,1
2025,2025-06-09,Sarah Ashlee Barker,Sparks,G,10,7,3,1,0,0,1,4
2025,2025-06-08,Bridget Carleton,Lynx,F,34,8,5,2,1,0,0,2
2025,2025-06-08,Alanna Smith,Lynx,F,32,4,7,6,2,4,2,3
2025,2025-06-08,Napheesa Collier,Lynx,F,37,28,10,4,3,3,1,3
2025,2025-06-08,Kayla McBride,Lynx,G,35,21,3,3,2,0,0,0
2025,2025-06-08,Courtney Williams,Lynx,G,17,5,2,8,2,1,1,0
2025,2025-06-08,Jessica Shepard,Lynx,F,9,5,6,1,1,0,0,1
2025,2025-06-08,Maria Kliundikova,Lynx,F,3,1,2,0,0,1,0,2
2025,2025-06-08,Diamond Miller,Lynx,F,3,0,0,0,0,0,1,1
2025,2025-06-08,Alissa Pili,Lynx,F,1,0,0,0,0,0,0,0
2025,2025-06-08,Anastasiia Olairi Kosu,Lynx,F,1,0,0,0,0,1,0,0
2025,2025-06-08,Karlie Samuelson,Lynx,G,8,0,0,0,0,0,0,2
2025,2025-06-08,Natisha Hiedeman,Lynx,G,20,9,2,1,1,1,1,4
2025,2025-06-08,Myisha Hines-Allen,Wings,F,17,4,5,1,0,0,2,2
2025,2025-06-08,Luisa Geiselsoder,Wings,C,34,5,3,1,1,1,0,1
2025,2025-06-08,Arike Ogunbowale,Wings,G,40,26,5,6,0,2,6,2
2025,2025-06-08,Kaila Charles,Wings,G,16,0,3,0,0,0,1,1
2025,2025-06-08,DiJonai Carrington,Wings,G,28,6,7,1,0,0,4,3
2025,2025-06-08,NaLyssa Smith,Wings,F,16,3,3,0,0,0,1,1
2025,2025-06-08,Maddy Siegrist,Wings,F,26,15,11,2,1,0,0,2
2025,2025-06-08,Aziaha James,Wings,G,5,0,2,1,0,0,0,0
2025,2025-06-08,JJ Quinerly,Wings,G,19,6,2,2,1,0,1,4
2025,2025-06-08,Haley Peters,Sun,F,14,0,0,0,1,0,0,0
2025,2025-06-08,Tina Charles,Sun,C,34,17,9,1,1,0,3,3
2025,2025-06-08,Bria Hartley,Sun,G,24,6,1,3,0,0,3,5
2025,2025-06-08,Marina Mabrey,Sun,G,30,15,7,8,1,1,3,6
2025,2025-06-08,Saniya Rivers,Sun,G,22,2,0,2,2,1,3,3
2025,2025-06-08,Aneesah Morrow,Sun,F,17,2,0,1,1,1,2,3
2025,2025-06-08,Kariata Diaby,Sun,C,15,2,2,1,1,0,2,1
2025,2025-06-08,Jaelyn Brown,Sun,G,21,8,2,0,0,0,1,5
2025,2025-06-08,Jacy Sheldon,Sun,G,24,15,1,1,1,1,0,3
2025,2025-06-08,Kiki Iriafen,Mystics,F,26,12,5,2,1,0,2,0
2025,2025-06-08,Stefanie Dolson,Mystics,C,13,0,3,0,0,0,1,2
2025,2025-06-08,Brittney Sykes,Mystics,G,29,28,3,6,0,0,2,0
2025,2025-06-08,Sug Sutton,Mystics,G,20,10,1,4,2,0,3,1
2025,2025-06-08,Sonia Citron,Mystics,G,27,11,3,4,2,0,2,2
2025,2025-06-08,Emily Engstler,Mystics,F,18,2,9,2,1,0,1,3
2025,2025-06-08,Aaliyah Edwards,Mystics,F,20,13,7,1,1,0,0,0
2025,2025-06-08,Sika Kone,Mystics,F,4,4,4,0,0,0,0,1
2025,2025-06-08,Shakira Austin,Mystics,C,16,14,5,0,0,0,3,4
2025,2025-06-08,Lucy Olsen,Mystics,G,11,5,1,3,0,0,0,2
2025,2025-06-08,Jade Melbourne,Mystics,G,15,5,1,2,1,0,1,1
2025,2025-06-07,Nneka Ogwumike,Storm,F,29,13,6,6,1,0,2,1
2025,2025-06-07,Gabby Williams,Storm,F,35,21,3,7,0,1,0,0
2025,2025-06-07,Ezi Magbegor,Storm,F,25,4,8,1,0,3,1,3
2025,2025-06-07,Skylar Diggins,Storm,G,35,26,3,7,2,0,3,2
2025,2025-06-07,Erica Wheeler,Storm,G,23,9,6,1,1,0,1,5
2025,2025-06-07,Alysha Clark,Storm,F,16,3,0,0,0,0,0,0
2025,2025-06-07,Li Yueru,Storm,C,5,2,1,0,0,0,1,2
2025,2025-06-07,Dominique Malonga,Storm,C,13,6,4,0,0,0,1,1
2025,2025-06-07,Lexie Brown,Storm,G,7,3,0,0,0,0,0,0
2025,2025-06-07,Zia Cooke,Storm,G,11,2,0,0,0,0,2,1
2025,2025-06-07,Kathryn Westbeld,Mercury,F,23,4,1,2,0,1,0,3
2025,2025-06-07,Satou Sabally,Mercury,F,30,22,5,6,0,0,4,4
2025,2025-06-07,Sami Whitcomb,Mercury,G,26,7,5,2,0,0,1,0
2025,2025-06-07,Kitija Laksa,Mercury,G,31,9,1,1,0,0,0,0
2025,2025-06-07,Monique Akoa Makani,Mercury,G,17,6,2,2,0,0,2,5
2025,2025-06-07,Kalani Brown,Mercury,C,13,8,3,0,0,0,2,2
2025,2025-06-07,Murjanatu Musa,Mercury,C,17,7,5,3,1,0,1,3
2025,2025-06-07,Lexi Held,Mercury,G,28,14,3,3,2,0,2,0
2025,2025-06-07,Haley Jones,Mercury,G,14,0,4,2,0,0,2,1
2025,2025-06-07,Natasha Howard,Fever,F,26,13,5,1,1,2,2,2
2025,2025-06-07,Aliyah Boston,Fever,C,27,11,5,5,0,1,5,2
2025,2025-06-07,Sydney Colson,Fever,G,25,6,1,3,1,0,2,1
2025,2025-06-07,Kelsey Mitchell,Fever,G,25,17,5,2,1,0,3,2
2025,2025-06-07,Lexie Hull,Fever,G,29,9,6,2,2,0,0,2
2025,2025-06-07,DeWanna Bonner,Fever,F,19,6,3,3,1,0,0,3
2025,2025-06-07,Brianna Turner,Fever,F,6,2,2,1,0,0,1,0
2025,2025-06-07,Makayla Timpson,Fever,F,3,0,0,0,0,0,0,1
2025,2025-06-07,Damiris Dantas,Fever,C,15,3,3,1,0,0,0,3
2025,2025-06-07,Aari McDonald,Fever,G,25,12,2,2,3,1,1,2
2025,2025-06-07,Angel Reese,Sky,F,27,4,12,2,0,0,3,2
2025,2025-06-07,Kamilla Cardoso,Sky,C,21,8,4,0,0,0,1,4
2025,2025-06-07,Courtney Vandersloot,Sky,G,5,2,0,0,0,0,0,0
2025,2025-06-07,Kia Nurse,Sky,G,18,3,2,2,0,0,3,3
2025,2025-06-07,Ariel Atkins,Sky,G,28,4,3,3,2,1,3,4
2025,2025-06-07,Michaela Onyenwere,Sky,F,14,0,1,0,1,0,4,2
2025,2025-06-07,Maddy Westbeld,Sky,F,6,5,1,0,1,0,0,0
2025,2025-06-07,Elizabeth Williams,Sky,C,19,7,3,1,0,1,0,2
2025,2025-06-07,Rachel Banham,Sky,G,21,4,0,2,0,0,1,3
2025,2025-06-07,Rebecca Allen,Sky,G,15,8,2,1,0,1,1,1
2025,2025-06-07,Hailey Van Lith,Sky,G,26,7,2,0,1,1,3,1
2025,2025-06-07,Kiah Stokes,Aces,C,13,1,4,0,0,0,0,1
2025,2025-06-07,A'ja Wilson,Aces,C,27,17,6,2,0,1,5,3
2025,2025-06-07,Chelsea Gray,Aces,G,27,16,3,1,1,0,3,1
2025,2025-06-07,Jewell Loyd,Aces,G,26,5,6,1,2,0,0,1
2025,2025-06-07,Jackie Young,Aces,G,27,4,3,3,0,1,2,1
2025,2025-06-07,Crystal Bradford,Aces,F,5,0,3,1,0,0,0,0
2025,2025-06-07,Kierstan Bell,Aces,F,7,0,1,1,0,0,0,0
2025,2025-06-07,Elizabeth Kitley,Aces,C,8,0,1,0,0,0,0,0
2025,2025-06-07,Tiffany Mitchell,Aces,G,17,5,1,1,1,0,1,4
2025,2025-06-07,Dana Evans,Aces,G,18,7,1,0,0,0,0,0
2025,2025-06-07,Aaliyah Nye,Aces,G,26,13,2,1,1,0,2,3
2025,2025-06-07,Kayla Thornton,Valkyries,F,36,22,11,2,2,0,2,2
2025,2025-06-07,Cecilia Zandalasini,Valkyries,F,30,18,1,3,1,0,2,4
2025,2025-06-07,Janelle Salaun,Valkyries,F,21,4,2,0,0,0,1,2
2025,2025-06-07,Temi Fagbenle,Valkyries,C,13,7,1,1,1,0,1,4
2025,2025-06-07,Veronica Burton,Valkyries,G,32,14,7,12,0,1,0,4
2025,2025-06-07,Stephanie Talbot,Valkyries,F,1,0,0,0,0,0,0,0
2025,2025-06-07,Monique Billings,Valkyries,F,25,14,11,0,2,2,1,3
2025,2025-06-07,Kyara Linskens,Valkyries,C,1,2,2,0,0,0,0,0
2025,2025-06-07,Julie Vanloo,Valkyries,G,13,2,1,5,1,0,4,2
2025,2025-06-07,Kate Martin,Valkyries,G,26,12,7,1,0,0,1,2
2025,2025-06-07,Carla Leite,Valkyries,G,1,0,0,0,0,0,0,0
2025,2025-06-06,Dearica Hamby,Sparks,F,25,20,4,1,1,0,0,0
2025,2025-06-06,Azura Stevens,Sparks,F,30,21,6,3,2,3,2,2
2025,2025-06-06,Rickea Jackson,Sparks,F,26,10,2,2,2,1,4,0
2025,2025-06-06,Odyssey Sims,Sparks,G,34,19,4,3,2,0,4,5
2025,2025-06-06,Kelsey Plum,Sparks,G,29,11,5,9,0,1,1,1
2025,2025-06-06,Emma Cannon,Sparks,F,10,4,1,0,1,0,1,3
2025,2025-06-06,Sania Feagin,Sparks,F,3,0,0,0,0,0,1,1
2025,2025-06-06,Liatu King,Sparks,F,3,0,1,0,0,0,0,1
2025,2025-06-06,Mercedes Russell,Sparks,C,12,4,3,1,0,0,0,0
2025,2025-06-06,Julie Allemand,Sparks,G,14,0,1,3,0,0,1,2
2025,2025-06-06,Sarah Ashlee Barker,Sparks,G,15,4,3,2,1,0,0,0
2025,2025-06-06,Myisha Hines-Allen,Wings,F,15,4,4,3,0,1,4,2
2025,2025-06-06,NaLyssa Smith,Wings,F,7,0,2,0,0,0,0,2
2025,2025-06-06,Maddy Siegrist,Wings,F,20,4,2,1,1,0,1,4
2025,2025-06-06,Arike Ogunbowale,Wings,G,27,8,1,4,0,1,2,2
2025,2025-06-06,DiJonai Carrington,Wings,G,23,16,4,4,2,0,7,3
2025,2025-06-06,Teaira McCowan,Wings,C,17,7,2,1,0,0,0,0
2025,2025-06-06,Luisa Geiselsoder,Wings,C,32,11,10,6,2,1,0,3
2025,2025-06-06,Kaila Charles,Wings,G,31,10,6,1,0,2,1,0
2025,2025-06-06,Aziaha James,Wings,G,11,5,2,0,0,0,0,0
2025,2025-06-06,JJ Quinerly,Wings,G,16,14,2,4,1,0,0,2
2025,2025-06-06,Brionna Jones,Dream,F,24,7,6,0,0,0,1,1
2025,2025-06-06,Brittney Griner,Dream,C,25,18,6,0,0,1,0,2
2025,2025-06-06,Allisha Gray,Dream,G,38,11,6,4,3,0,3,1
2025,2025-06-06,Jordin Canada,Dream,G,17,0,2,3,1,1,2,1
2025,2025-06-06,Rhyne Howard,Dream,G,36,18,4,6,1,2,4,3
2025,2025-06-06,Nia Coffey,Dream,F,10,3,1,0,0,0,0,2
2025,2025-06-06,Naz Hillmon,Dream,F,23,14,3,2,0,0,1,2
2025,2025-06-06,Shatori Walker-Kimbrough,Dream,G,7,0,1,1,0,0,0,2
2025,2025-06-06,Maya Caldwell,Dream,G,14,3,0,0,0,2,1,3
2025,2025-06-06,Te-Hina Paopao,Dream,G,7,2,0,3,0,0,0,0
2025,2025-06-06,Tina Charles,Sun,C,33,19,4,2,2,0,3,3
2025,2025-06-06,Olivia Nelson-Ododa,Sun,C,12,2,1,0,3,0,1,0
2025,2025-06-06,Bria Hartley,Sun,G,26,11,4,6,0,0,2,2
2025,2025-06-06,Marina Mabrey,Sun,G,33,34,4,4,0,1,1,2
2025,2025-06-06,Saniya Rivers,Sun,G,24,9,5,2,3,2,2,1
2025,2025-06-06,Haley Peters,Sun,F,16,0,4,0,0,0,1,0
2025,2025-06-06,Aneesah Morrow,Sun,F,13,3,2,1,0,0,0,2
2025,2025-06-06,Kariata Diaby,Sun,C,7,4,1,0,1,0,0,2
2025,2025-06-06,Jaelyn Brown,Sun,G,17,0,1,0,0,0,1,1
2025,2025-06-06,Jacy Sheldon,Sun,G,20,2,1,2,0,0,0,2
2025,2025-06-05,Kayla Thornton,Valkyries,F,32,10,3,1,1,0,3,1
2025,2025-06-05,Cecilia Zandalasini,Valkyries,F,30,10,5,1,4,1,1,5
2025,2025-06-05,Janelle Salaun,Valkyries,F,22,9,0,1,0,0,2,2
2025,2025-06-05,Temi Fagbenle,Valkyries,C,28,12,11,1,2,2,1,1
2025,2025-06-05,Veronica Burton,Valkyries,G,28,16,2,2,2,0,2,4
2025,2025-06-05,Stephanie Talbot,Valkyries,F,12,2,3,3,0,0,3,1
2025,2025-06-05,Monique Billings,Valkyries,F,2,0,0,1,0,0,0,0
2025,2025-06-05,Julie Vanloo,Valkyries,G,24,10,1,5,1,0,4,1
2025,2025-06-05,Kate Martin,Valkyries,G,14,7,4,1,0,0,1,1
2025,2025-06-05,Carla Leite,Valkyries,G,7,1,0,1,1,0,2,0
2025,2025-06-05,Kathryn Westbeld,Mercury,F,30,7,7,2,2,2,2,1
2025,2025-06-05,Satou Sabally,Mercury,F,25,19,7,5,1,1,4,5
2025,2025-06-05,Sami Whitcomb,Mercury,G,30,9,3,2,0,0,3,6
2025,2025-06-05,Kitija Laksa,Mercury,G,26,6,4,0,1,0,1,1
2025,2025-06-05,Monique Akoa Makani,Mercury,G,17,4,1,2,1,0,3,1
2025,2025-06-05,Kalani Brown,Mercury,C,13,4,8,1,1,1,1,0
2025,2025-06-05,Murjanatu Musa,Mercury,C,18,8,3,0,0,0,1,3
2025,2025-06-05,Lexi Held,Mercury,G,27,24,0,2,1,0,2,2
2025,2025-06-05,Haley Jones,Mercury,G,14,5,3,1,0,1,0,1
2025,2025-06-05,Breanna Stewart,Liberty,F,35,26,11,1,1,1,2,4
2025,2025-06-05,Leonie Fiebich,Liberty,F,31,9,3,0,1,0,3,4
2025,2025-06-05,Jonquel Jones,Liberty,C,6,3,4,1,0,0,0,1
2025,2025-06-05,Natasha Cloud,Liberty,G,30,4,2,5,3,0,4,5
2025,2025-06-05,Sabrina Ionescu,Liberty,G,35,13,3,7,2,2,3,1
2025,2025-06-05,Isabelle Harrison,Liberty,F,15,7,5,0,2,0,0,5
2025,2025-06-05,Rebekah Gardner,Liberty,G,13,9,2,0,0,0,0,0
2025,2025-06-05,Kennedy Burke,Liberty,G,20,12,5,0,1,0,0,1
2025,2025-06-05,Marine Johannes,Liberty,G,15,3,1,1,0,0,1,2
2025,2025-06-05,Kiki Iriafen,Mystics,F,18,17,9,1,0,0,0,5
2025,2025-06-05,Stefanie Dolson,Mystics,C,20,8,0,1,0,1,3,2
2025,2025-06-05,Brittney Sykes,Mystics,G,32,7,2,5,0,0,3,4
2025,2025-06-05,Sug Sutton,Mystics,G,17,2,2,0,0,1,2,2
2025,2025-06-05,Sonia Citron,Mystics,G,35,13,5,3,1,0,2,4
2025,2025-06-05,Emily Engstler,Mystics,F,14,4,7,2,0,0,2,2
2025,2025-06-05,Aaliyah Edwards,Mystics,F,13,3,1,0,0,0,0,0
2025,2025-06-05,Shakira Austin,Mystics,C,23,9,11,4,1,0,1,4
2025,2025-06-05,Lucy Olsen,Mystics,G,3,0,0,0,0,0,0,0
2025,2025-06-05,Jade Melbourne,Mystics,G,27,15,2,4,1,0,1,1
2025,2025-06-03,Myisha Hines-Allen,Wings,F,23,16,12,3,2,0,3,3
2025,2025-06-03,NaLyssa Smith,Wings,F,23,6,4,2,0,0,1,2
2025,2025-06-03,Maddy Siegrist,Wings,F,30,11,9,1,0,1,1,2
2025,2025-06-03,Arike Ogunbowale,Wings,G,34,8,3,3,2,0,2,4
2025,2025-06-03,DiJonai Carrington,Wings,G,38,22,8,4,1,0,3,1
2025,2025-06-03,Teaira McCowan,Wings,C,5,2,5,0,0,0,1,1
2025,2025-06-03,Luisa Geiselsoder,Wings,C,22,6,3,2,0,3,1,3
2025,2025-06-03,Kaila Charles,Wings,G,13,4,4,1,0,0,0,1
2025,2025-06-03,Aziaha James,Wings,G,12,2,0,2,2,0,2,1
2025,2025-06-03,JJ Quinerly,Wings,G,0,0,0,0,0,0,0,0
2025,2025-06-03,Alysha Clark,Storm,F,19,3,2,1,0,0,1,3
2025,2025-06-03,Nneka Ogwumike,Storm,F,31,14,9,1,0,2,4,1
2025,2025-06-03,Gabby Williams,Storm,F,31,18,3,4,3,0,1,1
2025,2025-06-03,Ezi Magbegor,Storm,F,30,9,7,3,0,5,0,5
2025,2025-06-03,Skylar Diggins,Storm,G,33,9,1,5,1,1,5,2
2025,2025-06-03,Li Yueru,Storm,C,6,6,1,0,0,0,0,1
2025,2025-06-03,Dominique Malonga,Storm,C,11,6,3,0,0,1,3,1
2025,2025-06-03,Erica Wheeler,Storm,G,24,11,5,7,1,1,0,3
2025,2025-06-03,Zia Cooke,Storm,G,15,7,0,1,1,0,2,2
2025,2025-06-03,Kathryn Westbeld,Mercury,F,21,4,3,0,0,2,0,2
2025,2025-06-03,Satou Sabally,Mercury,F,22,15,8,2,1,0,3,3
2025,2025-06-03,Sami Whitcomb,Mercury,G,23,6,4,1,1,0,2,0
2025,2025-06-03,Kitija Laksa,Mercury,G,25,10,0,0,1,0,1,0
2025,2025-06-03,Monique Akoa Makani,Mercury,G,13,4,1,2,1,0,1,1
2025,2025-06-03,Kalani Brown,Mercury,C,20,2,3,1,1,0,1,1
2025,2025-06-03,Murjanatu Musa,Mercury,C,18,3,2,1,1,0,1,1
2025,2025-06-03,Lexi Held,Mercury,G,29,16,1,3,3,1,1,1
2025,2025-06-03,Megan McConnell,Mercury,G,13,3,1,3,1,0,0,1
2025,2025-06-03,Haley Jones,Mercury,G,15,2,1,0,1,0,0,0
2025,2025-06-03,Bridget Carleton,Lynx,F,23,3,3,3,0,1,3,2
2025,2025-06-03,Alanna Smith,Lynx,F,25,13,3,6,0,3,1,2
2025,2025-06-03,Napheesa Collier,Lynx,F,31,18,11,5,1,0,4,2
2025,2025-06-03,Kayla McBride,Lynx,G,25,13,4,7,2,0,3,1
2025,2025-06-03,Courtney Williams,Lynx,G,22,6,4,5,1,0,4,1
2025,2025-06-03,Jessica Shepard,Lynx,F,16,6,5,2,1,0,2,0
2025,2025-06-03,Diamond Miller,Lynx,F,8,2,1,0,0,0,0,2
2025,2025-06-03,Alissa Pili,Lynx,F,8,0,2,0,0,0,0,1
2025,2025-06-03,Anastasiia Olairi Kosu,Lynx,F,3,0,1,0,0,0,1,0
2025,2025-06-03,Karlie Samuelson,Lynx,G,15,9,0,0,1,0,1,1
2025,2025-06-03,Natisha Hiedeman,Lynx,G,24,18,3,1,0,0,4,1
2025,2025-06-03,Kiki Iriafen,Mystics,F,27,20,9,0,0,0,3,3
2025,2025-06-03,Stefanie Dolson,Mystics,C,26,0,1,0,1,1,0,4
2025,2025-06-03,Brittney Sykes,Mystics,G,36,20,6,4,1,0,4,5
2025,2025-06-03,Sug Sutton,Mystics,G,15,2,0,3,0,0,1,2
2025,2025-06-03,Sonia Citron,Mystics,G,33,13,7,1,0,1,2,1
2025,2025-06-03,Emily Engstler,Mystics,F,10,4,4,2,1,1,1,0
2025,2025-06-03,Aaliyah Edwards,Mystics,F,15,5,1,1,0,0,2,2
2025,2025-06-03,Shakira Austin,Mystics,C,12,10,3,1,0,2,2,0
2025,2025-06-03,Jade Melbourne,Mystics,G,26,2,2,0,0,0,0,4
2025,2025-06-03,Natasha Howard,Fever,F,19,6,2,1,1,0,0,2
2025,2025-06-03,Aliyah Boston,Fever,C,29,10,1,4,0,1,2,4
2025,2025-06-03,Sydney Colson,Fever,G,16,7,1,3,0,1,0,4
2025,2025-06-03,Kelsey Mitchell,Fever,G,32,24,2,3,2,0,1,4
2025,2025-06-03,Lexie Hull,Fever,G,36,14,6,4,1,0,1,3
2025,2025-06-03,DeWanna Bonner,Fever,F,21,9,2,1,0,0,3,2
2025,2025-06-03,Brianna Turner,Fever,F,2,0,0,0,0,0,1,0
2025,2025-06-03,Damiris Dantas,Fever,C,17,8,4,0,1,0,0,2
2025,2025-06-03,Aari McDonald,Fever,G,27,7,1,5,3,0,0,2
2025,2025-06-01,Bridget Carleton,Lynx,F,34,12,2,2,1,0,0,0
2025,2025-06-01,Alanna Smith,Lynx,F,26,0,4,2,1,2,2,4
2025,2025-06-01,Napheesa Collier,Lynx,F,37,24,11,4,2,1,3,3
2025,2025-06-01,Kayla McBride,Lynx,G,33,16,6,3,1,0,2,1
2025,2025-06-01,Courtney Williams,Lynx,G,26,20,5,5,2,0,1,2
2025,2025-06-01,Jessica Shepard,Lynx,F,13,3,5,1,1,0,2,2
2025,2025-06-01,Alissa Pili,Lynx,F,3,0,2,0,0,0,1,1
2025,2025-06-01,Karlie Samuelson,Lynx,G,13,3,1,1,0,0,0,2
2025,2025-06-01,Natisha Hiedeman,Lynx,G,15,8,0,4,2,0,1,3
2025,2025-06-01,Kayla Thornton,Valkyries,F,27,11,6,2,3,0,1,1
2025,2025-06-01,Janelle Salaun,Valkyries,F,28,5,6,3,0,0,1,2
2025,2025-06-01,Temi Fagbenle,Valkyries,C,25,5,3,1,2,1,0,3
2025,2025-06-01,Tiffany Hayes,Valkyries,G,15,9,2,2,1,0,0,4
2025,2025-06-01,Veronica Burton,Valkyries,G,24,21,5,3,0,1,4,2
2025,2025-06-01,Stephanie Talbot,Valkyries,F,11,0,3,0,1,1,1,1
2025,2025-06-01,Monique Billings,Valkyries,F,15,7,6,0,0,1,1,1
2025,2025-06-01,Cecilia Zandalasini,Valkyries,F,17,3,2,0,0,0,2,1
2025,2025-06-01,Julie Vanloo,Valkyries,G,15,0,0,4,2,0,2,3
2025,2025-06-01,Kate Martin,Valkyries,G,19,14,4,0,0,0,2,1
2025,2025-06-01,Carla Leite,Valkyries,G,3,0,0,0,0,0,0,0
2025,2025-06-01,Kathryn Westbeld,Mercury,F,30,15,3,2,1,2,2,3
2025,2025-06-01,Satou Sabally,Mercury,F,32,24,9,2,4,0,2,4
2025,2025-06-01,Sami Whitcomb,Mercury,G,28,11,6,5,1,0,4,2
2025,2025-06-01,Kitija Laksa,Mercury,G,29,15,2,1,1,0,1,3
2025,2025-06-01,Monique Akoa Makani,Mercury,G,20,10,5,6,0,0,0,1
2025,2025-06-01,Kalani Brown,Mercury,C,16,8,8,1,0,0,1,0
2025,2025-06-01,Murjanatu Musa,Mercury,C,6,0,1,0,0,0,0,2
2025,2025-06-01,Lexi Held,Mercury,G,21,0,4,3,0,0,0,2
2025,2025-06-01,Haley Jones,Mercury,G,4,2,0,1,0,0,0,2
2025,2025-06-01,Sevgi Uzun,Mercury,G,14,0,0,1,0,0,2,3
2025,2025-06-01,Dearica Hamby,Sparks,F,29,15,8,2,0,0,4,3
2025,2025-06-01,Azura Stevens,Sparks,F,20,5,7,1,3,0,1,4
2025,2025-06-01,Odyssey Sims,Sparks,G,37,32,5,4,1,0,2,4
2025,2025-06-01,Kelsey Plum,Sparks,G,34,15,6,2,1,0,1,4
2025,2025-06-01,Julie Allemand,Sparks,G,35,0,5,6,1,0,4,2
2025,2025-06-01,Emma Cannon,Sparks,F,15,3,4,1,2,0,1,5
2025,2025-06-01,Mercedes Russell,Sparks,C,16,4,2,0,1,2,0,2
2025,2025-06-01,Sarah Ashlee Barker,Sparks,G,14,6,1,1,2,1,0,1
2025,2025-06-01,Kiah Stokes,Aces,C,19,2,7,0,0,0,0,0
2025,2025-06-01,A'ja Wilson,Aces,C,35,19,7,3,3,4,3,2
2025,2025-06-01,Chelsea Gray,Aces,G,34,10,4,6,0,0,6,1
2025,2025-06-01,Jewell Loyd,Aces,G,28,10,7,4,4,0,2,3
2025,2025-06-01,Jackie Young,Aces,G,32,12,4,1,2,0,2,2
2025,2025-06-01,Elizabeth Kitley,Aces,C,6,0,0,0,0,0,2,4
2025,2025-06-01,Tiffany Mitchell,Aces,G,15,3,1,0,1,0,0,1
2025,2025-06-01,Dana Evans,Aces,G,21,9,0,3,1,0,0,2
2025,2025-06-01,Aaliyah Nye,Aces,G,11,10,1,0,0,0,0,2
2025,2025-06-01,Alysha Clark,Storm,F,27,5,2,1,2,0,1,0
2025,2025-06-01,Nneka Ogwumike,Storm,F,34,9,8,2,0,1,1,2
2025,2025-06-01,Gabby Williams,Storm,F,33,20,4,2,1,0,3,0
2025,2025-06-01,Ezi Magbegor,Storm,F,25,7,9,2,0,1,0,1
2025,2025-06-01,Skylar Diggins,Storm,G,32,11,4,5,1,0,6,4
2025,2025-06-01,Li Yueru,Storm,C,4,2,0,1,0,0,1,2
2025,2025-06-01,Dominique Malonga,Storm,C,13,8,1,2,0,0,1,3
2025,2025-06-01,Erica Wheeler,Storm,G,22,8,4,4,0,1,5,3
2025,2025-06-01,Zia Cooke,Storm,G,10,0,0,0,1,0,1,1
2025,2025-06-01,Tina Charles,Sun,C,25,10,1,0,1,0,2,1
2025,2025-06-01,Olivia Nelson-Ododa,Sun,C,21,6,5,0,1,0,2,2
2025,2025-06-01,Bria Hartley,Sun,G,17,5,0,0,0,0,3,2
2025,2025-06-01,Marina Mabrey,Sun,G,28,8,4,2,1,0,2,5
2025,2025-06-01,Saniya Rivers,Sun,G,31,2,1,2,2,0,3,0
2025,2025-06-01,Haley Peters,Sun,F,23,2,5,3,1,0,3,1
2025,2025-06-01,Aneesah Morrow,Sun,F,15,8,3,0,0,0,0,2
2025,2025-06-01,Rayah Marshall,Sun,C,8,1,4,2,0,0,0,0
2025,2025-06-01,Kariata Diaby,Sun,C,5,0,0,0,0,0,2,2
2025,2025-06-01,Jacy Sheldon,Sun,G,27,10,3,2,2,0,2,2
2025,2025-06-01,Breanna Stewart,Liberty,F,23,13,3,5,1,1,1,1
2025,2025-06-01,Leonie Fiebich,Liberty,F,20,13,2,1,0,0,0,2
2025,2025-06-01,Jonquel Jones,Liberty,C,23,13,11,0,0,0,3,4
2025,2025-06-01,Natasha Cloud,Liberty,G,21,8,2,7,1,0,1,1
2025,2025-06-01,Sabrina Ionescu,Liberty,G,19,18,2,5,2,1,4,0
2025,2025-06-01,Isabelle Harrison,Liberty,F,17,9,6,1,3,0,2,1
2025,2025-06-01,Rebekah Gardner,Liberty,G,20,3,0,4,0,1,1,5
2025,2025-06-01,Kennedy Burke,Liberty,G,18,7,1,0,0,0,3,0
2025,2025-06-01,Marine Johannes,Liberty,G,13,8,2,6,1,0,0,0
2025,2025-06-01,Jaylyn Sherrod,Liberty,G,18,6,1,0,3,0,2,3
2025,2025-06-01,Marquesha Davis,Liberty,G,8,2,2,0,0,0,2,1
2025,2025-05-31,Angel Reese,Sky,F,32,14,9,2,3,0,4,3
2025,2025-05-31,Kamilla Cardoso,Sky,C,15,4,5,1,0,2,2,5
2025,2025-05-31,Courtney Vandersloot,Sky,G,30,15,7,7,0,0,2,4
2025,2025-05-31,Kia Nurse,Sky,G,29,11,1,2,0,1,1,4
2025,2025-05-31,Ariel Atkins,Sky,G,26,26,4,3,4,0,1,5
2025,2025-05-31,Michaela Onyenwere,Sky,F,8,4,2,0,0,1,1,0
2025,2025-05-31,Elizabeth Williams,Sky,C,15,8,3,1,0,0,0,3
2025,2025-05-31,Rachel Banham,Sky,G,11,5,0,1,0,0,1,1
2025,2025-05-31,Rebecca Allen,Sky,G,24,7,4,2,1,1,3,0
2025,2025-05-31,Hailey Van Lith,Sky,G,10,0,4,1,0,0,0,1
2025,2025-05-31,Myisha Hines-Allen,Wings,F,16,1,0,2,3,1,4,2
2025,2025-05-31,NaLyssa Smith,Wings,F,28,20,5,1,0,3,1,3
2025,2025-05-31,Maddy Siegrist,Wings,F,31,11,8,0,0,2,0,3
2025,2025-05-31,Arike Ogunbowale,Wings,G,35,15,4,2,1,0,3,4
2025,2025-05-31,DiJonai Carrington,Wings,G,32,16,3,6,3,1,2,4
2025,2025-05-31,Teaira McCowan,Wings,C,12,3,3,0,0,1,0,1
2025,2025-05-31,Luisa Geiselsoder,Wings,C,4,0,2,0,0,0,0,2
2025,2025-05-31,Kaila Charles,Wings,G,20,11,4,0,0,0,1,3
2025,2025-05-31,Aziaha James,Wings,G,10,4,0,1,1,1,0,0
2025,2025-05-31,JJ Quinerly,Wings,G,11,2,3,3,1,1,3,4
2025,2025-05-30,Dearica Hamby,Sparks,F,33,14,10,6,2,0,3,4
2025,2025-05-30,Azura Stevens,Sparks,F,29,10,10,1,1,0,0,4
2025,2025-05-30,Odyssey Sims,Sparks,G,36,15,4,2,0,0,2,1
2025,2025-05-30,Kelsey Plum,Sparks,G,34,17,0,3,1,0,5,4
2025,2025-05-30,Sarah Ashlee Barker,Sparks,G,18,3,6,0,0,0,4,2
2025,2025-05-30,Emma Cannon,Sparks,F,11,6,1,0,0,0,0,1
2025,2025-05-30,Liatu King,Sparks,F,14,6,2,0,1,0,2,1
2025,2025-05-30,Mercedes Russell,Sparks,C,7,4,1,2,1,0,0,0
2025,2025-05-30,Julie Allemand,Sparks,G,17,6,4,4,0,0,2,2
2025,2025-05-30,Kiah Stokes,Aces,C,18,7,4,1,2,1,0,1
2025,2025-05-30,A'ja Wilson,Aces,C,36,35,13,6,3,3,1,1
2025,2025-05-30,Chelsea Gray,Aces,G,32,15,4,4,4,2,3,3
2025,2025-05-30,Jewell Loyd,Aces,G,33,3,6,4,0,0,0,2
2025,2025-05-30,Jackie Young,Aces,G,36,26,1,3,2,0,2,4
2025,2025-05-30,Elizabeth Kitley,Aces,C,11,0,1,0,0,1,1,3
2025,2025-05-30,Tiffany Mitchell,Aces,G,14,5,1,2,0,0,2,2
2025,2025-05-30,Dana Evans,Aces,G,15,5,0,2,1,0,1,0
2025,2025-05-30,Aaliyah Nye,Aces,G,6,0,0,0,0,0,0,0
2025,2025-05-30,Jessica Shepard,Lynx,F,36,8,10,2,0,0,2,2
2025,2025-05-30,Bridget Carleton,Lynx,F,18,5,5,2,1,0,0,0
2025,2025-05-30,Alanna Smith,Lynx,F,34,19,4,0,0,4,0,3
2025,2025-05-30,Kayla McBride,Lynx,G,35,20,3,4,1,0,4,0
2025,2025-05-30,Courtney Williams,Lynx,G,30,11,7,7,0,0,4,3
2025,2025-05-30,Diamond Miller,Lynx,F,3,0,0,0,0,0,2,2
2025,2025-05-30,Alissa Pili,Lynx,F,6,1,0,0,1,0,0,2
2025,2025-05-30,Marieme Badiane,Lynx,C,2,0,0,0,1,0,0,1
2025,2025-05-30,Karlie Samuelson,Lynx,G,14,1,1,1,0,0,1,1
2025,2025-05-30,Natisha Hiedeman,Lynx,G,22,9,5,2,1,2,2,0
2025,2025-05-30,Kathryn Westbeld,Mercury,F,22,3,3,0,0,1,1,4
2025,2025-05-30,Satou Sabally,Mercury,F,32,26,11,4,3,1,3,2
2025,2025-05-30,Sami Whitcomb,Mercury,G,29,13,5,6,2,0,1,2
2025,2025-05-30,Kitija Laksa,Mercury,G,22,2,2,3,0,1,1,1
2025,2025-05-30,Monique Akoa Makani,Mercury,G,22,5,1,4,2,0,3,2
2025,2025-05-30,Kalani Brown,Mercury,C,23,15,5,1,0,0,1,3
2025,2025-05-30,Murjanatu Musa,Mercury,C,8,1,5,1,1,0,2,3
2025,2025-05-30,Lexi Held,Mercury,G,26,4,6,1,0,0,1,2
2025,2025-05-30,Sevgi Uzun,Mercury,G,16,2,0,1,0,1,1,0
2025,2025-05-30,Brionna Jones,Dream,F,29,15,5,2,1,0,0,4
2025,2025-05-30,Brittney Griner,Dream,C,15,2,1,1,0,3,2,1
2025,2025-05-30,Allisha Gray,Dream,G,38,28,4,2,0,0,2,3
2025,2025-05-30,Maya Caldwell,Dream,G,14,0,5,1,1,0,2,0
2025,2025-05-30,Rhyne Howard,Dream,G,36,33,6,5,2,1,1,5
2025,2025-05-30,Nia Coffey,Dream,F,12,0,3,2,1,0,2,0
2025,2025-05-30,Naz Hillmon,Dream,F,24,11,7,2,0,1,1,2
2025,2025-05-30,Shatori Walker-Kimbrough,Dream,G,22,0,2,2,0,2,1,2
2025,2025-05-30,Te-Hina Paopao,Dream,G,9,5,2,1,0,0,0,1
2025,2025-05-30,Nneka Ogwumike,Storm,F,31,16,6,4,1,0,1,3
2025,2025-05-30,Gabby Williams,Storm,F,31,14,3,1,2,0,7,5
2025,2025-05-30,Ezi Magbegor,Storm,F,29,8,8,2,0,1,3,4
2025,2025-05-30,Skylar Diggins,Storm,G,33,20,4,3,1,0,1,3
2025,2025-05-30,Erica Wheeler,Storm,G,29,14,5,5,1,0,1,3
2025,2025-05-30,Li Yueru,Storm,C,11,5,4,0,0,0,1,1
2025,2025-05-30,Dominique Malonga,Storm,C,9,4,0,0,0,0,0,1
2025,2025-05-30,Lexie Brown,Storm,G,9,0,1,0,0,0,0,1
2025,2025-05-30,Zia Cooke,Storm,G,18,6,2,2,2,0,0,1
2025,2025-05-30,Tina Charles,Sun,C,34,18,2,3,0,0,11,2
2025,2025-05-30,Olivia Nelson-Ododa,Sun,C,29,8,9,0,1,1,0,4
2025,2025-05-30,Bria Hartley,Sun,G,24,6,3,3,2,0,0,3
2025,2025-05-30,Marina Mabrey,Sun,G,37,26,5,5,2,1,1,4
2025,2025-05-30,Saniya Rivers,Sun,G,32,12,2,6,0,0,0,1
2025,2025-05-30,Haley Peters,Sun,F,18,9,2,0,2,0,3,3
2025,2025-05-30,Robyn Parks,Sun,F,8,0,1,2,1,0,0,1
2025,2025-05-30,Aneesah Morrow,Sun,F,2,2,1,0,0,0,0,0
2025,2025-05-30,Jacy Sheldon,Sun,G,16,4,0,0,1,0,1,3
2025,2025-05-30,Natasha Howard,Fever,F,27,9,6,1,2,0,3,3
2025,2025-05-30,Aliyah Boston,Fever,C,26,17,5,8,1,0,1,5
2025,2025-05-30,Sydney Colson,Fever,G,9,0,1,2,1,0,1,1
2025,2025-05-30,Kelsey Mitchell,Fever,G,35,13,2,5,1,0,3,3
2025,2025-05-30,Lexie Hull,Fever,G,35,12,4,1,1,1,1,3
2025,2025-05-30,DeWanna Bonner,Fever,F,22,13,2,1,2,0,3,0
2025,2025-05-30,Brianna Turner,Fever,F,4,0,0,0,0,0,0,0
2025,2025-05-30,Damiris Dantas,Fever,C,14,9,4,0,0,1,1,3
2025,2025-05-30,Sophie Cunningham,Fever,G,27,10,1,2,0,0,1,1
2025,2025-05-30,Breanna Stewart,Liberty,F,25,10,3,7,1,1,2,1
2025,2025-05-30,Leonie Fiebich,Liberty,F,27,12,9,1,0,3,2,3
2025,2025-05-30,Jonquel Jones,Liberty,C,30,14,18,3,2,2,1,2
2025,2025-05-30,Natasha Cloud,Liberty,G,22,0,2,3,0,0,1,2
2025,2025-05-30,Sabrina Ionescu,Liberty,G,32,28,3,5,2,0,2,0
2025,2025-05-30,Isabelle Harrison,Liberty,F,9,4,3,0,0,0,0,3
2025,2025-05-30,Rebekah Gardner,Liberty,G,18,11,4,0,1,0,0,0
2025,2025-05-30,Kennedy Burke,Liberty,G,17,3,2,2,0,2,1,2
2025,2025-05-30,Marine Johannes,Liberty,G,17,3,2,1,0,0,1,1
2025,2025-05-30,Jaylyn Sherrod,Liberty,G,2,0,0,0,0,0,1,1
2025,2025-05-30,Marquesha Davis,Liberty,G,2,0,0,1,0,0,0,0
2025,2025-05-30,Kiki Iriafen,Mystics,F,25,12,7,2,2,0,2,0
2025,2025-05-30,Stefanie Dolson,Mystics,C,19,2,4,1,0,0,0,2
2025,2025-05-30,Brittney Sykes,Mystics,G,31,20,4,3,3,0,3,3
2025,2025-05-30,Sug Sutton,Mystics,G,25,7,3,3,1,0,1,1
2025,2025-05-30,Sonia Citron,Mystics,G,31,10,4,0,0,1,3,2
2025,2025-05-30,Emily Engstler,Mystics,F,8,4,2,1,1,0,0,1
2025,2025-05-30,Aaliyah Edwards,Mystics,F,17,2,5,1,0,0,0,2
2025,2025-05-30,Shakira Austin,Mystics,C,13,0,3,0,0,0,0,1
2025,2025-05-30,Lucy Olsen,Mystics,G,13,2,3,2,1,0,0,0
2025,2025-05-30,Jade Melbourne,Mystics,G,16,4,1,0,0,0,1,2
2025,2025-05-29,Myisha Hines-Allen,Wings,F,25,10,4,6,0,0,2,2
2025,2025-05-29,NaLyssa Smith,Wings,F,15,2,0,0,1,1,0,0
2025,2025-05-29,Arike Ogunbowale,Wings,G,36,37,5,7,1,0,2,2
2025,2025-05-29,DiJonai Carrington,Wings,G,37,15,4,0,1,2,4,3
2025,2025-05-29,Paige Bueckers,Wings,G,36,15,5,8,3,3,3,3
2025,2025-05-29,Maddy Siegrist,Wings,F,17,5,3,0,0,2,0,2
2025,2025-05-29,Teaira McCowan,Wings,C,23,6,8,2,0,2,4,2
2025,2025-05-29,Kaila Charles,Wings,G,5,2,1,0,0,0,1,1
2025,2025-05-29,JJ Quinerly,Wings,G,6,0,0,0,0,0,0,1
2025,2025-05-29,Angel Reese,Sky,F,25,6,9,5,0,0,2,2
2025,2025-05-29,Kamilla Cardoso,Sky,C,26,23,8,1,1,0,1,3
2025,2025-05-29,Courtney Vandersloot,Sky,G,32,13,1,9,5,0,5,3
2025,2025-05-29,Kia Nurse,Sky,G,21,8,2,2,0,0,2,0
2025,2025-05-29,Ariel Atkins,Sky,G,35,17,5,6,1,0,1,2
2025,2025-05-29,Michaela Onyenwere,Sky,F,14,7,2,3,1,0,0,1
2025,2025-05-29,Elizabeth Williams,Sky,C,11,4,2,1,1,0,1,0
2025,2025-05-29,Rachel Banham,Sky,G,4,4,0,0,0,0,0,0
2025,2025-05-29,Rebecca Allen,Sky,G,23,13,4,1,1,0,1,0
2025,2025-05-29,Hailey Van Lith,Sky,G,8,2,1,0,1,0,0,0
2025,2025-05-29,Kayla Thornton,Valkyries,F,31,10,6,1,1,0,2,2
2025,2025-05-29,Stephanie Talbot,Valkyries,F,20,9,2,1,0,0,1,3
2025,2025-05-29,Janelle Salaun,Valkyries,F,30,18,13,3,1,0,2,5
2025,2025-05-29,Temi Fagbenle,Valkyries,C,20,9,5,0,0,0,4,5
2025,2025-05-29,Veronica Burton,Valkyries,G,31,2,6,5,0,1,0,3
2025,2025-05-29,Monique Billings,Valkyries,F,20,10,7,2,0,0,0,1
2025,2025-05-29,Cecilia Zandalasini,Valkyries,F,15,9,1,2,1,0,0,2
2025,2025-05-29,Julie Vanloo,Valkyries,G,25,8,1,8,0,0,3,3
2025,2025-05-29,Carla Leite,Valkyries,G,8,2,0,3,0,0,1,0
2025,2025-05-29,Breanna Stewart,Liberty,F,34,27,7,4,2,3,3,1
2025,2025-05-29,Leonie Fiebich,Liberty,F,32,3,8,1,2,0,3,3
2025,2025-05-29,Natasha Cloud,Liberty,G,30,7,5,5,2,1,1,4
2025,2025-05-29,Kennedy Burke,Liberty,G,28,11,7,2,0,1,1,4
2025,2025-05-29,Sabrina Ionescu,Liberty,G,36,24,6,4,1,0,2,2
2025,2025-05-29,Isabelle Harrison,Liberty,F,3,0,1,0,0,0,2,2
2025,2025-05-29,Rebekah Gardner,Liberty,G,13,3,1,1,0,0,0,1
2025,2025-05-29,Marine Johannes,Liberty,G,21,7,1,0,0,0,1,3
2025,2025-05-29,Marquesha Davis,Liberty,G,2,0,0,0,0,0,0,0
2025,2025-05-28,Natasha Howard,Fever,F,17,11,6,0,0,0,5,3
2025,2025-05-28,Aliyah Boston,Fever,C,29,10,7,4,2,3,3,5
2025,2025-05-28,Sydney Colson,Fever,G,31,4,3,3,0,1,3,5
2025,2025-05-28,Kelsey Mitchell,Fever,G,32,14,1,4,1,0,0,1
2025,2025-05-28,Lexie Hull,Fever,G,31,9,4,2,1,0,1,2
2025,2025-05-28,DeWanna Bonner,Fever,F,25,21,4,1,3,1,2,1
2025,2025-05-28,Makayla Timpson,Fever,F,0,0,1,0,0,0,0,0
2025,2025-05-28,Damiris Dantas,Fever,C,14,6,4,0,1,1,1,4
2025,2025-05-28,Sophie Cunningham,Fever,G,20,2,3,1,1,0,2,5
2025,2025-05-28,Kiki Iriafen,Mystics,F,23,16,8,1,1,0,2,4
2025,2025-05-28,Stefanie Dolson,Mystics,C,11,2,5,1,1,0,3,4
2025,2025-05-28,Brittney Sykes,Mystics,G,34,21,9,4,0,2,7,3
2025,2025-05-28,Sug Sutton,Mystics,G,23,2,1,2,2,1,1,0
2025,2025-05-28,Sonia Citron,Mystics,G,34,13,7,1,0,0,0,1
2025,2025-05-28,Emily Engstler,Mystics,F,12,3,3,4,0,1,0,2
2025,2025-05-28,Aaliyah Edwards,Mystics,F,20,4,4,1,1,0,4,4
2025,2025-05-28,Shakira Austin,Mystics,C,15,13,3,0,2,1,1,3
2025,2025-05-28,Lucy Olsen,Mystics,G,6,6,0,1,0,0,0,0
2025,2025-05-28,Jade Melbourne,Mystics,G,23,3,1,5,0,0,0,4
2025,2025-05-27,Nia Coffey,Dream,F,20,7,3,3,2,1,5,4
2025,2025-05-27,Brionna Jones,Dream,F,35,13,2,3,2,0,4,1
2025,2025-05-27,Allisha Gray,Dream,G,36,25,5,6,1,0,2,2
2025,2025-05-27,Maya Caldwell,Dream,G,25,3,2,3,1,0,3,4
2025,2025-05-27,Rhyne Howard,Dream,G,38,15,9,7,3,1,1,3
2025,2025-05-27,Naz Hillmon,Dream,F,26,11,7,3,0,2,0,3
2025,2025-05-27,Taylor Thierry,Dream,F,1,0,0,0,0,0,0,0
2025,2025-05-27,Shatori Walker-Kimbrough,Dream,G,14,10,2,1,0,2,0,0
2025,2025-05-27,Te-Hina Paopao,Dream,G,6,4,2,0,0,0,1,1
2025,2025-05-27,Dearica Hamby,Sparks,F,36,28,6,8,4,0,2,2
2025,2025-05-27,Azura Stevens,Sparks,F,28,10,11,1,1,1,0,6
2025,2025-05-27,Odyssey Sims,Sparks,G,27,3,2,5,0,0,2,1
2025,2025-05-27,Kelsey Plum,Sparks,G,37,27,3,5,4,0,4,2
2025,2025-05-27,Sarah Ashlee Barker,Sparks,G,20,2,1,0,1,0,1,1
2025,2025-05-27,Emma Cannon,Sparks,F,12,5,2,1,2,0,1,1
2025,2025-05-27,Rickea Jackson,Sparks,F,12,0,1,0,0,0,1,3
2025,2025-05-27,Liatu King,Sparks,F,7,4,1,0,0,0,0,0
2025,2025-05-27,Mercedes Russell,Sparks,C,5,0,1,1,0,0,1,0
2025,2025-05-27,Julie Allemand,Sparks,G,17,3,0,2,0,0,1,3
2025,2025-05-27,Angel Reese,Sky,F,34,13,15,3,3,2,3,5
2025,2025-05-27,Kamilla Cardoso,Sky,C,27,16,9,4,0,1,2,4
2025,2025-05-27,Courtney Vandersloot,Sky,G,36,15,4,11,2,0,3,0
2025,2025-05-27,Kia Nurse,Sky,G,32,14,2,2,0,0,1,5
2025,2025-05-27,Ariel Atkins,Sky,G,33,21,6,2,1,1,3,3
2025,2025-05-27,Michaela Onyenwere,Sky,F,5,0,0,0,0,0,0,2
2025,2025-05-27,Elizabeth Williams,Sky,C,13,8,3,1,0,1,1,0
2025,2025-05-27,Rachel Banham,Sky,G,11,2,1,1,0,0,2,2
2025,2025-05-27,Rebecca Allen,Sky,G,9,0,2,1,0,0,1,0
2025,2025-05-27,Alyssa Thomas,Mercury,F,35,10,7,15,3,2,1,2
2025,2025-05-27,Kathryn Westbeld,Mercury,F,27,13,5,1,1,3,0,3
2025,2025-05-27,Satou Sabally,Mercury,F,33,20,8,3,2,0,2,4
2025,2025-05-27,Sami Whitcomb,Mercury,G,20,3,0,0,0,1,1,0
2025,2025-05-27,Monique Akoa Makani,Mercury,G,22,13,5,2,1,0,2,3
2025,2025-05-27,Kalani Brown,Mercury,C,11,5,3,0,0,0,1,4
2025,2025-05-27,Kitija Laksa,Mercury,G,24,18,0,1,1,0,0,1
2025,2025-05-27,Lexi Held,Mercury,G,17,9,1,0,3,1,1,0
2025,2025-05-27,Sevgi Uzun,Mercury,G,12,3,1,4,0,0,1,1
2025,2025-05-27,Alysha Clark,Storm,F,27,6,1,1,1,0,0,3
2025,2025-05-27,Nneka Ogwumike,Storm,F,32,11,8,1,2,0,2,2
2025,2025-05-27,Gabby Williams,Storm,F,37,20,4,6,1,2,1,0
2025,2025-05-27,Ezi Magbegor,Storm,F,33,6,10,3,0,1,1,3
2025,2025-05-27,Skylar Diggins,Storm,G,26,18,3,3,2,0,6,1
2025,2025-05-27,Li Yueru,Storm,C,5,2,1,0,0,0,1,1
2025,2025-05-27,Dominique Malonga,Storm,C,10,2,3,3,1,0,0,1
2025,2025-05-27,Erica Wheeler,Storm,G,17,10,3,3,0,0,3,1
2025,2025-05-27,Lexie Brown,Storm,G,5,0,1,0,1,0,0,0
2025,2025-05-27,Zia Cooke,Storm,G,6,2,0,0,0,0,0,2
2025,2025-05-27,Bridget Carleton,Lynx,F,29,2,2,1,0,2,0,2
2025,2025-05-27,Alanna Smith,Lynx,F,28,16,7,3,2,0,0,3
2025,2025-05-27,Napheesa Collier,Lynx,F,37,16,10,5,5,2,4,4
2025,2025-05-27,Kayla McBride,Lynx,G,31,15,1,3,2,0,3,0
2025,2025-05-27,Courtney Williams,Lynx,G,33,23,5,4,1,1,2,2
2025,2025-05-27,Jessica Shepard,Lynx,F,14,4,3,1,0,0,1,1
2025,2025-05-27,Diamond Miller,Lynx,F,5,0,0,0,0,0,0,0
2025,2025-05-27,Alissa Pili,Lynx,F,3,0,0,0,0,0,0,0
2025,2025-05-27,Karlie Samuelson,Lynx,G,10,4,1,1,0,0,0,3
2025,2025-05-27,Natisha Hiedeman,Lynx,G,11,2,1,0,1,0,1,1
2025,2025-05-27,Myisha Hines-Allen,Wings,F,20,8,7,3,1,0,1,5
2025,2025-05-27,NaLyssa Smith,Wings,F,17,2,3,4,0,1,1,2
2025,2025-05-27,Arike Ogunbowale,Wings,G,33,19,3,4,6,0,2,2
2025,2025-05-27,DiJonai Carrington,Wings,G,16,16,3,0,0,1,1,3
2025,2025-05-27,Paige Bueckers,Wings,G,35,21,5,7,2,1,3,3
2025,2025-05-27,Maddy Siegrist,Wings,F,23,12,3,0,0,0,0,1
2025,2025-05-27,Teaira McCowan,Wings,C,16,5,5,2,1,0,2,2
2025,2025-05-27,Luisa Geiselsoder,Wings,C,3,2,0,0,0,0,0,2
2025,2025-05-27,Tyasha Harris,Wings,G,8,0,1,3,0,0,0,0
2025,2025-05-27,Kaila Charles,Wings,G,16,10,4,1,0,0,1,3
2025,2025-05-27,Aziaha James,Wings,G,9,9,1,2,0,0,0,1
2025,2025-05-27,JJ Quinerly,Wings,G,4,5,0,0,0,0,1,0
2025,2025-05-27,Tina Charles,Sun,C,29,27,6,3,1,0,2,1
2025,2025-05-27,Olivia Nelson-Ododa,Sun,C,25,6,5,3,2,0,0,1
2025,2025-05-27,Marina Mabrey,Sun,G,28,19,4,1,1,0,6,5
2025,2025-05-27,Jacy Sheldon,Sun,G,33,6,1,7,4,0,2,3
2025,2025-05-27,Saniya Rivers,Sun,G,22,8,2,2,0,0,1,4
2025,2025-05-27,Haley Peters,Sun,F,17,3,4,2,1,0,1,2
2025,2025-05-27,Robyn Parks,Sun,F,6,0,1,0,0,0,0,0
2025,2025-05-27,Aneesah Morrow,Sun,F,8,3,0,0,0,0,1,2
2025,2025-05-27,Rayah Marshall,Sun,C,8,0,3,0,0,0,2,0
2025,2025-05-27,Kariata Diaby,Sun,C,6,3,0,0,0,0,0,1
2025,2025-05-27,Bria Hartley,Sun,G,19,12,1,2,1,0,1,4
2025,2025-05-27,Kayla Thornton,Valkyries,F,28,13,6,0,4,0,2,2
2025,2025-05-27,Stephanie Talbot,Valkyries,F,24,2,6,2,0,0,4,1
2025,2025-05-27,Janelle Salaun,Valkyries,F,28,9,6,2,0,0,4,1
2025,2025-05-27,Temi Fagbenle,Valkyries,C,31,11,3,4,0,1,2,3
2025,2025-05-27,Veronica Burton,Valkyries,G,30,13,4,6,3,0,3,1
2025,2025-05-27,Kyara Linskens,Valkyries,C,9,0,1,0,0,2,1,3
2025,2025-05-27,Julie Vanloo,Valkyries,G,13,5,3,1,0,0,1,1
2025,2025-05-27,Kate Martin,Valkyries,G,18,10,3,0,1,1,1,0
2025,2025-05-27,Carla Leite,Valkyries,G,18,4,2,1,2,0,2,3
2025,2025-05-27,Breanna Stewart,Liberty,F,27,24,1,3,3,0,1,2
2025,2025-05-27,Leonie Fiebich,Liberty,F,26,8,6,1,0,0,1,1
2025,2025-05-27,Jonquel Jones,Liberty,C,25,13,10,5,1,1,1,4
2025,2025-05-27,Natasha Cloud,Liberty,G,25,5,3,10,1,0,2,3
2025,2025-05-27,Sabrina Ionescu,Liberty,G,27,8,5,6,2,0,4,3
2025,2025-05-27,Isabelle Harrison,Liberty,F,7,4,1,2,0,0,0,0
2025,2025-05-27,Rebekah Gardner,Liberty,G,16,8,2,1,2,1,0,1
2025,2025-05-27,Kennedy Burke,Liberty,G,22,7,5,0,1,0,0,2
2025,2025-05-27,Marine Johannes,Liberty,G,22,18,2,1,4,1,4,2
2025,2025-05-27,Jaylyn Sherrod,Liberty,G,3,0,2,1,0,0,0,0
2025,2025-05-27,Marquesha Davis,Liberty,G,0,0,0,0,0,0,0,0
2025,2025-05-25,Angel Reese,Sky,F,32,13,12,4,2,0,4,3
2025,2025-05-25,Kamilla Cardoso,Sky,C,19,12,6,3,0,0,1,5
2025,2025-05-25,Courtney Vandersloot,Sky,G,35,11,4,2,1,1,1,2
2025,2025-05-25,Kia Nurse,Sky,G,24,9,3,0,1,0,5,3
2025,2025-05-25,Ariel Atkins,Sky,G,27,9,2,5,1,0,3,5
2025,2025-05-25,Michaela Onyenwere,Sky,F,8,2,0,1,0,0,0,0
2025,2025-05-25,Elizabeth Williams,Sky,C,21,9,4,1,1,2,1,2
2025,2025-05-25,Rachel Banham,Sky,G,17,2,0,1,0,0,0,1
2025,2025-05-25,Rebecca Allen,Sky,G,18,11,3,0,0,0,2,0
2025,2025-05-25,Dearica Hamby,Sparks,F,35,10,6,8,6,1,2,2
2025,2025-05-25,Azura Stevens,Sparks,F,32,24,8,3,2,1,2,2
2025,2025-05-25,Odyssey Sims,Sparks,G,27,12,1,3,2,0,0,0
2025,2025-05-25,Kelsey Plum,Sparks,G,36,28,2,8,0,0,3,1
2025,2025-05-25,Sarah Ashlee Barker,Sparks,G,26,9,3,1,0,0,1,4
2025,2025-05-25,Emma Cannon,Sparks,F,5,0,1,0,0,0,1,1
2025,2025-05-25,Liatu King,Sparks,F,14,2,5,0,0,0,1,2
2025,2025-05-25,Mercedes Russell,Sparks,C,8,2,2,0,0,0,0,1
2025,2025-05-25,Julie Allemand,Sparks,G,18,4,4,1,2,0,1,1
2025,2025-05-25,Kiki Iriafen,Mystics,F,26,11,13,0,0,0,7,3
2025,2025-05-25,Stefanie Dolson,Mystics,C,16,2,1,1,0,0,0,2
2025,2025-05-25,Brittney Sykes,Mystics,G,28,10,5,5,1,0,3,1
2025,2025-05-25,Sug Sutton,Mystics,G,23,0,2,3,0,0,3,1
2025,2025-05-25,Sonia Citron,Mystics,G,33,14,1,4,1,0,6,5
2025,2025-05-25,Emily Engstler,Mystics,F,15,6,4,1,0,1,2,4
2025,2025-05-25,Aaliyah Edwards,Mystics,F,15,6,7,1,1,0,2,1
2025,2025-05-25,Sika Kone,Mystics,F,9,4,5,0,0,0,0,0
2025,2025-05-25,Lucy Olsen,Mystics,G,6,3,0,0,0,0,0,1
2025,2025-05-25,Jade Melbourne,Mystics,G,29,6,3,1,1,0,4,4
2025,2025-05-25,Alyssa Thomas,Mercury,F,34,11,8,5,1,0,3,5
2025,2025-05-25,Kathryn Westbeld,Mercury,F,27,6,4,1,4,0,0,2
2025,2025-05-25,Satou Sabally,Mercury,F,31,12,9,2,2,0,4,1
2025,2025-05-25,Sami Whitcomb,Mercury,G,29,5,2,4,2,0,1,4
2025,2025-05-25,Monique Akoa Makani,Mercury,G,22,13,1,2,3,0,1,3
2025,2025-05-25,Kalani Brown,Mercury,C,13,7,2,0,0,0,3,3
2025,2025-05-25,Kitija Laksa,Mercury,G,16,8,0,0,0,0,0,0
2025,2025-05-25,Lexi Held,Mercury,G,17,4,0,0,3,0,0,3
2025,2025-05-25,Sevgi Uzun,Mercury,G,12,2,0,1,0,1,2,0
2025,2025-05-25,Kiah Stokes,Aces,C,17,0,4,0,0,1,0,0
2025,2025-05-25,A'ja Wilson,Aces,C,28,15,5,4,1,3,3,0
2025,2025-05-25,Chelsea Gray,Aces,G,25,8,2,3,1,0,2,1
2025,2025-05-25,Jewell Loyd,Aces,G,34,14,2,3,1,1,0,1
2025,2025-05-25,Jackie Young,Aces,G,26,14,2,3,2,0,4,0
2025,2025-05-25,Crystal Bradford,Aces,F,5,0,0,0,0,0,1,2
2025,2025-05-25,Kierstan Bell,Aces,F,2,3,1,1,0,0,0,0
2025,2025-05-25,Elizabeth Kitley,Aces,C,16,11,5,0,2,2,0,3
2025,2025-05-25,Tiffany Mitchell,Aces,G,10,4,4,2,0,1,0,1
2025,2025-05-25,Dana Evans,Aces,G,19,6,0,2,0,0,2,0
2025,2025-05-25,Aaliyah Nye,Aces,G,18,7,0,1,0,0,0,2
2025,2025-05-25,Alysha Clark,Storm,F,25,9,3,1,1,0,0,3
2025,2025-05-25,Nneka Ogwumike,Storm,F,29,23,8,6,1,0,2,2
2025,2025-05-25,Gabby Williams,Storm,F,30,12,5,5,2,0,3,0
2025,2025-05-25,Ezi Magbegor,Storm,F,25,12,7,3,0,1,2,5
2025,2025-05-25,Skylar Diggins,Storm,G,29,10,0,8,0,0,2,3
2025,2025-05-25,Li Yueru,Storm,C,4,2,1,0,0,0,0,2
2025,2025-05-25,Dominique Malonga,Storm,C,12,8,5,0,0,0,0,2
2025,2025-05-25,Erica Wheeler,Storm,G,30,21,3,7,2,1,1,0
2025,2025-05-25,Lexie Brown,Storm,G,6,0,0,0,1,0,0,0
2025,2025-05-25,Zia Cooke,Storm,G,11,5,2,2,0,0,1,1
2025,2025-05-25,Tina Charles,Sun,C,30,11,7,3,1,0,3,3
2025,2025-05-25,Olivia Nelson-Ododa,Sun,C,21,11,5,0,0,2,1,2
2025,2025-05-25,Marina Mabrey,Sun,G,34,12,10,4,0,0,1,5
2025,2025-05-25,Jacy Sheldon,Sun,G,23,4,0,2,0,1,0,2
2025,2025-05-25,Saniya Rivers,Sun,G,28,2,2,3,0,0,2,2
2025,2025-05-25,Haley Peters,Sun,F,8,0,0,0,0,0,0,0
2025,2025-05-25,Robyn Parks,Sun,F,12,0,1,0,1,0,0,2
2025,2025-05-25,Aneesah Morrow,Sun,F,11,3,7,0,0,0,1,2
2025,2025-05-25,Rayah Marshall,Sun,C,2,0,0,0,0,0,0,0
2025,2025-05-25,Kariata Diaby,Sun,C,11,5,2,1,0,0,1,3
2025,2025-05-25,Bria Hartley,Sun,G,19,7,0,1,2,0,0,0
2025,2025-05-25,Nia Coffey,Dream,F,26,18,11,4,0,0,2,3
2025,2025-05-25,Brionna Jones,Dream,F,27,8,9,1,0,0,4,3
2025,2025-05-25,Allisha Gray,Dream,G,33,18,7,3,1,0,1,0
2025,2025-05-25,Maya Caldwell,Dream,G,36,12,4,6,2,1,3,3
2025,2025-05-25,Rhyne Howard,Dream,G,31,11,8,2,1,1,2,3
2025,2025-05-25,Naz Hillmon,Dream,F,29,7,9,3,0,2,1,1
2025,2025-05-25,Taylor Thierry,Dream,F,3,0,0,0,0,0,0,1
2025,2025-05-25,Shatori Walker-Kimbrough,Dream,G,15,5,4,1,0,1,1,0
2025,2025-05-24,Myisha Hines-Allen,Wings,F,13,2,6,2,0,1,3,2
2025,2025-05-24,NaLyssa Smith,Wings,F,19,13,2,0,2,0,0,2
2025,2025-05-24,Arike Ogunbowale,Wings,G,33,5,3,5,1,0,1,3
2025,2025-05-24,DiJonai Carrington,Wings,G,20,5,5,1,1,0,1,3
2025,2025-05-24,Paige Bueckers,Wings,G,28,11,4,5,2,0,1,3
2025,2025-05-24,Maddy Siegrist,Wings,F,22,12,9,0,0,0,0,1
2025,2025-05-24,Teaira McCowan,Wings,C,24,10,6,0,1,0,1,2
2025,2025-05-24,Tyasha Harris,Wings,G,24,10,1,2,1,1,0,1
2025,2025-05-24,Kaila Charles,Wings,G,17,7,2,2,1,1,1,1
2025,2025-05-24,Brionna Jones,Dream,F,30,11,15,2,2,1,1,1
2025,2025-05-24,Brittney Griner,Dream,C,30,15,8,1,1,0,4,2
2025,2025-05-24,Allisha Gray,Dream,G,37,27,5,6,0,3,0,4
2025,2025-05-24,Rhyne Howard,Dream,G,38,9,7,10,1,1,4,3
2025,2025-05-24,Te-Hina Paopao,Dream,G,6,0,1,1,0,0,1,1
2025,2025-05-24,Nia Coffey,Dream,F,15,8,2,1,0,2,0,1
2025,2025-05-24,Naz Hillmon,Dream,F,5,2,3,0,0,0,1,0
2025,2025-05-24,Shatori Walker-Kimbrough,Dream,G,16,2,0,0,1,0,1,0
2025,2025-05-24,Maya Caldwell,Dream,G,23,9,1,2,1,0,1,1
2025,2025-05-24,Breanna Stewart,Liberty,F,36,16,7,3,0,1,0,4
2025,2025-05-24,Leonie Fiebich,Liberty,F,7,0,0,0,0,0,0,2
2025,2025-05-24,Jonquel Jones,Liberty,C,36,26,12,3,1,1,3,3
2025,2025-05-24,Natasha Cloud,Liberty,G,35,16,7,6,5,2,3,3
2025,2025-05-24,Sabrina Ionescu,Liberty,G,37,23,5,4,0,0,0,0
2025,2025-05-24,Rebekah Gardner,Liberty,G,6,2,1,0,1,0,1,4
2025,2025-05-24,Kennedy Burke,Liberty,G,28,7,2,2,0,1,4,1
2025,2025-05-24,Marine Johannes,Liberty,G,15,0,0,1,0,0,1,0
2025,2025-05-24,Natasha Howard,Fever,F,19,6,8,1,0,0,1,4
2025,2025-05-24,Aliyah Boston,Fever,C,36,27,13,2,0,1,1,4
2025,2025-05-24,Kelsey Mitchell,Fever,G,34,15,0,4,3,0,1,2
2025,2025-05-24,Lexie Hull,Fever,G,26,15,2,0,1,0,1,4
2025,2025-05-24,Caitlin Clark,Fever,G,38,18,5,10,0,0,10,5
2025,2025-05-24,DeWanna Bonner,Fever,F,23,2,7,2,2,0,0,3
2025,2025-05-24,Damiris Dantas,Fever,C,4,0,1,1,0,0,0,1
2025,2025-05-24,Sophie Cunningham,Fever,G,20,5,3,0,0,0,2,2
2025,2025-05-23,Kiki Iriafen,Mystics,F,35,17,13,2,0,0,1,1
2025,2025-05-23,Stefanie Dolson,Mystics,C,29,8,6,8,0,2,3,3
2025,2025-05-23,Sug Sutton,Mystics,G,33,10,2,1,1,1,2,1
2025,2025-05-23,Sonia Citron,Mystics,G,36,19,5,3,0,0,1,1
2025,2025-05-23,Jade Melbourne,Mystics,G,35,14,3,1,1,0,2,5
2025,2025-05-23,Emily Engstler,Mystics,F,5,0,0,1,0,0,2,0
2025,2025-05-23,Sika Kone,Mystics,F,10,0,2,1,0,0,1,4
2025,2025-05-23,Lucy Olsen,Mystics,G,16,4,5,1,0,0,3,3
2025,2025-05-23,Kiah Stokes,Aces,C,16,0,5,1,0,1,0,3
2025,2025-05-23,A'ja Wilson,Aces,C,38,15,12,5,2,3,3,3
2025,2025-05-23,Chelsea Gray,Aces,G,34,17,4,2,1,0,3,2
2025,2025-05-23,Jewell Loyd,Aces,G,29,9,3,2,2,0,0,3
2025,2025-05-23,Jackie Young,Aces,G,33,25,5,3,2,1,1,4
2025,2025-05-23,Crystal Bradford,Aces,F,6,2,0,0,1,0,0,1
2025,2025-05-23,Kierstan Bell,Aces,F,8,0,0,0,0,1,0,0
2025,2025-05-23,Tiffany Mitchell,Aces,G,8,2,0,0,0,0,0,0
2025,2025-05-23,Dana Evans,Aces,G,20,5,2,2,0,0,1,1
2025,2025-05-23,Aaliyah Nye,Aces,G,10,0,1,0,1,0,0,1
2025,2025-05-23,Kayla Thornton,Valkyries,F,30,14,10,1,4,1,5,2
2025,2025-05-23,Janelle Salaun,Valkyries,F,30,18,8,1,2,1,2,1
2025,2025-05-23,Temi Fagbenle,Valkyries,C,27,8,6,3,0,1,2,4
2025,2025-05-23,Julie Vanloo,Valkyries,G,17,0,0,2,0,0,1,1
2025,2025-05-23,Veronica Burton,Valkyries,G,33,12,2,3,5,0,2,4
2025,2025-05-23,Stephanie Talbot,Valkyries,F,16,3,2,1,1,0,1,0
2025,2025-05-23,Kyara Linskens,Valkyries,C,13,2,3,1,0,1,0,3
2025,2025-05-23,Kate Martin,Valkyries,G,10,6,1,0,0,0,1,0
2025,2025-05-23,Carla Leite,Valkyries,G,23,19,2,3,1,0,1,0
2025,2025-05-23,Dearica Hamby,Sparks,F,34,25,6,2,1,3,4,3
2025,2025-05-23,Azura Stevens,Sparks,F,32,6,10,3,0,0,1,2
2025,2025-05-23,Odyssey Sims,Sparks,G,27,13,2,2,0,0,1,2
2025,2025-05-23,Kelsey Plum,Sparks,G,37,16,1,3,4,0,3,4
2025,2025-05-23,Sarah Ashlee Barker,Sparks,G,29,7,4,4,2,0,2,4
2025,2025-05-23,Emma Cannon,Sparks,F,7,2,2,1,1,1,0,1
2025,2025-05-23,Liatu King,Sparks,F,11,0,2,1,1,0,2,0
2025,2025-05-23,Mercedes Russell,Sparks,C,8,1,2,0,0,0,1,1
2025,2025-05-23,Julie Allemand,Sparks,G,16,3,2,2,0,0,3,1
2025,2025-05-23,Alyssa Thomas,Mercury,F,34,16,11,7,2,0,6,3
2025,2025-05-23,Kathryn Westbeld,Mercury,F,27,3,1,4,0,1,0,0
2025,2025-05-23,Satou Sabally,Mercury,F,32,15,9,2,0,1,3,5
2025,2025-05-23,Sami Whitcomb,Mercury,G,28,7,4,1,1,0,0,1
2025,2025-05-23,Monique Akoa Makani,Mercury,G,23,14,2,2,0,1,2,2
2025,2025-05-23,Kalani Brown,Mercury,C,11,6,0,0,0,0,3,2
2025,2025-05-23,Kitija Laksa,Mercury,G,15,0,4,0,0,0,0,1
2025,2025-05-23,Lexi Held,Mercury,G,17,7,2,0,3,1,2,3
2025,2025-05-23,Sevgi Uzun,Mercury,G,12,2,1,2,3,0,3,2
2025,2025-05-23,Alysha Clark,Storm,F,13,2,1,0,1,0,2,1
2025,2025-05-23,Nneka Ogwumike,Storm,F,35,24,8,0,1,1,1,1
2025,2025-05-23,Gabby Williams,Storm,F,37,11,5,2,2,0,3,2
2025,2025-05-23,Ezi Magbegor,Storm,F,32,6,7,2,1,1,2,2
2025,2025-05-23,Skylar Diggins,Storm,G,37,24,4,14,2,2,4,2
2025,2025-05-23,Li Yueru,Storm,C,8,0,0,0,1,0,3,2
2025,2025-05-23,Dominique Malonga,Storm,C,5,2,1,0,1,0,0,0
2025,2025-05-23,Erica Wheeler,Storm,G,23,6,3,3,0,0,0,1
2025,2025-05-23,Lexie Brown,Storm,G,1,0,0,0,0,0,0,1
2025,2025-05-23,Zia Cooke,Storm,G,9,2,1,0,0,0,0,0
2025,2025-05-23,Tina Charles,Sun,C,30,4,5,1,0,0,3,2
2025,2025-05-23,Olivia Nelson-Ododa,Sun,C,28,10,10,2,0,1,3,4
2025,2025-05-23,Lindsay Allen,Sun,G,2,0,1,0,0,0,0,0
2025,2025-05-23,Marina Mabrey,Sun,G,31,22,8,6,0,0,3,5
2025,2025-05-23,Saniya Rivers,Sun,G,28,11,6,3,3,2,2,1
2025,2025-05-23,Haley Peters,Sun,F,21,12,6,2,2,1,2,3
2025,2025-05-23,Robyn Parks,Sun,F,5,0,3,0,0,0,1,1
2025,2025-05-23,Aneesah Morrow,Sun,F,1,0,0,0,0,0,0,2
2025,2025-05-23,Bria Hartley,Sun,G,24,5,0,4,0,0,4,3
2025,2025-05-23,Jacy Sheldon,Sun,G,30,6,1,4,0,0,3,1
2025,2025-05-23,Bridget Carleton,Lynx,F,35,6,2,3,2,0,4,4
2025,2025-05-23,Alanna Smith,Lynx,F,15,2,0,2,4,2,1,5
2025,2025-05-23,Napheesa Collier,Lynx,F,38,33,11,3,3,3,2,2
2025,2025-05-23,Courtney Williams,Lynx,G,26,0,5,3,3,0,3,1
2025,2025-05-23,Karlie Samuelson,Lynx,G,23,7,3,3,1,0,3,3
2025,2025-05-23,Jessica Shepard,Lynx,F,25,13,6,4,0,1,2,0
2025,2025-05-23,Diamond Miller,Lynx,F,7,2,0,1,0,0,0,2
2025,2025-05-23,Alissa Pili,Lynx,F,2,2,1,0,0,0,0,0
2025,2025-05-23,Natisha Hiedeman,Lynx,G,30,11,3,2,0,0,0,1
2025,2025-05-22,Breanna Stewart,Liberty,F,25,12,2,2,3,2,4,1
2025,2025-05-22,Leonie Fiebich,Liberty,F,21,7,1,0,1,0,0,1
2025,2025-05-22,Jonquel Jones,Liberty,C,22,11,7,1,0,4,3,1
2025,2025-05-22,Natasha Cloud,Liberty,G,27,18,4,8,0,0,2,3
2025,2025-05-22,Sabrina Ionescu,Liberty,G,20,16,2,5,1,0,3,3
2025,2025-05-22,Isabelle Harrison,Liberty,F,6,0,2,1,0,0,2,0
2025,2025-05-22,Nyara Sabally,Liberty,F,10,2,3,1,2,1,0,4
2025,2025-05-22,Rebekah Gardner,Liberty,G,17,7,2,2,1,0,1,2
2025,2025-05-22,Kennedy Burke,Liberty,G,21,17,1,2,3,1,0,1
2025,2025-05-22,Marine Johannes,Liberty,G,22,6,2,2,1,0,3,2
2025,2025-05-22,Jaylyn Sherrod,Liberty,G,5,3,0,1,0,0,0,1
2025,2025-05-22,Marquesha Davis,Liberty,G,5,0,2,0,0,1,1,0
2025,2025-05-22,Angel Reese,Sky,F,27,2,12,1,3,0,5,2
2025,2025-05-22,Kamilla Cardoso,Sky,C,23,6,4,0,1,0,2,1
2025,2025-05-22,Courtney Vandersloot,Sky,G,25,14,2,3,2,1,4,3
2025,2025-05-22,Kia Nurse,Sky,G,19,3,2,1,0,0,2,3
2025,2025-05-22,Ariel Atkins,Sky,G,23,8,2,1,0,0,1,4
2025,2025-05-22,Michaela Onyenwere,Sky,F,13,2,3,1,0,0,3,1
2025,2025-05-22,Maddy Westbeld,Sky,F,3,2,0,0,0,0,0,0
2025,2025-05-22,Elizabeth Williams,Sky,C,17,7,6,2,3,0,2,2
2025,2025-05-22,Rachel Banham,Sky,G,15,15,1,1,0,0,1,0
2025,2025-05-22,Rebecca Allen,Sky,G,20,11,4,0,0,0,3,2
2025,2025-05-22,Hailey Van Lith,Sky,G,15,4,0,6,0,0,0,0
2025,2025-05-22,DeWanna Bonner,Fever,F,19,1,8,1,0,0,2,3
2025,2025-05-22,Natasha Howard,Fever,F,29,26,7,2,1,0,2,4
2025,2025-05-22,Aliyah Boston,Fever,C,23,4,7,3,0,0,0,4
2025,2025-05-22,Kelsey Mitchell,Fever,G,28,17,3,1,0,1,3,2
2025,2025-05-22,Caitlin Clark,Fever,G,32,11,4,6,1,0,4,5
2025,2025-05-22,Damiris Dantas,Fever,C,17,3,6,1,0,1,0,1
2025,2025-05-22,Sydney Colson,Fever,G,5,0,0,0,0,0,0,0
2025,2025-05-22,Sophie Cunningham,Fever,G,20,9,6,3,0,1,2,1
2025,2025-05-22,Lexie Hull,Fever,G,27,10,0,4,2,0,0,5
2025,2025-05-22,Brionna Jones,Dream,F,33,15,11,3,1,0,0,2
2025,2025-05-22,Brittney Griner,Dream,C,25,5,7,0,0,1,3,6
2025,2025-05-22,Allisha Gray,Dream,G,31,11,5,2,1,0,1,5
2025,2025-05-22,Rhyne Howard,Dream,G,37,24,5,2,2,1,3,5
2025,2025-05-22,Te-Hina Paopao,Dream,G,30,11,2,3,0,0,2,1
2025,2025-05-22,Nia Coffey,Dream,F,17,6,5,2,0,1,1,2
2025,2025-05-22,Naz Hillmon,Dream,F,5,4,0,0,0,0,1,0
2025,2025-05-22,Shatori Walker-Kimbrough,Dream,G,9,0,1,0,0,0,0,0
2025,2025-05-22,Maya Caldwell,Dream,G,13,0,1,2,0,0,1,0
2025,2025-05-21,Kiki Iriafen,Mystics,F,31,10,12,0,0,0,0,2
2025,2025-05-21,Stefanie Dolson,Mystics,C,19,4,5,3,1,0,2,4
2025,2025-05-21,Brittney Sykes,Mystics,G,33,30,5,3,1,0,1,4
2025,2025-05-21,Sug Sutton,Mystics,G,13,0,0,2,0,0,0,2
2025,2025-05-21,Sonia Citron,Mystics,G,35,10,8,1,1,1,1,2
2025,2025-05-21,Emily Engstler,Mystics,F,6,3,2,1,1,1,1,1
2025,2025-05-21,Sika Kone,Mystics,F,14,3,0,2,0,0,2,2
2025,2025-05-21,Shakira Austin,Mystics,C,10,2,4,0,1,0,5,1
2025,2025-05-21,Lucy Olsen,Mystics,G,10,4,0,0,0,1,0,0
2025,2025-05-21,Jade Melbourne,Mystics,G,29,8,7,7,1,0,5,3
2025,2025-05-21,Kayla Thornton,Valkyries,F,27,18,5,1,2,1,1,4
2025,2025-05-21,Janelle Salaun,Valkyries,F,28,10,4,0,1,0,3,2
2025,2025-05-21,Temi Fagbenle,Valkyries,C,27,6,7,2,4,0,2,5
2025,2025-05-21,Tiffany Hayes,Valkyries,G,13,2,1,1,0,0,0,1
2025,2025-05-21,Veronica Burton,Valkyries,G,29,22,9,5,2,0,3,2
2025,2025-05-21,Stephanie Talbot,Valkyries,F,8,1,1,0,0,0,1,0
2025,2025-05-21,Monique Billings,Valkyries,F,24,7,3,1,1,0,0,2
2025,2025-05-21,Julie Vanloo,Valkyries,G,13,0,2,2,0,0,1,0
2025,2025-05-21,Kate Martin,Valkyries,G,9,0,3,0,0,1,0,2
2025,2025-05-21,Carla Leite,Valkyries,G,21,10,2,3,0,0,0,4
2025,2025-05-21,Dearica Hamby,Sparks,F,33,15,7,2,0,0,0,4
2025,2025-05-21,Azura Stevens,Sparks,F,30,23,17,0,0,1,1,0
2025,2025-05-21,Odyssey Sims,Sparks,G,30,8,3,4,1,0,2,4
2025,2025-05-21,Kelsey Plum,Sparks,G,40,25,3,6,2,1,8,4
2025,2025-05-21,Sarah Ashlee Barker,Sparks,G,28,2,1,4,0,1,2,2
2025,2025-05-21,Emma Cannon,Sparks,F,9,6,1,0,0,0,1,3
2025,2025-05-21,Sania Feagin,Sparks,F,1,0,0,0,0,0,0,1
2025,2025-05-21,Liatu King,Sparks,F,13,4,3,1,0,0,0,3
2025,2025-05-21,Mercedes Russell,Sparks,C,6,0,1,0,0,0,0,0
2025,2025-05-21,Julie Allemand,Sparks,G,9,3,1,1,1,0,2,0
2025,2025-05-21,Alyssa Thomas,Mercury,F,33,19,5,7,1,2,4,2
2025,2025-05-21,Kathryn Westbeld,Mercury,F,19,6,6,1,0,2,2,2
2025,2025-05-21,Satou Sabally,Mercury,F,29,25,5,3,3,1,2,4
2025,2025-05-21,Sami Whitcomb,Mercury,G,28,6,3,1,1,1,0,2
2025,2025-05-21,Monique Akoa Makani,Mercury,G,24,11,2,3,0,0,0,4
2025,2025-05-21,Kalani Brown,Mercury,C,14,6,5,0,0,0,0,2
2025,2025-05-21,Murjanatu Musa,Mercury,C,1,0,1,0,0,0,0,1
2025,2025-05-21,Kitija Laksa,Mercury,G,23,9,3,4,2,0,3,4
2025,2025-05-21,Lexi Held,Mercury,G,13,5,1,1,0,1,0,0
2025,2025-05-21,Sevgi Uzun,Mercury,G,14,2,2,2,1,0,1,0
2025,2025-05-21,Myisha Hines-Allen,Wings,F,26,11,7,3,0,0,2,4
2025,2025-05-21,NaLyssa Smith,Wings,F,25,8,7,0,1,1,1,1
2025,2025-05-21,Arike Ogunbowale,Wings,G,35,21,2,5,2,0,2,4
2025,2025-05-21,DiJonai Carrington,Wings,G,27,11,2,0,2,0,1,4
2025,2025-05-21,Paige Bueckers,Wings,G,37,12,1,10,3,0,2,4
2025,2025-05-21,Maddy Siegrist,Wings,F,19,7,3,0,0,0,1,2
2025,2025-05-21,Teaira McCowan,Wings,C,10,3,2,0,0,0,0,0
2025,2025-05-21,Tyasha Harris,Wings,G,14,6,0,2,1,0,0,2
2025,2025-05-21,Kaila Charles,Wings,G,6,2,3,0,0,0,2,1
2025,2025-05-21,Bridget Carleton,Lynx,F,33,9,6,3,1,0,1,3
2025,2025-05-21,Alanna Smith,Lynx,F,29,13,6,2,0,2,2,1
2025,2025-05-21,Napheesa Collier,Lynx,F,37,28,8,2,2,1,2,2
2025,2025-05-21,Courtney Williams,Lynx,G,33,13,5,7,1,0,6,3
2025,2025-05-21,Karlie Samuelson,Lynx,G,18,9,5,0,0,0,1,4
2025,2025-05-21,Jessica Shepard,Lynx,F,19,3,10,3,0,0,3,1
2025,2025-05-21,Diamond Miller,Lynx,F,4,0,1,2,0,0,0,1
2025,2025-05-21,Natisha Hiedeman,Lynx,G,27,10,2,8,0,0,2,0
2025,2025-05-20,Kiah Stokes,Aces,C,23,0,7,1,1,0,0,3
2025,2025-05-20,A'ja Wilson,Aces,C,29,22,10,4,3,2,2,1
2025,2025-05-20,Chelsea Gray,Aces,G,21,12,6,4,1,0,3,2
2025,2025-05-20,Jewell Loyd,Aces,G,21,20,5,0,0,0,0,0
2025,2025-05-20,Jackie Young,Aces,G,24,16,3,2,0,0,3,2
2025,2025-05-20,Crystal Bradford,Aces,F,8,2,2,0,1,0,0,0
2025,2025-05-20,Kierstan Bell,Aces,F,13,3,1,1,1,1,0,0
2025,2025-05-20,Elizabeth Kitley,Aces,C,11,0,3,0,1,1,0,2
2025,2025-05-20,Tiffany Mitchell,Aces,G,16,4,4,1,1,0,2,3
2025,2025-05-20,Dana Evans,Aces,G,23,5,0,3,0,0,0,4
2025,2025-05-20,Aaliyah Nye,Aces,G,12,3,0,0,0,0,1,1
2025,2025-05-20,Tina Charles,Sun,C,26,20,5,0,0,0,1,2
2025,2025-05-20,Olivia Nelson-Ododa,Sun,C,20,8,3,2,0,1,2,3
2025,2025-05-20,Lindsay Allen,Sun,G,11,0,1,1,0,0,1,2
2025,2025-05-20,Marina Mabrey,Sun,G,20,7,1,2,0,0,2,2
2025,2025-05-20,Jacy Sheldon,Sun,G,23,0,2,1,0,0,4,2
2025,2025-05-20,Haley Peters,Sun,F,12,4,4,1,0,0,0,3
2025,2025-05-20,Robyn Parks,Sun,F,20,2,3,0,0,0,0,2
2025,2025-05-20,Rayah Marshall,Sun,C,10,0,6,1,0,1,0,2
2025,2025-05-20,Kariata Diaby,Sun,C,13,3,3,1,1,0,1,1
2025,2025-05-20,Bria Hartley,Sun,G,20,7,2,5,1,0,2,2
2025,2025-05-20,Saniya Rivers,Sun,G,25,11,4,2,2,1,3,0
2025,2025-05-20,Brionna Jones,Dream,F,33,19,13,3,1,1,3,2
2025,2025-05-20,Brittney Griner,Dream,C,31,21,8,2,0,1,2,6
2025,2025-05-20,Allisha Gray,Dream,G,36,16,2,6,1,1,1,3
2025,2025-05-20,Rhyne Howard,Dream,G,36,20,2,3,3,0,0,4
2025,2025-05-20,Te-Hina Paopao,Dream,G,18,3,2,1,0,0,2,3
2025,2025-05-20,Nia Coffey,Dream,F,11,0,5,3,0,1,0,0
2025,2025-05-20,Naz Hillmon,Dream,F,5,3,1,1,1,0,1,0
2025,2025-05-20,Taylor Thierry,Dream,F,0,0,0,0,0,0,0,0
2025,2025-05-20,Shatori Walker-Kimbrough,Dream,G,18,5,1,0,1,1,2,3
2025,2025-05-20,Maya Caldwell,Dream,G,12,4,3,0,0,0,0,1
2025,2025-05-20,DeWanna Bonner,Fever,F,16,0,3,1,0,0,0,1
2025,2025-05-20,Natasha Howard,Fever,F,29,6,9,0,0,0,4,4
2025,2025-05-20,Aliyah Boston,Fever,C,37,24,10,4,0,2,2,2
2025,2025-05-20,Kelsey Mitchell,Fever,G,33,24,0,2,1,0,1,3
2025,2025-05-20,Caitlin Clark,Fever,G,38,27,5,11,2,0,3,3
2025,2025-05-20,Brianna Turner,Fever,F,9,1,0,0,0,1,1,2
2025,2025-05-20,Damiris Dantas,Fever,C,3,0,1,0,0,0,1,0
2025,2025-05-20,Sydney Colson,Fever,G,6,2,1,0,0,0,2,1
2025,2025-05-20,Lexie Hull,Fever,G,29,6,3,0,0,0,0,3
2025,2025-05-19,Alysha Clark,Storm,F,36,6,1,2,1,0,1,4
2025,2025-05-19,Nneka Ogwumike,Storm,F,35,23,18,3,2,0,3,4
2025,2025-05-19,Gabby Williams,Storm,F,39,17,5,5,3,2,4,3
2025,2025-05-19,Ezi Magbegor,Storm,F,28,7,8,5,1,1,1,3
2025,2025-05-19,Skylar Diggins,Storm,G,36,21,1,9,0,1,1,2
2025,2025-05-19,Li Yueru,Storm,C,13,0,2,1,0,0,0,0
2025,2025-05-19,Dominique Malonga,Storm,C,1,2,1,0,0,0,1,1
2025,2025-05-19,Erica Wheeler,Storm,G,11,3,1,0,0,1,0,0
2025,2025-05-19,Myisha Hines-Allen,Wings,F,26,4,9,6,1,2,3,4
2025,2025-05-19,NaLyssa Smith,Wings,F,18,12,4,0,0,0,2,3
2025,2025-05-19,Arike Ogunbowale,Wings,G,27,8,2,0,0,0,0,1
2025,2025-05-19,DiJonai Carrington,Wings,G,19,4,4,0,1,0,2,0
2025,2025-05-19,Paige Bueckers,Wings,G,37,19,6,8,2,1,3,5
2025,2025-05-19,Maddy Siegrist,Wings,F,29,12,4,0,0,0,0,1
2025,2025-05-19,Teaira McCowan,Wings,C,15,10,9,1,1,3,0,2
2025,2025-05-19,Tyasha Harris,Wings,G,22,2,1,3,0,1,3,1
2025,2025-05-19,Kaila Charles,Wings,G,7,0,5,1,0,0,1,1
2025,2025-05-19,JJ Quinerly,Wings,G,1,0,0,0,1,0,0,1
2025,2025-05-18,Bridget Carleton,Lynx,F,40,8,7,4,3,0,0,2
2025,2025-05-18,Alanna Smith,Lynx,F,17,18,3,3,0,2,1,3
2025,2025-05-18,Napheesa Collier,Lynx,F,33,23,6,1,2,1,3,2
2025,2025-05-18,Courtney Williams,Lynx,G,30,13,5,10,1,0,0,1
2025,2025-05-18,Karlie Samuelson,Lynx,G,28,6,1,3,0,0,2,5
2025,2025-05-18,Jessica Shepard,Lynx,F,30,11,10,3,0,0,1,3
2025,2025-05-18,Diamond Miller,Lynx,F,6,2,0,0,0,0,0,1
2025,2025-05-18,Anastasiia Olairi Kosu,Lynx,F,0,0,0,0,0,0,0,0
2025,2025-05-18,Marieme Badiane,Lynx,C,4,0,1,0,1,0,1,2
2025,2025-05-18,Natisha Hiedeman,Lynx,G,13,8,1,3,0,0,0,2
2025,2025-05-18,Dearica Hamby,Sparks,F,35,20,10,2,0,0,2,3
2025,2025-05-18,Azura Stevens,Sparks,F,34,21,6,1,2,1,0,2
2025,2025-05-18,Rickea Jackson,Sparks,F,23,8,3,1,0,0,3,1
2025,2025-05-18,Odyssey Sims,Sparks,G,35,2,4,3,0,0,1,2
2025,2025-05-18,Kelsey Plum,Sparks,G,34,18,2,5,1,0,3,6
2025,2025-05-18,Mercedes Russell,Sparks,C,14,0,1,2,0,1,0,0
2025,2025-05-18,Sarah Ashlee Barker,Sparks,G,24,6,3,1,1,1,2,5
2025,2025-05-18,Kiki Iriafen,Mystics,F,31,17,14,0,0,1,3,5
2025,2025-05-18,Stefanie Dolson,Mystics,C,26,3,0,0,1,0,1,4
2025,2025-05-18,Brittney Sykes,Mystics,G,35,27,2,7,2,1,4,6
2025,2025-05-18,Sug Sutton,Mystics,G,27,6,2,2,0,0,1,2
2025,2025-05-18,Sonia Citron,Mystics,G,24,15,1,3,2,1,1,4
2025,2025-05-18,Emily Engstler,Mystics,F,11,3,5,1,1,0,1,2
2025,2025-05-18,Sika Kone,Mystics,F,4,0,2,0,0,0,0,0
2025,2025-05-18,Shakira Austin,Mystics,C,7,4,3,0,0,0,0,3
2025,2025-05-18,Lucy Olsen,Mystics,G,10,0,1,0,0,0,2,1
2025,2025-05-18,Jade Melbourne,Mystics,G,25,15,2,4,0,1,1,5
2025,2025-05-18,Tina Charles,Sun,C,32,23,10,2,3,2,0,1
2025,2025-05-18,Olivia Nelson-Ododa,Sun,C,25,18,8,0,0,0,0,4
2025,2025-05-18,Lindsay Allen,Sun,G,24,6,1,8,0,2,0,1
2025,2025-05-18,Marina Mabrey,Sun,G,35,11,4,3,0,1,3,5
2025,2025-05-18,Jacy Sheldon,Sun,G,30,11,2,0,0,0,1,6
2025,2025-05-18,Haley Peters,Sun,F,17,3,4,1,0,0,3,5
2025,2025-05-18,Robyn Parks,Sun,F,11,0,0,0,0,0,0,1
2025,2025-05-18,Kariata Diaby,Sun,C,7,2,0,0,1,0,2,3
2025,2025-05-18,Bria Hartley,Sun,G,19,11,4,3,2,0,3,2
2025,2025-05-17,Alysha Clark,Storm,F,20,0,3,0,1,0,2,4
2025,2025-05-17,Nneka Ogwumike,Storm,F,24,12,7,0,2,0,2,4
2025,2025-05-17,Gabby Williams,Storm,F,32,4,0,4,2,2,1,0
2025,2025-05-17,Ezi Magbegor,Storm,F,22,2,8,0,0,2,0,2
2025,2025-05-17,Skylar Diggins,Storm,G,29,21,3,4,4,1,4,2
2025,2025-05-17,Li Yueru,Storm,C,22,6,4,4,0,0,0,2
2025,2025-05-17,Dominique Malonga,Storm,C,10,2,0,0,0,0,0,1
2025,2025-05-17,Erica Wheeler,Storm,G,17,6,2,2,0,0,0,1
2025,2025-05-17,Lexie Brown,Storm,G,11,0,1,2,1,0,1,2
2025,2025-05-17,Zia Cooke,Storm,G,13,6,1,0,0,0,2,0
2025,2025-05-17,Alyssa Thomas,Mercury,F,30,20,7,6,2,0,3,3
2025,2025-05-17,Kathryn Westbeld,Mercury,F,22,9,5,1,1,0,0,0
2025,2025-05-17,Satou Sabally,Mercury,F,26,27,6,1,1,2,2,3
2025,2025-05-17,Sami Whitcomb,Mercury,G,19,6,3,2,1,0,2,3
2025,2025-05-17,Monique Akoa Makani,Mercury,G,17,2,1,1,1,0,1,4
2025,2025-05-17,Alexis Prince,Mercury,F,22,2,8,1,0,0,3,1
2025,2025-05-17,Kalani Brown,Mercury,C,20,4,4,2,0,2,1,4
2025,2025-05-17,Lexi Held,Mercury,G,22,11,2,3,2,0,2,1
2025,2025-05-17,Sevgi Uzun,Mercury,G,22,0,2,3,0,1,0,3
2025,2025-05-17,Angel Reese,Sky,F,25,12,17,1,0,0,5,3
2025,2025-05-17,Kamilla Cardoso,Sky,C,22,7,7,2,0,2,2,4
2025,2025-05-17,Courtney Vandersloot,Sky,G,29,4,4,5,1,0,2,1
2025,2025-05-17,Kia Nurse,Sky,G,20,4,0,1,0,0,0,2
2025,2025-05-17,Ariel Atkins,Sky,G,22,11,4,2,2,1,2,2
2025,2025-05-17,Michaela Onyenwere,Sky,F,17,0,1,2,0,0,1,4
2025,2025-05-17,Maddy Westbeld,Sky,F,4,0,0,1,0,0,0,0
2025,2025-05-17,Elizabeth Williams,Sky,C,19,1,7,1,1,2,2,4
2025,2025-05-17,Rachel Banham,Sky,G,19,8,0,1,0,2,1,0
2025,2025-05-17,Rebecca Allen,Sky,G,19,7,2,1,1,0,1,2
2025,2025-05-17,Hailey Van Lith,Sky,G,4,4,0,0,0,0,1,0
2025,2025-05-17,DeWanna Bonner,Fever,F,27,7,3,2,2,0,0,0
2025,2025-05-17,Natasha Howard,Fever,F,29,15,5,2,3,1,4,3
2025,2025-05-17,Aliyah Boston,Fever,C,27,19,13,0,0,5,0,3
2025,2025-05-17,Kelsey Mitchell,Fever,G,30,15,1,2,1,0,0,1
2025,2025-05-17,Caitlin Clark,Fever,G,32,20,10,10,2,4,3,3
2025,2025-05-17,Brianna Turner,Fever,F,6,0,3,2,0,0,0,1
2025,2025-05-17,Makayla Timpson,Fever,F,3,4,1,0,0,0,1,0
2025,2025-05-17,Damiris Dantas,Fever,C,11,2,0,0,0,0,0,1
2025,2025-05-17,Sydney Colson,Fever,G,13,2,1,1,3,0,1,2
2025,2025-05-17,Lexie Hull,Fever,G,23,9,9,0,2,0,1,1
2025,2025-05-17,Kiah Stokes,Aces,C,18,0,7,1,0,0,0,3
2025,2025-05-17,A'ja Wilson,Aces,C,36,31,16,3,2,1,4,2
2025,2025-05-17,Chelsea Gray,Aces,G,35,12,3,4,2,0,2,5
2025,2025-05-17,Jewell Loyd,Aces,G,31,5,4,2,0,0,1,4
2025,2025-05-17,Jackie Young,Aces,G,33,16,5,5,0,0,3,1
2025,2025-05-17,Kierstan Bell,Aces,F,5,2,2,0,0,0,0,0
2025,2025-05-17,Elizabeth Kitley,Aces,C,1,2,0,0,0,0,0,0
2025,2025-05-17,Tiffany Mitchell,Aces,G,17,0,2,0,0,0,0,1
2025,2025-05-17,Dana Evans,Aces,G,19,10,1,3,0,1,0,2
2025,2025-05-17,Aaliyah Nye,Aces,G,4,0,1,0,0,0,0,2
2025,2025-05-17,Breanna Stewart,Liberty,F,27,25,8,3,0,1,0,2
2025,2025-05-17,Leonie Fiebich,Liberty,F,30,2,4,1,3,1,2,3
2025,2025-05-17,Jonquel Jones,Liberty,C,30,17,10,6,0,1,2,3
2025,2025-05-17,Natasha Cloud,Liberty,G,33,22,6,9,3,2,2,4
2025,2025-05-17,Sabrina Ionescu,Liberty,G,31,8,7,4,0,0,0,0
2025,2025-05-17,Isabelle Harrison,Liberty,F,1,0,0,0,0,0,0,0
2025,2025-05-17,Nyara Sabally,Liberty,F,11,6,5,1,0,0,0,2
2025,2025-05-17,Rebekah Gardner,Liberty,G,4,0,1,0,0,0,0,0
2025,2025-05-17,Kennedy Burke,Liberty,G,17,10,1,1,1,1,0,2
2025,2025-05-17,Marine Johannes,Liberty,G,15,2,1,1,0,1,0,0
2025,2025-05-17,Jaylyn Sherrod,Liberty,G,1,0,0,1,0,0,0,0
2025,2025-05-17,Marquesha Davis,Liberty,G,1,0,0,0,0,0,0,0
2025,2025-05-16,Dearica Hamby,Sparks,F,36,14,10,1,3,0,2,3
2025,2025-05-16,Azura Stevens,Sparks,F,32,11,5,0,4,2,0,2
2025,2025-05-16,Rickea Jackson,Sparks,F,35,13,5,3,1,1,4,2
2025,2025-05-16,Odyssey Sims,Sparks,G,31,7,1,6,2,1,0,3
2025,2025-05-16,Kelsey Plum,Sparks,G,40,37,2,6,5,0,2,2
2025,2025-05-16,Mercedes Russell,Sparks,C,12,0,2,2,1,0,1,1
2025,2025-05-16,Rae Burrell,Sparks,G,1,0,0,0,0,0,0,1
2025,2025-05-16,Sarah Ashlee Barker,Sparks,G,14,2,2,1,0,0,2,0
2025,2025-05-16,Kayla Thornton,Valkyries,F,34,6,4,1,1,0,1,2
2025,2025-05-16,Temi Fagbenle,Valkyries,C,32,15,5,4,2,0,1,3
2025,2025-05-16,Tiffany Hayes,Valkyries,G,30,19,9,1,1,1,4,4
2025,2025-05-16,Kate Martin,Valkyries,G,21,2,0,1,0,0,1,0
2025,2025-05-16,Veronica Burton,Valkyries,G,17,2,2,3,2,0,1,0
2025,2025-05-16,Monique Billings,Valkyries,F,23,7,8,0,0,1,2,1
2025,2025-05-16,Kyara Linskens,Valkyries,C,4,0,0,0,1,0,1,1
2025,2025-05-16,Julie Vanloo,Valkyries,G,27,14,4,2,1,0,6,3
2025,2025-05-16,Carla Leite,Valkyries,G,12,2,1,1,0,0,3,2
2025,2025-05-16,Brionna Jones,Dream,F,34,16,10,5,0,1,2,4
2025,2025-05-16,Brittney Griner,Dream,C,28,18,8,1,0,1,2,2
2025,2025-05-16,Allisha Gray,Dream,G,36,25,8,7,1,0,2,4
2025,2025-05-16,Rhyne Howard,Dream,G,37,11,2,6,1,0,4,3
2025,2025-05-16,Te-Hina Paopao,Dream,G,25,7,3,4,1,0,2,4
2025,2025-05-16,Nia Coffey,Dream,F,14,10,4,0,0,0,1,0
2025,2025-05-16,Naz Hillmon,Dream,F,2,0,0,0,0,0,0,0
2025,2025-05-16,Shatori Walker-Kimbrough,Dream,G,16,3,0,1,0,0,0,3
2025,2025-05-16,Maya Caldwell,Dream,G,7,0,2,0,1,0,1,2
2025,2025-05-16,Kiki Iriafen,Mystics,F,28,14,4,2,0,0,0,6
2025,2025-05-16,Stefanie Dolson,Mystics,C,27,6,3,3,1,2,0,3
2025,2025-05-16,Brittney Sykes,Mystics,G,37,22,3,5,1,1,1,5
2025,2025-05-16,Sug Sutton,Mystics,G,30,13,1,2,3,0,2,0
2025,2025-05-16,Sonia Citron,Mystics,G,24,19,2,2,0,0,1,4
2025,2025-05-16,Emily Engstler,Mystics,F,13,5,5,1,0,1,1,1
2025,2025-05-16,Sika Kone,Mystics,F,12,2,3,1,0,0,2,2
2025,2025-05-16,Lucy Olsen,Mystics,G,8,2,0,1,0,0,0,2
2025,2025-05-16,Jade Melbourne,Mystics,G,22,11,5,1,2,0,0,2
2025,2025-05-16,Jessica Shepard,Lynx,F,29,15,8,3,1,0,3,4
2025,2025-05-16,Bridget Carleton,Lynx,F,30,3,7,1,1,0,0,1
2025,2025-05-16,Napheesa Collier,Lynx,F,32,34,4,4,0,0,2,4
2025,2025-05-16,Courtney Williams,Lynx,G,28,25,4,9,0,0,0,3
2025,2025-05-16,Karlie Samuelson,Lynx,G,25,5,3,3,0,0,0,0
2025,2025-05-16,Diamond Miller,Lynx,F,20,13,0,3,2,0,2,1
2025,2025-05-16,Alissa Pili,Lynx,F,11,0,4,2,0,0,3,1
2025,2025-05-16,Anastasiia Olairi Kosu,Lynx,F,3,0,0,0,0,0,1,0
2025,2025-05-16,Marieme Badiane,Lynx,C,5,0,0,0,0,0,1,3
2025,2025-05-16,Natisha Hiedeman,Lynx,G,17,4,1,2,1,0,1,4
2025,2025-05-16,Myisha Hines-Allen,Wings,F,27,11,6,2,0,1,4,2
2025,2025-05-16,NaLyssa Smith,Wings,F,18,6,4,0,0,0,0,3
2025,2025-05-16,Arike Ogunbowale,Wings,G,28,16,2,4,1,0,3,1
2025,2025-05-16,DiJonai Carrington,Wings,G,26,15,3,1,1,0,1,4
2025,2025-05-16,Paige Bueckers,Wings,G,30,10,7,2,0,1,2,3
2025,2025-05-16,Maddy Siegrist,Wings,F,31,11,2,1,2,0,1,2
2025,2025-05-16,Teaira McCowan,Wings,C,5,0,3,0,0,0,1,4
2025,2025-05-16,Tyasha Harris,Wings,G,14,5,2,3,0,0,0,1
2025,2025-05-16,Kaila Charles,Wings,G,12,8,4,0,3,0,1,0
2025,2025-05-16,Aziaha James,Wings,G,6,0,0,1,1,0,0,1
2025,2025-05-16,JJ Quinerly,Wings,G,3,2,0,1,0,0,1,0
2026,2026-09-17,Aaliyah Edwards,Sun,F,16,7,4,1,0,0,1,4
2026,2026-09-17,Olivia Nelson-Ododa,Sun,C,16,13,4,2,0,0,1,1
2026,2026-09-17,Saniya Rivers,Sun,G,34,9,9,1,1,3,2,1
2026,2026-09-17,Charlisse Leger-Walker,Sun,G,23,4,1,3,1,1,2,2
2026,2026-09-17,Gianna Kneepkens,Sun,G,20,0,2,1,0,0,0,3
2026,2026-09-17,Raegan Beers,Sun,F,18,9,2,2,1,2,3,5
2026,2026-09-17,Nell Angloma,Sun,F,22,6,1,2,0,0,0,1
2026,2026-09-17,Hailey Van Lith,Sun,G,19,2,0,2,0,0,3,0
2026,2026-09-17,Ashlon Jackson,Sun,G,31,9,5,2,0,0,2,2
2026,2026-09-17,Naz Hillmon,Dream,F,22,9,6,3,1,0,0,1
2026,2026-09-17,Angel Reese,Dream,F,25,30,10,3,0,2,1,2
2026,2026-09-17,Allisha Gray,Dream,G,22,10,6,5,0,0,0,2
2026,2026-09-17,Jordin Canada,Dream,G,21,5,0,1,2,0,0,0
2026,2026-09-17,Rhyne Howard,Dream,G,28,10,6,8,4,1,1,3
2026,2026-09-17,DeWanna Bonner,Dream,F,11,2,5,1,0,0,0,1
2026,2026-09-17,Sika Kone,Dream,F,7,5,2,1,0,0,0,1
2026,2026-09-17,Madina Okot,Dream,C,15,10,3,1,1,0,1,2
2026,2026-09-17,Shatori Walker-Kimbrough,Dream,G,7,4,0,2,0,0,1,0
2026,2026-09-17,Te-Hina Paopao,Dream,G,21,10,2,2,0,0,0,0
2026,2026-09-17,Indya Nivar,Dream,G,5,5,0,0,0,0,0,1
2026,2026-09-17,Isobel Borlase,Dream,G,17,3,2,3,1,0,0,0
2026,2026-09-17,Michaela Onyenwere,Mystics,F,21,12,2,4,0,0,1,2
2026,2026-09-17,Kiki Iriafen,Mystics,F,24,18,11,0,1,1,1,4
2026,2026-09-17,Shakira Austin,Mystics,C,29,20,7,3,1,1,1,1
2026,2026-09-17,Cotie McMahon,Mystics,G,20,11,4,4,1,0,0,1
2026,2026-09-17,Georgia Amoore,Mystics,G,23,12,1,5,1,0,0,4
2026,2026-09-17,Angela Dugalic,Mystics,F,4,2,2,1,0,0,0,1
2026,2026-09-17,Lauren Betts,Mystics,C,24,9,8,2,0,1,1,2
2026,2026-09-17,Betnijah Laney-Hamilton,Mystics,G,18,4,2,2,1,0,1,1
2026,2026-09-17,Rori Harmon,Mystics,G,4,0,0,3,0,0,0,0
2026,2026-09-17,Lucy Olsen,Mystics,G,4,3,0,0,1,0,1,0
2026,2026-09-17,Darianna Littlepage-Buggs,Mystics,G,4,5,1,0,0,0,0,0
2026,2026-09-17,Cassandre Prosper,Mystics,G,12,6,1,1,0,0,1,3
2026,2026-09-17,Alicia Florez,Mystics,G,13,8,1,2,2,0,1,1
2026,2026-09-17,Azura Stevens,Sky,F,21,6,3,0,1,2,1,2
2026,2026-09-17,Kamilla Cardoso,Sky,C,23,10,7,2,0,0,4,6
2026,2026-09-17,Courtney Vandersloot,Sky,G,23,14,3,5,0,0,2,1
2026,2026-09-17,Natasha Cloud,Sky,G,14,2,1,2,0,0,0,0
2026,2026-09-17,Sydney Taylor,Sky,G,20,12,0,4,0,0,2,0
2026,2026-09-17,Elizabeth Williams,Sky,C,21,5,4,1,1,2,0,2
2026,2026-09-17,Rachel Banham,Sky,G,20,10,0,0,0,0,1,1
2026,2026-09-17,Jacy Sheldon,Sky,G,20,2,4,2,1,0,2,2
2026,2026-09-17,Aicha Coulibaly,Sky,G,15,9,2,1,0,0,1,2
2026,2026-09-17,Gabriela Jaquez,Sky,G,24,10,3,0,0,0,3,4
2026,2026-09-17,Nneka Ogwumike,Sparks,F,29,18,7,4,1,0,1,2
2026,2026-09-17,Dearica Hamby,Sparks,F,21,14,4,1,2,1,0,0
2026,2026-09-17,Erica Wheeler,Sparks,G,12,3,0,4,1,0,1,0
2026,2026-09-17,Ariel Atkins,Sparks,G,23,4,3,1,2,0,1,2
2026,2026-09-17,Rae Burrell,Sparks,G,24,12,1,4,0,0,2,1
2026,2026-09-17,Cameron Brink,Sparks,F,24,9,5,1,2,4,2,2
2026,2026-09-17,Shyanne Sellers,Sparks,G,9,4,2,0,1,0,0,2
2026,2026-09-17,Tonie Morgan,Sparks,G,20,7,0,4,3,0,2,1
2026,2026-09-17,Aaliyah Nye,Sparks,G,14,6,3,1,0,0,1,0
2026,2026-09-17,Monique Akoa Makani,Sparks,G,26,0,2,2,1,1,3,2
2026,2026-09-17,Jessica Shepard,Wings,F,28,13,11,12,1,0,3,2
2026,2026-09-17,Maddy Siegrist,Wings,F,23,12,2,1,1,1,0,3
2026,2026-09-17,Awak Kuier,Wings,F,22,7,5,1,0,6,3,3
2026,2026-09-17,Arike Ogunbowale,Wings,G,27,11,3,4,2,0,2,0
2026,2026-09-17,Paige Bueckers,Wings,G,26,19,6,3,2,0,4,2
2026,2026-09-17,Alysha Clark,Wings,F,10,9,2,1,1,1,0,2
2026,2026-09-17,Li Yueru,Wings,C,12,4,6,0,0,1,0,0
2026,2026-09-17,Odyssey Sims,Wings,G,9,2,1,3,0,0,2,0
2026,2026-09-17,Kitija Laksa,Wings,G,15,10,4,0,0,1,1,2
2026,2026-09-17,Christyn Williams,Wings,G,6,0,1,1,0,1,0,0
2026,2026-09-17,Aziaha James,Wings,G,17,10,1,1,2,0,2,2
2026,2026-09-17,Haley Jones,Wings,G,5,0,4,4,0,0,1,0
2026,2026-09-17,Alyssa Thomas,Mercury,F,31,18,8,6,1,0,5,3
2026,2026-09-17,Natasha Mack,Mercury,F,27,11,5,1,3,2,1,1
2026,2026-09-17,Noemie Brochant,Mercury,F,34,14,3,6,1,1,3,1
2026,2026-09-17,Sami Whitcomb,Mercury,G,26,11,2,4,1,1,0,4
2026,2026-09-17,Lexi Held,Mercury,G,17,12,1,1,0,0,3,6
2026,2026-09-17,Maddy Westbeld,Mercury,F,9,0,2,0,0,1,2,1
2026,2026-09-17,Marta Suarez,Mercury,F,13,0,2,1,1,0,0,3
2026,2026-09-17,Saylor Poffenbarger,Mercury,G,8,3,2,0,1,0,1,0
2026,2026-09-17,Shay Ciezki,Mercury,G,21,22,2,3,2,0,1,6
2026,2026-09-17,Kara Dunn,Mercury,G,13,3,2,1,0,0,1,0
2026,2026-09-17,Emily Engstler,Fire,F,29,21,7,5,1,1,1,6
2026,2026-09-17,Nyadiew Puoch,Fire,F,29,9,3,0,1,0,1,3
2026,2026-09-17,Serah Williams,Fire,C,28,10,7,0,1,2,0,5
2026,2026-09-17,Karlie Samuelson,Fire,G,28,14,1,2,1,0,1,4
2026,2026-09-17,Jordan Harrison,Fire,G,28,8,2,10,1,0,6,3
2026,2026-09-17,Amy Okonkwo,Fire,F,18,9,2,0,4,0,2,1
2026,2026-09-17,Frieda Buhner,Fire,F,17,2,0,1,1,0,1,1
2026,2026-09-17,Holly Winterburn,Fire,G,22,18,3,2,2,0,5,1
2026,2026-09-17,Stephanie Talbot,Aces,F,16,8,3,5,0,0,1,1
2026,2026-09-17,Brianna Turner,Aces,F,20,0,1,0,1,1,2,2
2026,2026-09-17,A'ja Wilson,Aces,C,29,29,7,5,1,2,0,3
2026,2026-09-17,Chelsea Gray,Aces,G,26,5,9,6,0,0,1,2
2026,2026-09-17,Jackie Young,Aces,G,29,35,1,5,0,0,5,2
2026,2026-09-17,Cheyenne Parker-Tyus,Aces,F,17,9,7,1,1,3,0,3
2026,2026-09-17,Kierstan Bell,Aces,F,3,0,0,0,0,0,2,0
2026,2026-09-17,Kalani Brown,Aces,C,9,10,3,1,1,0,1,3
2026,2026-09-17,Jewell Loyd,Aces,G,20,8,2,2,2,0,0,1
2026,2026-09-17,Dana Evans,Aces,G,14,10,1,3,1,0,1,1
2026,2026-09-17,Justine Pissott,Aces,G,3,0,0,0,0,0,0,0
2026,2026-09-17,Mai Yamamoto,Aces,G,15,0,4,1,0,0,0,3
2026,2026-09-17,Dominique Malonga,Storm,C,22,10,6,1,2,1,2,1
2026,2026-09-17,Awa Fam,Storm,C,26,5,9,2,0,1,1,3
2026,2026-09-17,Natisha Hiedeman,Storm,G,32,12,1,7,1,0,3,1
2026,2026-09-17,Zia Cooke,Storm,G,12,4,0,2,0,0,0,2
2026,2026-09-17,Flau'jae Johnson,Storm,G,32,25,2,1,0,0,2,4
2026,2026-09-17,Mackenzie Holmes,Storm,F,10,4,2,0,1,0,0,0
2026,2026-09-17,Taylor Thierry,Storm,F,27,4,4,0,0,0,0,3
2026,2026-09-17,Stefanie Dolson,Storm,C,22,11,3,1,0,1,2,5
2026,2026-09-17,Jaylyn Sherrod,Storm,G,18,2,1,3,5,0,3,2
2026,2026-08-30,Natasha Howard,Lynx,F,31,9,7,7,4,2,4,2
2026,2026-08-30,Napheesa Collier,Lynx,F,35,17,7,2,2,1,1,2
2026,2026-08-30,Kayla McBride,Lynx,G,37,17,3,3,3,0,0,2
2026,2026-08-30,Courtney Williams,Lynx,G,31,11,3,4,3,0,3,4
2026,2026-08-30,Olivia Miles,Lynx,G,30,21,5,0,1,0,2,3
2026,2026-08-30,Nia Brodie,Lynx,F,18,0,4,1,1,0,0,1
2026,2026-08-30,Chloe Bibby,Lynx,F,6,2,1,0,0,1,1,0
2026,2026-08-30,Liatu King,Lynx,F,1,2,0,0,0,0,0,0
2026,2026-08-30,Anastasiia Olairi Kosu,Lynx,F,1,0,0,0,0,0,0,0
2026,2026-08-30,Maya Caldwell,Lynx,G,10,2,2,0,0,0,0,0
2026,2026-08-30,Eliska Joklova,Lynx,G,1,0,0,0,0,0,0,0
2026,2026-08-30,Naz Hillmon,Dream,F,30,7,3,1,0,0,4,0
2026,2026-08-30,Angel Reese,Dream,F,33,15,11,2,2,1,5,5
2026,2026-08-30,Allisha Gray,Dream,G,35,23,11,2,3,0,2,2
2026,2026-08-30,Jordin Canada,Dream,G,36,16,4,10,0,1,2,2
2026,2026-08-30,Rhyne Howard,Dream,G,35,16,1,3,2,1,0,3
2026,2026-08-30,DeWanna Bonner,Dream,F,17,7,4,2,1,0,2,1
2026,2026-08-30,Sika Kone,Dream,F,1,0,0,0,0,0,0,0
2026,2026-08-30,Madina Okot,Dream,C,1,0,0,0,0,0,0,0
2026,2026-08-30,Shatori Walker-Kimbrough,Dream,G,1,0,0,0,0,0,0,0
2026,2026-08-30,Te-Hina Paopao,Dream,G,4,0,0,1,0,0,0,1
2026,2026-08-30,Isobel Borlase,Dream,G,8,5,3,0,0,0,3,0
2026,2026-08-30,Nneka Ogwumike,Sparks,F,29,23,12,3,2,0,1,0
2026,2026-08-30,Dearica Hamby,Sparks,F,24,6,11,2,4,0,2,2
2026,2026-08-30,Erica Wheeler,Sparks,G,19,9,0,4,1,1,0,2
2026,2026-08-30,Ariel Atkins,Sparks,G,17,4,2,2,1,1,0,3
2026,2026-08-30,Rae Burrell,Sparks,G,28,22,4,3,1,0,4,1
2026,2026-08-30,Cameron Brink,Sparks,F,28,11,6,2,1,2,4,3
2026,2026-08-30,Tonie Morgan,Sparks,G,17,3,2,4,1,0,2,2
2026,2026-08-30,Chance Gray,Sparks,G,17,6,0,1,1,0,0,1
2026,2026-08-30,Monique Akoa Makani,Sparks,G,22,6,3,2,0,1,3,2
2026,2026-08-30,Ezi Magbegor,Storm,F,28,9,5,1,3,1,2,2
2026,2026-08-30,Jordan Horston,Storm,F,13,3,4,1,2,0,2,2
2026,2026-08-30,Dominique Malonga,Storm,C,34,17,15,3,0,2,1,0
2026,2026-08-30,Flau'jae Johnson,Storm,G,29,19,3,2,1,0,5,5
2026,2026-08-30,Jade Melbourne,Storm,G,22,5,1,3,1,0,1,0
2026,2026-08-30,Katie Lou Samuelson,Storm,F,17,4,0,2,1,0,0,2
2026,2026-08-30,Mackenzie Holmes,Storm,F,3,3,2,0,0,0,1,2
2026,2026-08-30,Taylor Thierry,Storm,F,12,0,4,0,0,0,0,0
2026,2026-08-30,Stefanie Dolson,Storm,C,14,0,5,3,0,0,1,5
2026,2026-08-30,Zia Cooke,Storm,G,26,14,4,2,3,1,3,1
2026,2026-08-30,Taina Mair,Storm,G,2,0,0,0,0,0,0,0
2026,2026-08-30,Kayla Thornton,Valkyries,F,25,17,2,2,1,1,0,2
2026,2026-08-30,Kiah Stokes,Valkyries,C,12,0,1,1,0,0,0,0
2026,2026-08-30,Tiffany Hayes,Valkyries,G,21,18,6,3,2,0,2,2
2026,2026-08-30,Kaila Charles,Valkyries,G,30,11,8,5,1,1,3,3
2026,2026-08-30,Veronica Burton,Valkyries,G,29,11,6,6,2,1,1,0
2026,2026-08-30,Laeticia Amihere,Valkyries,F,21,8,2,1,2,0,3,2
2026,2026-08-30,Ashten Prechtel,Valkyries,F,5,0,0,0,0,1,0,1
2026,2026-08-30,Nadia Fingall,Valkyries,C,4,2,2,0,0,0,0,0
2026,2026-08-30,Miela Sowah,Valkyries,G,4,2,1,0,0,0,0,0
2026,2026-08-30,Kaitlyn Chen,Valkyries,G,27,15,1,1,1,0,1,2
2026,2026-08-30,Juste Jocyte,Valkyries,G,21,2,2,1,0,0,1,0
2026,2026-08-30,Bridget Carleton,Fire,F,30,11,5,0,0,0,2,3
2026,2026-08-30,Emily Engstler,Fire,F,23,12,4,1,2,0,4,1
2026,2026-08-30,Nyadiew Puoch,Fire,F,22,6,3,2,0,1,0,3
2026,2026-08-30,Megan DiLeo,Fire,C,24,12,3,1,0,0,1,1
2026,2026-08-30,Teja Oblak,Fire,G,22,5,4,7,1,0,3,1
2026,2026-08-30,Amy Okonkwo,Fire,F,10,6,0,0,0,0,0,0
2026,2026-08-30,Serah Williams,Fire,C,14,8,5,0,0,0,0,1
2026,2026-08-30,Karlie Samuelson,Fire,G,16,0,2,1,3,0,0,2
2026,2026-08-30,Holly Winterburn,Fire,G,19,2,1,1,1,0,0,3
2026,2026-08-30,Jordan Harrison,Fire,G,18,7,2,6,1,0,5,2
2026,2026-08-30,Aaliyah Edwards,Sun,F,28,26,6,0,2,0,2,5
2026,2026-08-30,Diamond Miller,Sun,F,31,8,4,1,1,1,1,3
2026,2026-08-30,Nell Angloma,Sun,F,21,2,6,4,0,0,1,4
2026,2026-08-30,Saniya Rivers,Sun,G,26,8,3,4,1,0,1,1
2026,2026-08-30,Charlisse Leger-Walker,Sun,G,29,17,0,5,0,1,1,2
2026,2026-08-30,Raegan Beers,Sun,F,22,4,5,0,1,0,1,5
2026,2026-08-30,Hailey Van Lith,Sun,G,17,4,2,2,1,0,0,0
2026,2026-08-30,Gianna Kneepkens,Sun,G,12,2,3,0,0,0,0,3
2026,2026-08-30,Ashlon Jackson,Sun,G,14,0,0,0,0,1,0,0
2026,2026-08-30,Jessica Shepard,Wings,F,25,17,10,4,1,0,5,2
2026,2026-08-30,Alanna Smith,Wings,F,17,7,2,0,0,0,0,4
2026,2026-08-30,Awak Kuier,Wings,F,20,4,8,1,0,3,0,2
2026,2026-08-30,Arike Ogunbowale,Wings,G,23,18,4,3,0,0,0,0
2026,2026-08-30,Paige Bueckers,Wings,G,25,15,2,6,1,0,1,1
2026,2026-08-30,Alysha Clark,Wings,F,19,8,5,1,0,0,0,3
2026,2026-08-30,Maddy Siegrist,Wings,F,16,11,2,1,0,0,0,3
2026,2026-08-30,Li Yueru,Wings,C,13,3,2,1,0,2,3,2
2026,2026-08-30,Odyssey Sims,Wings,G,3,0,0,0,0,0,0,0
2026,2026-08-30,Sug Sutton,Wings,G,11,2,3,1,0,0,0,2
2026,2026-08-30,Christyn Williams,Wings,G,5,1,1,0,0,0,0,0
2026,2026-08-30,Aziaha James,Wings,G,13,9,2,2,3,0,1,1
2026,2026-08-30,Haley Jones,Wings,G,7,2,0,0,0,0,0,0
2026,2026-08-29,Azura Stevens,Sky,F,20,6,1,1,0,1,0,4
2026,2026-08-29,Kamilla Cardoso,Sky,C,20,9,4,3,0,2,1,2
2026,2026-08-29,Courtney Vandersloot,Sky,G,23,8,5,6,1,1,3,0
2026,2026-08-29,Natasha Cloud,Sky,G,21,14,0,1,1,0,0,2
2026,2026-08-29,Sydney Taylor,Sky,G,19,13,3,1,0,0,2,3
2026,2026-08-29,Elizabeth Williams,Sky,C,20,4,5,0,1,0,2,1
2026,2026-08-29,Rachel Banham,Sky,G,20,3,4,3,1,0,1,3
2026,2026-08-29,Jacy Sheldon,Sky,G,19,5,1,3,0,0,1,3
2026,2026-08-29,Aicha Coulibaly,Sky,G,13,0,4,0,0,1,1,3
2026,2026-08-29,Morgan Maly,Sky,G,5,0,0,0,0,0,0,0
2026,2026-08-29,Gabriela Jaquez,Sky,G,21,4,2,0,0,0,0,2
2026,2026-08-29,Breanna Stewart,Liberty,F,27,13,9,1,2,2,1,1
2026,2026-08-29,Leonie Fiebich,Liberty,F,29,11,4,3,0,0,2,4
2026,2026-08-29,Jonquel Jones,Liberty,C,19,11,4,1,0,1,1,4
2026,2026-08-29,Sabrina Ionescu,Liberty,G,23,2,5,4,0,1,1,0
2026,2026-08-29,Pauline Astier,Liberty,G,25,8,3,3,1,1,3,3
2026,2026-08-29,Anneli Maley,Liberty,F,5,0,0,0,0,0,1,0
2026,2026-08-29,Raquel Carrera,Liberty,F,3,0,2,0,0,0,0,0
2026,2026-08-29,Han Xu,Liberty,C,17,19,5,1,0,2,0,1
2026,2026-08-29,Rebekah Gardner,Liberty,G,24,11,3,1,2,1,0,4
2026,2026-08-29,Rebecca Allen,Liberty,G,19,6,7,2,0,0,1,1
2026,2026-08-29,Marine Johannes,Liberty,G,4,0,1,0,0,0,1,1
2026,2026-08-29,Marine Fauthoux,Liberty,G,5,4,1,1,0,0,0,1
2026,2026-08-29,Isabelle Harrison,Tempo,F,27,16,10,2,1,1,2,1
2026,2026-08-29,Laura Juskaite,Tempo,F,27,10,4,1,0,0,3,2
2026,2026-08-29,Temi Fagbenle,Tempo,C,21,6,4,2,0,1,0,0
2026,2026-08-29,Kia Nurse,Tempo,G,18,2,1,1,1,0,1,0
2026,2026-08-29,Kiki Rice,Tempo,G,28,14,4,5,1,0,8,2
2026,2026-08-29,Teonni Key,Tempo,F,20,5,8,0,0,1,0,3
2026,2026-08-29,Kiana Williams,Tempo,G,22,6,0,3,1,0,1,1
2026,2026-08-29,Zaay Green,Tempo,G,16,5,0,0,0,0,1,1
2026,2026-08-29,Ornella Bankole,Tempo,G,21,5,1,3,0,0,0,2
2026,2026-08-29,Alyssa Thomas,Mercury,F,22,4,6,12,1,0,2,2
2026,2026-08-29,Natasha Mack,Mercury,F,19,8,8,1,1,0,1,1
2026,2026-08-29,Noemie Brochant,Mercury,F,25,15,2,2,4,0,1,1
2026,2026-08-29,Sami Whitcomb,Mercury,G,16,14,3,2,1,0,0,1
2026,2026-08-29,Lexi Held,Mercury,G,21,11,0,3,3,0,0,1
2026,2026-08-29,Maddy Westbeld,Mercury,F,22,12,4,1,1,0,0,3
2026,2026-08-29,Marta Suarez,Mercury,F,17,13,3,0,0,1,2,2
2026,2026-08-29,Saylor Poffenbarger,Mercury,G,14,0,2,0,0,0,0,2
2026,2026-08-29,Shay Ciezki,Mercury,G,26,15,5,5,1,2,1,3
2026,2026-08-29,Kara Dunn,Mercury,G,19,9,2,1,0,0,0,3
2026,2026-08-28,Bridget Carleton,Fire,F,33,4,6,3,2,0,0,2
2026,2026-08-28,Emily Engstler,Fire,F,30,25,6,1,4,4,1,4
2026,2026-08-28,Nyadiew Puoch,Fire,F,25,7,2,0,1,0,1,3
2026,2026-08-28,Megan DiLeo,Fire,C,27,16,5,0,0,0,1,1
2026,2026-08-28,Carla Leite,Fire,G,29,26,3,6,2,0,5,5
2026,2026-08-28,Amy Okonkwo,Fire,F,10,5,1,0,0,0,0,3
2026,2026-08-28,Serah Williams,Fire,C,13,0,2,0,0,2,1,1
2026,2026-08-28,Karlie Samuelson,Fire,G,9,0,2,0,0,0,0,1
2026,2026-08-28,Holly Winterburn,Fire,G,13,11,2,2,1,1,1,0
2026,2026-08-28,Jordan Harrison,Fire,G,11,7,1,4,1,0,1,4
2026,2026-08-28,Naz Hillmon,Dream,F,34,10,9,2,0,0,2,1
2026,2026-08-28,Angel Reese,Dream,F,38,16,16,6,2,0,4,2
2026,2026-08-28,Allisha Gray,Dream,G,35,11,0,3,1,1,2,4
2026,2026-08-28,Jordin Canada,Dream,G,32,11,1,6,0,2,5,5
2026,2026-08-28,Rhyne Howard,Dream,G,38,26,6,1,2,1,3,2
2026,2026-08-28,Sika Kone,Dream,F,2,0,0,0,0,0,0,0
2026,2026-08-28,Madina Okot,Dream,C,7,2,1,0,0,0,1,0
2026,2026-08-28,Shatori Walker-Kimbrough,Dream,G,2,0,0,0,0,0,0,0
2026,2026-08-28,Te-Hina Paopao,Dream,G,10,4,1,2,0,0,1,2
2026,2026-08-28,Isobel Borlase,Dream,G,4,3,0,0,0,0,0,0
2026,2026-08-28,Aaliyah Edwards,Sun,F,30,12,5,2,0,0,3,3
2026,2026-08-28,Diamond Miller,Sun,F,20,19,3,2,0,0,1,3
2026,2026-08-28,Raegan Beers,Sun,F,22,6,1,3,0,1,0,6
2026,2026-08-28,Saniya Rivers,Sun,G,31,9,2,5,1,0,1,1
2026,2026-08-28,Charlisse Leger-Walker,Sun,G,24,8,4,5,1,0,7,2
2026,2026-08-28,Nell Angloma,Sun,F,27,17,7,4,4,0,1,2
2026,2026-08-28,Hailey Van Lith,Sun,G,20,12,2,1,3,0,3,4
2026,2026-08-28,Gianna Kneepkens,Sun,G,14,5,2,0,0,0,0,1
2026,2026-08-28,Ashlon Jackson,Sun,G,10,3,0,0,0,0,0,1
2026,2026-08-28,Makayla Timpson,Fever,F,30,10,8,1,2,2,0,1
2026,2026-08-28,Aliyah Boston,Fever,C,25,14,2,2,2,3,2,2
2026,2026-08-28,Kelsey Mitchell,Fever,G,31,34,3,4,1,0,1,1
2026,2026-08-28,Lexie Hull,Fever,G,24,7,6,1,2,0,0,3
2026,2026-08-28,Caitlin Clark,Fever,G,34,34,5,12,3,0,5,4
2026,2026-08-28,Myisha Hines-Allen,Fever,F,4,0,2,0,0,0,1,0
2026,2026-08-28,Monique Billings,Fever,F,8,0,2,0,0,0,0,1
2026,2026-08-28,Grace VanSlooten,Fever,F,2,0,0,0,0,0,0,1
2026,2026-08-28,Mercedes Russell,Fever,C,13,3,3,1,1,0,0,3
2026,2026-08-28,Sophie Cunningham,Fever,G,14,1,2,0,1,1,3,1
2026,2026-08-28,Tyasha Harris,Fever,G,13,6,1,2,0,0,0,0
2026,2026-08-28,Raven Johnson,Fever,G,2,2,0,0,1,0,0,0
2026,2026-08-28,Bree Hall,Fever,G,2,0,0,0,0,0,0,0
2026,2026-08-28,Isabelle Harrison,Tempo,F,24,15,7,4,1,0,4,1
2026,2026-08-28,Laura Juskaite,Tempo,F,28,14,8,2,2,1,2,4
2026,2026-08-28,Temi Fagbenle,Tempo,C,21,0,6,0,2,0,3,3
2026,2026-08-28,Kia Nurse,Tempo,G,25,12,2,1,0,0,3,3
2026,2026-08-28,Kiki Rice,Tempo,G,27,10,1,4,0,0,1,3
2026,2026-08-28,Teonni Key,Tempo,F,24,3,6,3,0,1,1,3
2026,2026-08-28,Kiana Williams,Tempo,G,23,10,1,1,0,0,1,0
2026,2026-08-28,Zaay Green,Tempo,G,9,2,1,1,1,0,1,1
2026,2026-08-28,Ornella Bankole,Tempo,G,21,7,5,2,0,0,0,4
2026,2026-08-28,Stephanie Talbot,Aces,F,25,3,4,0,1,0,2,4
2026,2026-08-28,Brianna Turner,Aces,F,19,4,5,0,0,0,0,1
2026,2026-08-28,A'ja Wilson,Aces,C,30,27,8,2,1,2,2,1
2026,2026-08-28,Chelsea Gray,Aces,G,28,11,3,4,4,1,1,1
2026,2026-08-28,Jackie Young,Aces,G,26,23,4,8,1,0,0,1
2026,2026-08-28,Cheyenne Parker-Tyus,Aces,F,12,9,7,0,0,0,0,3
2026,2026-08-28,Kierstan Bell,Aces,F,4,3,1,0,0,0,1,1
2026,2026-08-28,Jewell Loyd,Aces,G,14,6,1,1,1,0,0,0
2026,2026-08-28,Dana Evans,Aces,G,16,4,0,3,1,0,1,0
2026,2026-08-28,Justine Pissott,Aces,G,4,0,1,0,0,1,0,0
2026,2026-08-28,Mai Yamamoto,Aces,G,22,3,4,2,1,0,0,2
2026,2026-08-28,Michaela Onyenwere,Mystics,F,22,6,0,1,0,0,2,0
2026,2026-08-28,Kiki Iriafen,Mystics,F,30,12,10,1,1,0,1,3
2026,2026-08-28,Shakira Austin,Mystics,C,29,19,10,3,0,1,4,3
2026,2026-08-28,Sonia Citron,Mystics,G,32,22,3,4,3,0,2,1
2026,2026-08-28,Georgia Amoore,Mystics,G,25,9,1,5,0,0,3,0
2026,2026-08-28,Angela Dugalic,Mystics,F,3,0,1,0,0,0,0,0
2026,2026-08-28,Lauren Betts,Mystics,C,18,6,4,2,0,1,0,1
2026,2026-08-28,Betnijah Laney-Hamilton,Mystics,G,18,6,2,3,0,0,1,3
2026,2026-08-28,Cotie McMahon,Mystics,G,13,0,2,0,0,0,2,2
2026,2026-08-28,Cassandre Prosper,Mystics,G,2,0,0,0,0,0,1,0
2026,2026-08-28,Alicia Florez,Mystics,G,8,2,1,1,0,0,0,2
2026,2026-08-28,Nneka Ogwumike,Sparks,F,30,24,4,5,4,0,2,0
2026,2026-08-28,Dearica Hamby,Sparks,F,24,9,4,1,0,0,0,3
2026,2026-08-28,Erica Wheeler,Sparks,G,21,8,3,8,0,1,3,2
2026,2026-08-28,Ariel Atkins,Sparks,G,27,4,3,3,3,0,0,5
2026,2026-08-28,Rae Burrell,Sparks,G,29,15,3,3,2,0,2,0
2026,2026-08-28,Cameron Brink,Sparks,F,26,13,5,2,0,2,2,2
2026,2026-08-28,Tonie Morgan,Sparks,G,11,5,1,0,0,0,0,0
2026,2026-08-28,Chance Gray,Sparks,G,10,0,0,2,0,0,0,0
2026,2026-08-28,Monique Akoa Makani,Sparks,G,21,10,0,4,1,2,0,5
2026,2026-08-27,Kayla Thornton,Valkyries,F,18,3,2,0,0,0,0,1
2026,2026-08-27,Gabby Williams,Valkyries,F,23,16,4,3,2,0,1,4
2026,2026-08-27,Cecilia Zandalasini,Valkyries,F,31,20,5,1,0,0,1,2
2026,2026-08-27,Kiah Stokes,Valkyries,C,26,2,9,4,1,1,0,2
2026,2026-08-27,Veronica Burton,Valkyries,G,27,8,2,13,1,0,0,1
2026,2026-08-27,Laeticia Amihere,Valkyries,F,2,0,0,0,0,0,0,0
2026,2026-08-27,Ashten Prechtel,Valkyries,F,2,3,2,0,0,0,1,0
2026,2026-08-27,Janelle Salaun,Valkyries,F,24,7,7,0,0,0,1,1
2026,2026-08-27,Nadia Fingall,Valkyries,C,2,0,0,0,0,0,1,0
2026,2026-08-27,Tiffany Hayes,Valkyries,G,13,12,2,0,0,1,1,2
2026,2026-08-27,Kaila Charles,Valkyries,G,18,6,5,0,0,0,0,2
2026,2026-08-27,Miela Sowah,Valkyries,G,2,0,1,0,0,0,0,1
2026,2026-08-27,Kaitlyn Chen,Valkyries,G,11,2,0,1,0,0,1,0
2026,2026-08-27,Juste Jocyte,Valkyries,G,2,0,0,1,0,0,0,0
2026,2026-08-27,Breanna Stewart,Liberty,F,33,16,6,2,0,1,0,1
2026,2026-08-27,Leonie Fiebich,Liberty,F,32,3,6,0,1,0,1,4
2026,2026-08-27,Jonquel Jones,Liberty,C,26,18,7,0,0,3,2,2
2026,2026-08-27,Sabrina Ionescu,Liberty,G,29,7,2,4,0,1,2,1
2026,2026-08-27,Pauline Astier,Liberty,G,24,4,3,3,0,0,2,2
2026,2026-08-27,Raquel Carrera,Liberty,F,3,0,0,0,1,0,0,0
2026,2026-08-27,Han Xu,Liberty,C,9,0,1,1,0,1,0,0
2026,2026-08-27,Rebekah Gardner,Liberty,G,17,6,3,2,1,0,0,2
2026,2026-08-27,Rebecca Allen,Liberty,G,12,5,3,0,0,0,1,1
2026,2026-08-27,Marine Johannes,Liberty,G,13,0,1,2,0,0,1,0
2026,2026-08-27,Marine Fauthoux,Liberty,G,3,1,0,0,0,0,0,0
2026,2026-08-27,Michaela Onyenwere,Mystics,F,16,1,0,0,0,0,2,3
2026,2026-08-27,Kiki Iriafen,Mystics,F,30,20,12,1,0,0,2,4
2026,2026-08-27,Shakira Austin,Mystics,C,30,11,7,1,1,1,0,1
2026,2026-08-27,Sonia Citron,Mystics,G,33,8,3,4,2,1,1,1
2026,2026-08-27,Georgia Amoore,Mystics,G,30,25,2,4,2,0,3,4
2026,2026-08-27,Lauren Betts,Mystics,C,19,6,6,1,0,0,2,1
2026,2026-08-27,Betnijah Laney-Hamilton,Mystics,G,22,6,5,7,0,1,1,2
2026,2026-08-27,Cotie McMahon,Mystics,G,14,0,0,1,0,0,1,1
2026,2026-08-27,Alicia Florez,Mystics,G,5,3,0,1,1,1,4,3
2026,2026-08-27,Alyssa Thomas,Mercury,F,32,4,10,8,0,1,2,2
2026,2026-08-27,Natasha Mack,Mercury,F,28,10,9,2,2,4,1,1
2026,2026-08-27,Noemie Brochant,Mercury,F,28,4,0,1,1,0,2,2
2026,2026-08-27,Sami Whitcomb,Mercury,G,19,3,0,0,0,0,2,1
2026,2026-08-27,Kahleah Copper,Mercury,G,32,35,4,1,2,0,3,2
2026,2026-08-27,Valeriane Ayayi,Mercury,F,12,0,1,2,1,0,0,2
2026,2026-08-27,Maddy Westbeld,Mercury,F,17,2,3,2,1,0,3,4
2026,2026-08-27,Lexi Held,Mercury,G,19,8,1,1,3,0,1,2
2026,2026-08-27,Shay Ciezki,Mercury,G,13,7,1,1,0,0,1,5
2026,2026-08-26,Kayla Thornton,Valkyries,F,20,0,4,0,0,0,0,1
2026,2026-08-26,Gabby Williams,Valkyries,F,16,9,2,3,1,1,0,0
2026,2026-08-26,Cecilia Zandalasini,Valkyries,F,11,7,2,3,1,0,1,1
2026,2026-08-26,Kiah Stokes,Valkyries,C,13,7,6,0,0,3,2,1
2026,2026-08-26,Veronica Burton,Valkyries,G,20,12,3,7,0,0,0,3
2026,2026-08-26,Laeticia Amihere,Valkyries,F,18,4,3,1,0,2,1,3
2026,2026-08-26,Ashten Prechtel,Valkyries,F,10,0,4,1,0,3,3,5
2026,2026-08-26,Janelle Salaun,Valkyries,F,18,15,3,1,0,0,0,2
2026,2026-08-26,Nadia Fingall,Valkyries,C,10,4,2,1,0,0,0,0
2026,2026-08-26,Tiffany Hayes,Valkyries,G,3,5,0,0,2,0,0,0
2026,2026-08-26,Kaila Charles,Valkyries,G,19,14,8,2,0,1,1,4
2026,2026-08-26,Miela Sowah,Valkyries,G,8,0,3,0,0,0,2,0
2026,2026-08-26,Kaitlyn Chen,Valkyries,G,20,10,2,2,1,0,1,2
2026,2026-08-26,Juste Jocyte,Valkyries,G,14,2,0,3,0,0,1,1
2026,2026-08-26,Aaliyah Edwards,Sun,F,22,8,5,2,2,0,2,0
2026,2026-08-26,Diamond Miller,Sun,F,22,8,4,2,0,0,3,4
2026,2026-08-26,Kennedy Burke,Sun,G,21,2,2,3,0,0,0,0
2026,2026-08-26,Saniya Rivers,Sun,G,21,7,0,1,0,0,0,3
2026,2026-08-26,Charlisse Leger-Walker,Sun,G,17,17,3,4,0,0,1,3
2026,2026-08-26,Raegan Beers,Sun,F,8,2,3,1,0,0,1,2
2026,2026-08-26,Nell Angloma,Sun,F,23,11,2,0,1,0,1,1
2026,2026-08-26,Rayah Marshall,Sun,C,10,2,1,0,0,1,0,0
2026,2026-08-26,Hailey Van Lith,Sun,G,21,3,5,2,0,1,1,3
2026,2026-08-26,Gianna Kneepkens,Sun,G,16,0,3,1,1,1,1,1
2026,2026-08-26,Ashlon Jackson,Sun,G,19,4,2,1,0,0,0,2
2026,2026-08-26,Isabelle Harrison,Tempo,F,32,17,14,1,2,0,1,2
2026,2026-08-26,Maria Conde,Tempo,F,20,4,4,4,0,0,4,0
2026,2026-08-26,Laura Juskaite,Tempo,F,29,14,9,3,0,0,1,1
2026,2026-08-26,Temi Fagbenle,Tempo,C,24,8,5,0,1,0,4,2
2026,2026-08-26,Kiki Rice,Tempo,G,33,24,3,5,1,0,1,4
2026,2026-08-26,Teonni Key,Tempo,F,17,2,1,0,1,1,1,2
2026,2026-08-26,Kia Nurse,Tempo,G,17,4,3,1,2,0,2,0
2026,2026-08-26,Kiana Williams,Tempo,G,14,2,0,0,0,0,2,1
2026,2026-08-26,Ornella Bankole,Tempo,G,13,3,4,0,0,0,0,3
2026,2026-08-26,Ezi Magbegor,Storm,F,22,6,1,1,1,1,0,1
2026,2026-08-26,Jordan Horston,Storm,F,15,0,4,3,2,2,2,1
2026,2026-08-26,Dominique Malonga,Storm,C,30,18,7,2,3,1,1,4
2026,2026-08-26,Flau'jae Johnson,Storm,G,26,20,3,2,0,1,2,1
2026,2026-08-26,Jade Melbourne,Storm,G,33,16,6,7,1,0,2,4
2026,2026-08-26,Katie Lou Samuelson,Storm,F,25,8,6,3,3,2,0,2
2026,2026-08-26,Stefanie Dolson,Storm,C,10,2,5,2,0,0,2,3
2026,2026-08-26,Awa Fam,Storm,C,17,10,3,0,1,0,0,1
2026,2026-08-26,Zia Cooke,Storm,G,15,10,1,5,2,0,1,2
2026,2026-08-26,Taina Mair,Storm,G,7,0,1,0,0,1,0,0
2026,2026-08-25,Azura Stevens,Sky,F,25,18,5,0,1,1,1,4
2026,2026-08-25,Kamilla Cardoso,Sky,C,29,24,13,1,0,2,1,3
2026,2026-08-25,Courtney Vandersloot,Sky,G,25,8,4,9,1,0,3,2
2026,2026-08-25,Natasha Cloud,Sky,G,16,3,0,4,1,1,0,1
2026,2026-08-25,Sydney Taylor,Sky,G,20,4,0,4,0,0,0,2
2026,2026-08-25,Elizabeth Williams,Sky,C,11,6,2,0,1,1,0,2
2026,2026-08-25,Rachel Banham,Sky,G,15,3,0,1,0,0,0,0
2026,2026-08-25,DiJonai Carrington,Sky,G,4,0,1,0,0,0,2,1
2026,2026-08-25,Jacy Sheldon,Sky,G,17,5,2,1,1,0,0,0
2026,2026-08-25,Aicha Coulibaly,Sky,G,15,4,6,1,0,2,2,3
2026,2026-08-25,Gabriela Jaquez,Sky,G,22,6,1,2,0,1,0,0
2026,2026-08-25,Aaliyah Edwards,Sun,F,27,26,10,1,0,1,3,3
2026,2026-08-25,Diamond Miller,Sun,F,27,21,5,3,0,0,0,1
2026,2026-08-25,Kennedy Burke,Sun,G,33,19,5,1,5,0,0,1
2026,2026-08-25,Saniya Rivers,Sun,G,29,7,4,5,0,1,1,1
2026,2026-08-25,Charlisse Leger-Walker,Sun,G,29,4,5,7,1,0,0,3
2026,2026-08-25,Raegan Beers,Sun,F,13,1,4,1,0,2,0,4
2026,2026-08-25,Nell Angloma,Sun,F,7,4,1,0,0,0,0,1
2026,2026-08-25,Hailey Van Lith,Sun,G,15,0,2,2,1,0,2,1
2026,2026-08-25,Gianna Kneepkens,Sun,G,8,0,0,0,0,0,0,1
2026,2026-08-25,Ashlon Jackson,Sun,G,12,5,1,1,0,0,0,0
2026,2026-08-25,Bridget Carleton,Fire,F,30,14,2,4,2,0,1,0
2026,2026-08-25,Emily Engstler,Fire,F,30,12,15,3,1,2,3,2
2026,2026-08-25,Nyadiew Puoch,Fire,F,18,0,3,0,1,0,0,0
2026,2026-08-25,Megan DiLeo,Fire,C,28,13,3,1,0,1,1,3
2026,2026-08-25,Carla Leite,Fire,G,27,10,0,7,0,0,3,2
2026,2026-08-25,Amy Okonkwo,Fire,F,11,5,2,1,1,0,0,0
2026,2026-08-25,Frieda Buhner,Fire,F,17,10,3,0,0,0,1,3
2026,2026-08-25,Karlie Samuelson,Fire,G,19,14,1,0,2,0,0,3
2026,2026-08-25,Holly Winterburn,Fire,G,7,0,3,1,1,0,0,1
2026,2026-08-25,Jordan Harrison,Fire,G,2,0,1,1,0,0,1,2
2026,2026-08-25,Teja Oblak,Fire,G,11,0,0,2,0,0,1,0
2026,2026-08-25,Jessica Shepard,Wings,F,34,21,9,6,2,0,3,0
2026,2026-08-25,Alanna Smith,Wings,F,24,10,5,2,1,0,2,2
2026,2026-08-25,Awak Kuier,Wings,F,34,12,12,0,3,5,3,2
2026,2026-08-25,Arike Ogunbowale,Wings,G,33,17,2,4,2,0,1,3
2026,2026-08-25,Paige Bueckers,Wings,G,33,22,4,11,2,1,1,3
2026,2026-08-25,Alysha Clark,Wings,F,9,3,2,0,0,0,0,3
2026,2026-08-25,Maddy Siegrist,Wings,F,20,9,4,2,0,2,1,3
2026,2026-08-25,Li Yueru,Wings,C,2,2,0,0,0,0,0,0
2026,2026-08-25,Odyssey Sims,Wings,G,5,0,0,0,0,0,0,0
2026,2026-08-25,Sug Sutton,Wings,G,6,0,0,1,1,0,1,0
2026,2026-08-25,Michaela Onyenwere,Mystics,F,19,10,3,1,0,1,0,2
2026,2026-08-25,Kiki Iriafen,Mystics,F,29,18,10,1,0,0,3,3
2026,2026-08-25,Shakira Austin,Mystics,C,24,16,6,2,2,2,2,0
2026,2026-08-25,Sonia Citron,Mystics,G,29,19,1,9,0,0,2,2
2026,2026-08-25,Georgia Amoore,Mystics,G,27,7,3,3,0,1,1,2
2026,2026-08-25,Angela Dugalic,Mystics,F,2,0,0,0,0,0,0,0
2026,2026-08-25,Lauren Betts,Mystics,C,24,10,8,1,1,0,0,0
2026,2026-08-25,Betnijah Laney-Hamilton,Mystics,G,19,9,1,2,0,0,1,1
2026,2026-08-25,Rori Harmon,Mystics,G,2,2,0,0,0,0,0,0
2026,2026-08-25,Lucy Olsen,Mystics,G,2,0,0,0,0,0,0,1
2026,2026-08-25,Cotie McMahon,Mystics,G,12,3,1,0,0,0,1,4
2026,2026-08-25,Darianna Littlepage-Buggs,Mystics,G,2,0,0,0,0,0,0,0
2026,2026-08-25,Cassandre Prosper,Mystics,G,3,0,1,0,0,0,0,2
2026,2026-08-25,Alicia Florez,Mystics,G,7,0,1,2,1,0,2,2
2026,2026-08-25,Alyssa Thomas,Mercury,F,31,16,6,10,3,0,4,4
2026,2026-08-25,Natasha Mack,Mercury,F,25,19,8,0,3,3,0,4
2026,2026-08-25,Noemie Brochant,Mercury,F,25,7,1,2,0,0,1,0
2026,2026-08-25,Sami Whitcomb,Mercury,G,16,1,1,3,0,1,1,0
2026,2026-08-25,Kahleah Copper,Mercury,G,31,19,5,2,1,0,0,4
2026,2026-08-25,Valeriane Ayayi,Mercury,F,23,7,3,3,0,0,0,1
2026,2026-08-25,Maddy Westbeld,Mercury,F,9,0,1,0,1,1,1,1
2026,2026-08-25,Kyara Linskens,Mercury,C,15,2,1,0,0,0,1,2
2026,2026-08-25,Kelsey Plum,Mercury,G,17,10,0,1,1,0,1,5
2026,2026-08-25,Lexi Held,Mercury,G,10,3,0,1,0,0,0,0
2026,2026-08-24,Kayla Thornton,Valkyries,F,8,0,1,0,0,0,0,0
2026,2026-08-24,Gabby Williams,Valkyries,F,30,15,5,3,2,0,0,0
2026,2026-08-24,Cecilia Zandalasini,Valkyries,F,30,18,1,1,2,1,0,4
2026,2026-08-24,Kiah Stokes,Valkyries,C,27,2,9,1,1,2,0,3
2026,2026-08-24,Veronica Burton,Valkyries,G,30,14,4,9,5,0,1,1
2026,2026-08-24,Laeticia Amihere,Valkyries,F,5,0,2,0,0,1,1,0
2026,2026-08-24,Janelle Salaun,Valkyries,F,28,12,5,3,1,0,2,1
2026,2026-08-24,Nadia Fingall,Valkyries,C,1,0,0,0,0,0,0,0
2026,2026-08-24,Tiffany Hayes,Valkyries,G,18,14,3,4,1,0,2,3
2026,2026-08-24,Kaila Charles,Valkyries,G,12,2,1,1,0,0,0,1
2026,2026-08-24,Miela Sowah,Valkyries,G,1,0,0,0,0,0,0,0
2026,2026-08-24,Kaitlyn Chen,Valkyries,G,10,3,0,1,0,0,0,3
2026,2026-08-24,Juste Jocyte,Valkyries,G,1,0,0,0,0,0,0,0
2026,2026-08-24,Natasha Howard,Lynx,F,28,13,7,1,1,1,3,3
2026,2026-08-24,Napheesa Collier,Lynx,F,32,9,7,2,0,0,2,0
2026,2026-08-24,Kayla McBride,Lynx,G,33,12,4,4,0,0,1,1
2026,2026-08-24,Maya Caldwell,Lynx,G,25,9,2,0,0,0,1,3
2026,2026-08-24,Olivia Miles,Lynx,G,28,8,4,5,0,0,4,1
2026,2026-08-24,Nia Brodie,Lynx,F,15,5,3,0,0,2,3,0
2026,2026-08-24,Chloe Bibby,Lynx,F,7,5,0,0,0,0,2,1
2026,2026-08-24,Dorka Juhasz,Lynx,F,10,5,3,0,0,1,0,0
2026,2026-08-24,Antonia Delaere,Lynx,F,7,0,1,1,0,0,0,0
2026,2026-08-24,Anastasiia Olairi Kosu,Lynx,F,7,0,0,1,0,0,0,1
2026,2026-08-24,Eliska Joklova,Lynx,G,7,0,1,4,1,0,1,1
2026,2026-08-24,Naz Hillmon,Dream,F,34,12,7,0,0,1,2,2
2026,2026-08-24,Angel Reese,Dream,F,38,11,26,3,3,0,3,5
2026,2026-08-24,Allisha Gray,Dream,G,33,20,3,6,0,0,2,3
2026,2026-08-24,Jordin Canada,Dream,G,35,9,4,4,1,0,2,0
2026,2026-08-24,Rhyne Howard,Dream,G,31,18,6,3,1,0,4,5
2026,2026-08-24,Madina Okot,Dream,C,8,2,1,0,1,0,0,2
2026,2026-08-24,Te-Hina Paopao,Dream,G,5,0,0,1,1,0,0,0
2026,2026-08-24,Isobel Borlase,Dream,G,16,6,1,0,0,0,1,1
2026,2026-08-24,Nneka Ogwumike,Sparks,F,29,27,16,0,0,0,4,3
2026,2026-08-24,Dearica Hamby,Sparks,F,26,15,3,3,0,1,0,1
2026,2026-08-24,Erica Wheeler,Sparks,G,25,2,2,3,0,0,2,1
2026,2026-08-24,Ariel Atkins,Sparks,G,33,10,1,6,2,1,0,1
2026,2026-08-24,Monique Akoa Makani,Sparks,G,19,2,1,0,2,0,2,3
2026,2026-08-24,Cameron Brink,Sparks,F,25,15,8,2,3,5,2,5
2026,2026-08-24,Jihyun Park,Sparks,F,7,0,0,1,0,0,0,2
2026,2026-08-24,Tonie Morgan,Sparks,G,15,0,1,3,0,0,0,2
2026,2026-08-24,Chance Gray,Sparks,G,21,0,0,1,0,0,1,1
2026,2026-08-23,Ezi Magbegor,Storm,F,25,2,4,3,0,1,1,2
2026,2026-08-23,Dominique Malonga,Storm,C,20,12,5,1,0,1,5,4
2026,2026-08-23,Awa Fam,Storm,C,25,0,6,0,1,0,0,0
2026,2026-08-23,Flau'jae Johnson,Storm,G,26,23,6,2,3,0,3,2
2026,2026-08-23,Jade Melbourne,Storm,G,27,15,4,0,2,0,2,2
2026,2026-08-23,Katie Lou Samuelson,Storm,F,13,3,3,0,0,0,1,1
2026,2026-08-23,Jordan Horston,Storm,F,15,4,0,1,2,1,1,1
2026,2026-08-23,Mackenzie Holmes,Storm,F,3,0,1,0,1,0,1,0
2026,2026-08-23,Taylor Thierry,Storm,F,3,0,0,1,0,0,0,0
2026,2026-08-23,Stefanie Dolson,Storm,C,11,0,1,0,0,0,0,0
2026,2026-08-23,Zia Cooke,Storm,G,18,5,3,3,0,0,0,1
2026,2026-08-23,Taina Mair,Storm,G,13,6,1,1,0,0,1,4
2026,2026-08-23,Jessica Shepard,Wings,F,27,11,11,4,0,0,1,1
2026,2026-08-23,Alanna Smith,Wings,F,22,9,4,0,1,1,1,0
2026,2026-08-23,Awak Kuier,Wings,F,26,9,7,2,1,1,2,3
2026,2026-08-23,Arike Ogunbowale,Wings,G,22,7,2,6,1,0,0,0
2026,2026-08-23,Paige Bueckers,Wings,G,26,32,4,4,1,0,3,1
2026,2026-08-23,Alysha Clark,Wings,F,23,0,3,2,0,1,2,1
2026,2026-08-23,Maddy Siegrist,Wings,F,21,9,4,3,1,0,0,1
2026,2026-08-23,Li Yueru,Wings,C,12,6,4,0,0,1,2,3
2026,2026-08-23,Odyssey Sims,Wings,G,4,0,0,0,0,0,0,1
2026,2026-08-23,Sug Sutton,Wings,G,18,9,1,2,1,0,2,0
2026,2026-08-23,Monique Billings,Fever,F,19,6,5,0,2,0,1,4
2026,2026-08-23,Makayla Timpson,Fever,F,28,12,9,3,0,2,1,0
2026,2026-08-23,Kelsey Mitchell,Fever,G,35,30,2,4,2,1,0,2
2026,2026-08-23,Lexie Hull,Fever,G,26,14,2,1,0,0,0,3
2026,2026-08-23,Caitlin Clark,Fever,G,32,37,3,10,1,0,5,0
2026,2026-08-23,Myisha Hines-Allen,Fever,F,17,5,7,3,1,0,0,2
2026,2026-08-23,Grace VanSlooten,Fever,F,1,0,0,0,0,0,0,0
2026,2026-08-23,Mercedes Russell,Fever,C,14,3,1,3,0,0,0,3
2026,2026-08-23,Michelle Onyiah,Fever,C,1,0,0,0,0,0,0,0
2026,2026-08-23,Sophie Cunningham,Fever,G,11,3,2,1,0,0,0,0
2026,2026-08-23,Tyasha Harris,Fever,G,10,0,0,0,0,0,0,0
2026,2026-08-23,Raven Johnson,Fever,G,5,0,0,1,0,0,0,0
2026,2026-08-23,Bree Hall,Fever,G,1,3,0,0,0,0,0,0
2026,2026-08-23,Azura Stevens,Sky,F,23,14,8,2,1,1,2,3
2026,2026-08-23,Kamilla Cardoso,Sky,C,24,11,6,1,0,2,1,5
2026,2026-08-23,Courtney Vandersloot,Sky,G,25,6,0,7,1,1,2,1
2026,2026-08-23,Natasha Cloud,Sky,G,30,16,4,7,1,0,4,4
2026,2026-08-23,Sydney Taylor,Sky,G,17,4,0,2,0,0,1,3
2026,2026-08-23,Elizabeth Williams,Sky,C,15,8,3,1,0,1,0,1
2026,2026-08-23,Rachel Banham,Sky,G,14,6,2,3,0,0,0,0
2026,2026-08-23,DiJonai Carrington,Sky,G,18,7,3,1,0,1,0,1
2026,2026-08-23,Jacy Sheldon,Sky,G,15,6,2,1,0,0,3,2
2026,2026-08-23,Aicha Coulibaly,Sky,G,18,12,6,1,1,0,1,1
2026,2026-08-23,Morgan Maly,Sky,G,1,0,0,0,0,0,0,0
2026,2026-08-23,Michaela Onyenwere,Mystics,F,24,8,1,3,0,0,1,0
2026,2026-08-23,Kiki Iriafen,Mystics,F,30,18,10,2,1,0,3,4
2026,2026-08-23,Shakira Austin,Mystics,C,33,31,10,0,1,2,3,1
2026,2026-08-23,Sonia Citron,Mystics,G,33,14,3,6,1,0,2,2
2026,2026-08-23,Georgia Amoore,Mystics,G,24,13,3,1,0,0,2,2
2026,2026-08-23,Angela Dugalic,Mystics,F,0,0,0,0,0,0,0,0
2026,2026-08-23,Lauren Betts,Mystics,C,17,5,8,2,1,3,0,1
2026,2026-08-23,Betnijah Laney-Hamilton,Mystics,G,15,3,1,4,2,0,2,1
2026,2026-08-23,Cotie McMahon,Mystics,G,18,13,2,4,0,0,0,1
2026,2026-08-23,Cassandre Prosper,Mystics,G,0,0,0,0,0,0,0,0
2026,2026-08-23,Alicia Florez,Mystics,G,7,0,0,0,0,1,0,1
2026,2026-08-23,Bridget Carleton,Fire,F,36,18,4,5,5,0,1,5
2026,2026-08-23,Emily Engstler,Fire,F,29,23,6,2,1,1,4,5
2026,2026-08-23,Nyadiew Puoch,Fire,F,18,0,3,0,0,0,2,5
2026,2026-08-23,Megan DiLeo,Fire,C,27,21,3,0,0,1,0,4
2026,2026-08-23,Carla Leite,Fire,G,30,27,2,11,2,0,1,2
2026,2026-08-23,Frieda Buhner,Fire,F,11,3,0,0,0,0,1,1
2026,2026-08-23,Serah Williams,Fire,C,13,2,3,1,0,0,1,3
2026,2026-08-23,Karlie Samuelson,Fire,G,14,0,1,0,0,0,0,1
2026,2026-08-23,Holly Winterburn,Fire,G,12,2,2,0,0,0,0,1
2026,2026-08-23,Jordan Harrison,Fire,G,10,4,1,2,1,0,2,1
2026,2026-08-23,Stephanie Talbot,Aces,F,16,9,1,0,0,0,1,1
2026,2026-08-23,NaLyssa Smith,Aces,F,19,8,8,1,2,1,1,3
2026,2026-08-23,A'ja Wilson,Aces,C,30,27,7,7,2,1,1,2
2026,2026-08-23,Chelsea Gray,Aces,G,29,9,2,7,2,1,0,0
2026,2026-08-23,Jackie Young,Aces,G,34,21,3,5,0,0,2,2
2026,2026-08-23,Cheyenne Parker-Tyus,Aces,F,14,2,2,0,1,0,1,3
2026,2026-08-23,Brianna Turner,Aces,F,8,0,2,0,0,0,0,0
2026,2026-08-23,Kierstan Bell,Aces,F,3,0,1,0,0,0,0,1
2026,2026-08-23,Jewell Loyd,Aces,G,19,2,2,1,1,0,2,0
2026,2026-08-23,Ta'Niya Latson,Aces,G,3,1,0,0,0,0,1,1
2026,2026-08-23,Justine Pissott,Aces,G,3,0,0,0,1,0,0,0
2026,2026-08-23,Mai Yamamoto,Aces,G,22,9,1,1,2,0,1,1
2026,2026-08-23,Isabelle Harrison,Tempo,F,28,12,7,1,2,0,3,4
2026,2026-08-23,Laura Juskaite,Tempo,F,29,11,6,2,0,0,7,3
2026,2026-08-23,Temi Fagbenle,Tempo,C,26,13,2,2,2,0,1,2
2026,2026-08-23,Julie Allemand,Tempo,G,15,3,1,2,0,0,2,0
2026,2026-08-23,Kiki Rice,Tempo,G,30,14,3,5,1,1,1,0
2026,2026-08-23,Teonni Key,Tempo,F,24,2,3,3,1,1,1,4
2026,2026-08-23,Kia Nurse,Tempo,G,30,19,4,4,0,0,0,4
2026,2026-08-23,Ornella Bankole,Tempo,G,20,4,2,3,0,0,0,5
2026,2026-08-22,Makayla Timpson,Fever,F,19,10,6,0,0,0,0,6
2026,2026-08-22,Aliyah Boston,Fever,C,30,22,3,6,1,0,0,0
2026,2026-08-22,Kelsey Mitchell,Fever,G,33,25,0,4,1,0,4,2
2026,2026-08-22,Lexie Hull,Fever,G,12,0,2,1,0,0,0,1
2026,2026-08-22,Caitlin Clark,Fever,G,35,21,4,7,1,0,2,4
2026,2026-08-22,Myisha Hines-Allen,Fever,F,14,4,7,1,0,0,0,3
2026,2026-08-22,Monique Billings,Fever,F,14,4,2,1,1,0,2,5
2026,2026-08-22,Mercedes Russell,Fever,C,3,0,0,0,0,0,0,0
2026,2026-08-22,Sophie Cunningham,Fever,G,28,10,2,5,2,0,0,3
2026,2026-08-22,Tyasha Harris,Fever,G,12,6,1,0,1,0,0,0
2026,2026-08-22,Breanna Stewart,Liberty,F,35,22,8,7,2,1,1,2
2026,2026-08-22,Leonie Fiebich,Liberty,F,34,20,5,5,1,0,2,4
2026,2026-08-22,Jonquel Jones,Liberty,C,29,19,10,1,0,1,2,4
2026,2026-08-22,Sabrina Ionescu,Liberty,G,32,12,3,4,0,1,5,2
2026,2026-08-22,Pauline Astier,Liberty,G,24,8,3,2,0,0,2,5
2026,2026-08-22,Han Xu,Liberty,C,11,9,1,0,0,0,0,1
2026,2026-08-22,Rebekah Gardner,Liberty,G,6,4,1,1,1,0,0,1
2026,2026-08-22,Rebecca Allen,Liberty,G,16,9,1,0,0,0,0,3
2026,2026-08-22,Marine Johannes,Liberty,G,13,6,2,4,0,0,2,1
2026,2026-08-22,Diamond Miller,Sun,F,13,5,1,0,0,0,4,5
2026,2026-08-22,Olivia Nelson-Ododa,Sun,C,10,2,1,1,0,0,0,4
2026,2026-08-22,Kennedy Burke,Sun,G,31,11,4,0,4,3,3,2
2026,2026-08-22,Charlisse Leger-Walker,Sun,G,22,5,4,4,0,0,1,2
2026,2026-08-22,Leila Lacan,Sun,G,29,13,0,4,1,0,0,1
2026,2026-08-22,Raegan Beers,Sun,F,14,8,7,0,1,0,1,3
2026,2026-08-22,Nell Angloma,Sun,F,11,2,2,1,2,0,1,1
2026,2026-08-22,Hailey Van Lith,Sun,G,10,0,0,2,1,0,0,0
2026,2026-08-22,Saniya Rivers,Sun,G,28,14,3,2,4,0,1,3
2026,2026-08-22,Gianna Kneepkens,Sun,G,19,6,3,1,1,0,1,2
2026,2026-08-22,Ashlon Jackson,Sun,G,13,2,5,1,1,0,1,0
2026,2026-08-22,Nneka Ogwumike,Sparks,F,33,11,11,1,0,0,2,1
2026,2026-08-22,Dearica Hamby,Sparks,F,21,10,5,2,0,0,4,3
2026,2026-08-22,Erica Wheeler,Sparks,G,25,11,2,5,0,0,3,2
2026,2026-08-22,Ariel Atkins,Sparks,G,25,6,7,3,1,0,1,3
2026,2026-08-22,Rae Burrell,Sparks,G,30,20,2,2,3,3,3,3
2026,2026-08-22,Emma Cannon,Sparks,F,12,3,5,0,0,0,4,2
2026,2026-08-22,Cameron Brink,Sparks,F,12,7,1,3,0,0,4,6
2026,2026-08-22,Jihyun Park,Sparks,F,4,0,0,0,0,0,0,0
2026,2026-08-22,Tonie Morgan,Sparks,G,15,2,3,1,0,0,1,0
2026,2026-08-22,Chance Gray,Sparks,G,12,5,2,1,0,0,1,0
2026,2026-08-22,Monique Akoa Makani,Sparks,G,11,2,2,1,0,0,1,0
2026,2026-08-22,Naz Hillmon,Dream,F,35,8,4,2,0,1,1,3
2026,2026-08-22,Angel Reese,Dream,F,35,31,14,2,4,0,2,4
2026,2026-08-22,Allisha Gray,Dream,G,38,17,5,4,1,0,0,4
2026,2026-08-22,Jordin Canada,Dream,G,29,12,2,5,2,2,1,4
2026,2026-08-22,Rhyne Howard,Dream,G,38,20,3,5,2,0,3,4
2026,2026-08-22,Madina Okot,Dream,C,10,4,4,0,2,0,1,3
2026,2026-08-22,Te-Hina Paopao,Dream,G,2,3,0,0,0,0,0,0
2026,2026-08-22,Isobel Borlase,Dream,G,13,4,0,6,1,0,0,2
2026,2026-08-22,DeWanna Bonner,Mercury,F,30,12,9,3,0,0,2,1
2026,2026-08-22,Alyssa Thomas,Mercury,F,33,11,16,10,1,0,2,2
2026,2026-08-22,Noemie Brochant,Mercury,F,27,9,0,1,3,0,1,1
2026,2026-08-22,Sami Whitcomb,Mercury,G,28,6,2,5,0,0,5,5
2026,2026-08-22,Kahleah Copper,Mercury,G,37,38,1,1,1,0,1,2
2026,2026-08-22,Valeriane Ayayi,Mercury,F,13,5,2,1,0,2,2,3
2026,2026-08-22,Natasha Mack,Mercury,F,19,0,5,0,0,1,1,3
2026,2026-08-22,Lexi Held,Mercury,G,12,8,0,1,0,0,2,1
2026,2026-08-21,Natasha Howard,Lynx,F,33,21,7,5,1,3,0,4
2026,2026-08-21,Nia Brodie,Lynx,F,30,8,2,1,3,1,0,2
2026,2026-08-21,Kayla McBride,Lynx,G,35,18,1,3,0,0,1,2
2026,2026-08-21,Courtney Williams,Lynx,G,31,13,6,8,1,0,0,2
2026,2026-08-21,Olivia Miles,Lynx,G,29,24,3,7,3,0,2,5
2026,2026-08-21,Chloe Bibby,Lynx,F,5,0,1,0,0,1,1,1
2026,2026-08-21,Dorka Juhasz,Lynx,F,19,8,3,0,0,1,0,0
2026,2026-08-21,Antonia Delaere,Lynx,F,1,0,0,0,0,0,0,0
2026,2026-08-21,Anastasiia Olairi Kosu,Lynx,F,2,0,0,0,0,0,0,0
2026,2026-08-21,Maya Caldwell,Lynx,G,14,2,3,1,1,0,2,2
2026,2026-08-21,Eliska Joklova,Lynx,G,1,0,0,0,0,0,0,0
2026,2026-08-21,Michaela Onyenwere,Mystics,F,26,14,0,0,0,0,1,0
2026,2026-08-21,Kiki Iriafen,Mystics,F,32,19,13,1,1,2,0,2
2026,2026-08-21,Shakira Austin,Mystics,C,33,17,8,6,1,1,5,1
2026,2026-08-21,Sonia Citron,Mystics,G,30,11,1,5,0,0,5,2
2026,2026-08-21,Georgia Amoore,Mystics,G,29,10,5,5,0,0,0,1
2026,2026-08-21,Angela Dugalic,Mystics,F,1,0,0,0,0,0,0,0
2026,2026-08-21,Lauren Betts,Mystics,C,13,3,1,1,0,0,0,1
2026,2026-08-21,Betnijah Laney-Hamilton,Mystics,G,11,0,4,1,0,0,0,0
2026,2026-08-21,Cotie McMahon,Mystics,G,16,6,2,1,0,0,1,2
2026,2026-08-21,Cassandre Prosper,Mystics,G,1,0,0,0,0,0,0,0
2026,2026-08-21,Alicia Florez,Mystics,G,9,4,2,1,0,0,0,0
2026,2026-08-21,Kayla Thornton,Valkyries,F,19,0,2,0,0,0,0,1
2026,2026-08-21,Gabby Williams,Valkyries,F,14,2,3,0,0,0,1,0
2026,2026-08-21,Cecilia Zandalasini,Valkyries,F,12,6,2,1,0,0,1,2
2026,2026-08-21,Kiah Stokes,Valkyries,C,16,0,4,1,0,0,1,1
2026,2026-08-21,Veronica Burton,Valkyries,G,18,11,4,2,1,0,0,2
2026,2026-08-21,Laeticia Amihere,Valkyries,F,24,16,6,1,1,0,0,5
2026,2026-08-21,Janelle Salaun,Valkyries,F,21,13,4,2,0,0,0,0
2026,2026-08-21,Tiffany Hayes,Valkyries,G,30,10,7,4,1,0,2,0
2026,2026-08-21,Kaila Charles,Valkyries,G,18,5,3,2,1,0,1,3
2026,2026-08-21,Kaitlyn Chen,Valkyries,G,29,7,3,4,0,0,3,1
2026,2026-08-21,Azura Stevens,Sky,F,28,4,9,1,0,3,2,2
2026,2026-08-21,Kamilla Cardoso,Sky,C,35,14,10,4,1,0,1,4
2026,2026-08-21,Courtney Vandersloot,Sky,G,29,12,1,5,0,0,2,1
2026,2026-08-21,Natasha Cloud,Sky,G,36,17,7,4,0,1,4,2
2026,2026-08-21,Sydney Taylor,Sky,G,18,14,2,1,2,0,2,3
2026,2026-08-21,Elizabeth Williams,Sky,C,5,0,0,0,0,0,0,0
2026,2026-08-21,Rachel Banham,Sky,G,17,7,2,2,1,0,0,5
2026,2026-08-21,Jacy Sheldon,Sky,G,16,3,0,2,0,0,1,1
2026,2026-08-21,Aicha Coulibaly,Sky,G,2,0,0,0,0,0,1,1
2026,2026-08-21,Gabriela Jaquez,Sky,G,13,2,0,0,0,0,0,3
2026,2026-08-21,Bridget Carleton,Fire,F,33,18,4,2,1,0,1,2
2026,2026-08-21,Emily Engstler,Fire,F,30,13,5,3,1,3,1,3
2026,2026-08-21,Nyadiew Puoch,Fire,F,20,8,4,3,0,0,0,3
2026,2026-08-21,Megan DiLeo,Fire,C,21,14,6,0,0,0,0,5
2026,2026-08-21,Carla Leite,Fire,G,32,7,0,6,0,0,1,2
2026,2026-08-21,Frieda Buhner,Fire,F,10,0,0,1,0,0,3,1
2026,2026-08-21,Serah Williams,Fire,C,19,10,5,0,2,0,1,4
2026,2026-08-21,Karlie Samuelson,Fire,G,18,3,3,1,0,0,0,3
2026,2026-08-21,Holly Winterburn,Fire,G,10,4,0,1,0,0,2,1
2026,2026-08-21,Teja Oblak,Fire,G,8,2,0,5,0,0,2,2
2026,2026-08-21,Isabelle Harrison,Tempo,F,28,25,10,1,1,1,1,1
2026,2026-08-21,Laura Juskaite,Tempo,F,30,15,7,4,2,1,6,5
2026,2026-08-21,Brittney Sykes,Tempo,G,2,0,0,0,0,0,0,1
2026,2026-08-21,Julie Allemand,Tempo,G,31,5,5,6,0,1,2,2
2026,2026-08-21,Kiki Rice,Tempo,G,32,19,3,4,0,0,0,3
2026,2026-08-21,Teonni Key,Tempo,F,13,4,1,0,1,0,0,0
2026,2026-08-21,Aneesah Morrow,Tempo,F,7,0,2,0,0,0,1,1
2026,2026-08-21,Temi Fagbenle,Tempo,C,26,3,4,2,1,1,1,4
2026,2026-08-21,Kia Nurse,Tempo,G,16,5,1,1,0,0,2,2
2026,2026-08-21,Ornella Bankole,Tempo,G,16,6,1,1,0,0,1,4
2026,2026-08-20,Makayla Timpson,Fever,F,34,11,12,0,0,1,2,4
2026,2026-08-20,Aliyah Boston,Fever,C,29,14,9,1,2,1,0,3
2026,2026-08-20,Kelsey Mitchell,Fever,G,35,37,1,5,1,0,1,4
2026,2026-08-20,Lexie Hull,Fever,G,25,9,1,0,0,0,1,5
2026,2026-08-20,Caitlin Clark,Fever,G,35,10,4,9,1,1,3,4
2026,2026-08-20,Monique Billings,Fever,F,17,4,1,1,2,0,0,2
2026,2026-08-20,Sophie Cunningham,Fever,G,15,0,0,0,0,0,0,1
2026,2026-08-20,Tyasha Harris,Fever,G,11,0,0,1,0,0,0,0
2026,2026-08-20,Jessica Shepard,Wings,F,35,26,8,1,1,1,2,2
2026,2026-08-20,Alanna Smith,Wings,F,10,0,2,0,0,0,1,5
2026,2026-08-20,Awak Kuier,Wings,F,36,11,8,4,1,7,0,1
2026,2026-08-20,Arike Ogunbowale,Wings,G,35,32,2,3,1,0,3,4
2026,2026-08-20,Paige Bueckers,Wings,G,35,13,6,8,0,0,0,4
2026,2026-08-20,Alysha Clark,Wings,F,16,5,4,2,0,0,0,1
2026,2026-08-20,Maddy Siegrist,Wings,F,16,2,2,0,0,0,0,1
2026,2026-08-20,Odyssey Sims,Wings,G,16,2,0,3,2,0,2,1
2026,2026-08-20,Sug Sutton,Wings,G,2,0,0,1,0,0,0,0
2026,2026-08-20,Diamond Miller,Sun,F,11,2,0,1,0,0,2,3
2026,2026-08-20,Olivia Nelson-Ododa,Sun,C,24,14,1,0,1,0,3,3
2026,2026-08-20,Kennedy Burke,Sun,G,24,11,2,2,2,0,1,2
2026,2026-08-20,Charlisse Leger-Walker,Sun,G,28,10,3,4,0,2,0,2
2026,2026-08-20,Leila Lacan,Sun,G,23,11,1,3,2,0,3,1
2026,2026-08-20,Raegan Beers,Sun,F,13,6,3,1,0,0,3,4
2026,2026-08-20,Nell Angloma,Sun,F,15,4,2,1,0,0,3,2
2026,2026-08-20,Rayah Marshall,Sun,C,7,5,3,1,0,0,0,1
2026,2026-08-20,Saniya Rivers,Sun,G,24,8,7,5,2,1,3,1
2026,2026-08-20,Gianna Kneepkens,Sun,G,11,2,1,0,0,0,0,1
2026,2026-08-20,Ashlon Jackson,Sun,G,18,5,0,0,0,0,0,3
2026,2026-08-20,Stephanie Talbot,Aces,F,25,5,6,4,3,1,0,1
2026,2026-08-20,NaLyssa Smith,Aces,F,18,7,4,0,1,0,1,4
2026,2026-08-20,A'ja Wilson,Aces,C,27,20,3,4,0,0,1,2
2026,2026-08-20,Chelsea Gray,Aces,G,29,6,2,4,2,0,1,0
2026,2026-08-20,Jackie Young,Aces,G,28,24,7,5,1,0,2,0
2026,2026-08-20,Cheyenne Parker-Tyus,Aces,F,15,18,9,1,0,1,3,4
2026,2026-08-20,Brianna Turner,Aces,F,7,0,1,0,0,0,1,3
2026,2026-08-20,Kierstan Bell,Aces,F,4,3,0,0,0,0,1,0
2026,2026-08-20,Jewell Loyd,Aces,G,23,7,5,2,0,0,0,2
2026,2026-08-20,Justine Pissott,Aces,G,4,2,1,0,0,0,0,1
2026,2026-08-20,Mai Yamamoto,Aces,G,20,9,2,3,0,0,1,0
2026,2026-08-20,Naz Hillmon,Dream,F,26,14,5,3,1,4,1,2
2026,2026-08-20,Angel Reese,Dream,F,30,20,10,8,3,0,5,2
2026,2026-08-20,Allisha Gray,Dream,G,23,13,1,2,1,0,1,0
2026,2026-08-20,Jordin Canada,Dream,G,27,9,5,11,2,0,2,1
2026,2026-08-20,Rhyne Howard,Dream,G,25,26,3,5,3,0,1,3
2026,2026-08-20,Sika Kone,Dream,F,7,6,1,0,0,0,0,4
2026,2026-08-20,Madina Okot,Dream,C,17,12,6,2,0,0,3,2
2026,2026-08-20,Shatori Walker-Kimbrough,Dream,G,7,5,1,4,1,0,0,0
2026,2026-08-20,Te-Hina Paopao,Dream,G,13,8,1,0,0,0,0,3
2026,2026-08-20,Aaliyah Nye,Dream,G,12,3,0,0,0,0,1,0
2026,2026-08-20,Isobel Borlase,Dream,G,13,8,1,0,0,0,0,3
2026,2026-08-20,Nneka Ogwumike,Sparks,F,25,11,6,5,0,0,3,3
2026,2026-08-20,Dearica Hamby,Sparks,F,24,8,5,2,0,0,1,4
2026,2026-08-20,Erica Wheeler,Sparks,G,17,8,0,0,0,0,1,2
2026,2026-08-20,Ariel Atkins,Sparks,G,16,9,0,1,1,1,1,1
2026,2026-08-20,Rae Burrell,Sparks,G,25,12,2,2,1,1,5,1
2026,2026-08-20,Emma Cannon,Sparks,F,4,2,1,0,0,0,1,1
2026,2026-08-20,Cameron Brink,Sparks,F,27,14,7,4,1,0,3,3
2026,2026-08-20,Jihyun Park,Sparks,F,12,2,1,0,1,0,0,0
2026,2026-08-20,Kate Martin,Sparks,G,4,3,1,0,0,0,1,0
2026,2026-08-20,Tonie Morgan,Sparks,G,17,8,1,3,2,0,2,3
2026,2026-08-20,Chance Gray,Sparks,G,13,8,0,0,0,0,0,0
2026,2026-08-20,Monique Akoa Makani,Sparks,G,15,3,0,2,0,0,2,5
2026,2026-08-19,Isabelle Harrison,Tempo,F,23,2,7,2,0,3,1,1
2026,2026-08-19,Aneesah Morrow,Tempo,F,23,13,8,0,1,0,0,4
2026,2026-08-19,Laura Juskaite,Tempo,F,29,12,2,4,1,0,1,3
2026,2026-08-19,Julie Allemand,Tempo,G,26,4,3,4,0,0,2,2
2026,2026-08-19,Kiki Rice,Tempo,G,24,19,0,2,1,0,1,4
2026,2026-08-19,Teonni Key,Tempo,F,17,8,2,1,1,0,1,1
2026,2026-08-19,Temi Fagbenle,Tempo,C,16,10,0,1,0,0,1,3
2026,2026-08-19,Kia Nurse,Tempo,G,22,9,2,4,1,0,1,2
2026,2026-08-19,Zaay Green,Tempo,G,5,0,1,0,0,0,0,1
2026,2026-08-19,Ornella Bankole,Tempo,G,15,5,2,0,0,0,0,4
2026,2026-08-19,Michaela Onyenwere,Mystics,F,27,14,1,4,1,1,0,1
2026,2026-08-19,Kiki Iriafen,Mystics,F,29,21,13,0,0,1,1,4
2026,2026-08-19,Shakira Austin,Mystics,C,23,11,10,2,1,0,4,3
2026,2026-08-19,Sonia Citron,Mystics,G,29,13,5,6,1,0,1,1
2026,2026-08-19,Georgia Amoore,Mystics,G,24,9,4,3,0,0,2,2
2026,2026-08-19,Angela Dugalic,Mystics,F,5,4,1,0,0,0,0,0
2026,2026-08-19,Lauren Betts,Mystics,C,22,7,3,3,0,2,1,1
2026,2026-08-19,Betnijah Laney-Hamilton,Mystics,G,15,9,0,2,0,0,1,0
2026,2026-08-19,Rori Harmon,Mystics,G,1,0,0,0,0,0,0,1
2026,2026-08-19,Lucy Olsen,Mystics,G,1,0,0,0,0,0,1,0
2026,2026-08-19,Cotie McMahon,Mystics,G,18,2,4,2,1,0,4,1
2026,2026-08-19,Darianna Littlepage-Buggs,Mystics,G,1,0,0,0,0,0,0,0
2026,2026-08-19,Cassandre Prosper,Mystics,G,1,0,0,1,0,0,0,0
2026,2026-08-19,Alicia Florez,Mystics,G,5,3,2,0,1,0,1,2
2026,2026-08-19,Natasha Howard,Lynx,F,34,8,6,4,0,2,7,4
2026,2026-08-19,Napheesa Collier,Lynx,F,37,18,8,0,0,0,3,1
2026,2026-08-19,Kayla McBride,Lynx,G,36,20,1,1,1,0,1,3
2026,2026-08-19,Courtney Williams,Lynx,G,29,9,3,7,0,0,1,4
2026,2026-08-19,Olivia Miles,Lynx,G,30,20,5,7,2,2,2,2
2026,2026-08-19,Nia Brodie,Lynx,F,15,0,3,0,0,0,0,2
2026,2026-08-19,Dorka Juhasz,Lynx,F,13,0,4,0,0,0,0,1
2026,2026-08-19,Maya Caldwell,Lynx,G,7,2,0,1,0,0,0,0
2026,2026-08-19,Kayla Thornton,Valkyries,F,19,5,0,0,0,0,0,0
2026,2026-08-19,Gabby Williams,Valkyries,F,31,10,1,2,2,0,3,0
2026,2026-08-19,Cecilia Zandalasini,Valkyries,F,30,8,6,3,0,0,1,5
2026,2026-08-19,Kiah Stokes,Valkyries,C,17,2,6,1,0,0,0,0
2026,2026-08-19,Veronica Burton,Valkyries,G,36,14,4,7,4,0,2,5
2026,2026-08-19,Janelle Salaun,Valkyries,F,24,15,6,3,0,0,0,2
2026,2026-08-19,Tiffany Hayes,Valkyries,G,25,12,7,2,1,2,2,4
2026,2026-08-19,Kaila Charles,Valkyries,G,14,0,3,0,1,0,1,2
2026,2026-08-19,Kaitlyn Chen,Valkyries,G,4,0,0,0,0,0,0,1
2026,2026-08-18,Nneka Ogwumike,Sparks,F,30,18,7,1,0,0,1,1
2026,2026-08-18,Dearica Hamby,Sparks,F,28,15,5,3,1,1,4,2
2026,2026-08-18,Ariel Atkins,Sparks,G,26,9,2,2,2,0,1,3
2026,2026-08-18,Rae Burrell,Sparks,G,30,19,1,6,0,2,3,1
2026,2026-08-18,Tonie Morgan,Sparks,G,20,8,0,0,3,0,3,2
2026,2026-08-18,Emma Cannon,Sparks,F,6,4,1,0,1,0,2,3
2026,2026-08-18,Jihyun Park,Sparks,F,12,0,3,0,1,0,1,0
2026,2026-08-18,Alissa Pili,Sparks,F,15,0,4,2,1,0,1,1
2026,2026-08-18,Kate Martin,Sparks,G,12,0,4,1,2,1,0,1
2026,2026-08-18,Chance Gray,Sparks,G,20,4,2,3,1,0,0,1
2026,2026-08-18,Diamond Miller,Sun,F,29,13,3,1,1,0,1,4
2026,2026-08-18,Olivia Nelson-Ododa,Sun,C,29,18,11,1,1,2,5,3
2026,2026-08-18,Kennedy Burke,Sun,G,26,17,4,1,1,0,2,2
2026,2026-08-18,Charlisse Leger-Walker,Sun,G,31,7,8,6,1,1,2,2
2026,2026-08-18,Leila Lacan,Sun,G,29,7,0,10,1,0,2,4
2026,2026-08-18,Raegan Beers,Sun,F,14,8,2,1,2,0,1,2
2026,2026-08-18,Nell Angloma,Sun,F,11,2,1,0,1,0,1,0
2026,2026-08-18,Saniya Rivers,Sun,G,25,11,4,3,4,0,3,1
2026,2026-08-18,Gianna Kneepkens,Sun,G,2,0,0,0,0,0,0,0
2026,2026-08-18,Ashlon Jackson,Sun,G,5,2,0,0,0,0,0,1
2026,2026-08-18,Makayla Timpson,Fever,F,32,8,7,0,2,0,1,2
2026,2026-08-18,Aliyah Boston,Fever,C,27,16,6,3,2,3,1,4
2026,2026-08-18,Kelsey Mitchell,Fever,G,24,29,3,2,1,0,2,2
2026,2026-08-18,Lexie Hull,Fever,G,14,4,6,0,0,0,1,3
2026,2026-08-18,Caitlin Clark,Fever,G,33,24,3,7,0,0,7,3
2026,2026-08-18,Myisha Hines-Allen,Fever,F,10,2,1,3,0,0,1,4
2026,2026-08-18,Monique Billings,Fever,F,10,3,2,0,1,0,2,0
2026,2026-08-18,Sophie Cunningham,Fever,G,28,13,2,2,0,0,0,2
2026,2026-08-18,Tyasha Harris,Fever,G,18,2,2,3,1,0,0,2
2026,2026-08-18,Raven Johnson,Fever,G,3,0,0,0,0,0,0,0
2026,2026-08-18,Isabelle Harrison,Tempo,F,21,8,7,2,2,2,1,4
2026,2026-08-18,Laura Juskaite,Tempo,F,20,2,6,0,0,0,2,1
2026,2026-08-18,Brittney Sykes,Tempo,G,21,15,2,5,0,1,1,1
2026,2026-08-18,Marina Mabrey,Tempo,G,29,22,1,3,1,1,3,2
2026,2026-08-18,Kiki Rice,Tempo,G,30,10,3,6,0,1,2,4
2026,2026-08-18,Aneesah Morrow,Tempo,F,29,14,16,2,0,0,1,1
2026,2026-08-18,Temi Fagbenle,Tempo,C,20,13,3,0,0,1,1,1
2026,2026-08-18,Kia Nurse,Tempo,G,17,8,0,1,2,0,0,2
2026,2026-08-18,Ornella Bankole,Tempo,G,14,3,3,0,1,0,0,4
2026,2026-08-18,Breanna Stewart,Liberty,F,35,22,7,3,3,1,2,3
2026,2026-08-18,Jonquel Jones,Liberty,C,6,5,0,2,0,0,1,0
2026,2026-08-18,Rebecca Allen,Liberty,G,32,14,5,1,2,1,2,1
2026,2026-08-18,Sabrina Ionescu,Liberty,G,34,18,7,12,1,1,4,1
2026,2026-08-18,Pauline Astier,Liberty,G,19,8,3,1,0,0,3,3
2026,2026-08-18,Anneli Maley,Liberty,F,4,0,1,0,1,0,0,2
2026,2026-08-18,Raquel Carrera,Liberty,F,6,0,1,0,0,0,0,1
2026,2026-08-18,Han Xu,Liberty,C,26,12,7,0,0,1,2,5
2026,2026-08-18,Rebekah Gardner,Liberty,G,9,4,2,1,0,0,0,1
2026,2026-08-18,Marine Johannes,Liberty,G,21,3,1,2,0,0,1,0
2026,2026-08-18,Marine Fauthoux,Liberty,G,8,0,1,2,0,0,0,1
2026,2026-08-18,Azura Stevens,Sky,F,23,12,7,2,0,1,1,4
2026,2026-08-18,Kamilla Cardoso,Sky,C,32,17,12,4,2,1,1,2
2026,2026-08-18,Courtney Vandersloot,Sky,G,27,8,3,6,1,0,0,2
2026,2026-08-18,Natasha Cloud,Sky,G,35,35,9,6,0,0,3,3
2026,2026-08-18,Sydney Taylor,Sky,G,17,9,2,3,2,0,2,1
2026,2026-08-18,Elizabeth Williams,Sky,C,8,1,2,0,2,0,0,0
2026,2026-08-18,Rachel Banham,Sky,G,12,3,0,1,0,0,0,0
2026,2026-08-18,DiJonai Carrington,Sky,G,19,4,3,1,0,0,1,2
2026,2026-08-18,Jacy Sheldon,Sky,G,13,0,2,1,0,0,2,1
2026,2026-08-18,Gabriela Jaquez,Sky,G,14,4,4,0,1,0,3,0
2026,2026-08-18,Naz Hillmon,Dream,F,32,7,4,1,0,1,3,1
2026,2026-08-18,Angel Reese,Dream,F,39,21,10,4,4,0,1,5
2026,2026-08-18,Allisha Gray,Dream,G,33,21,6,3,3,0,1,4
2026,2026-08-18,Jordin Canada,Dream,G,30,17,6,5,3,0,0,3
2026,2026-08-18,Rhyne Howard,Dream,G,39,23,4,3,4,2,2,4
2026,2026-08-18,Sika Kone,Dream,F,0,0,0,0,0,0,0,0
2026,2026-08-18,Madina Okot,Dream,C,8,6,0,1,0,0,3,2
2026,2026-08-18,Te-Hina Paopao,Dream,G,3,0,0,0,0,0,0,0
2026,2026-08-18,Aaliyah Nye,Dream,G,0,0,0,0,0,0,0,0
2026,2026-08-18,Isobel Borlase,Dream,G,16,2,2,1,1,0,1,3
2026,2026-08-18,Stephanie Talbot,Aces,F,12,0,1,0,0,1,1,3
2026,2026-08-18,NaLyssa Smith,Aces,F,22,10,6,0,0,3,0,6
2026,2026-08-18,A'ja Wilson,Aces,C,34,27,14,3,2,4,5,1
2026,2026-08-18,Chelsea Gray,Aces,G,33,13,2,2,1,2,3,1
2026,2026-08-18,Jackie Young,Aces,G,35,24,5,5,0,1,3,1
2026,2026-08-18,Cheyenne Parker-Tyus,Aces,F,4,2,0,0,0,0,0,2
2026,2026-08-18,Brianna Turner,Aces,F,15,0,3,0,0,1,3,1
2026,2026-08-18,Jewell Loyd,Aces,G,26,3,2,2,1,0,2,4
2026,2026-08-18,Ta'Niya Latson,Aces,G,5,0,0,0,0,0,0,1
2026,2026-08-18,Mai Yamamoto,Aces,G,14,3,0,3,0,0,0,2
2026,2026-08-17,Alysha Clark,Wings,F,21,3,4,2,0,0,3,2
2026,2026-08-17,Jessica Shepard,Wings,F,26,4,7,2,1,0,1,1
2026,2026-08-17,Alanna Smith,Wings,F,30,13,5,2,2,0,2,1
2026,2026-08-17,Arike Ogunbowale,Wings,G,37,17,4,3,2,0,1,3
2026,2026-08-17,Paige Bueckers,Wings,G,33,21,2,3,1,0,7,4
2026,2026-08-17,Maddy Siegrist,Wings,F,16,7,3,0,0,1,0,3
2026,2026-08-17,Awak Kuier,Wings,F,20,3,7,0,1,3,0,2
2026,2026-08-17,Odyssey Sims,Wings,G,12,0,1,2,0,0,0,0
2026,2026-08-17,Sug Sutton,Wings,G,5,2,0,1,0,0,2,0
2026,2026-08-17,Kayla Thornton,Valkyries,F,33,7,3,1,0,0,0,3
2026,2026-08-17,Gabby Williams,Valkyries,F,32,23,7,3,4,0,5,1
2026,2026-08-17,Cecilia Zandalasini,Valkyries,F,15,5,2,4,0,0,1,0
2026,2026-08-17,Kiah Stokes,Valkyries,C,24,0,5,0,0,1,0,1
2026,2026-08-17,Veronica Burton,Valkyries,G,32,16,4,5,2,0,1,2
2026,2026-08-17,Laeticia Amihere,Valkyries,F,3,0,0,0,0,0,0,1
2026,2026-08-17,Janelle Salaun,Valkyries,F,19,10,3,2,0,0,1,1
2026,2026-08-17,Tiffany Hayes,Valkyries,G,20,10,4,1,1,0,1,5
2026,2026-08-17,Kaila Charles,Valkyries,G,14,5,2,0,0,0,1,0
2026,2026-08-17,Kaitlyn Chen,Valkyries,G,8,2,0,1,0,0,1,0
2026,2026-08-16,Azura Stevens,Sky,F,28,3,5,3,1,2,1,3
2026,2026-08-16,Kamilla Cardoso,Sky,C,30,22,12,2,1,3,3,5
2026,2026-08-16,Courtney Vandersloot,Sky,G,30,15,5,5,4,0,3,1
2026,2026-08-16,Natasha Cloud,Sky,G,34,20,8,3,3,1,4,2
2026,2026-08-16,Jacy Sheldon,Sky,G,19,3,1,1,1,0,2,4
2026,2026-08-16,Elizabeth Williams,Sky,C,14,4,0,1,0,1,1,1
2026,2026-08-16,Rachel Banham,Sky,G,12,5,4,1,1,0,1,2
2026,2026-08-16,DiJonai Carrington,Sky,G,14,8,7,1,0,0,0,3
2026,2026-08-16,Aicha Coulibaly,Sky,G,14,2,2,0,0,0,2,2
2026,2026-08-16,Gabriela Jaquez,Sky,G,5,0,3,0,0,0,0,1
2026,2026-08-16,Ezi Magbegor,Storm,F,25,17,4,1,0,5,3,4
2026,2026-08-16,Jordan Horston,Storm,F,9,2,2,0,0,1,1,0
2026,2026-08-16,Dominique Malonga,Storm,C,30,19,13,2,2,4,4,4
2026,2026-08-16,Flau'jae Johnson,Storm,G,30,5,4,6,1,2,3,3
2026,2026-08-16,Jade Melbourne,Storm,G,35,11,5,6,0,1,2,1
2026,2026-08-16,Katie Lou Samuelson,Storm,F,12,2,0,1,2,0,1,1
2026,2026-08-16,Mackenzie Holmes,Storm,F,2,0,0,1,0,0,0,1
2026,2026-08-16,Stefanie Dolson,Storm,C,7,0,1,1,0,0,0,0
2026,2026-08-16,Awa Fam,Storm,C,29,14,5,2,1,0,0,3
2026,2026-08-16,Zia Cooke,Storm,G,16,10,0,1,1,0,3,0
2026,2026-08-16,Taina Mair,Storm,G,5,0,0,0,0,0,1,0
2026,2026-08-16,Makayla Timpson,Fever,F,33,20,7,0,0,1,0,2
2026,2026-08-16,Aliyah Boston,Fever,C,37,18,14,4,5,3,1,2
2026,2026-08-16,Kelsey Mitchell,Fever,G,36,20,1,1,1,0,1,4
2026,2026-08-16,Lexie Hull,Fever,G,10,0,2,0,0,0,0,0
2026,2026-08-16,Caitlin Clark,Fever,G,41,26,3,9,0,0,5,4
2026,2026-08-16,Monique Billings,Fever,F,16,3,4,1,2,2,0,2
2026,2026-08-16,Mercedes Russell,Fever,C,3,2,0,0,0,0,1,1
2026,2026-08-16,Sophie Cunningham,Fever,G,32,3,7,1,0,0,1,2
2026,2026-08-16,Tyasha Harris,Fever,G,14,3,2,2,0,0,0,2
2026,2026-08-16,Raven Johnson,Fever,G,3,0,0,0,0,0,0,0
2026,2026-08-16,Naz Hillmon,Dream,F,33,6,6,0,0,1,2,2
2026,2026-08-16,Angel Reese,Dream,F,38,15,14,6,0,0,4,5
2026,2026-08-16,Allisha Gray,Dream,G,42,32,7,5,0,0,4,5
2026,2026-08-16,Rhyne Howard,Dream,G,43,17,0,5,1,1,2,4
2026,2026-08-16,Jaylyn Sherrod,Dream,G,8,0,2,1,0,0,0,0
2026,2026-08-16,Madina Okot,Dream,C,18,8,7,1,1,2,1,4
2026,2026-08-16,Te-Hina Paopao,Dream,G,9,3,0,0,0,0,0,1
2026,2026-08-16,Aaliyah Nye,Dream,G,2,0,1,0,0,0,0,0
2026,2026-08-16,Isobel Borlase,Dream,G,32,10,3,3,0,0,1,3
2026,2026-08-16,Bridget Carleton,Fire,F,32,9,5,0,1,2,2,4
2026,2026-08-16,Emily Engstler,Fire,F,22,9,7,4,0,0,1,5
2026,2026-08-16,Nyadiew Puoch,Fire,F,17,3,4,1,1,0,1,3
2026,2026-08-16,Megan DiLeo,Fire,C,27,15,5,1,2,0,0,1
2026,2026-08-16,Carla Leite,Fire,G,28,23,1,5,2,0,4,4
2026,2026-08-16,Frieda Buhner,Fire,F,18,9,4,0,0,0,1,0
2026,2026-08-16,Serah Williams,Fire,C,13,4,3,0,0,2,0,0
2026,2026-08-16,Karlie Samuelson,Fire,G,17,8,4,0,0,0,1,2
2026,2026-08-16,Holly Winterburn,Fire,G,15,2,2,1,0,0,1,2
2026,2026-08-16,Jordan Harrison,Fire,G,12,6,1,3,0,0,0,2
2026,2026-08-16,DeWanna Bonner,Mercury,F,33,23,6,0,1,0,1,0
2026,2026-08-16,Alyssa Thomas,Mercury,F,34,17,11,9,2,0,5,3
2026,2026-08-16,Noemie Brochant,Mercury,F,27,0,2,2,0,0,2,1
2026,2026-08-16,Sami Whitcomb,Mercury,G,26,11,2,4,2,0,1,5
2026,2026-08-16,Kahleah Copper,Mercury,G,36,19,7,1,0,0,0,3
2026,2026-08-16,Valeriane Ayayi,Mercury,F,9,4,1,0,0,0,1,1
2026,2026-08-16,Natasha Mack,Mercury,F,18,7,4,1,0,1,1,3
2026,2026-08-16,Marta Suarez,Mercury,F,3,1,2,0,0,0,1,3
2026,2026-08-16,Lexi Held,Mercury,G,14,3,1,1,0,0,0,1
2026,2026-08-15,Breanna Stewart,Liberty,F,33,11,4,2,1,1,4,1
2026,2026-08-15,Jonquel Jones,Liberty,C,35,23,11,2,0,0,3,4
2026,2026-08-15,Rebecca Allen,Liberty,G,29,6,5,0,0,0,1,5
2026,2026-08-15,Marine Johannes,Liberty,G,31,17,2,5,1,1,2,2
2026,2026-08-15,Pauline Astier,Liberty,G,26,8,0,4,1,0,1,3
2026,2026-08-15,Anneli Maley,Liberty,F,8,0,2,2,0,1,0,1
2026,2026-08-15,Han Xu,Liberty,C,13,2,1,1,0,1,0,2
2026,2026-08-15,Rebekah Gardner,Liberty,G,15,7,3,1,0,0,0,2
2026,2026-08-15,Marine Fauthoux,Liberty,G,11,8,2,1,0,0,1,1
2026,2026-08-15,Diamond Miller,Sun,F,32,12,7,3,0,0,0,3
2026,2026-08-15,Olivia Nelson-Ododa,Sun,C,28,21,10,0,0,0,0,3
2026,2026-08-15,Kennedy Burke,Sun,G,21,7,1,1,2,0,2,0
2026,2026-08-15,Charlisse Leger-Walker,Sun,G,32,14,5,4,1,2,3,2
2026,2026-08-15,Leila Lacan,Sun,G,31,10,3,6,0,0,3,2
2026,2026-08-15,Raegan Beers,Sun,F,12,2,3,0,1,1,1,3
2026,2026-08-15,Nell Angloma,Sun,F,13,3,2,1,0,2,0,2
2026,2026-08-15,Saniya Rivers,Sun,G,21,6,4,2,0,2,1,2
2026,2026-08-15,Gianna Kneepkens,Sun,G,4,0,0,0,0,0,0,0
2026,2026-08-15,Ashlon Jackson,Sun,G,6,0,0,0,0,0,0,0
2026,2026-08-15,Nneka Ogwumike,Sparks,F,30,15,7,3,4,0,2,0
2026,2026-08-15,Dearica Hamby,Sparks,F,33,11,7,3,3,0,2,6
2026,2026-08-15,Erica Wheeler,Sparks,G,23,6,2,2,1,0,1,1
2026,2026-08-15,Ariel Atkins,Sparks,G,30,1,2,3,2,0,2,3
2026,2026-08-15,Rae Burrell,Sparks,G,34,20,3,3,0,1,2,1
2026,2026-08-15,Emma Cannon,Sparks,F,11,4,4,0,0,1,1,2
2026,2026-08-15,Jihyun Park,Sparks,F,9,0,0,0,1,0,0,0
2026,2026-08-15,Alissa Pili,Sparks,F,6,6,1,0,0,0,2,1
2026,2026-08-15,Tonie Morgan,Sparks,G,17,7,0,6,0,0,2,4
2026,2026-08-15,Chance Gray,Sparks,G,7,0,1,0,0,0,0,0
2026,2026-08-15,Michaela Onyenwere,Mystics,F,15,2,1,2,1,0,1,1
2026,2026-08-15,Kiki Iriafen,Mystics,F,27,19,8,3,2,1,0,4
2026,2026-08-15,Shakira Austin,Mystics,C,31,17,11,2,0,1,3,0
2026,2026-08-15,Sonia Citron,Mystics,G,34,21,6,8,2,0,2,3
2026,2026-08-15,Georgia Amoore,Mystics,G,11,0,0,1,0,0,2,0
2026,2026-08-15,Lauren Betts,Mystics,C,21,8,5,1,1,2,2,0
2026,2026-08-15,Betnijah Laney-Hamilton,Mystics,G,16,0,2,2,1,0,0,0
2026,2026-08-15,Cotie McMahon,Mystics,G,22,7,9,2,0,0,0,3
2026,2026-08-15,Cassandre Prosper,Mystics,G,13,4,0,2,3,0,0,4
2026,2026-08-15,Alicia Florez,Mystics,G,8,2,1,0,0,0,2,2
2026,2026-08-15,Natasha Howard,Lynx,F,36,13,11,1,0,0,1,4
2026,2026-08-15,Napheesa Collier,Lynx,F,25,19,6,2,1,0,1,5
2026,2026-08-15,Kayla McBride,Lynx,G,33,13,3,1,4,0,1,3
2026,2026-08-15,Courtney Williams,Lynx,G,29,12,2,1,2,0,4,3
2026,2026-08-15,Olivia Miles,Lynx,G,34,23,4,8,1,0,5,2
2026,2026-08-15,Nia Brodie,Lynx,F,27,12,4,1,1,1,1,3
2026,2026-08-15,Dorka Juhasz,Lynx,F,5,0,1,0,0,0,2,2
2026,2026-08-15,Maya Caldwell,Lynx,G,10,0,1,0,0,0,0,0
2026,2026-08-15,Stephanie Talbot,Aces,F,10,2,1,0,1,1,0,2
2026,2026-08-15,NaLyssa Smith,Aces,F,30,17,12,1,1,0,1,1
2026,2026-08-15,A'ja Wilson,Aces,C,34,32,7,1,2,1,1,2
2026,2026-08-15,Chelsea Gray,Aces,G,34,12,3,9,1,0,3,1
2026,2026-08-15,Jackie Young,Aces,G,33,8,1,9,1,0,6,3
2026,2026-08-15,Brianna Turner,Aces,F,14,0,2,0,0,0,0,1
2026,2026-08-15,Jewell Loyd,Aces,G,28,10,3,0,0,0,2,3
2026,2026-08-15,Mai Yamamoto,Aces,G,17,6,0,0,1,0,0,1
2026,2026-08-14,Alanna Smith,Wings,F,35,8,7,2,1,1,2,3
2026,2026-08-14,Awak Kuier,Wings,F,28,8,6,4,0,3,2,3
2026,2026-08-14,Odyssey Sims,Wings,G,23,11,2,2,0,0,2,2
2026,2026-08-14,Arike Ogunbowale,Wings,G,30,20,6,1,0,0,2,4
2026,2026-08-14,Paige Bueckers,Wings,G,37,29,6,6,2,0,2,2
2026,2026-08-14,Alysha Clark,Wings,F,25,4,2,1,0,1,0,4
2026,2026-08-14,Maddy Siegrist,Wings,F,13,5,1,2,0,1,0,1
2026,2026-08-14,Li Yueru,Wings,C,4,0,0,0,0,0,0,0
2026,2026-08-14,Sug Sutton,Wings,G,5,0,0,0,0,0,0,0
2026,2026-08-14,Haley Jones,Wings,G,1,2,1,0,0,0,0,0
2026,2026-08-14,Makayla Timpson,Fever,F,24,6,4,1,1,0,3,2
2026,2026-08-14,Aliyah Boston,Fever,C,29,16,10,1,1,1,3,4
2026,2026-08-14,Kelsey Mitchell,Fever,G,36,23,2,2,0,0,1,1
2026,2026-08-14,Lexie Hull,Fever,G,12,0,2,0,0,0,0,3
2026,2026-08-14,Caitlin Clark,Fever,G,34,29,3,10,1,0,1,5
2026,2026-08-14,Myisha Hines-Allen,Fever,F,12,2,3,0,0,1,0,2
2026,2026-08-14,Monique Billings,Fever,F,14,2,7,0,0,0,1,0
2026,2026-08-14,Grace VanSlooten,Fever,F,1,0,0,0,0,0,0,0
2026,2026-08-14,Sophie Cunningham,Fever,G,20,5,1,0,0,0,0,3
2026,2026-08-14,Tyasha Harris,Fever,G,17,15,2,0,1,0,0,1
2026,2026-08-14,Raven Johnson,Fever,G,1,0,0,0,0,0,0,0
2026,2026-08-14,Bridget Carleton,Fire,F,29,14,9,2,0,0,0,3
2026,2026-08-14,Emily Engstler,Fire,F,27,9,5,2,0,1,0,0
2026,2026-08-14,Nyadiew Puoch,Fire,F,15,2,3,1,2,0,0,4
2026,2026-08-14,Megan DiLeo,Fire,C,28,14,9,1,0,0,4,3
2026,2026-08-14,Carla Leite,Fire,G,27,14,3,6,1,1,5,2
2026,2026-08-14,Frieda Buhner,Fire,F,13,8,2,0,0,0,1,1
2026,2026-08-14,Serah Williams,Fire,C,12,0,2,1,0,2,0,1
2026,2026-08-14,Karlie Samuelson,Fire,G,15,3,2,1,2,0,0,2
2026,2026-08-14,Holly Winterburn,Fire,G,21,20,7,5,3,0,2,2
2026,2026-08-14,Teja Oblak,Fire,G,13,0,1,3,0,0,2,0
2026,2026-08-14,Ezi Magbegor,Storm,F,27,13,8,3,1,1,0,5
2026,2026-08-14,Jordan Horston,Storm,F,25,12,11,2,1,0,0,1
2026,2026-08-14,Dominique Malonga,Storm,C,23,9,12,5,0,2,1,2
2026,2026-08-14,Natisha Hiedeman,Storm,G,32,9,3,5,1,0,2,1
2026,2026-08-14,Jade Melbourne,Storm,G,34,12,1,2,1,1,3,4
2026,2026-08-14,Katie Lou Samuelson,Storm,F,12,3,1,0,0,0,1,1
2026,2026-08-14,Taylor Thierry,Storm,F,2,0,0,0,0,0,1,0
2026,2026-08-14,Stefanie Dolson,Storm,C,9,0,0,1,0,0,1,2
2026,2026-08-14,Awa Fam,Storm,C,22,20,9,0,1,0,1,1
2026,2026-08-14,Zia Cooke,Storm,G,14,4,0,0,0,0,1,0
2026,2026-08-13,Naz Hillmon,Dream,F,24,8,7,3,1,1,1,4
2026,2026-08-13,Angel Reese,Dream,F,28,8,15,1,3,4,2,3
2026,2026-08-13,Allisha Gray,Dream,G,28,29,3,3,0,0,2,3
2026,2026-08-13,Jordin Canada,Dream,G,27,9,2,4,1,0,2,1
2026,2026-08-13,Rhyne Howard,Dream,G,29,29,5,4,3,1,0,1
2026,2026-08-13,Brionna Jones,Dream,F,5,0,1,1,0,1,0,0
2026,2026-08-13,Sika Kone,Dream,F,6,0,1,0,0,0,0,2
2026,2026-08-13,Madina Okot,Dream,C,16,4,7,0,0,0,2,3
2026,2026-08-13,Shatori Walker-Kimbrough,Dream,G,6,2,0,0,0,0,0,0
2026,2026-08-13,Jaylyn Sherrod,Dream,G,12,4,2,2,0,1,0,4
2026,2026-08-13,Aaliyah Nye,Dream,G,7,6,2,1,0,1,0,0
2026,2026-08-13,Isobel Borlase,Dream,G,12,5,0,0,0,0,1,1
2026,2026-08-13,Diamond Miller,Sun,F,10,1,1,2,1,0,0,4
2026,2026-08-13,Brittney Griner,Sun,C,19,7,8,0,0,2,1,2
2026,2026-08-13,Olivia Nelson-Ododa,Sun,C,17,3,4,0,0,0,0,1
2026,2026-08-13,Charlisse Leger-Walker,Sun,G,18,8,0,1,0,0,1,1
2026,2026-08-13,Leila Lacan,Sun,G,20,6,1,4,0,3,4,1
2026,2026-08-13,Aaliyah Edwards,Sun,F,17,15,4,1,1,1,1,3
2026,2026-08-13,Raegan Beers,Sun,F,9,0,5,0,0,0,0,1
2026,2026-08-13,Nell Angloma,Sun,F,18,6,4,2,0,0,1,4
2026,2026-08-13,Rayah Marshall,Sun,C,6,1,1,0,0,0,1,0
2026,2026-08-13,Kennedy Burke,Sun,G,18,7,3,0,1,1,1,2
2026,2026-08-13,Hailey Van Lith,Sun,G,14,2,1,2,1,0,0,0
2026,2026-08-13,Saniya Rivers,Sun,G,20,3,1,2,2,0,0,3
2026,2026-08-13,Gianna Kneepkens,Sun,G,14,10,3,1,0,1,0,3
2026,2026-08-13,Nneka Ogwumike,Sparks,F,31,10,11,4,1,0,1,4
2026,2026-08-13,Dearica Hamby,Sparks,F,30,16,4,3,1,0,0,3
2026,2026-08-13,Erica Wheeler,Sparks,G,29,6,4,6,0,0,4,3
2026,2026-08-13,Ariel Atkins,Sparks,G,28,3,4,2,3,1,2,5
2026,2026-08-13,Rae Burrell,Sparks,G,33,28,3,3,1,1,4,0
2026,2026-08-13,Cameron Brink,Sparks,F,19,9,7,2,1,3,2,3
2026,2026-08-13,Jihyun Park,Sparks,F,10,3,0,1,0,0,0,2
2026,2026-08-13,Kiana Williams,Sparks,G,8,0,2,0,0,0,1,0
2026,2026-08-13,Chance Gray,Sparks,G,12,6,1,1,0,0,0,0
2026,2026-08-13,Breanna Stewart,Liberty,F,31,11,6,5,2,0,2,2
2026,2026-08-13,Jonquel Jones,Liberty,C,33,11,18,4,1,1,1,1
2026,2026-08-13,Rebecca Allen,Liberty,G,26,13,1,1,2,0,0,3
2026,2026-08-13,Sabrina Ionescu,Liberty,G,33,20,3,4,2,0,4,3
2026,2026-08-13,Pauline Astier,Liberty,G,17,7,2,5,2,0,2,5
2026,2026-08-13,Han Xu,Liberty,C,16,9,4,0,0,0,0,1
2026,2026-08-13,Rebekah Gardner,Liberty,G,13,4,3,2,1,0,0,1
2026,2026-08-13,Marine Johannes,Liberty,G,22,10,2,1,2,0,0,1
2026,2026-08-13,Marine Fauthoux,Liberty,G,10,0,2,0,0,0,2,1
2026,2026-08-13,Michaela Onyenwere,Mystics,F,23,5,5,3,1,0,0,4
2026,2026-08-13,Kiki Iriafen,Mystics,F,27,5,7,0,1,0,3,5
2026,2026-08-13,Shakira Austin,Mystics,C,30,29,8,0,1,1,4,4
2026,2026-08-13,Sonia Citron,Mystics,G,34,17,3,8,1,0,3,4
2026,2026-08-13,Georgia Amoore,Mystics,G,26,3,1,1,0,0,2,2
2026,2026-08-13,Angela Dugalic,Mystics,F,4,0,1,0,0,0,0,0
2026,2026-08-13,Lauren Betts,Mystics,C,19,4,6,1,1,0,2,1
2026,2026-08-13,Betnijah Laney-Hamilton,Mystics,G,16,3,1,2,0,0,0,1
2026,2026-08-13,Cotie McMahon,Mystics,G,15,5,3,1,0,0,1,0
2026,2026-08-13,Cassandre Prosper,Mystics,G,1,0,0,0,0,0,0,0
2026,2026-08-13,Alicia Florez,Mystics,G,4,5,0,0,0,0,0,0
2026,2026-08-13,Stephanie Talbot,Aces,F,16,5,2,0,0,1,0,1
2026,2026-08-13,NaLyssa Smith,Aces,F,29,6,8,0,1,0,1,3
2026,2026-08-13,A'ja Wilson,Aces,C,35,15,6,4,0,2,3,3
2026,2026-08-13,Chelsea Gray,Aces,G,29,4,4,5,1,0,2,4
2026,2026-08-13,Jackie Young,Aces,G,35,32,2,5,0,0,1,1
2026,2026-08-13,Brianna Turner,Aces,F,17,2,2,1,0,0,3,3
2026,2026-08-13,Jewell Loyd,Aces,G,24,13,2,3,1,1,2,5
2026,2026-08-13,Ta'Niya Latson,Aces,G,3,0,0,0,0,0,0,0
2026,2026-08-13,Mai Yamamoto,Aces,G,13,6,1,1,0,0,0,1
2026,2026-08-12,Isabelle Harrison,Tempo,F,30,4,10,5,1,2,4,3
2026,2026-08-12,Nyara Sabally,Tempo,F,17,6,7,1,0,0,3,0
2026,2026-08-12,Laura Juskaite,Tempo,F,32,18,7,0,3,0,2,3
2026,2026-08-12,Marina Mabrey,Tempo,G,31,23,2,4,0,1,2,3
2026,2026-08-12,Kiki Rice,Tempo,G,31,13,3,5,2,0,1,5
2026,2026-08-12,Aneesah Morrow,Tempo,F,22,8,6,2,0,1,2,4
2026,2026-08-12,Temi Fagbenle,Tempo,C,10,0,2,1,0,0,0,1
2026,2026-08-12,Kia Nurse,Tempo,G,22,16,0,1,0,0,1,2
2026,2026-08-12,Ornella Bankole,Tempo,G,5,0,0,0,0,0,1,2
2026,2026-08-12,Alanna Smith,Wings,F,33,13,11,4,1,1,1,1
2026,2026-08-12,Awak Kuier,Wings,F,25,14,4,1,1,1,0,1
2026,2026-08-12,Odyssey Sims,Wings,G,30,9,3,2,2,0,2,3
2026,2026-08-12,Arike Ogunbowale,Wings,G,35,21,2,5,1,0,5,3
2026,2026-08-12,Paige Bueckers,Wings,G,34,22,3,8,3,0,1,4
2026,2026-08-12,Alysha Clark,Wings,F,16,6,0,0,0,0,0,2
2026,2026-08-12,Maddy Siegrist,Wings,F,13,7,4,3,1,2,0,3
2026,2026-08-12,Aziaha James,Wings,G,12,2,3,1,0,1,0,4
2026,2026-08-12,Azura Stevens,Sky,F,17,4,3,1,0,0,3,0
2026,2026-08-12,Kamilla Cardoso,Sky,C,22,20,6,1,1,1,0,4
2026,2026-08-12,Courtney Vandersloot,Sky,G,15,6,3,4,0,0,2,0
2026,2026-08-12,Natasha Cloud,Sky,G,31,9,4,9,1,0,2,2
2026,2026-08-12,Jacy Sheldon,Sky,G,25,8,2,0,4,0,2,4
2026,2026-08-12,Elizabeth Williams,Sky,C,12,0,2,3,0,0,1,1
2026,2026-08-12,Rachel Banham,Sky,G,20,11,4,0,1,1,1,2
2026,2026-08-12,DiJonai Carrington,Sky,G,24,3,3,1,1,0,3,3
2026,2026-08-12,Aicha Coulibaly,Sky,G,20,8,1,0,2,0,1,1
2026,2026-08-12,Gabriela Jaquez,Sky,G,13,2,1,0,0,0,2,1
2026,2026-08-12,Kayla Thornton,Valkyries,F,19,3,1,0,0,0,0,1
2026,2026-08-12,Gabby Williams,Valkyries,F,23,13,3,3,3,0,2,3
2026,2026-08-12,Cecilia Zandalasini,Valkyries,F,30,12,4,1,3,2,1,4
2026,2026-08-12,Laeticia Amihere,Valkyries,F,15,2,1,1,1,0,1,1
2026,2026-08-12,Veronica Burton,Valkyries,G,26,13,6,2,1,0,2,1
2026,2026-08-12,Ashten Prechtel,Valkyries,F,18,3,3,2,1,0,2,5
2026,2026-08-12,Nadia Fingall,Valkyries,C,2,0,0,1,0,0,0,0
2026,2026-08-12,Tiffany Hayes,Valkyries,G,17,22,6,5,3,1,2,0
2026,2026-08-12,Kaila Charles,Valkyries,G,25,15,5,2,3,0,1,0
2026,2026-08-12,Kaitlyn Chen,Valkyries,G,21,6,1,0,1,0,2,0
2026,2026-08-12,Juste Jocyte,Valkyries,G,2,2,0,0,0,0,0,0
2026,2026-08-12,Natasha Howard,Lynx,F,28,14,12,4,2,0,3,3
2026,2026-08-12,Napheesa Collier,Lynx,F,33,20,9,2,2,3,3,1
2026,2026-08-12,Kayla McBride,Lynx,G,32,19,1,2,4,1,0,1
2026,2026-08-12,Courtney Williams,Lynx,G,30,10,1,4,0,0,1,1
2026,2026-08-12,Olivia Miles,Lynx,G,35,13,5,7,0,1,2,5
2026,2026-08-12,Nia Brodie,Lynx,F,13,2,2,1,1,0,0,0
2026,2026-08-12,Dorka Juhasz,Lynx,F,7,2,2,1,0,0,0,0
2026,2026-08-12,Antonia Delaere,Lynx,F,8,2,1,0,0,0,0,1
2026,2026-08-12,Maya Caldwell,Lynx,G,13,3,1,1,0,0,1,3
2026,2026-08-12,Eliska Joklova,Lynx,G,2,0,1,0,0,0,0,1
2026,2026-08-12,Bridget Carleton,Fire,F,33,16,5,2,2,1,2,1
2026,2026-08-12,Emily Engstler,Fire,F,23,8,7,3,1,2,0,2
2026,2026-08-12,Nyadiew Puoch,Fire,F,23,4,1,0,1,0,0,4
2026,2026-08-12,Megan DiLeo,Fire,C,23,12,7,1,0,0,0,2
2026,2026-08-12,Jordan Harrison,Fire,G,18,6,3,3,0,0,4,1
2026,2026-08-12,Frieda Buhner,Fire,F,17,9,4,1,0,0,2,0
2026,2026-08-12,Serah Williams,Fire,C,17,6,4,1,0,0,3,4
2026,2026-08-12,Karlie Samuelson,Fire,G,16,5,0,1,0,0,0,2
2026,2026-08-12,Holly Winterburn,Fire,G,9,4,2,0,1,0,1,1
2026,2026-08-12,Teja Oblak,Fire,G,22,11,6,9,2,1,2,2
2026,2026-08-11,Breanna Stewart,Liberty,F,30,19,7,5,1,0,0,2
2026,2026-08-11,Jonquel Jones,Liberty,C,30,14,10,2,1,3,1,4
2026,2026-08-11,Rebecca Allen,Liberty,G,24,11,2,1,0,0,1,1
2026,2026-08-11,Sabrina Ionescu,Liberty,G,28,19,4,5,2,0,5,1
2026,2026-08-11,Pauline Astier,Liberty,G,18,3,3,3,0,0,1,3
2026,2026-08-11,Raquel Carrera,Liberty,F,4,0,1,0,0,0,0,1
2026,2026-08-11,Han Xu,Liberty,C,17,7,5,1,2,1,0,1
2026,2026-08-11,Rebekah Gardner,Liberty,G,16,6,6,2,0,1,0,4
2026,2026-08-11,Marine Johannes,Liberty,G,18,8,0,1,1,0,1,0
2026,2026-08-11,Marine Fauthoux,Liberty,G,16,5,1,3,0,0,4,1
2026,2026-08-11,Makayla Timpson,Fever,F,28,3,7,0,0,0,3,5
2026,2026-08-11,Aliyah Boston,Fever,C,26,19,7,4,1,1,1,2
2026,2026-08-11,Kelsey Mitchell,Fever,G,31,28,3,3,2,0,2,1
2026,2026-08-11,Lexie Hull,Fever,G,18,5,1,1,0,0,0,2
2026,2026-08-11,Caitlin Clark,Fever,G,35,22,4,10,1,0,4,2
2026,2026-08-11,Myisha Hines-Allen,Fever,F,8,2,2,0,1,1,1,1
2026,2026-08-11,Monique Billings,Fever,F,17,14,1,1,2,0,0,1
2026,2026-08-11,Mercedes Russell,Fever,C,1,0,0,0,0,0,0,0
2026,2026-08-11,Sophie Cunningham,Fever,G,22,12,2,0,0,1,0,3
2026,2026-08-11,Tyasha Harris,Fever,G,11,1,0,3,0,1,0,0
2026,2026-08-11,Raven Johnson,Fever,G,3,0,0,0,0,0,0,0
2026,2026-08-11,Michaela Onyenwere,Mystics,F,25,2,3,2,1,0,4,5
2026,2026-08-11,Kiki Iriafen,Mystics,F,34,15,13,1,0,0,1,1
2026,2026-08-11,Shakira Austin,Mystics,C,30,20,8,3,2,1,3,2
2026,2026-08-11,Sonia Citron,Mystics,G,33,19,7,2,0,0,3,2
2026,2026-08-11,Georgia Amoore,Mystics,G,20,0,0,4,0,0,1,1
2026,2026-08-11,Angela Dugalic,Mystics,F,1,5,1,0,0,0,0,0
2026,2026-08-11,Lauren Betts,Mystics,C,14,4,4,1,0,1,0,0
2026,2026-08-11,Betnijah Laney-Hamilton,Mystics,G,14,6,2,2,1,0,2,4
2026,2026-08-11,Cotie McMahon,Mystics,G,21,5,2,3,1,0,1,2
2026,2026-08-11,Cassandre Prosper,Mystics,G,1,0,0,0,0,0,0,0
2026,2026-08-11,Alicia Florez,Mystics,G,5,0,1,2,0,0,1,0
2026,2026-08-11,Stephanie Talbot,Aces,F,7,0,0,0,0,0,0,0
2026,2026-08-11,NaLyssa Smith,Aces,F,30,11,11,0,2,0,0,5
2026,2026-08-11,A'ja Wilson,Aces,C,35,26,13,2,2,4,5,3
2026,2026-08-11,Chelsea Gray,Aces,G,35,12,2,5,1,0,1,1
2026,2026-08-11,Jackie Young,Aces,G,32,25,2,8,0,0,0,1
2026,2026-08-11,Brianna Turner,Aces,F,14,0,1,0,0,0,1,4
2026,2026-08-11,Jewell Loyd,Aces,G,23,4,0,2,1,0,1,0
2026,2026-08-11,Ta'Niya Latson,Aces,G,10,5,1,2,0,1,0,1
2026,2026-08-11,Mai Yamamoto,Aces,G,13,3,0,1,3,0,0,0
2026,2026-08-11,DeWanna Bonner,Mercury,F,27,11,7,2,3,3,1,3
2026,2026-08-11,Alyssa Thomas,Mercury,F,33,16,7,9,1,1,5,1
2026,2026-08-11,Noemie Brochant,Mercury,F,30,24,3,3,5,0,3,3
2026,2026-08-11,Sami Whitcomb,Mercury,G,22,7,4,3,2,0,1,1
2026,2026-08-11,Kahleah Copper,Mercury,G,35,18,4,1,1,0,8,4
2026,2026-08-11,Valeriane Ayayi,Mercury,F,20,7,4,1,0,1,3,3
2026,2026-08-11,Natasha Mack,Mercury,F,13,9,4,1,0,0,0,2
2026,2026-08-11,Marta Suarez,Mercury,F,7,0,0,1,0,0,1,3
2026,2026-08-11,Lexi Held,Mercury,G,13,2,3,1,0,0,1,3
2026,2026-08-11,Nneka Ogwumike,Sparks,F,33,18,9,8,0,0,4,2
2026,2026-08-11,Dearica Hamby,Sparks,F,32,19,4,2,2,0,4,3
2026,2026-08-11,Erica Wheeler,Sparks,G,30,7,3,5,2,0,3,2
2026,2026-08-11,Ariel Atkins,Sparks,G,32,5,4,2,4,0,0,5
2026,2026-08-11,Rae Burrell,Sparks,G,35,19,3,6,3,0,1,1
2026,2026-08-11,Cameron Brink,Sparks,F,16,7,5,1,0,2,2,3
2026,2026-08-11,Jihyun Park,Sparks,F,5,5,1,0,0,0,0,3
2026,2026-08-11,Kiana Williams,Sparks,G,4,0,1,0,0,0,1,2
2026,2026-08-11,Tonie Morgan,Sparks,G,6,3,1,1,0,0,2,2
2026,2026-08-11,Chance Gray,Sparks,G,8,4,2,0,0,0,0,2
2026,2026-08-10,Maria Conde,Tempo,F,28,2,1,3,0,0,1,3
2026,2026-08-10,Nyara Sabally,Tempo,F,29,12,12,3,4,1,5,2
2026,2026-08-10,Laura Juskaite,Tempo,F,14,0,1,0,0,0,2,2
2026,2026-08-10,Marina Mabrey,Tempo,G,33,36,0,3,0,0,1,3
2026,2026-08-10,Julie Allemand,Tempo,G,26,3,2,2,1,0,3,3
2026,2026-08-10,Isabelle Harrison,Tempo,F,18,13,3,2,0,1,1,5
2026,2026-08-10,Aneesah Morrow,Tempo,F,16,11,1,1,1,1,0,3
2026,2026-08-10,Temi Fagbenle,Tempo,C,3,0,0,0,0,0,0,0
2026,2026-08-10,Kia Nurse,Tempo,G,3,0,0,0,0,0,0,0
2026,2026-08-10,Kiki Rice,Tempo,G,30,18,5,6,1,1,0,1
2026,2026-08-10,Naz Hillmon,Dream,F,29,11,5,3,1,0,2,2
2026,2026-08-10,Angel Reese,Dream,F,29,20,14,2,1,1,1,3
2026,2026-08-10,Allisha Gray,Dream,G,33,15,3,5,0,1,0,3
2026,2026-08-10,Jordin Canada,Dream,G,36,20,6,9,1,0,2,2
2026,2026-08-10,Rhyne Howard,Dream,G,36,22,4,7,3,1,0,3
2026,2026-08-10,Brionna Jones,Dream,F,20,15,3,2,1,0,3,4
2026,2026-08-10,Sika Kone,Dream,F,1,0,0,0,0,0,0,0
2026,2026-08-10,Madina Okot,Dream,C,2,0,1,0,0,0,2,1
2026,2026-08-10,Shatori Walker-Kimbrough,Dream,G,1,0,0,0,0,0,0,0
2026,2026-08-10,Jaylyn Sherrod,Dream,G,3,0,0,0,0,0,1,2
2026,2026-08-10,Isobel Borlase,Dream,G,11,4,3,1,0,0,1,0
2026,2026-08-10,Azura Stevens,Sky,F,24,9,8,2,0,2,1,5
2026,2026-08-10,Kamilla Cardoso,Sky,C,27,15,13,0,0,0,6,3
2026,2026-08-10,Courtney Vandersloot,Sky,G,26,13,0,3,0,0,2,3
2026,2026-08-10,Natasha Cloud,Sky,G,32,7,2,8,2,0,3,4
2026,2026-08-10,Jacy Sheldon,Sky,G,19,5,1,2,1,1,1,3
2026,2026-08-10,Elizabeth Williams,Sky,C,18,2,1,1,1,0,0,0
2026,2026-08-10,Rachel Banham,Sky,G,12,8,1,1,0,0,0,2
2026,2026-08-10,DiJonai Carrington,Sky,G,27,26,6,1,5,0,2,1
2026,2026-08-10,Aicha Coulibaly,Sky,G,10,3,3,0,0,0,0,1
2026,2026-08-10,Gabriela Jaquez,Sky,G,4,0,0,0,0,0,0,0
2026,2026-08-10,Ezi Magbegor,Storm,F,26,5,4,3,0,1,4,4
2026,2026-08-10,Jordan Horston,Storm,F,23,10,6,0,2,0,1,4
2026,2026-08-10,Dominique Malonga,Storm,C,30,26,10,1,2,3,2,0
2026,2026-08-10,Natisha Hiedeman,Storm,G,33,18,2,9,0,0,0,0
2026,2026-08-10,Jade Melbourne,Storm,G,21,9,3,1,1,0,2,6
2026,2026-08-10,Taylor Thierry,Storm,F,22,7,6,3,1,0,0,0
2026,2026-08-10,Stefanie Dolson,Storm,C,10,6,3,2,1,0,2,2
2026,2026-08-10,Awa Fam,Storm,C,14,0,0,2,2,0,1,1
2026,2026-08-10,Zia Cooke,Storm,G,21,16,2,1,0,0,2,3
2026,2026-08-09,Stephanie Talbot,Aces,F,21,4,2,0,1,0,2,0
2026,2026-08-09,Brianna Turner,Aces,F,30,4,3,1,1,1,1,3
2026,2026-08-09,NaLyssa Smith,Aces,F,20,7,6,4,0,0,1,3
2026,2026-08-09,Jewell Loyd,Aces,G,20,2,0,1,0,0,1,0
2026,2026-08-09,Dana Evans,Aces,G,14,2,1,2,0,1,3,0
2026,2026-08-09,Kierstan Bell,Aces,F,21,5,4,0,1,0,0,4
2026,2026-08-09,Ta'Niya Latson,Aces,G,24,20,4,2,1,0,2,2
2026,2026-08-09,Justine Pissott,Aces,G,25,11,3,1,1,0,2,4
2026,2026-08-09,Mai Yamamoto,Aces,G,26,16,1,6,1,0,2,2
2026,2026-08-09,Breanna Stewart,Liberty,F,23,14,4,4,1,1,1,0
2026,2026-08-09,Jonquel Jones,Liberty,C,19,15,8,2,2,0,3,3
2026,2026-08-09,Rebecca Allen,Liberty,G,22,13,8,2,2,1,0,1
2026,2026-08-09,Sabrina Ionescu,Liberty,G,21,5,3,2,0,0,2,2
2026,2026-08-09,Pauline Astier,Liberty,G,16,6,2,1,0,0,0,0
2026,2026-08-09,Raquel Carrera,Liberty,F,17,4,4,2,0,0,1,3
2026,2026-08-09,Han Xu,Liberty,C,17,14,5,0,1,1,0,2
2026,2026-08-09,Rebekah Gardner,Liberty,G,21,11,7,0,1,1,1,2
2026,2026-08-09,Marine Johannes,Liberty,G,22,27,1,3,1,0,3,0
2026,2026-08-09,Marine Fauthoux,Liberty,G,22,2,3,9,0,0,2,0
2026,2026-08-09,DeWanna Bonner,Mercury,F,19,10,0,1,1,0,0,0
2026,2026-08-09,Alyssa Thomas,Mercury,F,31,10,10,6,0,0,3,2
2026,2026-08-09,Natasha Mack,Mercury,F,23,8,7,0,1,0,2,3
2026,2026-08-09,Kahleah Copper,Mercury,G,30,15,0,3,0,0,2,2
2026,2026-08-09,Kelsey Plum,Mercury,G,14,5,3,2,0,0,3,1
2026,2026-08-09,Valeriane Ayayi,Mercury,F,9,1,1,1,1,0,2,1
2026,2026-08-09,Marta Suarez,Mercury,F,6,0,0,2,0,0,1,0
2026,2026-08-09,Noemie Brochant,Mercury,F,21,13,2,1,0,0,0,2
2026,2026-08-09,Kyara Linskens,Mercury,C,17,3,8,2,1,3,0,1
2026,2026-08-09,Sami Whitcomb,Mercury,G,14,3,1,3,1,0,2,1
2026,2026-08-09,Lexi Held,Mercury,G,16,7,1,1,0,0,1,2
2026,2026-08-09,Michaela Onyenwere,Mystics,F,25,13,2,1,0,1,2,2
2026,2026-08-09,Kiki Iriafen,Mystics,F,24,12,9,2,1,0,1,2
2026,2026-08-09,Shakira Austin,Mystics,C,26,19,11,3,0,1,0,1
2026,2026-08-09,Sonia Citron,Mystics,G,27,19,4,6,2,1,1,1
2026,2026-08-09,Georgia Amoore,Mystics,G,21,0,1,6,0,0,0,5
2026,2026-08-09,Angela Dugalic,Mystics,F,9,0,3,1,2,0,1,1
2026,2026-08-09,Lauren Betts,Mystics,C,18,6,6,1,1,0,1,0
2026,2026-08-09,Lucy Olsen,Mystics,G,4,6,0,0,0,1,0,1
2026,2026-08-09,Cotie McMahon,Mystics,G,20,13,0,1,2,0,1,3
2026,2026-08-09,Cassandre Prosper,Mystics,G,12,3,2,1,2,0,1,0
2026,2026-08-09,Alicia Florez,Mystics,G,15,4,2,2,1,0,0,1
2026,2026-08-09,Jessica Shepard,Wings,F,5,0,0,1,0,0,0,1
2026,2026-08-09,Alanna Smith,Wings,F,27,11,8,0,1,0,1,2
2026,2026-08-09,Odyssey Sims,Wings,G,31,17,3,4,0,0,3,0
2026,2026-08-09,Arike Ogunbowale,Wings,G,28,5,0,4,1,0,4,1
2026,2026-08-09,Paige Bueckers,Wings,G,31,23,4,8,3,0,6,2
2026,2026-08-09,Maddy Siegrist,Wings,F,6,5,0,0,0,0,0,1
2026,2026-08-09,Awak Kuier,Wings,F,19,4,7,1,0,0,1,0
2026,2026-08-09,Li Yueru,Wings,C,27,4,6,0,0,0,0,0
2026,2026-08-09,Sug Sutton,Wings,G,9,2,0,4,0,0,1,0
2026,2026-08-09,Aziaha James,Wings,G,15,19,6,2,0,0,2,1
2026,2026-08-09,Haley Jones,Wings,G,2,0,0,0,0,0,0,0
2026,2026-08-09,Natasha Howard,Lynx,F,24,12,4,3,2,2,1,5
2026,2026-08-09,Napheesa Collier,Lynx,F,35,17,8,3,4,1,3,0
2026,2026-08-09,Kayla McBride,Lynx,G,32,43,1,1,1,0,2,0
2026,2026-08-09,Courtney Williams,Lynx,G,31,3,3,7,1,0,0,4
2026,2026-08-09,Olivia Miles,Lynx,G,34,20,1,13,1,0,4,2
2026,2026-08-09,Nia Brodie,Lynx,F,14,4,4,1,1,0,0,0
2026,2026-08-09,Dorka Juhasz,Lynx,F,9,0,0,0,0,0,0,0
2026,2026-08-09,Antonia Delaere,Lynx,F,8,0,0,0,1,0,0,0
2026,2026-08-09,Maya Caldwell,Lynx,G,10,2,2,1,1,0,1,1
2026,2026-08-09,Eliska Joklova,Lynx,G,4,2,1,0,0,0,0,0
2026,2026-08-09,Kayla Thornton,Valkyries,F,28,11,7,1,1,0,3,1
2026,2026-08-09,Gabby Williams,Valkyries,F,19,11,1,1,1,0,1,0
2026,2026-08-09,Cecilia Zandalasini,Valkyries,F,23,15,7,2,1,0,0,2
2026,2026-08-09,Kiah Stokes,Valkyries,C,20,5,7,3,0,0,1,5
2026,2026-08-09,Veronica Burton,Valkyries,G,29,7,0,7,3,0,1,0
2026,2026-08-09,Laeticia Amihere,Valkyries,F,12,2,3,1,0,2,0,2
2026,2026-08-09,Janelle Salaun,Valkyries,F,21,8,3,0,1,0,2,1
2026,2026-08-09,Tiffany Hayes,Valkyries,G,19,14,3,2,0,0,3,3
2026,2026-08-09,Kaila Charles,Valkyries,G,18,5,4,3,0,0,1,2
2026,2026-08-09,Kaitlyn Chen,Valkyries,G,11,6,1,2,0,0,1,0
2026,2026-08-09,Nneka Ogwumike,Sparks,F,32,16,7,3,0,0,4,0
2026,2026-08-09,Dearica Hamby,Sparks,F,26,12,3,1,1,0,2,1
2026,2026-08-09,Erica Wheeler,Sparks,G,27,15,2,4,1,0,1,5
2026,2026-08-09,Ariel Atkins,Sparks,G,30,9,4,4,1,0,0,3
2026,2026-08-09,Rae Burrell,Sparks,G,32,9,3,1,1,0,2,2
2026,2026-08-09,Cameron Brink,Sparks,F,22,7,7,0,2,1,2,4
2026,2026-08-09,Jihyun Park,Sparks,F,5,0,0,1,0,0,0,2
2026,2026-08-09,Kiana Williams,Sparks,G,15,10,0,3,0,0,0,0
2026,2026-08-09,Chance Gray,Sparks,G,10,0,2,1,0,0,0,0
2026,2026-08-08,Stephanie Talbot,Aces,F,10,2,1,0,0,0,0,0
2026,2026-08-08,NaLyssa Smith,Aces,F,24,14,11,4,0,1,1,3
2026,2026-08-08,A'ja Wilson,Aces,C,33,16,8,1,1,2,5,2
2026,2026-08-08,Chelsea Gray,Aces,G,36,9,2,6,1,0,2,3
2026,2026-08-08,Jackie Young,Aces,G,33,23,5,1,0,0,5,0
2026,2026-08-08,Brianna Turner,Aces,F,14,2,2,0,1,1,1,1
2026,2026-08-08,Jewell Loyd,Aces,G,30,10,3,2,0,0,1,2
2026,2026-08-08,Dana Evans,Aces,G,20,11,5,3,0,0,1,0
2026,2026-08-08,Natasha Howard,Lynx,F,29,17,8,6,2,0,1,3
2026,2026-08-08,Napheesa Collier,Lynx,F,35,22,6,3,1,3,4,3
2026,2026-08-08,Kayla McBride,Lynx,G,35,15,4,0,2,0,0,2
2026,2026-08-08,Courtney Williams,Lynx,G,33,13,7,7,2,1,2,5
2026,2026-08-08,Olivia Miles,Lynx,G,35,26,4,7,1,0,5,2
2026,2026-08-08,Nia Brodie,Lynx,F,7,0,3,0,1,0,2,3
2026,2026-08-08,Dorka Juhasz,Lynx,F,10,3,1,1,0,0,0,1
2026,2026-08-08,Antonia Delaere,Lynx,F,5,0,1,0,0,0,0,0
2026,2026-08-08,Maya Caldwell,Lynx,G,12,2,0,0,1,0,0,1
2026,2026-08-08,Makayla Timpson,Fever,F,31,10,3,3,1,2,1,4
2026,2026-08-08,Aliyah Boston,Fever,C,29,13,11,3,1,2,1,2
2026,2026-08-08,Kelsey Mitchell,Fever,G,36,27,5,2,2,1,2,1
2026,2026-08-08,Lexie Hull,Fever,G,19,5,6,0,0,1,1,3
2026,2026-08-08,Caitlin Clark,Fever,G,36,26,4,11,2,1,6,3
2026,2026-08-08,Myisha Hines-Allen,Fever,F,9,0,1,1,0,0,0,3
2026,2026-08-08,Monique Billings,Fever,F,12,4,2,1,0,0,1,1
2026,2026-08-08,Sophie Cunningham,Fever,G,17,3,1,0,2,0,0,0
2026,2026-08-08,Tyasha Harris,Fever,G,3,0,0,1,0,0,0,0
2026,2026-08-08,Raven Johnson,Fever,G,9,2,1,1,0,0,1,1
2026,2026-08-08,Azura Stevens,Sky,F,20,7,5,0,0,0,1,5
2026,2026-08-08,Kamilla Cardoso,Sky,C,26,14,9,2,1,1,1,0
2026,2026-08-08,Courtney Vandersloot,Sky,G,25,4,3,6,2,0,2,0
2026,2026-08-08,Natasha Cloud,Sky,G,27,17,2,4,1,0,2,4
2026,2026-08-08,Jacy Sheldon,Sky,G,24,9,1,2,0,0,1,5
2026,2026-08-08,Elizabeth Williams,Sky,C,14,0,4,2,1,0,2,2
2026,2026-08-08,Rachel Banham,Sky,G,20,17,1,3,2,0,3,2
2026,2026-08-08,DiJonai Carrington,Sky,G,4,8,1,0,0,0,0,1
2026,2026-08-08,Aicha Coulibaly,Sky,G,20,6,2,4,1,0,0,1
2026,2026-08-08,Gabriela Jaquez,Sky,G,21,4,2,2,2,1,0,2
2026,2026-08-08,Ezi Magbegor,Storm,F,26,7,3,6,1,2,0,2
2026,2026-08-08,Dominique Malonga,Storm,C,28,21,9,2,0,2,3,4
2026,2026-08-08,Natisha Hiedeman,Storm,G,32,2,3,3,0,0,1,3
2026,2026-08-08,Flau'jae Johnson,Storm,G,25,8,4,1,1,0,2,2
2026,2026-08-08,Jade Melbourne,Storm,G,29,23,2,5,1,1,0,3
2026,2026-08-08,Jordan Horston,Storm,F,19,17,3,1,1,0,2,1
2026,2026-08-08,Stefanie Dolson,Storm,C,10,0,1,0,0,1,1,2
2026,2026-08-08,Awa Fam,Storm,C,17,3,1,0,2,0,2,0
2026,2026-08-08,Zia Cooke,Storm,G,11,7,1,1,0,0,1,1
2026,2026-08-08,Taina Mair,Storm,G,5,5,0,0,0,0,1,2
2026,2026-08-08,Bridget Carleton,Fire,F,29,24,6,4,1,0,1,0
2026,2026-08-08,Emily Engstler,Fire,F,24,10,4,1,0,0,0,4
2026,2026-08-08,Nyadiew Puoch,Fire,F,25,19,2,1,3,0,0,1
2026,2026-08-08,Megan DiLeo,Fire,C,24,11,4,0,0,1,0,3
2026,2026-08-08,Carla Leite,Fire,G,4,4,0,2,0,0,1,0
2026,2026-08-08,Frieda Buhner,Fire,F,16,3,3,2,1,0,0,1
2026,2026-08-08,Serah Williams,Fire,C,16,3,0,2,0,0,2,1
2026,2026-08-08,Karlie Samuelson,Fire,G,17,9,3,0,0,0,0,2
2026,2026-08-08,Holly Winterburn,Fire,G,17,4,2,7,0,0,3,2
2026,2026-08-08,Jordan Harrison,Fire,G,28,13,7,6,1,0,3,4
2026,2026-08-07,DeWanna Bonner,Mercury,F,34,6,11,2,0,1,0,2
2026,2026-08-07,Alyssa Thomas,Mercury,F,35,10,8,5,4,0,2,4
2026,2026-08-07,Noemie Brochant,Mercury,F,22,6,0,1,0,0,2,0
2026,2026-08-07,Kahleah Copper,Mercury,G,34,16,2,4,2,0,3,2
2026,2026-08-07,Kelsey Plum,Mercury,G,28,25,0,3,1,0,3,5
2026,2026-08-07,Valeriane Ayayi,Mercury,F,12,0,1,0,1,0,0,3
2026,2026-08-07,Natasha Mack,Mercury,F,18,4,6,2,1,0,0,2
2026,2026-08-07,Kyara Linskens,Mercury,C,4,0,0,1,0,0,0,2
2026,2026-08-07,Sami Whitcomb,Mercury,G,13,5,1,1,1,0,0,1
2026,2026-08-07,Diamond Miller,Sun,F,24,9,4,1,0,1,2,4
2026,2026-08-07,Brittney Griner,Sun,C,24,5,7,4,0,2,3,1
2026,2026-08-07,Olivia Nelson-Ododa,Sun,C,16,7,4,0,0,0,3,2
2026,2026-08-07,Charlisse Leger-Walker,Sun,G,20,6,1,5,0,0,3,4
2026,2026-08-07,Leila Lacan,Sun,G,31,9,3,4,1,0,3,3
2026,2026-08-07,Aaliyah Edwards,Sun,F,24,14,8,0,0,0,0,2
2026,2026-08-07,Nell Angloma,Sun,F,11,0,2,0,1,1,0,1
2026,2026-08-07,Kennedy Burke,Sun,G,20,15,2,0,1,1,2,3
2026,2026-08-07,Hailey Van Lith,Sun,G,14,6,2,1,2,0,1,3
2026,2026-08-07,Saniya Rivers,Sun,G,17,4,1,4,0,0,1,1
2026,2026-08-07,Naz Hillmon,Dream,F,20,5,4,1,0,0,1,2
2026,2026-08-07,Angel Reese,Dream,F,33,7,16,2,2,1,2,5
2026,2026-08-07,Allisha Gray,Dream,G,38,26,6,2,1,1,1,3
2026,2026-08-07,Jordin Canada,Dream,G,35,9,3,7,2,0,5,5
2026,2026-08-07,Rhyne Howard,Dream,G,31,19,3,1,0,3,1,6
2026,2026-08-07,Brionna Jones,Dream,F,21,4,7,3,0,1,3,4
2026,2026-08-07,Madina Okot,Dream,C,5,4,0,0,0,1,1,1
2026,2026-08-07,Shatori Walker-Kimbrough,Dream,G,2,0,0,0,0,0,0,1
2026,2026-08-07,Jaylyn Sherrod,Dream,G,5,0,0,0,0,0,0,1
2026,2026-08-07,Isobel Borlase,Dream,G,9,0,1,0,0,0,2,1
2026,2026-08-07,Michaela Onyenwere,Mystics,F,21,0,3,0,0,0,1,2
2026,2026-08-07,Kiki Iriafen,Mystics,F,32,15,7,5,2,0,4,4
2026,2026-08-07,Shakira Austin,Mystics,C,27,21,11,3,0,5,6,5
2026,2026-08-07,Sonia Citron,Mystics,G,32,14,3,3,1,1,3,3
2026,2026-08-07,Georgia Amoore,Mystics,G,14,0,1,0,0,0,2,2
2026,2026-08-07,Lauren Betts,Mystics,C,21,5,11,2,1,3,1,2
2026,2026-08-07,Cotie McMahon,Mystics,G,28,11,5,0,2,0,0,2
2026,2026-08-07,Cassandre Prosper,Mystics,G,19,10,4,1,0,2,0,5
2026,2026-08-07,Alicia Florez,Mystics,G,6,3,1,0,0,1,0,2
2026,2026-08-07,Kayla Thornton,Valkyries,F,27,11,10,3,1,0,2,1
2026,2026-08-07,Gabby Williams,Valkyries,F,22,19,1,4,1,0,0,0
2026,2026-08-07,Cecilia Zandalasini,Valkyries,F,18,5,3,2,0,0,2,3
2026,2026-08-07,Kiah Stokes,Valkyries,C,26,7,7,3,0,2,0,4
2026,2026-08-07,Veronica Burton,Valkyries,G,30,22,4,7,1,0,0,3
2026,2026-08-07,Laeticia Amihere,Valkyries,F,10,1,5,0,0,3,1,3
2026,2026-08-07,Janelle Salaun,Valkyries,F,17,9,3,1,1,0,1,2
2026,2026-08-07,Tiffany Hayes,Valkyries,G,12,9,1,2,1,0,0,5
2026,2026-08-07,Kaila Charles,Valkyries,G,27,9,4,0,3,0,0,3
2026,2026-08-07,Kaitlyn Chen,Valkyries,G,12,2,0,5,0,0,1,0
2026,2026-08-07,Jessica Shepard,Wings,F,26,6,11,1,0,0,1,0
2026,2026-08-07,Alanna Smith,Wings,F,27,11,6,0,1,0,1,1
2026,2026-08-07,Arike Ogunbowale,Wings,G,27,5,4,1,2,0,3,2
2026,2026-08-07,Paige Bueckers,Wings,G,29,17,1,1,1,0,2,1
2026,2026-08-07,Aziaha James,Wings,G,27,13,4,1,0,1,1,1
2026,2026-08-07,Maddy Siegrist,Wings,F,15,5,7,0,1,0,0,3
2026,2026-08-07,Awak Kuier,Wings,F,9,4,1,0,0,2,2,1
2026,2026-08-07,Li Yueru,Wings,C,8,7,3,0,0,0,1,2
2026,2026-08-07,Odyssey Sims,Wings,G,25,3,2,4,0,0,0,2
2026,2026-08-07,Sug Sutton,Wings,G,8,5,0,0,2,0,2,2
2026,2026-08-06,Stephanie Talbot,Aces,F,10,4,2,0,1,0,0,3
2026,2026-08-06,NaLyssa Smith,Aces,F,37,14,9,1,0,1,3,4
2026,2026-08-06,A'ja Wilson,Aces,C,37,26,13,3,1,2,3,3
2026,2026-08-06,Chelsea Gray,Aces,G,40,11,2,7,4,0,5,5
2026,2026-08-06,Jackie Young,Aces,G,35,22,4,9,1,0,3,5
2026,2026-08-06,Brianna Turner,Aces,F,15,0,3,0,0,1,0,2
2026,2026-08-06,Kierstan Bell,Aces,F,3,0,0,0,0,0,0,1
2026,2026-08-06,Jewell Loyd,Aces,G,31,9,5,2,2,0,2,1
2026,2026-08-06,Dana Evans,Aces,G,16,0,1,2,0,0,0,0
2026,2026-08-06,Monique Billings,Fever,F,21,8,4,1,2,0,0,2
2026,2026-08-06,Aliyah Boston,Fever,C,38,21,12,2,3,2,4,5
2026,2026-08-06,Kelsey Mitchell,Fever,G,39,28,0,4,2,0,2,3
2026,2026-08-06,Lexie Hull,Fever,G,17,1,4,1,1,1,3,1
2026,2026-08-06,Caitlin Clark,Fever,G,38,20,3,8,1,0,8,4
2026,2026-08-06,Makayla Timpson,Fever,F,32,4,11,0,1,1,3,0
2026,2026-08-06,Sophie Cunningham,Fever,G,28,2,3,0,0,0,0,0
2026,2026-08-06,Tyasha Harris,Fever,G,12,0,1,0,0,0,1,1
2026,2026-08-06,Nneka Ogwumike,Sparks,F,30,16,7,0,2,1,5,0
2026,2026-08-06,Dearica Hamby,Sparks,F,25,16,9,2,1,0,2,3
2026,2026-08-06,Erica Wheeler,Sparks,G,30,12,4,9,0,0,0,2
2026,2026-08-06,Ariel Atkins,Sparks,G,29,7,2,6,1,0,2,4
2026,2026-08-06,Rae Burrell,Sparks,G,28,17,2,2,0,0,1,1
2026,2026-08-06,Cameron Brink,Sparks,F,25,12,8,5,0,3,1,3
2026,2026-08-06,Jihyun Park,Sparks,F,5,0,0,0,0,0,0,0
2026,2026-08-06,Chance Gray,Sparks,G,10,2,2,2,1,0,1,0
2026,2026-08-06,Monique Akoa Makani,Sparks,G,19,7,1,1,1,0,1,0
2026,2026-08-06,Natasha Howard,Lynx,F,25,8,6,3,2,1,2,5
2026,2026-08-06,Napheesa Collier,Lynx,F,34,21,8,6,1,0,3,4
2026,2026-08-06,Kayla McBride,Lynx,G,34,15,0,1,0,0,2,2
2026,2026-08-06,Courtney Williams,Lynx,G,34,12,8,0,1,1,1,2
2026,2026-08-06,Olivia Miles,Lynx,G,34,23,8,5,2,0,5,3
2026,2026-08-06,Nia Brodie,Lynx,F,13,3,2,0,0,0,0,2
2026,2026-08-06,Dorka Juhasz,Lynx,F,8,0,0,1,0,0,0,0
2026,2026-08-06,Antonia Delaere,Lynx,F,6,0,0,0,0,0,0,1
2026,2026-08-06,Maya Caldwell,Lynx,G,8,0,2,1,0,0,0,2
2026,2026-08-06,Eliska Joklova,Lynx,G,3,0,1,0,1,0,0,1
2026,2026-08-06,Maria Conde,Tempo,F,29,6,6,2,1,0,1,3
2026,2026-08-06,Nyara Sabally,Tempo,F,24,17,5,1,2,1,0,0
2026,2026-08-06,Laura Juskaite,Tempo,F,26,12,6,3,0,1,3,3
2026,2026-08-06,Marina Mabrey,Tempo,G,22,9,2,1,0,0,3,3
2026,2026-08-06,Julie Allemand,Tempo,G,32,11,5,12,1,0,2,3
2026,2026-08-06,Isabelle Harrison,Tempo,F,15,8,3,1,0,0,3,1
2026,2026-08-06,Teonni Key,Tempo,F,1,0,0,0,0,0,0,0
2026,2026-08-06,Aneesah Morrow,Tempo,F,24,11,8,1,3,1,2,3
2026,2026-08-06,Temi Fagbenle,Tempo,C,3,0,0,0,0,0,0,0
2026,2026-08-06,Kia Nurse,Tempo,G,7,4,1,1,0,0,0,1
2026,2026-08-06,Kiki Rice,Tempo,G,18,5,0,1,0,0,2,1
2026,2026-08-06,Bridget Carleton,Fire,F,30,10,11,0,1,1,0,1
2026,2026-08-06,Emily Engstler,Fire,F,24,7,6,2,1,0,1,4
2026,2026-08-06,Nyadiew Puoch,Fire,F,17,6,1,1,2,1,0,0
2026,2026-08-06,Megan DiLeo,Fire,C,28,17,3,2,0,2,2,2
2026,2026-08-06,Carla Leite,Fire,G,30,27,4,11,0,0,4,4
2026,2026-08-06,Frieda Buhner,Fire,F,16,10,5,0,0,0,0,2
2026,2026-08-06,Serah Williams,Fire,C,12,2,0,0,0,0,1,4
2026,2026-08-06,Karlie Samuelson,Fire,G,19,6,2,1,0,0,2,1
2026,2026-08-06,Holly Winterburn,Fire,G,14,4,1,2,1,0,2,1
2026,2026-08-06,Jordan Harrison,Fire,G,11,8,0,4,2,0,3,3
2026,2026-08-05,DeWanna Bonner,Mercury,F,31,11,11,1,1,1,0,2
2026,2026-08-05,Alyssa Thomas,Mercury,F,38,17,5,7,1,1,4,1
2026,2026-08-05,Noemie Brochant,Mercury,F,28,7,1,3,0,0,1,2
2026,2026-08-05,Kahleah Copper,Mercury,G,36,14,2,5,0,0,3,4
2026,2026-08-05,Kelsey Plum,Mercury,G,26,19,5,4,1,0,1,2
2026,2026-08-05,Valeriane Ayayi,Mercury,F,13,3,2,0,1,0,0,0
2026,2026-08-05,Natasha Mack,Mercury,F,14,2,1,0,0,0,0,2
2026,2026-08-05,Sami Whitcomb,Mercury,G,14,9,1,2,0,0,0,0
2026,2026-08-05,Lexi Held,Mercury,G,1,0,0,0,0,0,0,0
2026,2026-08-05,Naz Hillmon,Dream,F,26,10,5,1,0,1,2,5
2026,2026-08-05,Angel Reese,Dream,F,32,14,10,4,0,1,3,4
2026,2026-08-05,Allisha Gray,Dream,G,29,20,3,3,0,1,1,3
2026,2026-08-05,Jordin Canada,Dream,G,30,17,5,4,0,0,5,3
2026,2026-08-05,Rhyne Howard,Dream,G,33,23,6,8,2,1,1,2
2026,2026-08-05,Brionna Jones,Dream,F,21,9,4,6,1,1,0,3
2026,2026-08-05,Sika Kone,Dream,F,1,0,0,0,0,0,0,0
2026,2026-08-05,Madina Okot,Dream,C,1,0,0,0,0,0,0,1
2026,2026-08-05,Shatori Walker-Kimbrough,Dream,G,1,0,0,0,0,0,0,0
2026,2026-08-05,Jaylyn Sherrod,Dream,G,10,3,2,1,0,1,0,0
2026,2026-08-05,Aaliyah Nye,Dream,G,1,0,0,0,0,0,0,0
2026,2026-08-05,Isobel Borlase,Dream,G,17,0,3,2,0,0,0,1
2026,2026-08-05,Ezi Magbegor,Storm,F,17,7,5,0,0,1,0,3
2026,2026-08-05,Dominique Malonga,Storm,C,30,31,10,3,2,1,1,2
2026,2026-08-05,Natisha Hiedeman,Storm,G,29,2,2,6,0,0,4,2
2026,2026-08-05,Flau'jae Johnson,Storm,G,27,11,4,3,2,0,1,3
2026,2026-08-05,Jade Melbourne,Storm,G,30,13,1,7,1,1,2,3
2026,2026-08-05,Katie Lou Samuelson,Storm,F,9,4,2,0,0,0,1,0
2026,2026-08-05,Jordan Horston,Storm,F,11,1,1,0,0,0,0,2
2026,2026-08-05,Stefanie Dolson,Storm,C,10,0,3,0,1,0,0,2
2026,2026-08-05,Awa Fam,Storm,C,23,13,5,3,0,0,1,2
2026,2026-08-05,Zia Cooke,Storm,G,13,4,2,1,1,0,0,0
2026,2026-08-05,Breanna Stewart,Liberty,F,33,28,8,2,0,1,1,2
2026,2026-08-05,Jonquel Jones,Liberty,C,30,14,15,7,0,2,2,1
2026,2026-08-05,Rebecca Allen,Liberty,G,19,12,1,0,2,0,1,1
2026,2026-08-05,Sabrina Ionescu,Liberty,G,31,15,5,6,2,0,0,2
2026,2026-08-05,Pauline Astier,Liberty,G,28,11,3,5,1,0,2,2
2026,2026-08-05,Han Xu,Liberty,C,17,6,1,2,0,0,1,2
2026,2026-08-05,Rebekah Gardner,Liberty,G,12,0,0,1,1,0,0,3
2026,2026-08-05,Marine Johannes,Liberty,G,14,0,2,1,1,0,1,0
2026,2026-08-05,Marine Fauthoux,Liberty,G,16,6,3,1,0,0,2,0
2026,2026-08-05,Jessica Shepard,Wings,F,37,22,11,7,1,0,1,2
2026,2026-08-05,Alanna Smith,Wings,F,32,21,11,1,2,3,3,5
2026,2026-08-05,Arike Ogunbowale,Wings,G,33,15,3,5,0,0,2,4
2026,2026-08-05,Paige Bueckers,Wings,G,37,17,5,4,0,2,0,4
2026,2026-08-05,Azzi Fudd,Wings,G,34,9,1,3,3,0,3,5
2026,2026-08-05,Awak Kuier,Wings,F,5,5,0,0,0,1,0,1
2026,2026-08-05,Li Yueru,Wings,C,7,0,0,0,0,0,0,2
2026,2026-08-05,Odyssey Sims,Wings,G,10,0,1,3,0,0,0,2
2026,2026-08-05,Aziaha James,Wings,G,5,3,0,0,0,0,0,1
2026,2026-08-05,Michaela Onyenwere,Mystics,F,19,10,2,1,1,0,2,6
2026,2026-08-05,Kiki Iriafen,Mystics,F,25,11,6,3,1,0,3,4
2026,2026-08-05,Shakira Austin,Mystics,C,36,27,13,2,0,1,2,2
2026,2026-08-05,Sonia Citron,Mystics,G,37,12,2,3,2,0,1,3
2026,2026-08-05,Georgia Amoore,Mystics,G,29,12,0,5,1,0,2,0
2026,2026-08-05,Lauren Betts,Mystics,C,19,6,7,1,0,1,1,0
2026,2026-08-05,Cotie McMahon,Mystics,G,27,18,3,3,1,1,0,3
2026,2026-08-05,Cassandre Prosper,Mystics,G,6,0,1,0,0,0,0,2
2026,2026-08-05,Alicia Florez,Mystics,G,4,0,0,1,0,0,0,1
2026,2026-08-05,Nneka Ogwumike,Sparks,F,30,10,7,3,3,0,1,3
2026,2026-08-05,Dearica Hamby,Sparks,F,34,22,14,4,1,1,1,1
2026,2026-08-05,Erica Wheeler,Sparks,G,24,14,2,5,0,0,2,3
2026,2026-08-05,Ariel Atkins,Sparks,G,21,8,1,3,2,0,0,2
2026,2026-08-05,Rae Burrell,Sparks,G,31,13,2,5,0,1,3,0
2026,2026-08-05,Emma Cannon,Sparks,F,2,0,0,0,0,0,1,1
2026,2026-08-05,Cameron Brink,Sparks,F,14,11,6,1,0,3,3,5
2026,2026-08-05,Jihyun Park,Sparks,F,15,7,1,0,0,0,0,1
2026,2026-08-05,Chance Gray,Sparks,G,12,0,1,4,0,0,1,0
2026,2026-08-05,Monique Akoa Makani,Sparks,G,16,3,1,2,0,0,2,3
2026,2026-08-05,Kamilla Cardoso,Sky,C,29,15,7,3,0,2,3,5
2026,2026-08-05,Courtney Vandersloot,Sky,G,28,9,4,5,0,2,5,4
2026,2026-08-05,Natasha Cloud,Sky,G,32,15,5,9,2,1,1,0
2026,2026-08-05,Jacy Sheldon,Sky,G,29,15,0,3,1,0,0,2
2026,2026-08-05,Aicha Coulibaly,Sky,G,24,13,3,1,1,0,1,1
2026,2026-08-05,Elizabeth Williams,Sky,C,27,14,2,2,1,0,1,1
2026,2026-08-05,Rachel Banham,Sky,G,13,8,3,3,1,1,0,0
2026,2026-08-05,DiJonai Carrington,Sky,G,12,6,4,2,1,0,0,4
2026,2026-08-05,Gabriela Jaquez,Sky,G,7,0,1,0,0,0,1,1
2026,2026-08-04,Maria Conde,Tempo,F,30,17,6,4,0,1,3,1
2026,2026-08-04,Nyara Sabally,Tempo,F,32,21,6,3,1,1,3,3
2026,2026-08-04,Laura Juskaite,Tempo,F,25,11,3,1,2,0,2,1
2026,2026-08-04,Marina Mabrey,Tempo,G,35,12,5,6,0,0,3,4
2026,2026-08-04,Julie Allemand,Tempo,G,31,7,1,8,4,0,0,3
2026,2026-08-04,Isabelle Harrison,Tempo,F,8,3,0,0,0,0,0,1
2026,2026-08-04,Teonni Key,Tempo,F,0,0,0,0,0,0,0,0
2026,2026-08-04,Aneesah Morrow,Tempo,F,16,8,5,0,0,1,2,1
2026,2026-08-04,Kiki Rice,Tempo,G,23,2,1,0,1,0,2,5
2026,2026-08-04,Kayla Thornton,Valkyries,F,28,20,2,1,0,0,0,1
2026,2026-08-04,Gabby Williams,Valkyries,F,20,10,7,0,1,0,0,1
2026,2026-08-04,Cecilia Zandalasini,Valkyries,F,19,6,2,3,0,0,1,1
2026,2026-08-04,Kiah Stokes,Valkyries,C,27,7,7,1,0,2,2,1
2026,2026-08-04,Veronica Burton,Valkyries,G,33,12,8,7,1,0,0,3
2026,2026-08-04,Laeticia Amihere,Valkyries,F,4,0,3,0,1,0,0,0
2026,2026-08-04,Janelle Salaun,Valkyries,F,21,21,1,0,0,0,0,1
2026,2026-08-04,Tiffany Hayes,Valkyries,G,24,12,4,4,4,0,2,2
2026,2026-08-04,Kaila Charles,Valkyries,G,17,2,3,3,2,0,3,3
2026,2026-08-04,Kaitlyn Chen,Valkyries,G,7,2,1,2,0,0,4,1
2026,2026-08-03,Stephanie Talbot,Aces,F,8,2,0,1,1,0,2,2
2026,2026-08-03,NaLyssa Smith,Aces,F,31,18,4,0,1,1,0,3
2026,2026-08-03,A'ja Wilson,Aces,C,30,23,6,4,0,3,1,2
2026,2026-08-03,Chelsea Gray,Aces,G,30,17,3,6,2,0,1,0
2026,2026-08-03,Jackie Young,Aces,G,34,28,11,10,0,0,4,3
2026,2026-08-03,Brianna Turner,Aces,F,16,4,3,0,0,1,1,3
2026,2026-08-03,Kierstan Bell,Aces,F,13,1,2,0,0,1,0,1
2026,2026-08-03,Jewell Loyd,Aces,G,19,6,1,1,1,0,0,0
2026,2026-08-03,Dana Evans,Aces,G,13,2,0,1,0,0,0,2
2026,2026-08-03,Ta'Niya Latson,Aces,G,2,2,0,0,0,0,0,0
2026,2026-08-03,Justine Pissott,Aces,G,3,3,0,0,0,0,0,0
2026,2026-08-03,Mai Yamamoto,Aces,G,2,3,0,1,0,0,0,0
2026,2026-08-03,Naz Hillmon,Dream,F,27,7,1,2,2,0,2,1
2026,2026-08-03,Angel Reese,Dream,F,27,23,16,2,0,1,1,3
2026,2026-08-03,Allisha Gray,Dream,G,30,7,1,2,0,0,1,1
2026,2026-08-03,Jordin Canada,Dream,G,31,7,2,7,0,0,4,2
2026,2026-08-03,Rhyne Howard,Dream,G,33,19,1,2,1,1,0,1
2026,2026-08-03,Brionna Jones,Dream,F,17,9,7,0,0,0,1,2
2026,2026-08-03,Sika Kone,Dream,F,3,0,1,0,0,0,0,0
2026,2026-08-03,Madina Okot,Dream,C,7,0,3,0,0,0,1,1
2026,2026-08-03,Shatori Walker-Kimbrough,Dream,G,6,6,1,2,1,0,0,0
2026,2026-08-03,Jaylyn Sherrod,Dream,G,8,7,0,1,1,0,0,1
2026,2026-08-03,Aaliyah Nye,Dream,G,2,2,0,0,0,0,0,0
2026,2026-08-03,Isobel Borlase,Dream,G,9,0,1,1,0,0,1,2
2026,2026-08-03,Ezi Magbegor,Storm,F,21,4,5,2,1,1,1,2
2026,2026-08-03,Dominique Malonga,Storm,C,28,17,6,1,0,1,3,4
2026,2026-08-03,Natisha Hiedeman,Storm,G,33,17,1,7,2,0,0,2
2026,2026-08-03,Flau'jae Johnson,Storm,G,30,25,3,3,3,0,1,2
2026,2026-08-03,Jade Melbourne,Storm,G,24,5,1,4,0,0,0,1
2026,2026-08-03,Katie Lou Samuelson,Storm,F,14,2,1,1,1,0,0,0
2026,2026-08-03,Jordan Horston,Storm,F,10,0,3,1,0,0,0,2
2026,2026-08-03,Stefanie Dolson,Storm,C,11,5,0,1,0,1,0,1
2026,2026-08-03,Awa Fam,Storm,C,20,4,9,1,0,0,2,4
2026,2026-08-03,Zia Cooke,Storm,G,8,4,0,0,0,0,0,0
2026,2026-08-03,Breanna Stewart,Liberty,F,31,24,8,6,0,2,0,3
2026,2026-08-03,Jonquel Jones,Liberty,C,30,20,7,2,0,1,2,1
2026,2026-08-03,Rebecca Allen,Liberty,G,26,0,5,1,1,2,0,2
2026,2026-08-03,Sabrina Ionescu,Liberty,G,29,18,2,5,0,0,5,4
2026,2026-08-03,Pauline Astier,Liberty,G,23,12,0,2,0,0,1,2
2026,2026-08-03,Han Xu,Liberty,C,18,6,7,0,1,1,1,0
2026,2026-08-03,Rebekah Gardner,Liberty,G,16,6,3,1,0,0,0,1
2026,2026-08-03,Marine Johannes,Liberty,G,12,6,0,1,0,0,2,1
2026,2026-08-03,Marine Fauthoux,Liberty,G,14,3,4,5,0,0,1,0
2026,2026-08-03,DeWanna Bonner,Mercury,F,31,14,8,4,3,2,1,1
2026,2026-08-03,Alyssa Thomas,Mercury,F,38,19,15,12,0,1,6,5
2026,2026-08-03,Natasha Mack,Mercury,F,18,9,3,1,0,1,0,4
2026,2026-08-03,Noemie Brochant,Mercury,F,19,2,2,2,0,1,1,3
2026,2026-08-03,Kahleah Copper,Mercury,G,34,31,4,1,1,0,1,4
2026,2026-08-03,Valeriane Ayayi,Mercury,F,22,11,2,1,1,0,0,0
2026,2026-08-03,Sami Whitcomb,Mercury,G,15,0,1,1,0,0,0,2
2026,2026-08-03,Kelsey Plum,Mercury,G,21,20,1,4,0,0,3,2
2026,2026-08-03,Lexi Held,Mercury,G,3,0,0,0,0,0,0,0
2026,2026-08-03,Kamilla Cardoso,Sky,C,28,16,13,5,0,1,0,4
2026,2026-08-03,Courtney Vandersloot,Sky,G,27,16,5,10,2,0,3,1
2026,2026-08-03,Natasha Cloud,Sky,G,31,13,5,7,1,0,1,2
2026,2026-08-03,Aicha Coulibaly,Sky,G,11,6,1,0,1,0,1,3
2026,2026-08-03,Sydney Taylor,Sky,G,17,14,2,3,1,0,0,3
2026,2026-08-03,Elizabeth Williams,Sky,C,15,5,6,2,0,0,1,2
2026,2026-08-03,Rachel Banham,Sky,G,2,0,1,0,0,0,1,1
2026,2026-08-03,DiJonai Carrington,Sky,G,20,16,1,0,0,0,0,4
2026,2026-08-03,Jacy Sheldon,Sky,G,23,6,1,1,0,0,0,3
2026,2026-08-03,Gabriela Jaquez,Sky,G,26,9,1,1,0,0,1,3
2026,2026-08-02,Monique Billings,Fever,F,23,9,3,2,1,0,0,0
2026,2026-08-02,Aliyah Boston,Fever,C,33,15,8,7,0,0,3,5
2026,2026-08-02,Kelsey Mitchell,Fever,G,35,37,1,3,1,0,1,1
2026,2026-08-02,Lexie Hull,Fever,G,14,6,2,1,0,0,1,2
2026,2026-08-02,Caitlin Clark,Fever,G,34,19,1,10,1,0,4,1
2026,2026-08-02,Myisha Hines-Allen,Fever,F,2,0,2,1,0,0,1,0
2026,2026-08-02,Makayla Timpson,Fever,F,21,7,5,0,1,2,0,3
2026,2026-08-02,Sophie Cunningham,Fever,G,23,3,1,2,0,0,0,1
2026,2026-08-02,Tyasha Harris,Fever,G,10,2,0,1,0,0,1,1
2026,2026-08-02,Raven Johnson,Fever,G,4,2,0,0,0,0,1,1
2026,2026-08-02,Natasha Howard,Lynx,F,23,13,4,5,2,0,1,4
2026,2026-08-02,Napheesa Collier,Lynx,F,31,18,8,7,1,1,0,1
2026,2026-08-02,Kayla McBride,Lynx,G,29,10,3,1,0,0,1,1
2026,2026-08-02,Courtney Williams,Lynx,G,34,27,4,5,0,0,0,2
2026,2026-08-02,Olivia Miles,Lynx,G,32,28,4,6,0,1,3,5
2026,2026-08-02,Nia Brodie,Lynx,F,15,4,2,0,1,0,0,1
2026,2026-08-02,Dorka Juhasz,Lynx,F,11,2,1,1,2,1,0,1
2026,2026-08-02,Antonia Delaere,Lynx,F,9,0,0,1,0,0,0,0
2026,2026-08-02,Maya Caldwell,Lynx,G,17,6,7,2,0,0,1,1
2026,2026-08-02,Nneka Ogwumike,Sparks,F,30,22,10,2,1,0,2,1
2026,2026-08-02,Dearica Hamby,Sparks,F,29,23,10,4,1,2,2,4
2026,2026-08-02,Erica Wheeler,Sparks,G,28,12,0,8,3,0,2,3
2026,2026-08-02,Ariel Atkins,Sparks,G,31,12,3,6,1,1,1,1
2026,2026-08-02,Rae Burrell,Sparks,G,30,12,2,4,1,0,2,1
2026,2026-08-02,Cameron Brink,Sparks,F,21,7,5,2,0,2,1,4
2026,2026-08-02,Jihyun Park,Sparks,F,18,12,2,4,1,0,1,1
2026,2026-08-02,Chance Gray,Sparks,G,14,6,0,3,0,0,2,1
2026,2026-08-02,Bridget Carleton,Fire,F,30,24,11,1,2,1,3,1
2026,2026-08-02,Emily Engstler,Fire,F,22,7,3,2,2,0,1,4
2026,2026-08-02,Nyadiew Puoch,Fire,F,21,7,4,0,0,0,0,2
2026,2026-08-02,Megan DiLeo,Fire,C,29,19,8,3,0,1,1,2
2026,2026-08-02,Carla Leite,Fire,G,27,21,1,8,1,0,4,3
2026,2026-08-02,Frieda Buhner,Fire,F,18,3,0,0,0,0,1,5
2026,2026-08-02,Serah Williams,Fire,C,11,2,1,1,0,0,1,1
2026,2026-08-02,Karlie Samuelson,Fire,G,19,2,2,1,0,0,0,3
2026,2026-08-02,Holly Winterburn,Fire,G,10,4,2,2,1,0,0,0
2026,2026-08-02,Teja Oblak,Fire,G,13,12,2,3,2,0,3,0
2026,2026-08-02,Diamond Miller,Sun,F,30,22,4,1,2,0,2,4
2026,2026-08-02,Olivia Nelson-Ododa,Sun,C,27,8,11,2,0,0,3,3
2026,2026-08-02,Kennedy Burke,Sun,G,30,14,7,1,2,3,3,0
2026,2026-08-02,Charlisse Leger-Walker,Sun,G,25,0,0,2,0,0,2,2
2026,2026-08-02,Leila Lacan,Sun,G,25,7,1,2,0,0,2,2
2026,2026-08-02,Raegan Beers,Sun,F,14,2,3,3,0,0,0,2
2026,2026-08-02,Nell Angloma,Sun,F,10,5,1,0,1,0,0,0
2026,2026-08-02,Rayah Marshall,Sun,C,4,0,1,0,0,0,2,1
2026,2026-08-02,Saniya Rivers,Sun,G,17,1,2,2,1,0,1,3
2026,2026-08-02,Gianna Kneepkens,Sun,G,7,4,1,0,0,0,0,1
2026,2026-08-02,Ashlon Jackson,Sun,G,11,0,0,1,0,0,0,0
2026,2026-08-02,Jessica Shepard,Wings,F,23,15,9,2,1,0,2,1
2026,2026-08-02,Alanna Smith,Wings,F,14,3,3,1,0,2,2,3
2026,2026-08-02,Arike Ogunbowale,Wings,G,23,15,5,5,1,0,1,0
2026,2026-08-02,Paige Bueckers,Wings,G,25,6,3,4,0,0,1,1
2026,2026-08-02,Azzi Fudd,Wings,G,24,12,2,1,2,1,0,1
2026,2026-08-02,Alysha Clark,Wings,F,17,1,3,1,1,0,1,3
2026,2026-08-02,Maddy Siegrist,Wings,F,17,4,2,2,0,0,2,2
2026,2026-08-02,Awak Kuier,Wings,F,9,6,2,0,0,1,0,2
2026,2026-08-02,Li Yueru,Wings,C,9,6,1,0,2,0,1,0
2026,2026-08-02,Odyssey Sims,Wings,G,20,9,2,2,2,0,1,1
2026,2026-08-02,Sug Sutton,Wings,G,7,0,4,2,0,0,1,0
2026,2026-08-02,Aziaha James,Wings,G,12,6,2,2,1,0,2,1
2026,2026-08-02,Maria Conde,Tempo,F,34,10,5,5,1,0,2,2
2026,2026-08-02,Nyara Sabally,Tempo,F,25,19,8,1,0,0,3,4
2026,2026-08-02,Laura Juskaite,Tempo,F,35,15,4,2,0,0,1,3
2026,2026-08-02,Julie Allemand,Tempo,G,34,11,3,6,1,1,1,3
2026,2026-08-02,Kiki Rice,Tempo,G,27,16,5,3,1,0,2,5
2026,2026-08-02,Isabelle Harrison,Tempo,F,17,4,2,1,0,0,1,1
2026,2026-08-02,Teonni Key,Tempo,F,1,0,1,0,0,0,1,0
2026,2026-08-02,Temi Fagbenle,Tempo,C,11,0,6,0,0,0,1,2
2026,2026-08-02,Kia Nurse,Tempo,G,17,4,0,2,0,0,0,1
2026,2026-08-02,Kayla Thornton,Valkyries,F,11,3,1,0,0,0,0,0
2026,2026-08-02,Gabby Williams,Valkyries,F,19,15,2,1,1,0,1,1
2026,2026-08-02,Cecilia Zandalasini,Valkyries,F,16,7,1,5,0,0,1,1
2026,2026-08-02,Kiah Stokes,Valkyries,C,32,8,11,1,1,5,0,4
2026,2026-08-02,Veronica Burton,Valkyries,G,29,17,2,6,2,0,1,3
2026,2026-08-02,Laeticia Amihere,Valkyries,F,5,0,1,1,0,0,0,0
2026,2026-08-02,Janelle Salaun,Valkyries,F,30,24,3,2,1,0,1,4
2026,2026-08-02,Tiffany Hayes,Valkyries,G,20,15,3,4,3,0,1,3
2026,2026-08-02,Kaila Charles,Valkyries,G,17,5,1,2,0,0,1,2
2026,2026-08-02,Kaitlyn Chen,Valkyries,G,20,2,1,4,0,0,1,2
2026,2026-08-01,Stephanie Talbot,Aces,F,7,2,2,0,0,1,0,0
2026,2026-08-01,NaLyssa Smith,Aces,F,31,17,6,0,2,1,2,4
2026,2026-08-01,A'ja Wilson,Aces,C,34,36,12,4,1,2,2,2
2026,2026-08-01,Chelsea Gray,Aces,G,34,5,1,9,0,1,3,3
2026,2026-08-01,Jackie Young,Aces,G,33,18,11,5,1,1,6,2
2026,2026-08-01,Brianna Turner,Aces,F,13,2,2,0,0,1,0,1
2026,2026-08-01,Kierstan Bell,Aces,F,5,0,1,0,0,1,1,2
2026,2026-08-01,Jewell Loyd,Aces,G,25,3,2,1,1,0,2,3
2026,2026-08-01,Dana Evans,Aces,G,17,0,3,2,0,0,0,2
2026,2026-08-01,Kamilla Cardoso,Sky,C,26,8,12,2,1,1,3,4
2026,2026-08-01,Courtney Vandersloot,Sky,G,20,7,8,5,3,1,2,1
2026,2026-08-01,Natasha Cloud,Sky,G,30,11,1,4,1,0,2,5
2026,2026-08-01,Aicha Coulibaly,Sky,G,24,8,3,0,1,1,0,2
2026,2026-08-01,Sydney Taylor,Sky,G,30,29,2,2,1,1,2,4
2026,2026-08-01,Elizabeth Williams,Sky,C,21,7,3,1,1,0,2,1
2026,2026-08-01,Rachel Banham,Sky,G,10,0,1,3,0,0,0,1
2026,2026-08-01,DiJonai Carrington,Sky,G,19,10,2,0,0,0,0,0
2026,2026-08-01,Jacy Sheldon,Sky,G,16,4,0,1,1,0,0,1
2026,2026-08-01,Gabriela Jaquez,Sky,G,4,0,0,1,0,0,2,1
2026,2026-08-01,Breanna Stewart,Liberty,F,34,14,11,2,0,2,2,1
2026,2026-08-01,Jonquel Jones,Liberty,C,28,16,9,5,1,1,3,4
2026,2026-08-01,Rebecca Allen,Liberty,G,21,5,2,1,0,0,0,3
2026,2026-08-01,Sabrina Ionescu,Liberty,G,35,27,7,10,1,0,3,3
2026,2026-08-01,Pauline Astier,Liberty,G,21,6,0,2,0,0,2,3
2026,2026-08-01,Raquel Carrera,Liberty,F,2,0,1,1,0,0,0,0
2026,2026-08-01,Han Xu,Liberty,C,22,17,6,1,0,0,1,3
2026,2026-08-01,Rebekah Gardner,Liberty,G,11,2,1,1,0,0,0,3
2026,2026-08-01,Marine Johannes,Liberty,G,14,5,0,1,0,0,0,2
2026,2026-08-01,Marine Fauthoux,Liberty,G,13,2,0,2,0,0,3,2
2026,2026-08-01,DeWanna Bonner,Mercury,F,32,25,7,3,2,1,0,3
2026,2026-08-01,Alyssa Thomas,Mercury,F,36,17,6,7,2,0,4,4
2026,2026-08-01,Noemie Brochant,Mercury,F,26,5,0,1,1,0,1,2
2026,2026-08-01,Kahleah Copper,Mercury,G,37,25,2,0,1,0,1,3
2026,2026-08-01,Monique Akoa Makani,Mercury,G,16,4,3,3,1,0,2,2
2026,2026-08-01,Valeriane Ayayi,Mercury,F,21,5,1,2,0,1,0,4
2026,2026-08-01,Natasha Mack,Mercury,F,12,5,3,2,0,0,1,1
2026,2026-08-01,Sami Whitcomb,Mercury,G,15,4,0,3,0,0,1,1
2026,2026-08-01,Lexi Held,Mercury,G,6,2,1,0,0,0,0,0
2026,2026-07-31,Dominique Malonga,Storm,C,25,16,13,1,1,1,2,4
2026,2026-07-31,Awa Fam,Storm,C,29,8,9,1,0,1,2,3
2026,2026-07-31,Natisha Hiedeman,Storm,G,34,23,5,5,2,1,1,1
2026,2026-07-31,Flau'jae Johnson,Storm,G,26,9,0,3,1,0,7,4
2026,2026-07-31,Jade Melbourne,Storm,G,25,9,1,6,3,0,3,4
2026,2026-07-31,Katie Lou Samuelson,Storm,F,16,8,0,0,0,0,1,1
2026,2026-07-31,Ezi Magbegor,Storm,F,14,12,1,1,2,0,0,6
2026,2026-07-31,Jordan Horston,Storm,F,12,2,0,0,1,2,2,2
2026,2026-07-31,Stefanie Dolson,Storm,C,5,0,0,0,0,0,0,0
2026,2026-07-31,Zia Cooke,Storm,G,13,2,1,0,0,0,1,1
2026,2026-07-31,Naz Hillmon,Dream,F,25,18,2,3,1,1,2,3
2026,2026-07-31,Angel Reese,Dream,F,38,21,13,2,2,0,3,4
2026,2026-07-31,Allisha Gray,Dream,G,31,16,3,2,2,2,4,3
2026,2026-07-31,Jordin Canada,Dream,G,31,10,4,9,3,1,6,3
2026,2026-07-31,Rhyne Howard,Dream,G,35,9,2,5,4,3,1,2
2026,2026-07-31,Brionna Jones,Dream,F,17,14,5,0,0,0,0,3
2026,2026-07-31,Jaylyn Sherrod,Dream,G,9,7,2,1,1,0,1,0
2026,2026-07-31,Isobel Borlase,Dream,G,14,3,2,2,1,0,0,1
2026,2026-07-31,Jessica Shepard,Wings,F,33,8,6,8,1,2,0,4
2026,2026-07-31,Awak Kuier,Wings,F,5,0,1,1,0,0,1,1
2026,2026-07-31,Arike Ogunbowale,Wings,G,31,20,2,2,2,1,3,1
2026,2026-07-31,Paige Bueckers,Wings,G,34,23,5,2,0,1,0,0
2026,2026-07-31,Azzi Fudd,Wings,G,33,8,1,0,0,2,1,1
2026,2026-07-31,Alysha Clark,Wings,F,7,0,4,0,0,0,0,1
2026,2026-07-31,Alanna Smith,Wings,F,18,11,5,0,0,0,0,6
2026,2026-07-31,Maddy Siegrist,Wings,F,9,4,2,2,0,1,0,1
2026,2026-07-31,Li Yueru,Wings,C,15,0,3,2,0,0,0,4
2026,2026-07-31,Odyssey Sims,Wings,G,7,0,1,0,0,0,0,1
2026,2026-07-31,Sug Sutton,Wings,G,6,0,1,1,0,0,0,1
2026,2026-07-31,Aziaha James,Wings,G,3,1,1,1,0,0,1,2
2026,2026-07-31,Michaela Onyenwere,Mystics,F,30,6,4,2,0,0,2,2
2026,2026-07-31,Kiki Iriafen,Mystics,F,27,22,9,1,0,0,0,4
2026,2026-07-31,Shakira Austin,Mystics,C,35,28,10,4,1,0,2,1
2026,2026-07-31,Sonia Citron,Mystics,G,36,16,5,5,0,3,0,1
2026,2026-07-31,Georgia Amoore,Mystics,G,18,2,1,2,0,0,1,1
2026,2026-07-31,Lauren Betts,Mystics,C,17,3,7,1,0,1,0,2
2026,2026-07-31,Cotie McMahon,Mystics,G,26,2,6,2,0,0,2,3
2026,2026-07-31,Cassandre Prosper,Mystics,G,8,2,0,0,0,0,0,0
2026,2026-07-31,Alicia Florez,Mystics,G,3,0,0,0,0,0,0,1
2026,2026-07-31,Monique Billings,Fever,F,29,15,7,1,2,1,3,2
2026,2026-07-31,Aliyah Boston,Fever,C,30,14,9,6,5,2,3,3
2026,2026-07-31,Kelsey Mitchell,Fever,G,36,26,0,2,0,0,2,1
2026,2026-07-31,Lexie Hull,Fever,G,14,3,0,0,1,0,0,5
2026,2026-07-31,Caitlin Clark,Fever,G,34,26,10,10,2,1,4,4
2026,2026-07-31,Makayla Timpson,Fever,F,20,15,3,0,2,0,1,2
2026,2026-07-31,Grace VanSlooten,Fever,F,0,0,0,0,0,0,0,0
2026,2026-07-31,Sophie Cunningham,Fever,G,27,13,0,3,2,0,0,2
2026,2026-07-31,Tyasha Harris,Fever,G,10,0,1,2,0,0,0,2
2026,2026-07-31,Raven Johnson,Fever,G,1,0,0,0,0,0,0,0
2026,2026-07-31,Bridget Carleton,Fire,F,33,26,3,2,0,0,1,3
2026,2026-07-31,Emily Engstler,Fire,F,28,10,2,5,3,1,2,2
2026,2026-07-31,Nyadiew Puoch,Fire,F,18,10,2,0,0,0,2,5
2026,2026-07-31,Megan DiLeo,Fire,C,25,5,2,0,1,2,0,2
2026,2026-07-31,Carla Leite,Fire,G,31,20,2,12,0,0,7,4
2026,2026-07-31,Frieda Buhner,Fire,F,12,0,3,2,0,0,2,1
2026,2026-07-31,Serah Williams,Fire,C,15,10,4,0,1,0,1,2
2026,2026-07-31,Karlie Samuelson,Fire,G,19,13,4,2,1,0,0,4
2026,2026-07-31,Holly Winterburn,Fire,G,10,1,1,0,0,0,0,1
2026,2026-07-31,Teja Oblak,Fire,G,9,3,2,3,2,0,5,0
2026,2026-07-30,Natasha Howard,Lynx,F,24,9,8,4,2,2,1,0
2026,2026-07-30,Napheesa Collier,Lynx,F,22,16,5,2,2,2,2,0
2026,2026-07-30,Kayla McBride,Lynx,G,24,13,0,3,2,0,0,2
2026,2026-07-30,Courtney Williams,Lynx,G,25,16,3,5,0,0,0,2
2026,2026-07-30,Olivia Miles,Lynx,G,23,16,3,0,2,0,0,1
2026,2026-07-30,Nia Brodie,Lynx,F,6,3,0,2,0,0,1,1
2026,2026-07-30,Dorka Juhasz,Lynx,F,22,12,5,2,1,1,1,1
2026,2026-07-30,Antonia Delaere,Lynx,F,16,7,2,3,0,0,1,2
2026,2026-07-30,Anastasiia Olairi Kosu,Lynx,F,7,3,0,0,0,0,1,1
2026,2026-07-30,Maya Caldwell,Lynx,G,18,4,5,1,4,0,3,1
2026,2026-07-30,Eliska Joklova,Lynx,G,14,5,5,4,1,0,0,2
2026,2026-07-30,Maria Conde,Tempo,F,28,5,2,2,1,0,1,1
2026,2026-07-30,Laura Juskaite,Tempo,F,30,19,5,3,1,1,4,4
2026,2026-07-30,Temi Fagbenle,Tempo,C,19,6,3,0,0,1,1,0
2026,2026-07-30,Marina Mabrey,Tempo,G,28,16,3,4,1,0,3,2
2026,2026-07-30,Julie Allemand,Tempo,G,22,0,2,6,1,1,2,0
2026,2026-07-30,Nyara Sabally,Tempo,F,14,10,2,0,1,0,4,2
2026,2026-07-30,Teonni Key,Tempo,F,12,0,1,0,0,0,1,0
2026,2026-07-30,Kia Nurse,Tempo,G,19,3,3,2,0,0,0,0
2026,2026-07-30,Kiki Rice,Tempo,G,23,6,4,2,0,1,4,3
2026,2026-07-30,Tima Pouye,Tempo,G,5,7,1,0,1,0,2,0
2026,2026-07-30,Diamond Miller,Sun,F,28,14,3,3,1,0,2,5
2026,2026-07-30,Aneesah Morrow,Sun,F,31,21,7,2,1,1,2,3
2026,2026-07-30,Olivia Nelson-Ododa,Sun,C,25,16,11,1,4,3,6,6
2026,2026-07-30,Charlisse Leger-Walker,Sun,G,30,10,1,2,0,0,3,1
2026,2026-07-30,Leila Lacan,Sun,G,29,12,5,6,2,0,2,3
2026,2026-07-30,Raegan Beers,Sun,F,13,3,3,0,1,0,1,5
2026,2026-07-30,Nell Angloma,Sun,F,3,0,1,1,0,0,0,1
2026,2026-07-30,Kennedy Burke,Sun,G,21,7,0,2,0,1,0,0
2026,2026-07-30,Saniya Rivers,Sun,G,21,5,3,3,1,1,0,2
2026,2026-07-30,Kamilla Cardoso,Sky,C,21,26,6,1,1,0,0,5
2026,2026-07-30,Courtney Vandersloot,Sky,G,23,6,5,6,1,0,2,1
2026,2026-07-30,Natasha Cloud,Sky,G,31,11,0,5,2,0,2,0
2026,2026-07-30,Aicha Coulibaly,Sky,G,13,3,3,1,1,0,1,3
2026,2026-07-30,Sydney Taylor,Sky,G,31,14,2,6,1,1,2,1
2026,2026-07-30,Chloe Bibby,Sky,F,18,8,1,2,1,1,0,1
2026,2026-07-30,Elizabeth Williams,Sky,C,19,4,4,0,1,1,3,2
2026,2026-07-30,DiJonai Carrington,Sky,G,17,9,3,0,0,1,1,2
2026,2026-07-30,Jacy Sheldon,Sky,G,15,7,2,0,1,0,2,2
2026,2026-07-30,Gabriela Jaquez,Sky,G,13,6,2,0,1,0,0,0
2026,2026-07-30,Breanna Stewart,Liberty,F,37,26,11,1,3,1,2,2
2026,2026-07-30,Jonquel Jones,Liberty,C,28,8,7,5,0,0,1,5
2026,2026-07-30,Rebecca Allen,Liberty,G,27,13,1,0,0,0,0,3
2026,2026-07-30,Sabrina Ionescu,Liberty,G,29,15,4,5,0,0,3,2
2026,2026-07-30,Pauline Astier,Liberty,G,21,19,1,4,2,0,2,2
2026,2026-07-30,Han Xu,Liberty,C,15,3,1,1,1,0,1,3
2026,2026-07-30,Rebekah Gardner,Liberty,G,15,6,5,3,2,0,2,2
2026,2026-07-30,Marine Johannes,Liberty,G,8,0,0,0,0,0,0,0
2026,2026-07-30,Marine Fauthoux,Liberty,G,18,9,4,1,1,0,1,1
2026,2026-07-30,Stephanie Talbot,Aces,F,11,6,1,2,0,1,0,0
2026,2026-07-30,NaLyssa Smith,Aces,F,19,7,4,1,0,0,0,5
2026,2026-07-30,A'ja Wilson,Aces,C,36,33,10,6,1,2,2,1
2026,2026-07-30,Chelsea Gray,Aces,G,34,16,3,4,0,0,4,6
2026,2026-07-30,Jackie Young,Aces,G,36,29,2,9,2,0,2,1
2026,2026-07-30,Brianna Turner,Aces,F,21,4,3,1,1,1,1,4
2026,2026-07-30,Jewell Loyd,Aces,G,27,6,2,0,1,0,0,2
2026,2026-07-30,Dana Evans,Aces,G,17,3,1,2,0,0,1,2
2026,2026-07-29,Naz Hillmon,Dream,F,22,2,3,1,0,0,0,0
2026,2026-07-29,Angel Reese,Dream,F,34,22,12,4,4,1,3,5
2026,2026-07-29,Allisha Gray,Dream,G,34,25,0,2,1,0,1,4
2026,2026-07-29,Jordin Canada,Dream,G,32,3,6,8,3,0,7,5
2026,2026-07-29,Rhyne Howard,Dream,G,32,9,5,5,3,0,2,3
2026,2026-07-29,Brionna Jones,Dream,F,21,11,7,1,0,3,2,1
2026,2026-07-29,Madina Okot,Dream,C,3,0,1,0,0,0,0,0
2026,2026-07-29,Shatori Walker-Kimbrough,Dream,G,1,0,1,0,0,0,0,0
2026,2026-07-29,Jaylyn Sherrod,Dream,G,4,0,0,1,0,0,0,0
2026,2026-07-29,Isobel Borlase,Dream,G,17,10,2,0,0,0,0,2
2026,2026-07-29,Jessica Shepard,Wings,F,40,16,14,5,1,0,2,2
2026,2026-07-29,Awak Kuier,Wings,F,16,4,2,0,1,2,1,2
2026,2026-07-29,Arike Ogunbowale,Wings,G,38,24,6,5,4,0,3,5
2026,2026-07-29,Paige Bueckers,Wings,G,37,16,4,6,1,1,5,4
2026,2026-07-29,Azzi Fudd,Wings,G,37,20,3,2,2,0,2,1
2026,2026-07-29,Li Yueru,Wings,C,24,1,2,1,0,2,3,4
2026,2026-07-29,Odyssey Sims,Wings,G,3,0,0,0,0,0,0,1
2026,2026-07-29,Sug Sutton,Wings,G,2,0,0,0,0,0,0,0
2026,2026-07-29,Aziaha James,Wings,G,3,0,1,0,0,0,0,0
2026,2026-07-29,Kayla Thornton,Valkyries,F,25,6,8,2,0,0,0,5
2026,2026-07-29,Cecilia Zandalasini,Valkyries,F,23,16,1,3,3,0,2,6
2026,2026-07-29,Kiah Stokes,Valkyries,C,18,2,4,0,0,1,0,2
2026,2026-07-29,Kaila Charles,Valkyries,G,29,10,10,2,2,0,0,6
2026,2026-07-29,Veronica Burton,Valkyries,G,34,15,3,5,1,0,1,5
2026,2026-07-29,Laeticia Amihere,Valkyries,F,13,12,2,0,0,0,0,2
2026,2026-07-29,Janelle Salaun,Valkyries,F,24,13,2,3,1,0,1,2
2026,2026-07-29,Tiffany Hayes,Valkyries,G,23,11,3,5,0,0,1,4
2026,2026-07-29,Kaitlyn Chen,Valkyries,G,12,4,0,4,0,0,2,2
2026,2026-07-29,DeWanna Bonner,Mercury,F,34,17,10,3,1,3,1,2
2026,2026-07-29,Alyssa Thomas,Mercury,F,38,25,9,8,0,1,4,2
2026,2026-07-29,Noemie Brochant,Mercury,F,19,4,0,1,0,0,0,0
2026,2026-07-29,Kahleah Copper,Mercury,G,34,27,4,4,0,0,2,6
2026,2026-07-29,Monique Akoa Makani,Mercury,G,15,0,0,1,0,2,2,5
2026,2026-07-29,Valeriane Ayayi,Mercury,F,23,10,7,1,1,0,1,3
2026,2026-07-29,Natasha Mack,Mercury,F,18,8,3,1,1,1,0,3
2026,2026-07-29,Sami Whitcomb,Mercury,G,13,0,1,0,0,0,0,1
2026,2026-07-29,Lexi Held,Mercury,G,7,0,0,0,0,0,0,1
2026,2026-07-28,Diamond Miller,Sun,F,21,12,1,2,1,0,0,2
2026,2026-07-28,Aneesah Morrow,Sun,F,26,21,4,4,2,0,1,5
2026,2026-07-28,Olivia Nelson-Ododa,Sun,C,30,16,6,1,1,3,0,5
2026,2026-07-28,Charlisse Leger-Walker,Sun,G,23,2,3,8,0,0,3,4
2026,2026-07-28,Leila Lacan,Sun,G,32,9,4,6,0,2,3,4
2026,2026-07-28,Raegan Beers,Sun,F,15,0,5,0,0,1,1,3
2026,2026-07-28,Nell Angloma,Sun,F,4,2,1,0,0,0,0,0
2026,2026-07-28,Kennedy Burke,Sun,G,27,11,4,1,1,1,2,2
2026,2026-07-28,Saniya Rivers,Sun,G,21,11,1,2,1,1,0,1
2026,2026-07-28,Michaela Onyenwere,Mystics,F,31,6,7,4,1,0,2,4
2026,2026-07-28,Kiki Iriafen,Mystics,F,29,20,10,2,0,1,1,3
2026,2026-07-28,Shakira Austin,Mystics,C,32,17,6,1,2,1,2,1
2026,2026-07-28,Sonia Citron,Mystics,G,34,22,3,4,1,2,3,1
2026,2026-07-28,Georgia Amoore,Mystics,G,25,8,3,5,1,0,3,4
2026,2026-07-28,Angela Dugalic,Mystics,F,4,0,1,1,0,0,2,1
2026,2026-07-28,Lauren Betts,Mystics,C,14,8,8,1,0,1,1,1
2026,2026-07-28,Cotie McMahon,Mystics,G,22,11,2,2,0,2,0,1
2026,2026-07-28,Cassandre Prosper,Mystics,G,3,0,0,0,0,0,0,0
2026,2026-07-28,Alicia Florez,Mystics,G,5,0,1,0,0,0,0,1
2026,2026-07-28,Maria Conde,Tempo,F,30,20,10,1,1,0,4,2
2026,2026-07-28,Laura Juskaite,Tempo,F,34,18,4,1,0,0,3,3
2026,2026-07-28,Temi Fagbenle,Tempo,C,26,9,6,0,1,1,1,2
2026,2026-07-28,Marina Mabrey,Tempo,G,32,25,8,6,0,0,3,2
2026,2026-07-28,Julie Allemand,Tempo,G,32,10,0,7,2,1,2,0
2026,2026-07-28,Teonni Key,Tempo,F,16,4,3,0,2,2,0,2
2026,2026-07-28,Kia Nurse,Tempo,G,14,3,2,3,1,0,0,2
2026,2026-07-28,Kiki Rice,Tempo,G,17,4,3,4,0,0,2,5
2026,2026-07-28,Natasha Howard,Lynx,F,29,13,6,4,0,1,1,3
2026,2026-07-28,Napheesa Collier,Lynx,F,25,15,6,3,2,1,2,4
2026,2026-07-28,Kayla McBride,Lynx,G,35,18,1,4,3,0,0,3
2026,2026-07-28,Courtney Williams,Lynx,G,26,5,4,4,0,0,1,2
2026,2026-07-28,Olivia Miles,Lynx,G,32,24,6,8,1,0,3,2
2026,2026-07-28,Nia Brodie,Lynx,F,14,0,4,1,2,0,0,1
2026,2026-07-28,Dorka Juhasz,Lynx,F,15,2,1,2,0,1,3,1
2026,2026-07-28,Antonia Delaere,Lynx,F,9,12,1,0,0,0,0,0
2026,2026-07-28,Maya Caldwell,Lynx,G,13,7,2,0,0,0,1,3
2026,2026-07-28,Eliska Joklova,Lynx,G,3,4,0,0,0,1,0,1
2026,2026-07-28,Monique Billings,Fever,F,30,14,11,1,0,1,2,4
2026,2026-07-28,Aliyah Boston,Fever,C,11,11,2,1,1,0,0,2
2026,2026-07-28,Kelsey Mitchell,Fever,G,35,28,2,2,1,0,2,5
2026,2026-07-28,Lexie Hull,Fever,G,17,0,3,0,0,0,0,0
2026,2026-07-28,Caitlin Clark,Fever,G,33,32,4,7,1,1,4,4
2026,2026-07-28,Myisha Hines-Allen,Fever,F,11,5,4,1,0,0,0,1
2026,2026-07-28,Makayla Timpson,Fever,F,28,4,4,0,0,1,0,4
2026,2026-07-28,Sophie Cunningham,Fever,G,24,11,5,2,0,0,1,1
2026,2026-07-28,Tyasha Harris,Fever,G,12,0,1,2,0,0,2,0
2026,2026-07-28,Jordan Horston,Storm,F,27,7,4,2,1,0,0,4
2026,2026-07-28,Awa Fam,Storm,C,34,11,5,2,0,1,0,4
2026,2026-07-28,Natisha Hiedeman,Storm,G,35,33,6,4,0,0,0,1
2026,2026-07-28,Flau'jae Johnson,Storm,G,24,16,3,2,2,1,0,6
2026,2026-07-28,Jade Melbourne,Storm,G,29,8,3,4,0,0,3,4
2026,2026-07-28,Katie Lou Samuelson,Storm,F,12,5,5,1,2,0,0,0
2026,2026-07-28,Mackenzie Holmes,Storm,F,5,0,2,0,1,0,0,0
2026,2026-07-28,Stefanie Dolson,Storm,C,16,5,6,1,0,0,1,2
2026,2026-07-28,Zia Cooke,Storm,G,15,10,2,0,0,0,0,1
2026,2026-07-28,Taina Mair,Storm,G,2,0,0,1,0,0,0,0
2026,2026-07-28,Bridget Carleton,Fire,F,27,13,4,4,1,0,0,1
2026,2026-07-28,Emily Engstler,Fire,F,19,7,10,0,1,1,3,3
2026,2026-07-28,Nyadiew Puoch,Fire,F,20,3,3,0,1,0,1,1
2026,2026-07-28,Megan DiLeo,Fire,C,27,20,6,1,0,0,1,2
2026,2026-07-28,Carla Leite,Fire,G,22,11,0,3,0,0,0,6
2026,2026-07-28,Frieda Buhner,Fire,F,21,16,5,2,2,0,0,3
2026,2026-07-28,Luisa Geiselsoder,Fire,C,3,0,2,0,0,0,1,0
2026,2026-07-28,Serah Williams,Fire,C,13,4,2,1,0,0,2,2
2026,2026-07-28,Karlie Samuelson,Fire,G,19,3,1,2,0,0,0,0
2026,2026-07-28,Holly Winterburn,Fire,G,14,0,0,3,0,0,1,1
2026,2026-07-28,Teja Oblak,Fire,G,15,6,0,2,0,0,4,4
2026,2026-07-28,Stephanie Talbot,Aces,F,15,2,0,1,2,0,0,3
2026,2026-07-28,Brianna Turner,Aces,F,32,8,4,1,1,2,1,4
2026,2026-07-28,A'ja Wilson,Aces,C,30,28,14,4,2,0,3,2
2026,2026-07-28,Chelsea Gray,Aces,G,32,17,1,7,0,0,3,0
2026,2026-07-28,Jackie Young,Aces,G,28,25,2,2,1,0,2,2
2026,2026-07-28,Jewell Loyd,Aces,G,25,11,5,3,0,0,0,2
2026,2026-07-28,Dana Evans,Aces,G,18,2,2,3,1,1,2,2
2026,2026-07-28,Ta'Niya Latson,Aces,G,4,2,0,0,0,0,1,0
2026,2026-07-28,Justine Pissott,Aces,G,12,3,2,0,0,0,0,6
2026,2026-07-28,Mai Yamamoto,Aces,G,3,0,0,0,0,0,0,0
2026,2026-07-28,Breanna Stewart,Liberty,F,37,29,4,7,4,3,1,0
2026,2026-07-28,Jonquel Jones,Liberty,C,24,9,5,6,1,1,4,3
2026,2026-07-28,Rebecca Allen,Liberty,G,18,3,2,1,2,1,0,2
2026,2026-07-28,Sabrina Ionescu,Liberty,G,36,27,7,6,0,0,7,1
2026,2026-07-28,Pauline Astier,Liberty,G,16,4,2,2,1,0,1,4
2026,2026-07-28,Raquel Carrera,Liberty,F,3,0,0,0,0,0,0,0
2026,2026-07-28,Han Xu,Liberty,C,21,13,3,0,1,2,1,0
2026,2026-07-28,Rebekah Gardner,Liberty,G,23,15,2,4,0,0,1,0
2026,2026-07-28,Marine Fauthoux,Liberty,G,22,13,3,1,1,0,2,3
2026,2026-07-28,Nneka Ogwumike,Sparks,F,28,21,4,9,2,0,1,5
2026,2026-07-28,Dearica Hamby,Sparks,F,33,12,2,4,2,0,1,0
2026,2026-07-28,Erica Wheeler,Sparks,G,27,17,1,9,0,0,1,4
2026,2026-07-28,Ariel Atkins,Sparks,G,34,16,5,5,1,0,4,4
2026,2026-07-28,Rae Burrell,Sparks,G,34,24,3,3,4,0,5,1
2026,2026-07-28,Cameron Brink,Sparks,F,19,11,6,2,0,1,3,3
2026,2026-07-28,Jihyun Park,Sparks,F,6,0,0,0,1,0,0,0
2026,2026-07-28,Kiana Williams,Sparks,G,5,3,0,1,0,0,0,0
2026,2026-07-28,Chance Gray,Sparks,G,14,5,0,2,0,0,0,0
2026,2026-07-25,Jessica Shepard,TEAM SPOON,F,18,7,5,5,1,1,2,0
2026,2026-07-25,A'ja Wilson,TEAM SPOON,C,14,12,3,1,0,1,0,0
2026,2026-07-25,Aliyah Boston,TEAM SPOON,C,5,0,1,0,0,0,1,0
2026,2026-07-25,Caitlin Clark,TEAM SPOON,G,21,17,4,5,1,0,5,0
2026,2026-07-25,Olivia Miles,TEAM SPOON,G,24,11,12,8,2,0,1,1
2026,2026-07-25,Nneka Ogwumike,TEAM SPOON,F,18,11,9,3,1,0,0,1
2026,2026-07-25,Kiki Iriafen,TEAM SPOON,F,17,10,6,0,0,0,0,0
2026,2026-07-25,Jonquel Jones,TEAM SPOON,C,22,22,13,8,0,0,3,1
2026,2026-07-25,Courtney Williams,TEAM SPOON,G,19,12,1,7,0,0,2,0
2026,2026-07-25,Allisha Gray,TEAM SPOON,G,21,19,2,2,0,0,0,0
2026,2026-07-25,Rhyne Howard,TEAM SPOON,G,22,8,3,3,2,0,1,2
2026,2026-07-25,Natasha Howard,TEAM COOP,F,23,8,4,0,0,0,1,1
2026,2026-07-25,Breanna Stewart,TEAM COOP,F,28,6,13,7,0,1,0,1
2026,2026-07-25,Gabby Williams,TEAM COOP,F,23,18,5,6,1,0,0,1
2026,2026-07-25,Kelsey Mitchell,TEAM COOP,G,22,28,4,2,5,0,2,1
2026,2026-07-25,Paige Bueckers,TEAM COOP,G,25,12,0,7,1,0,1,0
2026,2026-07-25,Angel Reese,TEAM COOP,F,9,0,5,4,0,0,0,0
2026,2026-07-25,Dominique Malonga,TEAM COOP,C,16,12,13,1,0,0,2,0
2026,2026-07-25,Kahleah Copper,TEAM COOP,G,11,4,4,2,2,0,1,1
2026,2026-07-25,Marina Mabrey,TEAM COOP,G,21,23,3,2,1,0,2,0
2026,2026-07-25,Jackie Young,TEAM COOP,G,10,3,0,3,0,0,0,0
2026,2026-07-25,Sonia Citron,TEAM COOP,G,11,8,1,2,0,0,0,0
2026,2026-07-22,DeWanna Bonner,Mercury,F,27,9,7,4,2,0,0,3
2026,2026-07-22,Alyssa Thomas,Mercury,F,36,19,11,15,3,1,3,2
2026,2026-07-22,Noemie Brochant,Mercury,F,23,2,2,0,0,1,0,5
2026,2026-07-22,Kahleah Copper,Mercury,G,30,21,2,3,1,0,1,5
2026,2026-07-22,Monique Akoa Makani,Mercury,G,24,14,1,2,2,0,2,2
2026,2026-07-22,Valeriane Ayayi,Mercury,F,13,3,3,1,1,0,2,0
2026,2026-07-22,Natasha Mack,Mercury,F,15,10,3,1,0,2,2,2
2026,2026-07-22,Sami Whitcomb,Mercury,G,18,8,3,1,1,0,1,4
2026,2026-07-22,Lexi Held,Mercury,G,15,0,1,1,0,1,1,0
2026,2026-07-22,Nneka Ogwumike,Sparks,F,30,13,13,1,0,0,4,3
2026,2026-07-22,Dearica Hamby,Sparks,F,31,18,10,5,2,2,2,1
2026,2026-07-22,Erica Wheeler,Sparks,G,26,5,2,4,1,0,0,4
2026,2026-07-22,Ariel Atkins,Sparks,G,33,15,4,3,1,2,1,1
2026,2026-07-22,Rae Burrell,Sparks,G,34,20,3,2,0,0,4,5
2026,2026-07-22,Cameron Brink,Sparks,F,19,5,4,3,0,1,3,2
2026,2026-07-22,Jihyun Park,Sparks,F,6,2,0,1,0,0,1,2
2026,2026-07-22,Kiana Williams,Sparks,G,7,0,0,1,0,0,0,0
2026,2026-07-22,Kate Martin,Sparks,G,2,0,0,0,0,0,0,1
2026,2026-07-22,Chance Gray,Sparks,G,12,4,1,0,1,0,3,2
2026,2026-07-22,Natasha Howard,Lynx,F,26,11,5,3,3,1,2,1
2026,2026-07-22,Napheesa Collier,Lynx,F,22,24,10,1,1,0,2,0
2026,2026-07-22,Kayla McBride,Lynx,G,36,20,3,2,3,1,0,1
2026,2026-07-22,Courtney Williams,Lynx,G,20,0,5,6,1,0,2,5
2026,2026-07-22,Olivia Miles,Lynx,G,31,13,3,6,2,0,3,2
2026,2026-07-22,Nia Brodie,Lynx,F,16,7,2,3,0,0,1,1
2026,2026-07-22,Dorka Juhasz,Lynx,F,16,3,2,0,1,1,0,0
2026,2026-07-22,Antonia Delaere,Lynx,F,3,0,0,0,1,0,0,1
2026,2026-07-22,Maya Caldwell,Lynx,G,28,8,6,2,1,0,1,2
2026,2026-07-22,Eliska Joklova,Lynx,G,2,0,0,0,0,0,0,0
2026,2026-07-22,Dominique Malonga,Storm,C,26,21,9,2,1,4,4,1
2026,2026-07-22,Awa Fam,Storm,C,31,10,10,1,1,2,1,2
2026,2026-07-22,Natisha Hiedeman,Storm,G,32,12,2,3,2,0,4,2
2026,2026-07-22,Flau'jae Johnson,Storm,G,29,16,6,4,2,0,6,2
2026,2026-07-22,Jade Melbourne,Storm,G,28,4,2,4,1,0,0,4
2026,2026-07-22,Katie Lou Samuelson,Storm,F,13,3,4,1,0,0,1,0
2026,2026-07-22,Jordan Horston,Storm,F,14,3,5,2,0,1,1,1
2026,2026-07-22,Stefanie Dolson,Storm,C,11,0,2,1,0,0,0,0
2026,2026-07-22,Zia Cooke,Storm,G,17,7,1,0,0,0,1,0
2026,2026-07-22,Azura Stevens,Sky,F,30,8,7,3,2,4,2,6
2026,2026-07-22,Kamilla Cardoso,Sky,C,25,10,5,5,1,1,1,5
2026,2026-07-22,Courtney Vandersloot,Sky,G,22,14,1,4,1,1,1,1
2026,2026-07-22,Natasha Cloud,Sky,G,32,9,3,7,0,0,2,3
2026,2026-07-22,Sydney Taylor,Sky,G,26,31,3,3,1,0,1,0
2026,2026-07-22,Elizabeth Williams,Sky,C,15,8,3,2,1,0,0,1
2026,2026-07-22,Rachel Banham,Sky,G,3,3,0,1,0,0,0,0
2026,2026-07-22,Jacy Sheldon,Sky,G,17,2,1,1,1,0,1,2
2026,2026-07-22,Aicha Coulibaly,Sky,G,9,4,4,0,0,0,1,1
2026,2026-07-22,Gabriela Jaquez,Sky,G,20,5,3,1,1,0,0,1
2026,2026-07-22,Breanna Stewart,Liberty,F,37,20,9,4,0,3,3,5
2026,2026-07-22,Jonquel Jones,Liberty,C,28,14,10,2,0,2,3,3
2026,2026-07-22,Rebecca Allen,Liberty,G,29,12,4,0,0,0,1,4
2026,2026-07-22,Sabrina Ionescu,Liberty,G,35,29,4,4,0,1,4,1
2026,2026-07-22,Pauline Astier,Liberty,G,22,9,1,5,1,0,2,1
2026,2026-07-22,Raquel Carrera,Liberty,F,3,0,0,1,0,0,0,0
2026,2026-07-22,Han Xu,Liberty,C,12,5,2,0,0,0,0,0
2026,2026-07-22,Rebekah Gardner,Liberty,G,15,4,6,0,0,0,0,1
2026,2026-07-22,Marine Fauthoux,Liberty,G,18,2,1,1,0,0,0,1
2026,2026-07-22,Stephanie Talbot,Aces,F,9,2,0,0,0,0,0,0
2026,2026-07-22,NaLyssa Smith,Aces,F,22,4,3,0,2,3,0,5
2026,2026-07-22,A'ja Wilson,Aces,C,35,38,7,5,3,2,1,4
2026,2026-07-22,Chelsea Gray,Aces,G,37,19,1,4,1,1,2,4
2026,2026-07-22,Jackie Young,Aces,G,31,24,7,7,0,0,1,4
2026,2026-07-22,Cheyenne Parker-Tyus,Aces,F,10,0,1,0,1,0,0,2
2026,2026-07-22,Brianna Turner,Aces,F,12,4,2,0,0,0,1,1
2026,2026-07-22,Jewell Loyd,Aces,G,29,8,2,0,3,0,1,3
2026,2026-07-22,Dana Evans,Aces,G,14,0,1,2,0,0,2,2
2026,2026-07-22,Michaela Onyenwere,Mystics,F,30,10,1,3,1,0,0,4
2026,2026-07-22,Kiki Iriafen,Mystics,F,26,12,10,0,0,0,2,3
2026,2026-07-22,Shakira Austin,Mystics,C,29,25,6,3,0,0,1,3
2026,2026-07-22,Sonia Citron,Mystics,G,32,20,4,8,1,0,6,2
2026,2026-07-22,Georgia Amoore,Mystics,G,23,10,2,1,0,1,2,4
2026,2026-07-22,Angela Dugalic,Mystics,F,5,0,2,2,0,0,1,0
2026,2026-07-22,Lauren Betts,Mystics,C,20,13,3,2,1,0,0,1
2026,2026-07-22,Cotie McMahon,Mystics,G,22,7,6,3,0,0,1,2
2026,2026-07-22,Cassandre Prosper,Mystics,G,7,0,0,0,0,0,0,2
2026,2026-07-22,Alicia Florez,Mystics,G,6,3,0,2,0,0,0,1
2026,2026-07-22,Diamond Miller,Sun,F,23,15,2,0,0,0,3,2
2026,2026-07-22,Aneesah Morrow,Sun,F,21,10,8,2,1,1,1,3
2026,2026-07-22,Olivia Nelson-Ododa,Sun,C,22,11,1,2,0,2,2,1
2026,2026-07-22,Charlisse Leger-Walker,Sun,G,27,1,2,4,0,0,4,4
2026,2026-07-22,Leila Lacan,Sun,G,17,10,2,2,3,0,1,2
2026,2026-07-22,Raegan Beers,Sun,F,18,10,5,2,2,0,2,4
2026,2026-07-22,Nell Angloma,Sun,F,10,2,2,1,0,0,0,1
2026,2026-07-22,Kennedy Burke,Sun,G,23,9,4,2,1,1,0,2
2026,2026-07-22,Saniya Rivers,Sun,G,27,13,2,6,1,0,1,2
2026,2026-07-22,Gianna Kneepkens,Sun,G,12,7,0,0,0,0,0,4
2026,2026-07-22,Monique Billings,Fever,F,20,12,5,1,1,0,0,2
2026,2026-07-22,Aliyah Boston,Fever,C,20,22,6,5,3,0,2,2
2026,2026-07-22,Kelsey Mitchell,Fever,G,26,23,4,2,1,1,0,1
2026,2026-07-22,Lexie Hull,Fever,G,25,8,3,1,0,1,1,3
2026,2026-07-22,Caitlin Clark,Fever,G,27,27,2,11,1,1,6,2
2026,2026-07-22,Myisha Hines-Allen,Fever,F,15,5,3,1,0,0,0,3
2026,2026-07-22,Makayla Timpson,Fever,F,18,4,8,0,0,4,0,0
2026,2026-07-22,Grace VanSlooten,Fever,F,8,2,1,0,0,0,1,0
2026,2026-07-22,Sophie Cunningham,Fever,G,21,8,3,2,1,0,3,5
2026,2026-07-22,Tyasha Harris,Fever,G,19,12,0,6,0,0,0,0
2026,2026-07-22,Jessica Shepard,Wings,F,35,18,15,10,1,0,3,3
2026,2026-07-22,Awak Kuier,Wings,F,14,4,3,0,0,1,1,3
2026,2026-07-22,Arike Ogunbowale,Wings,G,35,24,3,6,0,0,2,3
2026,2026-07-22,Paige Bueckers,Wings,G,37,21,4,5,0,0,3,2
2026,2026-07-22,Azzi Fudd,Wings,G,33,11,0,2,2,0,3,3
2026,2026-07-22,Maddy Siegrist,Wings,F,26,14,5,2,1,0,0,2
2026,2026-07-22,Li Yueru,Wings,C,5,4,2,0,0,0,0,0
2026,2026-07-22,Odyssey Sims,Wings,G,4,2,0,1,1,0,1,1
2026,2026-07-22,Sug Sutton,Wings,G,4,2,1,1,0,0,0,1
2026,2026-07-22,Aziaha James,Wings,G,7,1,2,1,2,1,0,0
2026,2026-07-22,Bridget Carleton,Fire,F,31,18,5,2,0,0,0,1
2026,2026-07-22,Emily Engstler,Fire,F,23,6,1,2,1,0,2,2
2026,2026-07-22,Megan DiLeo,Fire,C,25,21,2,1,0,1,1,2
2026,2026-07-22,Sarah Ashlee Barker,Fire,G,4,2,3,2,0,0,1,0
2026,2026-07-22,Carla Leite,Fire,G,31,12,3,11,1,0,3,2
2026,2026-07-22,Frieda Buhner,Fire,F,17,15,1,1,0,0,0,2
2026,2026-07-22,Nyadiew Puoch,Fire,F,16,0,1,0,0,0,0,2
2026,2026-07-22,Serah Williams,Fire,C,15,8,4,0,3,1,2,2
2026,2026-07-22,Karlie Samuelson,Fire,G,20,10,0,1,1,0,0,4
2026,2026-07-22,Holly Winterburn,Fire,G,9,3,1,3,0,0,1,2
2026,2026-07-22,Teja Oblak,Fire,G,9,2,1,1,0,0,1,2
2026,2026-07-20,Stephanie Talbot,Aces,F,15,4,1,0,0,1,0,0
2026,2026-07-20,NaLyssa Smith,Aces,F,19,18,5,2,0,0,1,3
2026,2026-07-20,A'ja Wilson,Aces,C,28,26,6,4,1,4,0,0
2026,2026-07-20,Chelsea Gray,Aces,G,31,14,4,7,3,0,2,2
2026,2026-07-20,Jackie Young,Aces,G,33,24,4,12,1,0,2,1
2026,2026-07-20,Cheyenne Parker-Tyus,Aces,F,11,4,6,0,0,1,0,2
2026,2026-07-20,Brianna Turner,Aces,F,13,2,2,0,0,0,0,2
2026,2026-07-20,Jewell Loyd,Aces,G,23,11,1,1,1,0,1,2
2026,2026-07-20,Dana Evans,Aces,G,18,6,2,2,0,0,1,0
2026,2026-07-20,Justine Pissott,Aces,G,10,0,0,1,0,1,0,0
2026,2026-07-20,Isabelle Harrison,Tempo,F,22,26,11,2,0,0,1,0
2026,2026-07-20,Maria Conde,Tempo,F,28,15,8,4,0,0,0,2
2026,2026-07-20,Laura Juskaite,Tempo,F,29,6,3,1,2,0,1,2
2026,2026-07-20,Marina Mabrey,Tempo,G,31,14,2,5,3,1,3,2
2026,2026-07-20,Julie Allemand,Tempo,G,31,3,5,4,1,0,2,3
2026,2026-07-20,Teonni Key,Tempo,F,3,2,1,0,0,0,0,0
2026,2026-07-20,Kayla Alexander,Tempo,C,16,6,6,1,0,0,2,1
2026,2026-07-20,Temi Fagbenle,Tempo,C,15,2,2,0,0,0,2,2
2026,2026-07-20,Kia Nurse,Tempo,G,18,7,1,1,0,0,0,1
2026,2026-07-20,Tima Pouye,Tempo,G,7,2,1,1,0,0,0,0
2026,2026-07-20,Breanna Stewart,Liberty,F,42,33,13,8,0,2,1,1
2026,2026-07-20,Jonquel Jones,Liberty,C,33,14,10,2,0,1,0,4
2026,2026-07-20,Rebecca Allen,Liberty,G,32,6,3,1,1,1,0,3
2026,2026-07-20,Sabrina Ionescu,Liberty,G,36,21,4,2,0,1,1,1
2026,2026-07-20,Pauline Astier,Liberty,G,25,7,2,1,1,0,1,3
2026,2026-07-20,Raquel Carrera,Liberty,F,3,0,0,0,0,0,0,0
2026,2026-07-20,Han Xu,Liberty,C,11,2,2,1,0,0,0,0
2026,2026-07-20,Rebekah Gardner,Liberty,G,15,6,4,0,0,1,2,3
2026,2026-07-20,Marine Fauthoux,Liberty,G,27,10,10,2,1,0,1,2
2026,2026-07-20,Jessica Shepard,Wings,F,38,13,16,6,0,0,2,4
2026,2026-07-20,Awak Kuier,Wings,F,25,10,4,2,0,4,0,6
2026,2026-07-20,Odyssey Sims,Wings,G,21,5,2,1,0,0,1,1
2026,2026-07-20,Arike Ogunbowale,Wings,G,38,29,5,6,1,0,1,4
2026,2026-07-20,Azzi Fudd,Wings,G,43,15,1,2,0,1,1,3
2026,2026-07-20,Alysha Clark,Wings,F,4,0,0,1,0,0,0,1
2026,2026-07-20,Maddy Siegrist,Wings,F,11,13,3,0,0,0,0,0
2026,2026-07-20,Li Yueru,Wings,C,16,7,0,1,0,0,1,5
2026,2026-07-20,Sug Sutton,Wings,G,22,2,1,7,0,0,0,0
2026,2026-07-20,Aziaha James,Wings,G,8,4,2,1,0,2,1,2
2026,2026-07-20,Michaela Onyenwere,Mystics,F,31,12,0,1,1,0,1,0
2026,2026-07-20,Kiki Iriafen,Mystics,F,35,23,12,4,0,0,1,1
2026,2026-07-20,Shakira Austin,Mystics,C,31,15,15,2,1,0,4,2
2026,2026-07-20,Sonia Citron,Mystics,G,32,17,2,6,1,1,3,4
2026,2026-07-20,Georgia Amoore,Mystics,G,27,9,0,8,0,0,4,2
2026,2026-07-20,Lauren Betts,Mystics,C,14,4,2,0,0,4,2,1
2026,2026-07-20,Cotie McMahon,Mystics,G,12,3,2,2,1,0,0,2
2026,2026-07-20,Cassandre Prosper,Mystics,G,9,2,2,1,0,0,1,1
2026,2026-07-20,Alicia Florez,Mystics,G,9,5,0,1,0,0,0,1
2026,2026-07-20,Kayla Thornton,Valkyries,F,29,15,3,0,2,0,1,1
2026,2026-07-20,Gabby Williams,Valkyries,F,26,8,0,2,1,0,2,3
2026,2026-07-20,Cecilia Zandalasini,Valkyries,F,17,7,1,1,1,0,0,2
2026,2026-07-20,Kiah Stokes,Valkyries,C,22,3,4,0,0,2,0,1
2026,2026-07-20,Veronica Burton,Valkyries,G,26,12,2,7,2,0,2,3
2026,2026-07-20,Laeticia Amihere,Valkyries,F,12,3,2,1,1,1,2,0
2026,2026-07-20,Janelle Salaun,Valkyries,F,17,11,4,2,1,0,0,3
2026,2026-07-20,Tiffany Hayes,Valkyries,G,10,0,0,2,0,0,0,1
2026,2026-07-20,Kaila Charles,Valkyries,G,18,3,5,0,1,1,0,1
2026,2026-07-20,Kaitlyn Chen,Valkyries,G,24,20,2,6,1,0,1,0
2026,2026-07-20,Natasha Howard,Lynx,F,24,6,12,3,3,0,4,5
2026,2026-07-20,Nia Brodie,Lynx,F,28,3,1,1,1,0,0,2
2026,2026-07-20,Kayla McBride,Lynx,G,32,33,2,0,2,0,1,1
2026,2026-07-20,Courtney Williams,Lynx,G,33,21,4,3,2,0,2,2
2026,2026-07-20,Olivia Miles,Lynx,G,36,32,8,8,1,0,1,4
2026,2026-07-20,Dorka Juhasz,Lynx,F,19,1,4,3,1,1,0,1
2026,2026-07-20,Antonia Delaere,Lynx,F,5,0,1,1,0,0,0,0
2026,2026-07-20,Anastasiia Olairi Kosu,Lynx,F,9,4,2,1,0,1,0,1
2026,2026-07-20,Maya Caldwell,Lynx,G,13,5,1,0,0,0,1,1
2026,2026-07-20,Eliska Joklova,Lynx,G,0,0,0,0,0,0,0,1
2026,2026-07-20,Dominique Malonga,Storm,C,27,14,9,1,1,2,2,3
2026,2026-07-20,Awa Fam,Storm,C,31,8,11,4,1,1,2,2
2026,2026-07-20,Natisha Hiedeman,Storm,G,28,12,1,10,0,0,0,1
2026,2026-07-20,Flau'jae Johnson,Storm,G,29,26,1,1,0,1,4,2
2026,2026-07-20,Jade Melbourne,Storm,G,19,5,1,3,0,0,3,2
2026,2026-07-20,Katie Lou Samuelson,Storm,F,15,7,2,0,0,0,0,2
2026,2026-07-20,Jordan Horston,Storm,F,13,9,4,0,2,0,2,0
2026,2026-07-20,Stefanie Dolson,Storm,C,11,3,1,3,0,0,0,1
2026,2026-07-20,Zia Cooke,Storm,G,28,18,2,1,0,0,2,2
2026,2026-07-19,Nneka Ogwumike,Sparks,F,33,17,10,3,1,2,4,4
2026,2026-07-19,Dearica Hamby,Sparks,F,25,16,5,3,1,0,3,6
2026,2026-07-19,Erica Wheeler,Sparks,G,35,9,3,10,2,0,1,3
2026,2026-07-19,Ariel Atkins,Sparks,G,32,9,2,3,2,0,1,1
2026,2026-07-19,Rae Burrell,Sparks,G,28,9,2,3,1,1,3,1
2026,2026-07-19,Emma Cannon,Sparks,F,1,2,0,0,0,0,0,1
2026,2026-07-19,Cameron Brink,Sparks,F,21,10,6,1,1,3,0,5
2026,2026-07-19,Jihyun Park,Sparks,F,15,4,1,0,1,0,0,1
2026,2026-07-19,Chance Gray,Sparks,G,10,6,1,0,0,0,1,1
2026,2026-07-19,Jessica Shepard,Wings,F,38,11,14,6,1,0,4,1
2026,2026-07-19,Awak Kuier,Wings,F,9,4,1,0,0,0,1,4
2026,2026-07-19,Arike Ogunbowale,Wings,G,31,20,2,1,2,0,2,3
2026,2026-07-19,Paige Bueckers,Wings,G,32,25,4,5,0,0,4,2
2026,2026-07-19,Azzi Fudd,Wings,G,33,11,4,2,3,0,0,3
2026,2026-07-19,Alysha Clark,Wings,F,7,0,2,1,0,0,2,3
2026,2026-07-19,Maddy Siegrist,Wings,F,12,3,2,0,1,0,0,1
2026,2026-07-19,Li Yueru,Wings,C,13,4,4,0,0,2,1,2
2026,2026-07-19,Odyssey Sims,Wings,G,17,7,0,6,1,0,1,1
2026,2026-07-19,Aziaha James,Wings,G,7,5,1,0,0,0,1,1
2026,2026-07-19,Azura Stevens,Sky,F,30,20,9,1,1,0,3,2
2026,2026-07-19,Kamilla Cardoso,Sky,C,24,15,4,2,2,1,1,3
2026,2026-07-19,Courtney Vandersloot,Sky,G,21,11,1,6,2,1,1,3
2026,2026-07-19,Natasha Cloud,Sky,G,32,7,2,4,1,0,2,4
2026,2026-07-19,Sydney Taylor,Sky,G,28,18,3,2,1,0,0,5
2026,2026-07-19,Chloe Bibby,Sky,F,5,0,0,0,0,0,0,0
2026,2026-07-19,Elizabeth Williams,Sky,C,16,12,2,0,0,1,2,1
2026,2026-07-19,Rachel Banham,Sky,G,5,2,0,1,0,0,0,0
2026,2026-07-19,Jacy Sheldon,Sky,G,19,2,2,2,0,0,1,1
2026,2026-07-19,Aicha Coulibaly,Sky,G,5,2,1,0,1,1,0,1
2026,2026-07-19,Gabriela Jaquez,Sky,G,15,2,3,0,1,0,1,0
2026,2026-07-19,Naz Hillmon,Dream,F,34,5,2,1,0,0,2,3
2026,2026-07-19,Angel Reese,Dream,F,20,8,5,1,1,1,3,3
2026,2026-07-19,Allisha Gray,Dream,G,35,29,6,3,0,0,1,3
2026,2026-07-19,Jordin Canada,Dream,G,34,10,3,9,3,0,3,1
2026,2026-07-19,Rhyne Howard,Dream,G,35,11,6,6,0,3,0,2
2026,2026-07-19,Brionna Jones,Dream,F,15,6,10,1,0,0,0,2
2026,2026-07-19,Madina Okot,Dream,C,11,14,4,0,0,1,1,2
2026,2026-07-19,Jaylyn Sherrod,Dream,G,5,2,1,2,1,0,1,2
2026,2026-07-19,Isobel Borlase,Dream,G,12,8,2,1,0,0,0,1
2026,2026-07-19,Diamond Miller,Sun,F,31,6,7,0,1,0,4,5
2026,2026-07-19,Brittney Griner,Sun,C,31,19,5,0,0,2,1,3
2026,2026-07-19,Olivia Nelson-Ododa,Sun,C,26,12,12,3,1,0,0,3
2026,2026-07-19,Charlisse Leger-Walker,Sun,G,29,5,3,5,2,0,4,1
2026,2026-07-19,Leila Lacan,Sun,G,37,7,1,4,0,1,9,4
2026,2026-07-19,Aaliyah Edwards,Sun,F,5,0,0,0,0,1,0,0
2026,2026-07-19,Raegan Beers,Sun,F,4,0,2,0,1,0,1,1
2026,2026-07-19,Nell Angloma,Sun,F,12,8,3,0,0,0,2,3
2026,2026-07-19,Kennedy Burke,Sun,G,20,6,1,0,1,0,0,2
2026,2026-07-19,Hailey Van Lith,Sun,G,3,0,0,1,0,0,0,0
2026,2026-07-19,Gianna Kneepkens,Sun,G,2,0,1,0,0,0,0,3
2026,2026-07-19,DeWanna Bonner,Mercury,F,29,21,6,0,1,0,0,4
2026,2026-07-19,Alyssa Thomas,Mercury,F,34,7,6,11,1,1,1,4
2026,2026-07-19,Noemie Brochant,Mercury,F,23,4,3,2,3,0,2,0
2026,2026-07-19,Kahleah Copper,Mercury,G,35,18,4,4,1,1,5,1
2026,2026-07-19,Monique Akoa Makani,Mercury,G,32,11,6,1,2,0,1,2
2026,2026-07-19,Valeriane Ayayi,Mercury,F,14,5,1,1,2,0,4,0
2026,2026-07-19,Natasha Mack,Mercury,F,20,4,5,0,1,1,1,4
2026,2026-07-19,Lexi Held,Mercury,G,13,2,1,0,0,0,0,2
2026,2026-07-18,Breanna Stewart,Liberty,F,32,26,8,3,1,3,4,4
2026,2026-07-18,Jonquel Jones,Liberty,C,27,13,6,2,2,1,5,3
2026,2026-07-18,Marine Johannes,Liberty,G,18,12,2,1,1,0,3,4
2026,2026-07-18,Sabrina Ionescu,Liberty,G,34,12,1,4,1,0,1,2
2026,2026-07-18,Pauline Astier,Liberty,G,23,9,2,5,3,0,0,4
2026,2026-07-18,Anneli Maley,Liberty,F,14,5,3,0,0,0,0,2
2026,2026-07-18,Raquel Carrera,Liberty,F,8,4,0,0,0,0,0,1
2026,2026-07-18,Han Xu,Liberty,C,13,3,4,0,0,1,1,0
2026,2026-07-18,Rebecca Allen,Liberty,G,18,0,1,0,0,1,0,4
2026,2026-07-18,Marine Fauthoux,Liberty,G,15,4,0,4,0,0,1,0
2026,2026-07-18,Monique Billings,Fever,F,18,4,6,2,0,1,0,3
2026,2026-07-18,Aliyah Boston,Fever,C,24,15,7,4,2,1,5,4
2026,2026-07-18,Kelsey Mitchell,Fever,G,30,33,0,1,1,0,3,3
2026,2026-07-18,Lexie Hull,Fever,G,19,8,2,2,2,0,1,5
2026,2026-07-18,Caitlin Clark,Fever,G,26,17,2,7,0,0,7,2
2026,2026-07-18,Myisha Hines-Allen,Fever,F,14,5,3,1,2,0,0,0
2026,2026-07-18,Makayla Timpson,Fever,F,24,2,5,0,0,1,0,3
2026,2026-07-18,Sophie Cunningham,Fever,G,22,11,4,1,0,2,0,2
2026,2026-07-18,Tyasha Harris,Fever,G,21,11,2,4,0,0,0,1
2026,2026-07-18,Raven Johnson,Fever,G,4,2,1,0,0,0,0,1
2026,2026-07-18,Bridget Carleton,Fire,F,32,22,8,4,3,0,0,0
2026,2026-07-18,Emily Engstler,Fire,F,29,12,6,3,1,1,2,3
2026,2026-07-18,Serah Williams,Fire,C,23,8,2,1,0,1,1,2
2026,2026-07-18,Sarah Ashlee Barker,Fire,G,30,21,4,4,0,0,1,5
2026,2026-07-18,Carla Leite,Fire,G,31,21,4,7,2,0,3,2
2026,2026-07-18,Frieda Buhner,Fire,F,17,2,2,1,1,0,1,0
2026,2026-07-18,Nyadiew Puoch,Fire,F,8,0,3,1,0,0,0,2
2026,2026-07-18,Luisa Geiselsoder,Fire,C,11,0,1,1,0,0,1,0
2026,2026-07-18,Jordan Harrison,Fire,G,9,5,3,2,0,0,0,0
2026,2026-07-18,Teja Oblak,Fire,G,10,2,0,1,0,0,1,2
2026,2026-07-18,Natasha Howard,Lynx,F,25,16,7,3,1,3,0,0
2026,2026-07-18,Nia Brodie,Lynx,F,20,9,3,1,0,0,0,2
2026,2026-07-18,Kayla McBride,Lynx,G,32,24,3,0,0,0,2,2
2026,2026-07-18,Courtney Williams,Lynx,G,32,15,2,7,2,0,2,0
2026,2026-07-18,Olivia Miles,Lynx,G,34,14,4,10,0,4,2,4
2026,2026-07-18,Dorka Juhasz,Lynx,F,21,12,5,5,0,1,0,0
2026,2026-07-18,Antonia Delaere,Lynx,F,10,5,3,1,0,0,0,0
2026,2026-07-18,Anastasiia Olairi Kosu,Lynx,F,14,4,5,0,2,0,2,0
2026,2026-07-18,Maya Caldwell,Lynx,G,8,2,1,2,1,0,1,1
2026,2026-07-18,Eliska Joklova,Lynx,G,3,0,1,0,0,1,1,0
2026,2026-07-18,Michaela Onyenwere,Mystics,F,34,9,3,5,0,0,0,4
2026,2026-07-18,Kiki Iriafen,Mystics,F,24,6,2,0,0,2,1,2
2026,2026-07-18,Shakira Austin,Mystics,C,31,18,16,1,0,1,3,0
2026,2026-07-18,Sonia Citron,Mystics,G,30,12,1,4,2,1,3,4
2026,2026-07-18,Georgia Amoore,Mystics,G,25,8,3,4,1,0,3,3
2026,2026-07-18,Angela Dugalic,Mystics,F,3,0,1,0,0,0,1,0
2026,2026-07-18,Lauren Betts,Mystics,C,21,6,4,1,0,1,0,1
2026,2026-07-18,Cotie McMahon,Mystics,G,18,6,5,3,1,0,0,2
2026,2026-07-18,Darianna Littlepage-Buggs,Mystics,G,0,0,0,0,0,0,0,0
2026,2026-07-18,Cassandre Prosper,Mystics,G,7,0,2,0,0,0,0,1
2026,2026-07-18,Alicia Florez,Mystics,G,7,4,0,0,1,0,1,0
2026,2026-07-18,Kayla Thornton,Valkyries,F,27,11,4,1,1,0,0,2
2026,2026-07-18,Gabby Williams,Valkyries,F,28,18,3,5,3,0,1,2
2026,2026-07-18,Cecilia Zandalasini,Valkyries,F,26,6,1,1,1,0,2,3
2026,2026-07-18,Kiah Stokes,Valkyries,C,22,3,4,0,0,1,0,4
2026,2026-07-18,Veronica Burton,Valkyries,G,33,11,5,11,2,0,1,1
2026,2026-07-18,Laeticia Amihere,Valkyries,F,13,1,5,1,1,1,0,0
2026,2026-07-18,Janelle Salaun,Valkyries,F,18,9,3,0,0,0,0,3
2026,2026-07-18,Tiffany Hayes,Valkyries,G,12,7,1,1,0,0,1,1
2026,2026-07-18,Kaila Charles,Valkyries,G,15,6,0,0,0,0,1,0
2026,2026-07-18,Kaitlyn Chen,Valkyries,G,7,2,0,1,0,0,2,0
2026,2026-07-17,Dominique Malonga,Storm,C,29,28,14,2,0,0,6,2
2026,2026-07-17,Awa Fam,Storm,C,31,16,9,4,1,2,0,5
2026,2026-07-17,Natisha Hiedeman,Storm,G,30,15,2,8,1,0,3,2
2026,2026-07-17,Flau'jae Johnson,Storm,G,31,16,6,6,3,1,2,3
2026,2026-07-17,Jade Melbourne,Storm,G,30,15,1,5,1,0,3,4
2026,2026-07-17,Katie Lou Samuelson,Storm,F,19,8,1,0,0,0,1,2
2026,2026-07-17,Jordan Horston,Storm,F,20,2,2,1,0,0,2,4
2026,2026-07-17,Stefanie Dolson,Storm,C,3,2,0,0,1,0,0,0
2026,2026-07-17,Zia Cooke,Storm,G,8,5,0,1,1,0,0,2
2026,2026-07-17,Monique Billings,Fever,F,31,16,5,3,2,1,0,2
2026,2026-07-17,Makayla Timpson,Fever,F,32,8,9,2,2,0,3,3
2026,2026-07-17,Kelsey Mitchell,Fever,G,34,30,1,0,0,0,1,2
2026,2026-07-17,Lexie Hull,Fever,G,14,2,2,1,3,0,3,4
2026,2026-07-17,Caitlin Clark,Fever,G,29,45,2,10,4,2,4,4
2026,2026-07-17,Myisha Hines-Allen,Fever,F,9,2,3,2,1,0,1,1
2026,2026-07-17,Damiris Dantas,Fever,C,8,0,2,0,0,0,0,0
2026,2026-07-17,Sophie Cunningham,Fever,G,27,2,2,0,0,0,0,1
2026,2026-07-17,Tyasha Harris,Fever,G,14,5,0,3,0,0,0,0
2026,2026-07-17,Raven Johnson,Fever,G,3,0,0,0,0,0,0,0
2026,2026-07-17,Naz Hillmon,Dream,F,25,24,1,0,0,0,2,3
2026,2026-07-17,Angel Reese,Dream,F,33,23,12,2,3,0,5,5
2026,2026-07-17,Allisha Gray,Dream,G,30,18,3,2,1,0,0,3
2026,2026-07-17,Jordin Canada,Dream,G,33,18,0,13,3,0,0,3
2026,2026-07-17,Rhyne Howard,Dream,G,31,10,4,5,1,0,1,5
2026,2026-07-17,Brionna Jones,Dream,F,15,6,6,4,1,0,0,3
2026,2026-07-17,Sika Kone,Dream,F,1,0,0,0,0,0,0,0
2026,2026-07-17,Madina Okot,Dream,C,4,2,1,0,0,0,1,1
2026,2026-07-17,Shatori Walker-Kimbrough,Dream,G,1,0,0,0,0,0,0,0
2026,2026-07-17,Jaylyn Sherrod,Dream,G,7,0,0,2,2,0,0,1
2026,2026-07-17,Aaliyah Nye,Dream,G,1,0,0,0,0,0,0,0
2026,2026-07-17,Isobel Borlase,Dream,G,19,10,1,0,0,1,1,2
2026,2026-07-17,Isabelle Harrison,Tempo,F,21,10,3,0,0,0,3,1
2026,2026-07-17,Maria Conde,Tempo,F,31,13,4,5,0,0,0,2
2026,2026-07-17,Laura Juskaite,Tempo,F,28,8,4,0,0,1,4,2
2026,2026-07-17,Marina Mabrey,Tempo,G,31,26,4,3,1,0,5,5
2026,2026-07-17,Julie Allemand,Tempo,G,32,9,5,6,1,1,3,3
2026,2026-07-17,Nyara Sabally,Tempo,F,21,16,1,2,0,0,2,3
2026,2026-07-17,Teonni Key,Tempo,F,1,0,0,0,0,0,0,0
2026,2026-07-17,Kayla Alexander,Tempo,C,1,0,0,0,0,0,0,0
2026,2026-07-17,Temi Fagbenle,Tempo,C,15,4,1,1,0,1,2,6
2026,2026-07-17,Kia Nurse,Tempo,G,18,6,0,1,1,0,0,1
2026,2026-07-17,Tima Pouye,Tempo,G,3,0,0,1,0,0,1,0
2026,2026-07-17,Nneka Ogwumike,Sparks,F,31,18,12,4,1,1,1,1
2026,2026-07-17,Dearica Hamby,Sparks,F,26,18,6,2,2,1,3,3
2026,2026-07-17,Erica Wheeler,Sparks,G,32,14,4,4,0,0,2,3
2026,2026-07-17,Ariel Atkins,Sparks,G,34,9,4,3,0,1,3,2
2026,2026-07-17,Rae Burrell,Sparks,G,31,9,1,5,1,0,2,0
2026,2026-07-17,Emma Cannon,Sparks,F,2,0,0,0,0,0,0,1
2026,2026-07-17,Cameron Brink,Sparks,F,19,9,6,0,0,2,4,5
2026,2026-07-17,Jihyun Park,Sparks,F,8,2,1,0,0,0,1,1
2026,2026-07-17,Kate Martin,Sparks,G,1,0,0,0,0,0,0,0
2026,2026-07-17,Chance Gray,Sparks,G,15,3,0,2,0,0,1,1
2026,2026-07-17,Azura Stevens,Sky,F,28,12,6,5,3,0,1,2
2026,2026-07-17,Kamilla Cardoso,Sky,C,24,13,11,3,0,2,2,3
2026,2026-07-17,Courtney Vandersloot,Sky,G,15,9,0,1,1,0,1,5
2026,2026-07-17,Natasha Cloud,Sky,G,32,15,6,9,0,0,0,2
2026,2026-07-17,Sydney Taylor,Sky,G,26,19,1,2,0,0,1,3
2026,2026-07-17,Chloe Bibby,Sky,F,9,0,0,0,1,0,2,3
2026,2026-07-17,Elizabeth Williams,Sky,C,16,4,1,0,0,1,1,2
2026,2026-07-17,Rachel Banham,Sky,G,5,0,0,3,0,0,0,0
2026,2026-07-17,Jacy Sheldon,Sky,G,28,14,3,2,0,0,0,2
2026,2026-07-17,Aicha Coulibaly,Sky,G,3,2,2,0,0,0,0,0
2026,2026-07-17,Gabriela Jaquez,Sky,G,14,8,4,2,0,0,1,0
2026,2026-07-17,Diamond Miller,Sun,F,22,11,1,0,1,1,1,3
2026,2026-07-17,Brittney Griner,Sun,C,26,12,6,4,0,1,2,1
2026,2026-07-17,Olivia Nelson-Ododa,Sun,C,21,6,6,3,0,0,0,1
2026,2026-07-17,Charlisse Leger-Walker,Sun,G,29,4,4,7,1,0,2,3
2026,2026-07-17,Leila Lacan,Sun,G,28,26,4,5,2,1,1,2
2026,2026-07-17,Aaliyah Edwards,Sun,F,24,12,7,1,0,0,3,3
2026,2026-07-17,Raegan Beers,Sun,F,3,4,1,0,0,0,0,2
2026,2026-07-17,Nell Angloma,Sun,F,3,0,0,0,0,0,0,0
2026,2026-07-17,Kennedy Burke,Sun,G,27,13,4,2,1,1,2,3
2026,2026-07-17,Saniya Rivers,Sun,G,14,6,0,2,2,1,0,2
2026,2026-07-17,Gianna Kneepkens,Sun,G,3,2,1,0,0,0,0,1
2026,2026-07-17,DeWanna Bonner,Mercury,F,30,8,10,1,1,1,2,1
2026,2026-07-17,Alyssa Thomas,Mercury,F,36,17,8,6,0,1,3,5
2026,2026-07-17,Noemie Brochant,Mercury,F,23,6,0,1,1,0,0,1
2026,2026-07-17,Kahleah Copper,Mercury,G,35,21,3,1,1,0,2,1
2026,2026-07-17,Monique Akoa Makani,Mercury,G,19,0,2,4,0,0,2,2
2026,2026-07-17,Valeriane Ayayi,Mercury,F,18,13,1,1,0,0,2,3
2026,2026-07-17,Marta Suarez,Mercury,F,7,5,2,0,2,0,0,2
2026,2026-07-17,Sami Whitcomb,Mercury,G,13,4,1,0,0,0,1,2
2026,2026-07-17,Lexi Held,Mercury,G,19,9,0,4,0,0,1,1
2026,2026-07-16,Bridget Carleton,Fire,F,26,6,3,3,1,0,0,3
2026,2026-07-16,Emily Engstler,Fire,F,22,8,3,5,2,0,2,5
2026,2026-07-16,Serah Williams,Fire,C,25,12,5,1,1,1,1,2
2026,2026-07-16,Sarah Ashlee Barker,Fire,G,24,10,7,2,4,0,1,2
2026,2026-07-16,Carla Leite,Fire,G,23,14,1,5,1,0,0,1
2026,2026-07-16,Frieda Buhner,Fire,F,18,9,5,1,0,1,2,2
2026,2026-07-16,Nyadiew Puoch,Fire,F,14,0,2,0,1,0,0,3
2026,2026-07-16,Luisa Geiselsoder,Fire,C,15,1,2,0,0,0,0,3
2026,2026-07-16,Karlie Samuelson,Fire,G,13,3,1,1,0,0,2,0
2026,2026-07-16,Holly Winterburn,Fire,G,3,3,0,0,0,0,0,0
2026,2026-07-16,Teja Oblak,Fire,G,17,9,1,2,0,0,3,5
2026,2026-07-16,Michaela Onyenwere,Mystics,F,26,5,6,1,1,0,1,2
2026,2026-07-16,Kiki Iriafen,Mystics,F,24,2,5,0,1,1,3,2
2026,2026-07-16,Shakira Austin,Mystics,C,33,19,9,4,0,2,3,1
2026,2026-07-16,Sonia Citron,Mystics,G,29,8,6,3,0,0,2,1
2026,2026-07-16,Georgia Amoore,Mystics,G,16,3,1,2,0,0,4,3
2026,2026-07-16,Angela Dugalic,Mystics,F,8,2,3,0,0,1,1,1
2026,2026-07-16,Lauren Betts,Mystics,C,12,6,4,0,1,0,0,2
2026,2026-07-16,Rori Harmon,Mystics,G,3,2,0,0,0,0,0,1
2026,2026-07-16,Lucy Olsen,Mystics,G,3,0,1,0,0,0,0,0
2026,2026-07-16,Cotie McMahon,Mystics,G,12,1,4,0,1,0,1,1
2026,2026-07-16,Cassandre Prosper,Mystics,G,17,3,2,0,0,0,2,0
2026,2026-07-16,Alicia Florez,Mystics,G,18,5,4,1,0,0,2,1
2026,2026-07-15,Dominique Malonga,Storm,C,29,16,12,4,2,1,2,4
2026,2026-07-15,Awa Fam,Storm,C,31,14,7,3,1,2,2,3
2026,2026-07-15,Natisha Hiedeman,Storm,G,30,6,3,3,0,0,3,1
2026,2026-07-15,Flau'jae Johnson,Storm,G,31,25,6,4,3,1,3,1
2026,2026-07-15,Jade Melbourne,Storm,G,26,11,3,5,1,0,2,4
2026,2026-07-15,Katie Lou Samuelson,Storm,F,20,11,3,0,2,0,0,2
2026,2026-07-15,Jordan Horston,Storm,F,14,1,4,2,0,0,3,2
2026,2026-07-15,Stefanie Dolson,Storm,C,9,0,6,2,1,0,1,0
2026,2026-07-15,Zia Cooke,Storm,G,9,6,1,1,0,0,0,1
2026,2026-07-15,Azura Stevens,Sky,F,33,20,8,4,0,0,3,4
2026,2026-07-15,Elizabeth Williams,Sky,C,28,5,7,4,2,3,1,3
2026,2026-07-15,Courtney Vandersloot,Sky,G,20,8,1,6,3,0,1,2
2026,2026-07-15,Natasha Cloud,Sky,G,30,13,2,6,4,1,4,1
2026,2026-07-15,Sydney Taylor,Sky,G,25,17,5,0,1,0,2,4
2026,2026-07-15,Chloe Bibby,Sky,F,19,14,1,4,0,0,0,1
2026,2026-07-15,Rachel Banham,Sky,G,10,6,2,1,0,0,1,0
2026,2026-07-15,Jacy Sheldon,Sky,G,17,2,1,1,0,0,1,1
2026,2026-07-15,Gabriela Jaquez,Sky,G,19,10,2,1,1,0,0,0
2026,2026-07-15,Nneka Ogwumike,Sparks,F,33,23,12,5,1,0,0,1
2026,2026-07-15,Dearica Hamby,Sparks,F,32,10,8,1,1,0,3,4
2026,2026-07-15,Erica Wheeler,Sparks,G,30,10,2,6,0,0,4,2
2026,2026-07-15,Ariel Atkins,Sparks,G,35,8,2,6,1,0,2,4
2026,2026-07-15,Rae Burrell,Sparks,G,33,24,4,2,1,1,3,0
2026,2026-07-15,Cameron Brink,Sparks,F,15,10,1,0,1,0,2,1
2026,2026-07-15,Jihyun Park,Sparks,F,8,1,2,1,0,0,0,1
2026,2026-07-15,Kiana Williams,Sparks,G,11,1,0,1,1,0,3,3
2026,2026-07-15,Chance Gray,Sparks,G,3,0,0,0,0,0,0,1
2026,2026-07-15,Natasha Howard,Lynx,F,32,10,10,6,3,1,2,2
2026,2026-07-15,Nia Brodie,Lynx,F,29,8,5,2,1,2,1,1
2026,2026-07-15,Kayla McBride,Lynx,G,31,24,1,1,1,0,1,1
2026,2026-07-15,Courtney Williams,Lynx,G,35,19,2,4,1,0,3,1
2026,2026-07-15,Olivia Miles,Lynx,G,26,18,4,5,3,0,0,3
2026,2026-07-15,Liatu King,Lynx,F,3,0,0,0,0,0,0,2
2026,2026-07-15,Antonia Delaere,Lynx,F,14,5,0,1,1,0,0,1
2026,2026-07-15,Anastasiia Olairi Kosu,Lynx,F,17,9,3,1,2,0,2,3
2026,2026-07-15,Maya Caldwell,Lynx,G,7,3,0,0,1,1,0,1
2026,2026-07-15,Eliska Joklova,Lynx,G,7,0,0,1,0,0,2,2
2026,2026-07-15,Kayla Thornton,Valkyries,F,31,11,8,1,0,0,1,2
2026,2026-07-15,Gabby Williams,Valkyries,F,27,16,3,1,3,1,5,1
2026,2026-07-15,Cecilia Zandalasini,Valkyries,F,18,10,2,0,0,1,0,1
2026,2026-07-15,Kiah Stokes,Valkyries,C,23,4,7,1,0,2,0,2
2026,2026-07-15,Veronica Burton,Valkyries,G,30,4,5,4,3,0,3,2
2026,2026-07-15,Laeticia Amihere,Valkyries,F,4,2,0,1,0,0,1,0
2026,2026-07-15,Janelle Salaun,Valkyries,F,22,12,2,2,1,0,0,3
2026,2026-07-15,Tiffany Hayes,Valkyries,G,22,13,2,2,0,0,3,3
2026,2026-07-15,Kaila Charles,Valkyries,G,13,2,1,1,1,0,0,2
2026,2026-07-15,Kaitlyn Chen,Valkyries,G,10,14,0,3,1,0,1,0
2026,2026-07-15,Monique Billings,Fever,F,26,4,5,2,0,0,0,1
2026,2026-07-15,Aliyah Boston,Fever,C,25,15,7,1,2,0,3,4
2026,2026-07-15,Kelsey Mitchell,Fever,G,35,20,1,4,1,0,2,4
2026,2026-07-15,Lexie Hull,Fever,G,22,2,1,0,0,1,1,3
2026,2026-07-15,Caitlin Clark,Fever,G,26,13,3,6,1,1,4,0
2026,2026-07-15,Makayla Timpson,Fever,F,19,6,5,0,0,0,1,1
2026,2026-07-15,Grace VanSlooten,Fever,F,1,0,0,0,0,0,0,0
2026,2026-07-15,Sophie Cunningham,Fever,G,27,10,2,0,4,0,2,2
2026,2026-07-15,Tyasha Harris,Fever,G,19,5,2,1,0,0,2,4
2026,2026-07-15,Raven Johnson,Fever,G,1,0,0,0,0,0,0,0
2026,2026-07-14,Bridget Carleton,Fire,F,32,12,3,3,3,1,1,3
2026,2026-07-14,Emily Engstler,Fire,F,29,14,6,7,3,1,1,5
2026,2026-07-14,Megan DiLeo,Fire,C,31,15,5,0,1,1,0,1
2026,2026-07-14,Sarah Ashlee Barker,Fire,G,25,9,5,2,0,0,3,1
2026,2026-07-14,Carla Leite,Fire,G,33,18,1,6,0,0,6,1
2026,2026-07-14,Frieda Buhner,Fire,F,11,7,1,1,0,0,0,1
2026,2026-07-14,Nyadiew Puoch,Fire,F,8,0,1,0,0,0,0,0
2026,2026-07-14,Serah Williams,Fire,C,9,2,2,0,1,0,0,0
2026,2026-07-14,Karlie Samuelson,Fire,G,16,8,0,0,1,0,0,1
2026,2026-07-14,Teja Oblak,Fire,G,7,2,0,0,1,0,4,1
2026,2026-07-14,Diamond Miller,Sun,F,32,8,1,5,2,0,2,3
2026,2026-07-14,Brittney Griner,Sun,C,24,20,4,6,1,2,2,2
2026,2026-07-14,Olivia Nelson-Ododa,Sun,C,26,16,6,1,0,0,3,3
2026,2026-07-14,Charlisse Leger-Walker,Sun,G,33,4,4,7,3,0,2,2
2026,2026-07-14,Leila Lacan,Sun,G,30,14,1,3,3,1,2,2
2026,2026-07-14,Aaliyah Edwards,Sun,F,24,21,8,3,0,0,1,2
2026,2026-07-14,Raegan Beers,Sun,F,6,1,0,0,1,0,0,0
2026,2026-07-14,Nell Angloma,Sun,F,11,4,1,2,1,1,1,4
2026,2026-07-14,Kennedy Burke,Sun,G,14,2,6,1,0,0,1,3
2026,2026-07-14,Michaela Onyenwere,Mystics,F,23,15,5,3,0,0,1,4
2026,2026-07-14,Kiki Iriafen,Mystics,F,28,25,14,1,0,0,4,3
2026,2026-07-14,Shakira Austin,Mystics,C,28,17,10,0,1,3,1,1
2026,2026-07-14,Sonia Citron,Mystics,G,31,2,2,4,0,2,2,0
2026,2026-07-14,Georgia Amoore,Mystics,G,22,7,1,2,0,0,1,1
2026,2026-07-14,Angela Dugalic,Mystics,F,4,0,2,0,0,0,0,0
2026,2026-07-14,Lauren Betts,Mystics,C,20,6,6,0,2,1,1,2
2026,2026-07-14,Rori Harmon,Mystics,G,1,0,0,0,0,0,0,0
2026,2026-07-14,Lucy Olsen,Mystics,G,5,5,0,0,0,0,0,0
2026,2026-07-14,Cotie McMahon,Mystics,G,17,2,5,3,0,0,1,3
2026,2026-07-14,Cassandre Prosper,Mystics,G,8,0,2,0,0,0,0,3
2026,2026-07-14,Alicia Florez,Mystics,G,13,0,0,5,0,0,0,0
2026,2026-07-14,Isabelle Harrison,Tempo,F,21,8,5,1,0,0,1,6
2026,2026-07-14,Maria Conde,Tempo,F,30,2,4,3,1,0,1,2
2026,2026-07-14,Laura Juskaite,Tempo,F,25,7,4,1,0,0,1,3
2026,2026-07-14,Marina Mabrey,Tempo,G,30,8,1,3,1,0,4,4
2026,2026-07-14,Julie Allemand,Tempo,G,33,15,5,2,0,0,2,1
2026,2026-07-14,Nyara Sabally,Tempo,F,26,13,4,1,0,2,0,3
2026,2026-07-14,Teonni Key,Tempo,F,1,0,0,1,0,1,0,0
2026,2026-07-14,Kayla Alexander,Tempo,C,13,2,3,1,1,1,1,1
2026,2026-07-14,Kia Nurse,Tempo,G,9,2,0,1,0,0,0,0
2026,2026-07-14,Tima Pouye,Tempo,G,12,5,0,1,0,0,0,2
2026,2026-07-13,Nneka Ogwumike,Sparks,F,32,19,5,5,0,0,3,3
2026,2026-07-13,Dearica Hamby,Sparks,F,36,12,5,2,3,2,5,3
2026,2026-07-13,Erica Wheeler,Sparks,G,32,20,3,4,1,0,3,5
2026,2026-07-13,Ariel Atkins,Sparks,G,34,13,3,2,3,1,2,4
2026,2026-07-13,Rae Burrell,Sparks,G,33,18,4,4,3,0,2,3
2026,2026-07-13,Emma Cannon,Sparks,F,11,5,1,0,0,0,1,1
2026,2026-07-13,Jihyun Park,Sparks,F,8,0,3,0,0,0,0,0
2026,2026-07-13,Alissa Pili,Sparks,F,2,0,1,0,0,0,1,2
2026,2026-07-13,Kiana Williams,Sparks,G,8,5,0,1,1,0,1,2
2026,2026-07-13,Kate Martin,Sparks,G,2,0,0,0,0,0,0,0
2026,2026-07-13,Chance Gray,Sparks,G,4,0,0,0,0,0,0,0
2026,2026-07-13,Naz Hillmon,Dream,F,32,10,5,2,0,0,3,1
2026,2026-07-13,Angel Reese,Dream,F,33,23,13,2,3,0,3,4
2026,2026-07-13,Allisha Gray,Dream,G,33,20,1,2,2,1,1,3
2026,2026-07-13,Jordin Canada,Dream,G,35,16,3,9,2,0,3,1
2026,2026-07-13,Rhyne Howard,Dream,G,34,11,5,3,2,0,3,0
2026,2026-07-13,Sika Kone,Dream,F,4,0,1,0,0,0,1,1
2026,2026-07-13,Madina Okot,Dream,C,10,9,6,1,1,0,1,2
2026,2026-07-13,Te-Hina Paopao,Dream,G,5,2,0,2,1,0,0,2
2026,2026-07-13,Isobel Borlase,Dream,G,14,10,1,1,0,0,2,3
2026,2026-07-13,DeWanna Bonner,Mercury,F,33,17,9,3,1,0,1,2
2026,2026-07-13,Alyssa Thomas,Mercury,F,37,19,8,12,1,0,4,1
2026,2026-07-13,Noemie Brochant,Mercury,F,17,2,2,2,1,0,1,2
2026,2026-07-13,Kahleah Copper,Mercury,G,32,26,3,1,1,0,2,3
2026,2026-07-13,Monique Akoa Makani,Mercury,G,27,17,1,4,1,0,2,6
2026,2026-07-13,Valeriane Ayayi,Mercury,F,18,4,1,1,0,0,1,1
2026,2026-07-13,Marta Suarez,Mercury,F,5,2,1,0,0,0,1,1
2026,2026-07-13,Sami Whitcomb,Mercury,G,19,9,1,2,0,0,1,2
2026,2026-07-13,Lexi Held,Mercury,G,12,4,0,3,0,0,1,0
2026,2026-07-13,Natasha Howard,Lynx,F,35,13,3,7,2,0,4,3
2026,2026-07-13,Nia Brodie,Lynx,F,30,5,3,0,1,2,0,0
2026,2026-07-13,Kayla McBride,Lynx,G,35,37,6,1,4,2,2,2
2026,2026-07-13,Courtney Williams,Lynx,G,35,8,7,3,2,0,0,4
2026,2026-07-13,Olivia Miles,Lynx,G,31,33,3,8,0,0,5,5
2026,2026-07-13,Antonia Delaere,Lynx,F,10,0,0,0,0,0,1,3
2026,2026-07-13,Anastasiia Olairi Kosu,Lynx,F,8,0,0,0,0,0,0,1
2026,2026-07-13,Maya Caldwell,Lynx,G,7,0,1,1,0,0,0,3
2026,2026-07-13,Eliska Joklova,Lynx,G,9,8,1,0,0,0,0,0
2026,2026-07-12,Breanna Stewart,Liberty,F,34,22,8,2,2,1,1,1
2026,2026-07-12,Jonquel Jones,Liberty,C,31,10,10,0,0,1,2,2
2026,2026-07-12,Han Xu,Liberty,C,19,4,1,1,0,1,1,0
2026,2026-07-12,Sabrina Ionescu,Liberty,G,33,28,4,8,3,0,1,3
2026,2026-07-12,Pauline Astier,Liberty,G,25,14,3,2,3,0,4,5
2026,2026-07-12,Anneli Maley,Liberty,F,11,0,0,0,1,0,0,3
2026,2026-07-12,Raquel Carrera,Liberty,F,7,0,1,0,0,1,1,1
2026,2026-07-12,Rebekah Gardner,Liberty,G,2,0,0,0,0,0,0,0
2026,2026-07-12,Betnijah Laney-Hamilton,Liberty,G,16,6,3,1,0,0,4,2
2026,2026-07-12,Marine Johannes,Liberty,G,22,7,3,2,2,0,3,2
2026,2026-07-12,Isabelle Harrison,Tempo,F,23,9,7,0,1,1,4,6
2026,2026-07-12,Maria Conde,Tempo,F,34,15,2,2,2,1,1,4
2026,2026-07-12,Laura Juskaite,Tempo,F,31,18,4,3,3,0,6,5
2026,2026-07-12,Marina Mabrey,Tempo,G,35,30,2,5,0,1,6,3
2026,2026-07-12,Julie Allemand,Tempo,G,34,4,5,10,2,0,1,2
2026,2026-07-12,Nyara Sabally,Tempo,F,26,13,7,1,2,0,2,3
2026,2026-07-12,Kia Nurse,Tempo,G,5,2,1,1,0,0,0,1
2026,2026-07-12,Tima Pouye,Tempo,G,10,2,2,0,0,0,3,3
2026,2026-07-12,Ornella Bankole,Tempo,G,2,0,0,0,0,0,0,1
2026,2026-07-12,Dominique Malonga,Storm,C,22,10,15,2,2,2,4,5
2026,2026-07-12,Awa Fam,Storm,C,32,5,9,2,0,2,3,2
2026,2026-07-12,Natisha Hiedeman,Storm,G,33,31,3,3,3,0,4,1
2026,2026-07-12,Flau'jae Johnson,Storm,G,31,9,7,3,4,0,2,2
2026,2026-07-12,Jade Melbourne,Storm,G,30,9,1,2,1,0,2,3
2026,2026-07-12,Katie Lou Samuelson,Storm,F,12,3,0,0,0,0,1,0
2026,2026-07-12,Jordan Horston,Storm,F,15,4,3,0,1,0,1,4
2026,2026-07-12,Mackenzie Holmes,Storm,F,3,2,3,0,0,0,0,2
2026,2026-07-12,Stefanie Dolson,Storm,C,14,3,1,0,1,0,2,5
2026,2026-07-12,Zia Cooke,Storm,G,8,3,1,0,0,0,0,1
2026,2026-07-12,Michaela Onyenwere,Mystics,F,24,0,2,2,0,1,2,4
2026,2026-07-12,Kiki Iriafen,Mystics,F,29,12,12,3,1,0,0,2
2026,2026-07-12,Shakira Austin,Mystics,C,33,27,6,3,1,1,3,2
2026,2026-07-12,Sonia Citron,Mystics,G,33,19,4,1,3,0,3,2
2026,2026-07-12,Georgia Amoore,Mystics,G,22,4,3,4,1,0,3,2
2026,2026-07-12,Angela Dugalic,Mystics,F,2,0,0,0,0,0,0,0
2026,2026-07-12,Lauren Betts,Mystics,C,16,11,2,3,2,1,1,1
2026,2026-07-12,Cotie McMahon,Mystics,G,14,4,1,2,1,0,1,0
2026,2026-07-12,Cassandre Prosper,Mystics,G,10,3,0,1,0,0,1,2
2026,2026-07-12,Alicia Florez,Mystics,G,18,4,2,4,1,0,1,2
2026,2026-07-12,Azura Stevens,Sky,F,32,18,13,3,2,0,3,4
2026,2026-07-12,Kamilla Cardoso,Sky,C,29,12,13,2,1,1,1,2
2026,2026-07-12,Courtney Vandersloot,Sky,G,20,9,1,3,0,0,0,1
2026,2026-07-12,Natasha Cloud,Sky,G,32,15,2,3,0,0,2,3
2026,2026-07-12,Sydney Taylor,Sky,G,26,20,1,2,0,0,0,1
2026,2026-07-12,Maddy Westbeld,Sky,F,8,0,2,1,0,0,0,0
2026,2026-07-12,Elizabeth Williams,Sky,C,11,6,2,0,0,0,0,2
2026,2026-07-12,Rachel Banham,Sky,G,11,3,0,1,0,0,0,1
2026,2026-07-12,Jacy Sheldon,Sky,G,14,0,0,1,0,0,0,1
2026,2026-07-12,Gabriela Jaquez,Sky,G,17,8,2,0,0,0,0,1
2026,2026-07-12,Jessica Shepard,Wings,F,34,19,10,5,0,0,1,1
2026,2026-07-12,Awak Kuier,Wings,F,8,0,2,0,0,0,0,0
2026,2026-07-12,Arike Ogunbowale,Wings,G,30,17,3,1,1,0,1,0
2026,2026-07-12,Paige Bueckers,Wings,G,36,22,6,11,0,1,1,4
2026,2026-07-12,Azzi Fudd,Wings,G,35,16,1,3,2,1,0,1
2026,2026-07-12,Alysha Clark,Wings,F,6,2,0,0,0,0,0,2
2026,2026-07-12,Alanna Smith,Wings,F,6,2,1,0,0,0,0,0
2026,2026-07-12,Maddy Siegrist,Wings,F,9,5,0,1,0,0,0,1
2026,2026-07-12,Li Yueru,Wings,C,23,10,10,0,1,1,0,1
2026,2026-07-12,Odyssey Sims,Wings,G,6,3,0,1,0,0,1,2
2026,2026-07-12,Sug Sutton,Wings,G,2,0,0,1,0,0,1,1
2026,2026-07-12,Aziaha James,Wings,G,6,0,0,0,0,0,0,0
2026,2026-07-12,Monique Billings,Fever,F,25,10,5,0,0,0,1,1
2026,2026-07-12,Aliyah Boston,Fever,C,29,19,11,4,3,1,1,2
2026,2026-07-12,Kelsey Mitchell,Fever,G,30,27,3,3,2,0,2,1
2026,2026-07-12,Lexie Hull,Fever,G,20,0,2,0,0,0,1,1
2026,2026-07-12,Caitlin Clark,Fever,G,24,12,7,6,0,0,4,3
2026,2026-07-12,Makayla Timpson,Fever,F,19,6,3,2,0,0,0,3
2026,2026-07-12,Grace VanSlooten,Fever,F,3,0,0,0,0,0,0,1
2026,2026-07-12,Damiris Dantas,Fever,C,2,0,1,0,0,0,0,0
2026,2026-07-12,Sophie Cunningham,Fever,G,23,20,0,1,0,0,0,2
2026,2026-07-12,Tyasha Harris,Fever,G,23,10,2,2,1,0,0,3
2026,2026-07-12,Raven Johnson,Fever,G,3,5,1,0,0,0,0,0
2026,2026-07-12,Stephanie Talbot,Aces,F,13,0,2,1,0,0,1,2
2026,2026-07-12,NaLyssa Smith,Aces,F,21,9,5,1,0,1,0,2
2026,2026-07-12,A'ja Wilson,Aces,C,31,20,12,2,1,2,3,2
2026,2026-07-12,Chelsea Gray,Aces,G,30,9,2,6,1,0,5,2
2026,2026-07-12,Jackie Young,Aces,G,32,15,1,3,0,0,1,3
2026,2026-07-12,Cheyenne Parker-Tyus,Aces,F,4,0,0,0,1,0,0,1
2026,2026-07-12,Brianna Turner,Aces,F,11,4,1,0,0,0,0,2
2026,2026-07-12,Jewell Loyd,Aces,G,28,8,2,3,1,0,0,3
2026,2026-07-12,Dana Evans,Aces,G,18,8,2,1,0,0,1,1
2026,2026-07-12,Justine Pissott,Aces,G,14,2,1,0,0,1,0,1
2026,2026-07-11,Breanna Stewart,Liberty,F,37,17,7,3,2,1,4,1
2026,2026-07-11,Jonquel Jones,Liberty,C,33,15,12,2,0,1,0,4
2026,2026-07-11,Rebekah Gardner,Liberty,G,14,0,1,2,1,0,1,2
2026,2026-07-11,Sabrina Ionescu,Liberty,G,35,25,8,5,2,0,3,0
2026,2026-07-11,Pauline Astier,Liberty,G,23,4,0,2,2,0,4,3
2026,2026-07-11,Raquel Carrera,Liberty,F,3,2,0,0,0,0,0,1
2026,2026-07-11,Han Xu,Liberty,C,18,8,1,1,0,0,1,0
2026,2026-07-11,Betnijah Laney-Hamilton,Liberty,G,7,0,0,2,0,0,0,0
2026,2026-07-11,Rebecca Allen,Liberty,G,7,0,2,2,0,0,1,2
2026,2026-07-11,Marine Johannes,Liberty,G,23,14,3,1,1,0,0,3
2026,2026-07-11,Natasha Howard,Lynx,F,36,16,9,2,2,0,2,3
2026,2026-07-11,Nia Brodie,Lynx,F,28,3,5,5,0,2,2,4
2026,2026-07-11,Kayla McBride,Lynx,G,33,25,4,2,4,0,0,4
2026,2026-07-11,Courtney Williams,Lynx,G,36,12,12,1,0,0,3,2
2026,2026-07-11,Olivia Miles,Lynx,G,32,23,5,4,1,0,2,3
2026,2026-07-11,Dorka Juhasz,Lynx,F,16,0,3,1,0,1,1,1
2026,2026-07-11,Antonia Delaere,Lynx,F,7,6,1,1,1,0,0,0
2026,2026-07-11,Anastasiia Olairi Kosu,Lynx,F,1,0,0,0,0,0,0,0
2026,2026-07-11,Maya Caldwell,Lynx,G,7,5,1,0,1,0,0,0
2026,2026-07-11,Eliska Joklova,Lynx,G,4,0,0,2,0,0,2,1
2026,2026-07-11,Bridget Carleton,Fire,F,34,12,3,4,2,2,1,1
2026,2026-07-11,Emily Engstler,Fire,F,25,14,11,4,3,1,2,3
2026,2026-07-11,Nyadiew Puoch,Fire,F,25,9,0,0,1,0,0,3
2026,2026-07-11,Megan DiLeo,Fire,C,27,17,4,1,1,0,3,3
2026,2026-07-11,Carla Leite,Fire,G,26,13,3,10,0,0,6,5
2026,2026-07-11,Frieda Buhner,Fire,F,15,11,2,0,0,0,1,5
2026,2026-07-11,Serah Williams,Fire,C,13,15,2,1,0,1,0,2
2026,2026-07-11,Karlie Samuelson,Fire,G,8,0,0,0,0,0,1,1
2026,2026-07-11,Holly Winterburn,Fire,G,13,1,0,1,0,0,0,1
2026,2026-07-11,Teja Oblak,Fire,G,14,10,1,7,0,0,2,2
2026,2026-07-11,Naz Hillmon,Dream,F,36,15,8,2,1,1,3,3
2026,2026-07-11,Madina Okot,Dream,C,22,19,8,0,0,1,2,1
2026,2026-07-11,Allisha Gray,Dream,G,31,20,3,2,1,0,1,4
2026,2026-07-11,Jordin Canada,Dream,G,35,10,4,12,2,0,3,5
2026,2026-07-11,Rhyne Howard,Dream,G,31,10,3,4,4,0,1,2
2026,2026-07-11,Sika Kone,Dream,F,17,11,5,0,0,0,0,5
2026,2026-07-11,Te-Hina Paopao,Dream,G,6,3,0,2,0,0,0,1
2026,2026-07-11,Aaliyah Nye,Dream,G,2,0,0,0,0,0,0,0
2026,2026-07-11,Indya Nivar,Dream,G,1,0,0,0,0,0,0,1
2026,2026-07-11,Isobel Borlase,Dream,G,18,4,1,3,0,1,2,1
2026,2026-07-11,DeWanna Bonner,Mercury,F,22,2,4,3,0,0,2,1
2026,2026-07-11,Alyssa Thomas,Mercury,F,29,7,6,1,0,0,2,1
2026,2026-07-11,Valeriane Ayayi,Mercury,F,31,5,7,1,0,0,2,2
2026,2026-07-11,Kahleah Copper,Mercury,G,29,9,4,0,0,0,3,3
2026,2026-07-11,Monique Akoa Makani,Mercury,G,26,13,1,1,0,0,3,3
2026,2026-07-11,Marta Suarez,Mercury,F,12,5,0,2,0,0,0,0
2026,2026-07-11,Noemie Brochant,Mercury,F,20,6,1,1,0,0,2,2
2026,2026-07-11,Sami Whitcomb,Mercury,G,11,0,3,3,2,0,2,2
2026,2026-07-11,Lexi Held,Mercury,G,23,11,3,2,1,0,1,2
2026,2026-07-11,Stephanie Talbot,Aces,F,24,4,7,1,1,0,1,0
2026,2026-07-11,NaLyssa Smith,Aces,F,18,14,3,0,1,0,1,1
2026,2026-07-11,A'ja Wilson,Aces,C,25,21,15,3,1,1,1,2
2026,2026-07-11,Chelsea Gray,Aces,G,28,15,1,12,1,0,1,2
2026,2026-07-11,Jackie Young,Aces,G,24,8,2,6,2,0,0,0
2026,2026-07-11,Cheyenne Parker-Tyus,Aces,F,14,15,7,0,0,1,1,2
2026,2026-07-11,Brianna Turner,Aces,F,12,0,6,0,0,0,0,1
2026,2026-07-11,Kierstan Bell,Aces,F,17,3,3,4,0,0,1,1
2026,2026-07-11,Jewell Loyd,Aces,G,28,9,1,3,2,0,1,4
2026,2026-07-11,Justine Pissott,Aces,G,10,17,2,2,0,0,1,1
2026,2026-07-10,Kayla Thornton,Valkyries,F,13,2,4,0,1,0,2,4
2026,2026-07-10,Cecilia Zandalasini,Valkyries,F,17,4,1,0,2,0,3,3
2026,2026-07-10,Kiah Stokes,Valkyries,C,20,5,4,2,0,0,0,1
2026,2026-07-10,Kaila Charles,Valkyries,G,30,9,5,1,1,0,2,1
2026,2026-07-10,Veronica Burton,Valkyries,G,33,17,3,6,1,2,1,4
2026,2026-07-10,Laeticia Amihere,Valkyries,F,17,6,5,3,1,3,1,1
2026,2026-07-10,Janelle Salaun,Valkyries,F,27,16,7,1,3,1,1,2
2026,2026-07-10,Nadia Fingall,Valkyries,C,2,3,0,0,0,0,0,1
2026,2026-07-10,Tiffany Hayes,Valkyries,G,17,9,0,5,0,0,0,3
2026,2026-07-10,Kaitlyn Chen,Valkyries,G,21,8,1,1,2,0,4,0
2026,2026-07-10,Juste Jocyte,Valkyries,G,2,0,0,0,0,0,1,1
2026,2026-07-10,Aaliyah Edwards,Sun,F,27,11,2,0,2,0,3,3
2026,2026-07-10,Diamond Miller,Sun,F,27,14,3,0,0,0,3,3
2026,2026-07-10,Olivia Nelson-Ododa,Sun,C,25,12,8,4,1,1,4,2
2026,2026-07-10,Charlisse Leger-Walker,Sun,G,25,10,1,2,1,0,2,3
2026,2026-07-10,Leila Lacan,Sun,G,32,8,3,6,2,0,4,2
2026,2026-07-10,Raegan Beers,Sun,F,10,3,2,1,0,0,1,1
2026,2026-07-10,Nell Angloma,Sun,F,16,6,1,4,1,2,2,3
2026,2026-07-10,Kennedy Burke,Sun,G,20,0,2,0,1,0,1,0
2026,2026-07-10,Hailey Van Lith,Sun,G,9,0,0,2,1,0,0,0
2026,2026-07-10,Gianna Kneepkens,Sun,G,9,0,1,0,1,0,0,3
2026,2026-07-10,Jessica Shepard,Wings,F,40,20,17,3,1,0,4,2
2026,2026-07-10,Awak Kuier,Wings,F,11,3,1,1,1,1,0,1
2026,2026-07-10,Arike Ogunbowale,Wings,G,30,20,3,7,0,0,0,2
2026,2026-07-10,Paige Bueckers,Wings,G,38,34,6,6,2,0,1,2
2026,2026-07-10,Azzi Fudd,Wings,G,36,13,2,2,1,0,0,3
2026,2026-07-10,Alysha Clark,Wings,F,17,10,0,2,0,0,0,4
2026,2026-07-10,Alanna Smith,Wings,F,8,0,0,0,0,0,1,1
2026,2026-07-10,Maddy Siegrist,Wings,F,3,0,0,0,0,0,0,0
2026,2026-07-10,Odyssey Sims,Wings,G,12,8,1,0,0,0,0,1
2026,2026-07-10,Aziaha James,Wings,G,4,0,2,1,0,0,0,1
2026,2026-07-10,Isabelle Harrison,Tempo,F,26,18,8,1,0,1,1,2
2026,2026-07-10,Maria Conde,Tempo,F,35,12,3,9,0,0,3,2
2026,2026-07-10,Laura Juskaite,Tempo,F,36,25,3,3,1,1,0,3
2026,2026-07-10,Marina Mabrey,Tempo,G,27,34,1,1,0,0,3,4
2026,2026-07-10,Julie Allemand,Tempo,G,34,3,5,8,1,0,4,1
2026,2026-07-10,Teonni Key,Tempo,F,7,0,0,0,1,0,0,1
2026,2026-07-10,Kayla Alexander,Tempo,C,10,1,2,0,0,0,1,2
2026,2026-07-10,Kia Nurse,Tempo,G,15,0,1,1,0,0,0,0
2026,2026-07-10,Tima Pouye,Tempo,G,9,2,1,1,0,0,0,4
2026,2026-07-10,Azura Stevens,Sky,F,30,10,8,2,0,1,2,2
2026,2026-07-10,Kamilla Cardoso,Sky,C,28,15,8,2,0,1,0,5
2026,2026-07-10,Courtney Vandersloot,Sky,G,19,6,3,4,1,0,4,2
2026,2026-07-10,Natasha Cloud,Sky,G,27,9,2,7,2,0,1,5
2026,2026-07-10,Sydney Taylor,Sky,G,21,15,1,2,0,0,3,3
2026,2026-07-10,Elizabeth Williams,Sky,C,9,0,5,2,0,1,3,0
2026,2026-07-10,Rachel Banham,Sky,G,12,0,3,0,0,0,0,0
2026,2026-07-10,Jacy Sheldon,Sky,G,21,10,0,2,2,0,1,1
2026,2026-07-10,Aicha Coulibaly,Sky,G,13,7,1,0,0,0,1,2
2026,2026-07-10,Gabriela Jaquez,Sky,G,20,15,5,0,0,0,0,0
2026,2026-07-10,Nneka Ogwumike,Sparks,F,33,25,12,5,1,1,2,2
2026,2026-07-10,Dearica Hamby,Sparks,F,30,17,7,3,3,1,1,2
2026,2026-07-10,Erica Wheeler,Sparks,G,28,15,2,8,3,0,2,3
2026,2026-07-10,Ariel Atkins,Sparks,G,29,17,3,6,3,0,1,4
2026,2026-07-10,Rae Burrell,Sparks,G,33,17,1,4,0,2,4,3
2026,2026-07-10,Emma Cannon,Sparks,F,13,9,4,0,0,0,0,2
2026,2026-07-10,Jihyun Park,Sparks,F,8,0,1,0,0,0,0,1
2026,2026-07-10,Alissa Pili,Sparks,F,4,0,0,0,0,0,0,2
2026,2026-07-10,Kiana Williams,Sparks,G,15,0,0,5,1,0,1,0
2026,2026-07-10,Kate Martin,Sparks,G,5,2,2,1,0,0,0,1
2026,2026-07-10,Chance Gray,Sparks,G,3,0,0,0,0,0,0,0
2026,2026-07-09,Dominique Malonga,Storm,C,29,15,9,2,1,1,4,3
2026,2026-07-09,Awa Fam,Storm,C,30,4,5,4,0,0,0,0
2026,2026-07-09,Natisha Hiedeman,Storm,G,34,20,5,3,0,0,4,3
2026,2026-07-09,Flau'jae Johnson,Storm,G,29,14,2,5,2,1,3,2
2026,2026-07-09,Jade Melbourne,Storm,G,25,5,2,4,1,0,4,4
2026,2026-07-09,Katie Lou Samuelson,Storm,F,12,3,0,0,0,0,0,2
2026,2026-07-09,Ezi Magbegor,Storm,F,8,2,5,0,0,0,1,1
2026,2026-07-09,Jordan Horston,Storm,F,11,6,3,1,1,0,1,2
2026,2026-07-09,Stefanie Dolson,Storm,C,13,4,2,1,0,1,2,2
2026,2026-07-09,Zia Cooke,Storm,G,9,5,2,1,1,0,2,1
2026,2026-07-09,Naz Hillmon,Dream,F,29,7,2,1,3,0,1,1
2026,2026-07-09,Angel Reese,Dream,F,30,18,11,2,2,0,3,1
2026,2026-07-09,Allisha Gray,Dream,G,32,22,3,5,1,1,3,2
2026,2026-07-09,Jordin Canada,Dream,G,34,14,9,8,3,1,2,3
2026,2026-07-09,Rhyne Howard,Dream,G,35,19,4,2,4,2,3,4
2026,2026-07-09,Sika Kone,Dream,F,11,0,0,0,0,0,1,3
2026,2026-07-09,Madina Okot,Dream,C,9,5,6,0,1,0,2,2
2026,2026-07-09,Te-Hina Paopao,Dream,G,10,0,0,0,0,0,0,0
2026,2026-07-09,Isobel Borlase,Dream,G,10,4,2,0,0,0,0,2
2026,2026-07-09,Monique Billings,Fever,F,15,2,2,0,0,0,1,2
2026,2026-07-09,Aliyah Boston,Fever,C,38,21,9,0,1,1,1,2
2026,2026-07-09,Kelsey Mitchell,Fever,G,35,29,2,8,3,1,0,3
2026,2026-07-09,Tyasha Harris,Fever,G,22,15,1,5,2,1,1,5
2026,2026-07-09,Lexie Hull,Fever,G,18,10,0,0,0,0,0,1
2026,2026-07-09,Myisha Hines-Allen,Fever,F,7,0,3,0,0,0,3,1
2026,2026-07-09,Makayla Timpson,Fever,F,15,0,5,1,0,1,0,0
2026,2026-07-09,Sophie Cunningham,Fever,G,29,9,2,2,1,0,1,1
2026,2026-07-09,Raven Johnson,Fever,G,23,6,6,2,1,0,3,1
2026,2026-07-09,DeWanna Bonner,Mercury,F,27,9,7,2,1,0,1,0
2026,2026-07-09,Alyssa Thomas,Mercury,F,33,22,6,7,1,1,1,4
2026,2026-07-09,Valeriane Ayayi,Mercury,F,30,10,2,3,0,0,2,2
2026,2026-07-09,Kahleah Copper,Mercury,G,32,22,5,2,1,0,1,2
2026,2026-07-09,Lexi Held,Mercury,G,12,0,0,4,0,0,1,1
2026,2026-07-09,Marta Suarez,Mercury,F,11,10,2,0,0,0,0,2
2026,2026-07-09,Noemie Brochant,Mercury,F,19,0,1,1,0,0,0,0
2026,2026-07-09,Sami Whitcomb,Mercury,G,11,2,4,1,1,0,1,1
2026,2026-07-09,Monique Akoa Makani,Mercury,G,24,14,0,3,0,0,4,2
2026,2026-07-09,Stephanie Talbot,Aces,F,17,0,2,1,1,0,1,3
2026,2026-07-09,NaLyssa Smith,Aces,F,28,16,2,0,2,0,0,4
2026,2026-07-09,A'ja Wilson,Aces,C,30,32,10,3,2,2,1,0
2026,2026-07-09,Chelsea Gray,Aces,G,34,8,1,7,3,0,2,4
2026,2026-07-09,Jackie Young,Aces,G,31,19,4,11,3,1,3,1
2026,2026-07-09,Cheyenne Parker-Tyus,Aces,F,5,0,0,0,0,0,2,0
2026,2026-07-09,Brianna Turner,Aces,F,14,2,3,0,0,2,1,0
2026,2026-07-09,Kierstan Bell,Aces,F,12,5,4,1,0,0,1,2
2026,2026-07-09,Jewell Loyd,Aces,G,29,6,1,0,2,0,1,3
2026,2026-07-09,Bridget Carleton,Fire,F,28,9,6,3,1,0,2,1
2026,2026-07-09,Emily Engstler,Fire,F,29,10,7,2,1,2,1,5
2026,2026-07-09,Megan DiLeo,Fire,C,26,11,3,0,1,1,1,2
2026,2026-07-09,Sarah Ashlee Barker,Fire,G,25,8,6,3,1,0,1,2
2026,2026-07-09,Carla Leite,Fire,G,21,13,3,5,0,0,5,3
2026,2026-07-09,Frieda Buhner,Fire,F,16,6,1,0,2,0,3,1
2026,2026-07-09,Nyadiew Puoch,Fire,F,13,4,2,1,0,0,1,1
2026,2026-07-09,Luisa Geiselsoder,Fire,C,6,3,1,0,0,0,0,1
2026,2026-07-09,Serah Williams,Fire,C,6,2,0,1,0,0,1,3
2026,2026-07-09,Karlie Samuelson,Fire,G,11,0,0,0,0,0,0,0
2026,2026-07-09,Holly Winterburn,Fire,G,3,3,0,0,0,0,0,0
2026,2026-07-09,Teja Oblak,Fire,G,17,11,1,2,2,0,2,0
2026,2026-07-08,Kayla Thornton,Valkyries,F,25,15,9,0,1,1,2,4
2026,2026-07-08,Gabby Williams,Valkyries,F,18,7,1,2,1,0,2,3
2026,2026-07-08,Cecilia Zandalasini,Valkyries,F,15,3,1,2,0,0,1,1
2026,2026-07-08,Kiah Stokes,Valkyries,C,14,0,3,0,0,1,2,1
2026,2026-07-08,Veronica Burton,Valkyries,G,21,6,2,6,2,0,1,2
2026,2026-07-08,Laeticia Amihere,Valkyries,F,15,3,3,0,0,0,1,3
2026,2026-07-08,Janelle Salaun,Valkyries,F,23,26,6,1,1,0,3,1
2026,2026-07-08,Nadia Fingall,Valkyries,C,2,0,0,0,0,0,0,0
2026,2026-07-08,Tiffany Hayes,Valkyries,G,19,2,0,3,1,1,0,0
2026,2026-07-08,Kaila Charles,Valkyries,G,25,5,5,1,0,0,1,4
2026,2026-07-08,Kaitlyn Chen,Valkyries,G,22,16,1,3,1,0,1,1
2026,2026-07-08,Isabelle Harrison,Tempo,F,31,24,8,2,0,0,4,4
2026,2026-07-08,Maria Conde,Tempo,F,35,9,3,1,0,0,3,1
2026,2026-07-08,Nyara Sabally,Tempo,F,7,2,1,1,0,0,1,1
2026,2026-07-08,Marina Mabrey,Tempo,G,34,11,6,4,1,0,5,1
2026,2026-07-08,Julie Allemand,Tempo,G,36,9,3,7,2,0,2,4
2026,2026-07-08,Teonni Key,Tempo,F,11,5,1,0,0,0,1,1
2026,2026-07-08,Laura Juskaite,Tempo,F,18,5,0,1,3,0,3,5
2026,2026-07-08,Kia Nurse,Tempo,G,15,8,1,2,0,0,1,2
2026,2026-07-08,Tima Pouye,Tempo,G,13,2,0,1,0,0,0,1
2026,2026-07-08,Natasha Howard,Lynx,F,31,12,10,2,1,3,3,2
2026,2026-07-08,Nia Brodie,Lynx,F,14,1,1,0,0,1,1,4
2026,2026-07-08,Kayla McBride,Lynx,G,38,23,4,4,2,1,0,2
2026,2026-07-08,Courtney Williams,Lynx,G,30,12,4,7,2,0,5,1
2026,2026-07-08,Maya Caldwell,Lynx,G,17,6,2,1,1,0,0,2
2026,2026-07-08,Dorka Juhasz,Lynx,F,19,12,6,1,0,1,1,2
2026,2026-07-08,Antonia Delaere,Lynx,F,23,10,0,0,2,0,3,4
2026,2026-07-08,Anastasiia Olairi Kosu,Lynx,F,15,5,4,3,0,0,1,2
2026,2026-07-08,Eliska Joklova,Lynx,G,11,5,2,3,0,1,0,1
2026,2026-07-08,Aaliyah Edwards,Sun,F,17,2,4,0,0,0,1,1
2026,2026-07-08,Diamond Miller,Sun,F,23,13,4,2,1,1,4,4
2026,2026-07-08,Olivia Nelson-Ododa,Sun,C,27,14,5,2,1,1,2,2
2026,2026-07-08,Charlisse Leger-Walker,Sun,G,31,7,4,3,3,1,4,2
2026,2026-07-08,Leila Lacan,Sun,G,29,15,6,6,1,0,1,4
2026,2026-07-08,Raegan Beers,Sun,F,13,5,1,1,0,0,1,1
2026,2026-07-08,Nell Angloma,Sun,F,15,10,7,0,0,0,2,2
2026,2026-07-08,Kennedy Burke,Sun,G,27,3,4,3,1,3,1,4
2026,2026-07-08,Saniya Rivers,Sun,G,9,5,1,2,2,1,2,0
2026,2026-07-08,Gianna Kneepkens,Sun,G,9,6,0,1,0,0,0,0
2026,2026-07-08,Myisha Hines-Allen,Fever,F,13,0,2,0,1,1,0,4
2026,2026-07-08,Monique Billings,Fever,F,18,4,12,3,1,1,2,3
2026,2026-07-08,Kelsey Mitchell,Fever,G,33,29,4,3,2,0,2,1
2026,2026-07-08,Lexie Hull,Fever,G,21,14,2,0,1,0,0,1
2026,2026-07-08,Caitlin Clark,Fever,G,16,9,4,3,1,0,4,1
2026,2026-07-08,Makayla Timpson,Fever,F,23,9,5,0,0,3,1,3
2026,2026-07-08,Grace VanSlooten,Fever,F,4,0,2,0,0,0,1,1
2026,2026-07-08,Damiris Dantas,Fever,C,22,12,4,2,0,0,2,3
2026,2026-07-08,Sophie Cunningham,Fever,G,11,2,1,1,1,0,1,1
2026,2026-07-08,Tyasha Harris,Fever,G,26,10,3,4,0,0,1,3
2026,2026-07-08,Raven Johnson,Fever,G,13,3,2,2,1,0,2,1
2026,2026-07-08,Bree Hall,Fever,G,1,0,0,0,0,0,0,0
2026,2026-07-08,Nneka Ogwumike,Sparks,F,31,24,8,5,0,0,1,3
2026,2026-07-08,Dearica Hamby,Sparks,F,34,21,9,2,4,0,3,2
2026,2026-07-08,Erica Wheeler,Sparks,G,29,12,4,6,1,0,1,3
2026,2026-07-08,Ariel Atkins,Sparks,G,31,12,3,1,2,0,2,5
2026,2026-07-08,Rae Burrell,Sparks,G,36,22,3,4,1,0,3,1
2026,2026-07-08,Emma Cannon,Sparks,F,3,3,0,0,0,0,0,2
2026,2026-07-08,Jihyun Park,Sparks,F,10,3,4,1,3,0,0,0
2026,2026-07-08,Alissa Pili,Sparks,F,12,4,5,2,0,0,0,1
2026,2026-07-08,Kiana Williams,Sparks,G,15,5,1,4,0,0,1,1
2026,2026-07-07,Jessica Shepard,Wings,F,37,22,12,11,0,0,4,3
2026,2026-07-07,Awak Kuier,Wings,F,28,10,12,7,0,3,1,4
2026,2026-07-07,Arike Ogunbowale,Wings,G,32,8,1,1,1,0,1,4
2026,2026-07-07,Paige Bueckers,Wings,G,33,15,7,6,0,2,1,1
2026,2026-07-07,Azzi Fudd,Wings,G,34,12,0,3,2,0,0,1
2026,2026-07-07,Alanna Smith,Wings,F,16,8,5,1,0,0,1,2
2026,2026-07-07,Odyssey Sims,Wings,G,12,8,1,0,0,0,0,1
2026,2026-07-07,Aziaha James,Wings,G,9,5,0,0,0,0,1,1
2026,2026-07-07,Breanna Stewart,Liberty,F,33,29,9,4,1,0,2,4
2026,2026-07-07,Jonquel Jones,Liberty,C,32,17,12,2,0,2,4,4
2026,2026-07-07,Rebekah Gardner,Liberty,G,26,4,3,1,1,0,0,3
2026,2026-07-07,Sabrina Ionescu,Liberty,G,33,14,3,5,0,1,4,3
2026,2026-07-07,Pauline Astier,Liberty,G,23,4,2,1,0,0,2,1
2026,2026-07-07,Raquel Carrera,Liberty,F,5,0,0,1,0,0,0,0
2026,2026-07-07,Han Xu,Liberty,C,8,2,3,0,0,0,0,0
2026,2026-07-07,Betnijah Laney-Hamilton,Liberty,G,15,0,0,1,0,0,0,2
2026,2026-07-07,Rebecca Allen,Liberty,G,4,0,0,0,0,1,1,0
2026,2026-07-07,Marine Johannes,Liberty,G,21,7,2,1,1,0,1,1
2026,2026-07-07,Azura Stevens,Sky,F,26,9,10,2,2,0,3,4
2026,2026-07-07,Kamilla Cardoso,Sky,C,28,9,4,4,2,4,1,2
2026,2026-07-07,Courtney Vandersloot,Sky,G,18,7,3,1,0,0,2,1
2026,2026-07-07,Natasha Cloud,Sky,G,32,11,4,6,2,0,1,4
2026,2026-07-07,Sydney Taylor,Sky,G,23,16,1,1,0,0,4,5
2026,2026-07-07,Elizabeth Williams,Sky,C,12,4,2,2,0,0,1,2
2026,2026-07-07,Rachel Banham,Sky,G,12,7,2,1,1,1,2,2
2026,2026-07-07,Jacy Sheldon,Sky,G,17,3,1,2,1,0,0,1
2026,2026-07-07,Aicha Coulibaly,Sky,G,14,8,7,1,1,0,1,1
2026,2026-07-07,Gabriela Jaquez,Sky,G,18,3,1,1,2,0,2,1
2026,2026-07-07,DeWanna Bonner,Mercury,F,31,12,7,0,1,1,1,2
2026,2026-07-07,Alyssa Thomas,Mercury,F,31,11,7,5,4,1,5,2
2026,2026-07-07,Valeriane Ayayi,Mercury,F,28,9,6,0,1,0,4,3
2026,2026-07-07,Kahleah Copper,Mercury,G,34,25,4,1,1,0,4,3
2026,2026-07-07,Lexi Held,Mercury,G,27,0,1,2,1,0,1,2
2026,2026-07-07,Marta Suarez,Mercury,F,6,0,1,0,0,0,1,0
2026,2026-07-07,Noemie Brochant,Mercury,F,17,0,3,0,2,0,0,0
2026,2026-07-07,Kyara Linskens,Mercury,C,8,0,1,0,0,1,1,3
2026,2026-07-07,Monique Akoa Makani,Mercury,G,17,9,1,1,1,0,3,4
2026,2026-07-06,Kayla Thornton,Valkyries,F,15,2,0,1,0,0,0,0
2026,2026-07-06,Gabby Williams,Valkyries,F,17,2,3,0,2,0,1,2
2026,2026-07-06,Cecilia Zandalasini,Valkyries,F,15,6,2,1,1,0,0,2
2026,2026-07-06,Kiah Stokes,Valkyries,C,28,6,9,2,1,3,0,1
2026,2026-07-06,Veronica Burton,Valkyries,G,23,7,3,3,2,0,0,1
2026,2026-07-06,Laeticia Amihere,Valkyries,F,12,0,4,0,2,0,2,3
2026,2026-07-06,Janelle Salaun,Valkyries,F,25,8,1,0,1,1,0,2
2026,2026-07-06,Tiffany Hayes,Valkyries,G,19,9,2,2,0,1,1,1
2026,2026-07-06,Kaila Charles,Valkyries,G,25,8,5,1,1,0,0,3
2026,2026-07-06,Kaitlyn Chen,Valkyries,G,21,14,1,4,0,0,1,1
2026,2026-07-06,Michaela Onyenwere,Mystics,F,28,2,3,1,0,0,3,1
2026,2026-07-06,Kiki Iriafen,Mystics,F,30,12,9,1,0,0,2,1
2026,2026-07-06,Shakira Austin,Mystics,C,24,11,11,0,0,2,0,2
2026,2026-07-06,Cotie McMahon,Mystics,G,29,8,5,3,0,0,3,2
2026,2026-07-06,Georgia Amoore,Mystics,G,22,3,2,0,0,0,1,4
2026,2026-07-06,Angela Dugalic,Mystics,F,10,0,1,0,0,0,0,0
2026,2026-07-06,Lauren Betts,Mystics,C,16,7,5,3,0,1,2,1
2026,2026-07-06,Lucy Olsen,Mystics,G,15,5,0,3,0,0,0,0
2026,2026-07-06,Cassandre Prosper,Mystics,G,9,0,1,0,0,0,1,0
2026,2026-07-06,Alicia Florez,Mystics,G,17,1,4,3,1,0,2,2
2026,2026-07-06,Diamond Miller,Sun,F,19,5,4,3,0,1,1,3
2026,2026-07-06,Brittney Griner,Sun,C,34,29,10,3,2,2,1,4
2026,2026-07-06,Olivia Nelson-Ododa,Sun,C,29,10,8,3,1,2,2,3
2026,2026-07-06,Charlisse Leger-Walker,Sun,G,28,6,4,5,1,0,2,3
2026,2026-07-06,Leila Lacan,Sun,G,34,13,2,3,4,0,0,3
2026,2026-07-06,Aaliyah Edwards,Sun,F,12,5,2,1,0,1,2,2
2026,2026-07-06,Nell Angloma,Sun,F,0,0,0,0,0,0,0,0
2026,2026-07-06,Kennedy Burke,Sun,G,23,16,0,2,2,0,3,0
2026,2026-07-06,Saniya Rivers,Sun,G,16,4,2,1,1,0,1,0
2026,2026-07-06,Gianna Kneepkens,Sun,G,5,2,0,0,0,0,0,2
2026,2026-07-06,Natasha Howard,Lynx,F,26,18,6,4,0,2,2,5
2026,2026-07-06,Nia Brodie,Lynx,F,20,2,4,3,0,3,0,3
2026,2026-07-06,Kayla McBride,Lynx,G,38,28,3,2,0,1,6,2
2026,2026-07-06,Courtney Williams,Lynx,G,36,23,9,6,3,0,2,3
2026,2026-07-06,Maya Caldwell,Lynx,G,13,2,2,3,0,0,1,1
2026,2026-07-06,Dorka Juhasz,Lynx,F,25,3,4,3,0,1,1,2
2026,2026-07-06,Antonia Delaere,Lynx,F,25,8,2,0,1,0,0,3
2026,2026-07-06,Anastasiia Olairi Kosu,Lynx,F,9,3,0,0,1,0,0,2
2026,2026-07-06,Eliska Joklova,Lynx,G,8,2,2,3,0,0,0,2
2026,2026-07-06,Dominique Malonga,Storm,C,23,2,9,2,1,1,5,2
2026,2026-07-06,Awa Fam,Storm,C,25,7,5,2,4,1,1,2
2026,2026-07-06,Natisha Hiedeman,Storm,G,25,15,6,4,3,0,2,1
2026,2026-07-06,Flau'jae Johnson,Storm,G,27,23,5,3,1,0,4,1
2026,2026-07-06,Jade Melbourne,Storm,G,23,11,2,4,0,0,0,4
2026,2026-07-06,Katie Lou Samuelson,Storm,F,15,9,5,0,0,0,0,1
2026,2026-07-06,Ezi Magbegor,Storm,F,15,0,4,0,1,1,0,1
2026,2026-07-06,Jordan Horston,Storm,F,17,6,2,1,3,0,0,4
2026,2026-07-06,Mackenzie Holmes,Storm,F,3,0,1,0,1,0,0,0
2026,2026-07-06,Taylor Thierry,Storm,F,3,0,1,0,0,0,0,0
2026,2026-07-06,Stefanie Dolson,Storm,C,11,2,2,2,0,0,0,1
2026,2026-07-06,Zia Cooke,Storm,G,13,7,2,0,0,0,1,3
2026,2026-07-06,Nneka Ogwumike,Sparks,F,28,14,11,3,2,0,2,0
2026,2026-07-06,Dearica Hamby,Sparks,F,29,17,4,2,1,0,3,1
2026,2026-07-06,Erica Wheeler,Sparks,G,24,3,1,7,1,0,3,2
2026,2026-07-06,Ariel Atkins,Sparks,G,22,5,5,0,0,0,3,3
2026,2026-07-06,Rae Burrell,Sparks,G,25,5,1,0,1,0,4,1
2026,2026-07-06,Emma Cannon,Sparks,F,15,5,3,3,0,1,1,2
2026,2026-07-06,Jihyun Park,Sparks,F,10,0,1,0,0,0,1,2
2026,2026-07-06,Kiana Williams,Sparks,G,16,4,0,3,1,0,1,1
2026,2026-07-06,Kate Martin,Sparks,G,17,8,6,0,1,0,0,1
2026,2026-07-06,Chance Gray,Sparks,G,14,3,3,0,0,0,0,0
2026,2026-07-05,Jessica Shepard,Wings,F,32,14,15,3,1,0,3,3
2026,2026-07-05,Awak Kuier,Wings,F,21,10,6,0,1,3,0,1
2026,2026-07-05,Arike Ogunbowale,Wings,G,27,10,6,2,0,0,0,2
2026,2026-07-05,Paige Bueckers,Wings,G,31,22,3,7,0,0,2,3
2026,2026-07-05,Azzi Fudd,Wings,G,30,17,3,2,3,1,0,3
2026,2026-07-05,Alysha Clark,Wings,F,6,3,1,0,1,1,1,0
2026,2026-07-05,Alanna Smith,Wings,F,14,2,4,1,1,1,0,2
2026,2026-07-05,Maddy Siegrist,Wings,F,8,2,0,0,0,0,1,0
2026,2026-07-05,Li Yueru,Wings,C,4,0,0,0,0,0,2,2
2026,2026-07-05,Odyssey Sims,Wings,G,8,2,0,0,0,0,0,4
2026,2026-07-05,Sug Sutton,Wings,G,9,4,0,1,0,0,1,2
2026,2026-07-05,Aziaha James,Wings,G,10,3,4,0,0,0,1,0
2026,2026-07-05,Isabelle Harrison,Tempo,F,27,13,5,1,1,1,3,2
2026,2026-07-05,Maria Conde,Tempo,F,29,3,10,3,0,0,3,0
2026,2026-07-05,Nyara Sabally,Tempo,F,29,14,7,5,1,0,2,3
2026,2026-07-05,Marina Mabrey,Tempo,G,31,19,5,5,1,1,1,2
2026,2026-07-05,Tima Pouye,Tempo,G,21,3,0,1,0,0,1,1
2026,2026-07-05,Teonni Key,Tempo,F,10,2,0,0,0,0,1,1
2026,2026-07-05,Laura Juskaite,Tempo,F,24,8,5,1,1,1,1,2
2026,2026-07-05,Kia Nurse,Tempo,G,21,12,1,0,0,0,1,2
2026,2026-07-05,Ornella Bankole,Tempo,G,8,2,2,0,1,0,0,1
2026,2026-07-05,Monique Billings,Fever,F,21,6,6,2,2,1,2,2
2026,2026-07-05,Aliyah Boston,Fever,C,31,18,10,1,0,2,1,2
2026,2026-07-05,Kelsey Mitchell,Fever,G,33,27,2,3,1,0,1,3
2026,2026-07-05,Tyasha Harris,Fever,G,26,4,1,5,0,0,0,2
2026,2026-07-05,Lexie Hull,Fever,G,22,10,4,1,2,0,1,4
2026,2026-07-05,Myisha Hines-Allen,Fever,F,14,2,5,2,0,0,1,2
2026,2026-07-05,Makayla Timpson,Fever,F,8,2,4,1,0,0,0,1
2026,2026-07-05,Grace VanSlooten,Fever,F,2,0,0,0,0,0,0,0
2026,2026-07-05,Sophie Cunningham,Fever,G,21,9,1,1,0,0,1,2
2026,2026-07-05,Raven Johnson,Fever,G,22,6,6,2,0,0,0,2
2026,2026-07-05,Cheyenne Parker-Tyus,Aces,F,13,9,0,0,0,0,1,2
2026,2026-07-05,NaLyssa Smith,Aces,F,24,9,10,1,0,0,0,3
2026,2026-07-05,Chelsea Gray,Aces,G,31,10,4,6,2,0,2,1
2026,2026-07-05,Jewell Loyd,Aces,G,32,12,3,1,1,0,2,3
2026,2026-07-05,Jackie Young,Aces,G,33,15,2,4,1,0,5,2
2026,2026-07-05,Stephanie Talbot,Aces,F,17,7,4,1,0,0,0,1
2026,2026-07-05,Brianna Turner,Aces,F,28,6,5,0,0,1,2,2
2026,2026-07-05,Kierstan Bell,Aces,F,6,0,0,0,0,0,1,0
2026,2026-07-05,Chennedy Carter,Aces,G,15,0,2,1,1,0,0,3
2026,2026-07-04,Kayla Thornton,Valkyries,F,23,2,4,1,1,0,0,1
2026,2026-07-04,Gabby Williams,Valkyries,F,27,19,1,2,3,0,0,3
2026,2026-07-04,Cecilia Zandalasini,Valkyries,F,22,9,2,1,2,1,6,3
2026,2026-07-04,Kiah Stokes,Valkyries,C,22,5,7,1,3,2,1,5
2026,2026-07-04,Veronica Burton,Valkyries,G,31,21,1,4,1,1,4,3
2026,2026-07-04,Laeticia Amihere,Valkyries,F,14,2,5,2,0,0,1,3
2026,2026-07-04,Janelle Salaun,Valkyries,F,20,14,2,0,0,0,0,2
2026,2026-07-04,Tiffany Hayes,Valkyries,G,13,5,0,1,2,0,0,2
2026,2026-07-04,Kaila Charles,Valkyries,G,18,7,8,5,3,0,2,4
2026,2026-07-04,Kaitlyn Chen,Valkyries,G,9,4,0,2,0,0,0,2
2026,2026-07-04,Angel Reese,Dream,F,35,17,13,3,2,0,4,6
2026,2026-07-04,Allisha Gray,Dream,G,36,22,4,3,1,0,4,4
2026,2026-07-04,Jordin Canada,Dream,G,35,7,4,8,2,0,4,2
2026,2026-07-04,Rhyne Howard,Dream,G,37,19,5,3,0,1,0,2
2026,2026-07-04,Isobel Borlase,Dream,G,10,0,3,0,0,0,1,0
2026,2026-07-04,Naz Hillmon,Dream,F,24,3,5,1,0,0,0,3
2026,2026-07-04,Sika Kone,Dream,F,6,4,0,0,1,0,0,0
2026,2026-07-04,Madina Okot,Dream,C,10,11,2,0,0,0,1,1
2026,2026-07-04,Te-Hina Paopao,Dream,G,5,0,0,0,0,0,2,1
2026,2026-07-04,Indya Nivar,Dream,G,4,0,1,0,0,0,1,1
2026,2026-07-04,Bridget Carleton,Fire,F,31,14,7,2,2,0,2,2
2026,2026-07-04,Emily Engstler,Fire,F,22,9,8,0,2,0,5,1
2026,2026-07-04,Megan DiLeo,Fire,C,27,10,9,3,0,1,0,3
2026,2026-07-04,Sarah Ashlee Barker,Fire,G,28,4,6,3,0,2,1,4
2026,2026-07-04,Carla Leite,Fire,G,22,20,3,4,0,0,4,5
2026,2026-07-04,Frieda Buhner,Fire,F,18,9,7,2,0,0,2,2
2026,2026-07-04,Nyadiew Puoch,Fire,F,15,2,2,0,2,0,1,0
2026,2026-07-04,Serah Williams,Fire,C,13,0,2,0,0,0,1,2
2026,2026-07-04,Holly Winterburn,Fire,G,8,4,1,2,1,0,0,0
2026,2026-07-04,Teja Oblak,Fire,G,16,5,2,1,2,0,3,0
2026,2026-07-04,Dominique Malonga,Storm,C,19,22,5,1,0,0,2,3
2026,2026-07-04,Awa Fam,Storm,C,34,12,3,1,4,1,2,3
2026,2026-07-04,Natisha Hiedeman,Storm,G,34,15,2,4,4,0,4,1
2026,2026-07-04,Flau'jae Johnson,Storm,G,31,1,8,3,1,0,3,3
2026,2026-07-04,Jade Melbourne,Storm,G,18,5,1,3,2,0,2,5
2026,2026-07-04,Katie Lou Samuelson,Storm,F,18,5,1,0,2,0,0,0
2026,2026-07-04,Ezi Magbegor,Storm,F,14,4,7,1,0,2,1,2
2026,2026-07-04,Jordan Horston,Storm,F,8,2,2,2,0,0,0,1
2026,2026-07-04,Stefanie Dolson,Storm,C,9,2,1,0,1,0,0,1
2026,2026-07-04,Zia Cooke,Storm,G,16,4,1,1,0,0,0,3
2026,2026-07-03,Natasha Howard,Lynx,F,31,7,6,2,0,0,0,4
2026,2026-07-03,Nia Brodie,Lynx,F,28,7,5,3,1,1,1,0
2026,2026-07-03,Kayla McBride,Lynx,G,33,18,1,1,3,0,3,1
2026,2026-07-03,Courtney Williams,Lynx,G,25,16,5,3,0,0,2,3
2026,2026-07-03,Olivia Miles,Lynx,G,26,14,5,5,1,0,1,3
2026,2026-07-03,Liatu King,Lynx,F,7,6,2,0,1,0,0,0
2026,2026-07-03,Antonia Delaere,Lynx,F,13,6,2,2,0,0,0,1
2026,2026-07-03,Anastasiia Olairi Kosu,Lynx,F,14,9,3,3,1,0,0,2
2026,2026-07-03,Maya Caldwell,Lynx,G,23,3,2,3,1,0,1,1
2026,2026-07-03,Breanna Stewart,Liberty,F,36,36,7,0,0,2,4,1
2026,2026-07-03,Leonie Fiebich,Liberty,F,36,13,3,4,3,0,0,4
2026,2026-07-03,Jonquel Jones,Liberty,C,33,14,15,5,2,0,3,2
2026,2026-07-03,Sabrina Ionescu,Liberty,G,35,17,2,6,2,2,2,1
2026,2026-07-03,Pauline Astier,Liberty,G,30,14,2,6,0,0,3,2
2026,2026-07-03,Raquel Carrera,Liberty,F,3,0,0,0,0,0,0,0
2026,2026-07-03,Han Xu,Liberty,C,8,5,1,0,0,2,0,1
2026,2026-07-03,Rebekah Gardner,Liberty,G,4,0,0,0,0,0,0,1
2026,2026-07-03,Marine Johannes,Liberty,G,15,0,4,5,1,0,3,1
2026,2026-07-03,Azura Stevens,Sky,F,26,11,2,0,2,0,3,3
2026,2026-07-03,Kamilla Cardoso,Sky,C,27,16,10,4,1,2,5,4
2026,2026-07-03,Skylar Diggins,Sky,G,34,19,1,4,0,1,3,2
2026,2026-07-03,Sydney Taylor,Sky,G,26,6,1,1,0,0,0,5
2026,2026-07-03,Gabriela Jaquez,Sky,G,12,2,2,0,1,0,1,2
2026,2026-07-03,Elizabeth Williams,Sky,C,18,5,4,2,0,1,0,2
2026,2026-07-03,Courtney Vandersloot,Sky,G,19,11,2,3,2,0,2,2
2026,2026-07-03,Natasha Cloud,Sky,G,34,15,3,5,2,0,2,4
2026,2026-07-03,Jacy Sheldon,Sky,G,19,5,2,1,0,0,0,3
2026,2026-07-03,Aicha Coulibaly,Sky,G,9,0,5,0,0,0,2,2
2026,2026-07-03,Stephanie Talbot,Aces,F,28,4,5,0,2,0,1,2
2026,2026-07-03,NaLyssa Smith,Aces,F,33,29,8,1,0,0,1,4
2026,2026-07-03,Chelsea Gray,Aces,G,41,18,4,6,2,0,3,2
2026,2026-07-03,Jewell Loyd,Aces,G,39,19,5,3,1,1,0,1
2026,2026-07-03,Jackie Young,Aces,G,39,16,6,5,2,0,5,3
2026,2026-07-03,Cheyenne Parker-Tyus,Aces,F,20,5,3,1,3,2,2,2
2026,2026-07-03,Kierstan Bell,Aces,F,13,3,3,0,0,2,0,3
2026,2026-07-03,Chennedy Carter,Aces,G,11,4,0,1,0,1,1,2
2026,2026-07-02,Angel Reese,Dream,F,34,13,13,3,2,1,2,5
2026,2026-07-02,Sika Kone,Dream,F,13,0,2,0,0,0,1,2
2026,2026-07-02,Allisha Gray,Dream,G,33,17,4,3,2,1,2,2
2026,2026-07-02,Jordin Canada,Dream,G,34,10,3,7,2,0,2,5
2026,2026-07-02,Rhyne Howard,Dream,G,38,24,2,3,4,0,2,2
2026,2026-07-02,Naz Hillmon,Dream,F,26,5,5,1,1,1,2,2
2026,2026-07-02,Madina Okot,Dream,C,8,4,3,0,0,0,1,2
2026,2026-07-02,Te-Hina Paopao,Dream,G,6,0,1,1,0,0,0,0
2026,2026-07-02,Indya Nivar,Dream,G,1,0,0,0,0,0,0,1
2026,2026-07-02,Isobel Borlase,Dream,G,8,3,0,1,1,0,3,2
2026,2026-07-02,Michaela Onyenwere,Mystics,F,24,4,3,3,0,0,3,2
2026,2026-07-02,Kiki Iriafen,Mystics,F,30,14,10,2,1,0,5,4
2026,2026-07-02,Shakira Austin,Mystics,C,30,21,9,3,0,3,3,3
2026,2026-07-02,Cotie McMahon,Mystics,G,33,7,3,2,1,0,4,4
2026,2026-07-02,Georgia Amoore,Mystics,G,13,11,1,0,0,0,1,3
2026,2026-07-02,Angela Dugalic,Mystics,F,8,2,0,1,0,0,0,0
2026,2026-07-02,Lauren Betts,Mystics,C,12,4,4,1,0,0,3,1
2026,2026-07-02,Lucy Olsen,Mystics,G,5,3,0,0,0,0,2,0
2026,2026-07-02,Cassandre Prosper,Mystics,G,18,2,2,1,0,0,1,3
2026,2026-07-02,Alicia Florez,Mystics,G,27,13,6,7,0,0,4,2
2026,2026-07-02,Jessica Shepard,Wings,F,30,14,6,1,1,0,2,3
2026,2026-07-02,Awak Kuier,Wings,F,14,5,0,0,0,0,0,3
2026,2026-07-02,Arike Ogunbowale,Wings,G,26,9,2,1,1,0,1,3
2026,2026-07-02,Paige Bueckers,Wings,G,37,25,7,7,0,0,4,5
2026,2026-07-02,Azzi Fudd,Wings,G,32,4,4,5,0,0,5,3
2026,2026-07-02,Alanna Smith,Wings,F,14,11,3,0,0,0,0,2
2026,2026-07-02,Maddy Siegrist,Wings,F,13,7,3,0,2,1,0,3
2026,2026-07-02,Li Yueru,Wings,C,10,5,2,0,0,0,0,0
2026,2026-07-02,Odyssey Sims,Wings,G,12,2,1,4,0,2,2,0
2026,2026-07-02,Sug Sutton,Wings,G,2,0,0,0,0,0,0,0
2026,2026-07-02,Aziaha James,Wings,G,12,4,3,0,0,0,0,3
2026,2026-07-02,Diamond Miller,Sun,F,22,3,3,1,2,1,1,5
2026,2026-07-02,Brittney Griner,Sun,C,30,13,11,1,0,1,3,5
2026,2026-07-02,Olivia Nelson-Ododa,Sun,C,24,11,8,1,1,0,4,4
2026,2026-07-02,Charlisse Leger-Walker,Sun,G,30,14,2,1,1,1,0,2
2026,2026-07-02,Leila Lacan,Sun,G,32,18,2,5,3,0,2,0
2026,2026-07-02,Aaliyah Edwards,Sun,F,19,11,3,4,0,0,2,5
2026,2026-07-02,Aneesah Morrow,Sun,F,4,3,1,0,0,0,0,0
2026,2026-07-02,Kennedy Burke,Sun,G,26,8,2,1,0,1,0,0
2026,2026-07-02,Saniya Rivers,Sun,G,13,2,2,2,0,0,2,2
2026,2026-07-02,Dominique Malonga,Storm,C,21,5,6,1,0,1,2,3
2026,2026-07-02,Awa Fam,Storm,C,27,13,6,3,1,2,1,3
2026,2026-07-02,Natisha Hiedeman,Storm,G,27,13,4,2,1,1,4,0
2026,2026-07-02,Flau'jae Johnson,Storm,G,29,11,3,3,1,1,1,3
2026,2026-07-02,Jade Melbourne,Storm,G,26,11,4,5,1,0,3,2
2026,2026-07-02,Katie Lou Samuelson,Storm,F,8,0,1,0,0,1,0,3
2026,2026-07-02,Ezi Magbegor,Storm,F,17,8,0,3,1,0,2,0
2026,2026-07-02,Jordan Horston,Storm,F,21,6,2,2,0,0,0,1
2026,2026-07-02,Mackenzie Holmes,Storm,F,2,0,1,0,0,0,0,0
2026,2026-07-02,Taylor Thierry,Storm,F,2,0,0,0,0,0,0,1
2026,2026-07-02,Stefanie Dolson,Storm,C,12,0,1,0,0,0,0,0
2026,2026-07-02,Zia Cooke,Storm,G,7,0,1,0,0,0,0,1
2026,2026-07-02,DeWanna Bonner,Mercury,F,31,6,8,2,2,2,1,3
2026,2026-07-02,Alyssa Thomas,Mercury,F,33,9,13,9,2,1,2,1
2026,2026-07-02,Valeriane Ayayi,Mercury,F,27,18,2,3,0,0,2,3
2026,2026-07-02,Kahleah Copper,Mercury,G,36,30,7,3,2,0,2,2
2026,2026-07-02,Lexi Held,Mercury,G,31,17,5,2,1,0,2,0
2026,2026-07-02,Marta Suarez,Mercury,F,8,6,3,0,0,0,1,1
2026,2026-07-02,Kyara Linskens,Mercury,C,7,0,0,1,1,1,0,0
2026,2026-07-02,Quionche Carter,Mercury,G,11,1,1,1,0,0,0,1
2026,2026-07-02,Monique Akoa Makani,Mercury,G,14,3,1,2,1,0,0,2
2026,2026-06-30,Stephanie Talbot,Aces,F,13,0,1,1,0,0,0,0
2026,2026-06-30,NaLyssa Smith,Aces,F,20,9,6,1,0,0,1,2
2026,2026-06-30,Chelsea Gray,Aces,G,36,7,3,7,0,0,5,5
2026,2026-06-30,Jewell Loyd,Aces,G,32,5,3,0,3,0,0,3
2026,2026-06-30,Jackie Young,Aces,G,36,31,2,7,2,0,2,4
2026,2026-06-30,Cheyenne Parker-Tyus,Aces,F,19,8,8,2,1,0,0,4
2026,2026-06-30,Brianna Turner,Aces,F,8,0,1,0,0,0,0,3
2026,2026-06-30,Kierstan Bell,Aces,F,11,7,3,0,0,0,0,0
2026,2026-06-30,Chennedy Carter,Aces,G,25,18,3,3,2,0,1,3
2026,2026-06-30,Breanna Stewart,Liberty,F,35,25,11,4,2,2,3,2
2026,2026-06-30,Leonie Fiebich,Liberty,F,33,2,8,2,1,1,1,5
2026,2026-06-30,Jonquel Jones,Liberty,C,33,9,9,3,0,2,0,3
2026,2026-06-30,Sabrina Ionescu,Liberty,G,31,26,5,5,0,0,3,3
2026,2026-06-30,Pauline Astier,Liberty,G,31,15,5,4,0,0,2,4
2026,2026-06-30,Raquel Carrera,Liberty,F,6,2,0,0,0,0,2,2
2026,2026-06-30,Rebekah Gardner,Liberty,G,12,7,1,0,1,0,2,0
2026,2026-06-30,Marine Johannes,Liberty,G,19,7,3,0,2,0,0,0
2026,2026-06-28,Natasha Howard,Lynx,F,36,21,14,2,3,1,0,2
2026,2026-06-28,Nia Brodie,Lynx,F,34,9,8,2,2,1,0,3
2026,2026-06-28,Kayla McBride,Lynx,G,38,17,1,2,0,0,1,2
2026,2026-06-28,Courtney Williams,Lynx,G,36,12,5,4,2,1,2,2
2026,2026-06-28,Olivia Miles,Lynx,G,34,21,3,8,1,1,5,2
2026,2026-06-28,Liatu King,Lynx,F,6,0,2,0,0,0,1,2
2026,2026-06-28,Antonia Delaere,Lynx,F,2,0,0,0,0,0,1,1
2026,2026-06-28,Anastasiia Olairi Kosu,Lynx,F,4,0,0,0,0,1,0,0
2026,2026-06-28,Maya Caldwell,Lynx,G,10,5,3,1,1,0,0,1
2026,2026-06-28,Jessica Shepard,Wings,F,35,8,16,3,0,0,3,4
2026,2026-06-28,Awak Kuier,Wings,F,16,2,3,0,0,1,1,0
2026,2026-06-28,Arike Ogunbowale,Wings,G,26,5,4,0,1,0,2,1
2026,2026-06-28,Paige Bueckers,Wings,G,36,25,3,4,1,1,4,3
2026,2026-06-28,Azzi Fudd,Wings,G,38,21,1,3,4,1,2,3
2026,2026-06-28,Maddy Siegrist,Wings,F,24,12,5,2,0,0,1,2
2026,2026-06-28,Li Yueru,Wings,C,5,0,4,0,0,0,1,1
2026,2026-06-28,Sug Sutton,Wings,G,9,2,1,1,1,0,0,0
2026,2026-06-28,Aziaha James,Wings,G,11,2,1,0,0,0,1,1
2026,2026-06-28,Bridget Carleton,Fire,F,51,16,3,2,3,2,3,6
2026,2026-06-28,Emily Engstler,Fire,F,38,6,11,2,2,3,3,6
2026,2026-06-28,Megan DiLeo,Fire,C,46,20,5,4,3,1,2,6
2026,2026-06-28,Sarah Ashlee Barker,Fire,G,46,25,6,3,0,0,5,5
2026,2026-06-28,Carla Leite,Fire,G,48,32,6,9,3,0,6,5
2026,2026-06-28,Frieda Buhner,Fire,F,22,9,1,1,1,1,0,3
2026,2026-06-28,Nyadiew Puoch,Fire,F,19,9,2,1,0,0,0,3
2026,2026-06-28,Serah Williams,Fire,C,14,4,7,0,0,0,0,2
2026,2026-06-28,Jordan Harrison,Fire,G,7,0,0,4,0,1,0,2
2026,2026-06-28,Teja Oblak,Fire,G,9,2,3,3,0,0,3,1
2026,2026-06-28,Michaela Onyenwere,Mystics,F,49,30,5,5,1,1,1,2
2026,2026-06-28,Kiki Iriafen,Mystics,F,48,27,11,6,2,1,2,6
2026,2026-06-28,Shakira Austin,Mystics,C,47,9,13,6,0,4,1,1
2026,2026-06-28,Sonia Citron,Mystics,G,53,32,6,4,1,1,8,3
2026,2026-06-28,Georgia Amoore,Mystics,G,12,2,0,3,0,0,1,2
2026,2026-06-28,Angela Dugalic,Mystics,F,11,3,2,0,0,1,2,1
2026,2026-06-28,Lauren Betts,Mystics,C,13,4,2,1,1,0,0,1
2026,2026-06-28,Lucy Olsen,Mystics,G,14,4,2,1,0,0,0,3
2026,2026-06-28,Cotie McMahon,Mystics,G,21,5,1,2,0,0,0,3
2026,2026-06-28,Alicia Florez,Mystics,G,34,8,3,4,5,1,2,1
2026,2026-06-28,Stephanie Talbot,Aces,F,20,3,1,0,2,0,1,3
2026,2026-06-28,NaLyssa Smith,Aces,F,14,6,1,2,1,1,1,5
2026,2026-06-28,A'ja Wilson,Aces,C,34,30,15,1,4,3,4,2
2026,2026-06-28,Chelsea Gray,Aces,G,35,18,6,8,0,0,3,3
2026,2026-06-28,Jackie Young,Aces,G,36,28,5,8,0,0,1,2
2026,2026-06-28,Cheyenne Parker-Tyus,Aces,F,4,0,1,0,0,0,0,0
2026,2026-06-28,Brianna Turner,Aces,F,4,0,1,0,0,0,0,0
2026,2026-06-28,Kierstan Bell,Aces,F,10,5,0,0,0,0,0,1
2026,2026-06-28,Jewell Loyd,Aces,G,28,6,1,0,2,0,0,3
2026,2026-06-28,Chennedy Carter,Aces,G,16,11,1,1,0,0,1,2
2026,2026-06-28,Azura Stevens,Sky,F,30,24,6,3,2,0,1,4
2026,2026-06-28,Kamilla Cardoso,Sky,C,30,24,8,2,2,0,1,4
2026,2026-06-28,Skylar Diggins,Sky,G,28,7,6,5,0,0,2,4
2026,2026-06-28,Sydney Taylor,Sky,G,32,14,3,0,2,1,4,3
2026,2026-06-28,Gabriela Jaquez,Sky,G,12,2,3,2,1,0,0,1
2026,2026-06-28,Elizabeth Williams,Sky,C,10,10,3,1,0,0,0,1
2026,2026-06-28,Courtney Vandersloot,Sky,G,16,5,4,8,1,0,1,1
2026,2026-06-28,Natasha Cloud,Sky,G,23,6,2,4,0,0,2,5
2026,2026-06-28,Jacy Sheldon,Sky,G,11,5,1,2,0,0,0,2
2026,2026-06-28,Aicha Coulibaly,Sky,G,9,2,0,0,0,0,0,1
2026,2026-06-28,Breanna Stewart,Liberty,F,26,15,4,0,1,0,3,3
2026,2026-06-28,Leonie Fiebich,Liberty,F,31,6,0,1,1,0,0,2
2026,2026-06-28,Jonquel Jones,Liberty,C,27,21,7,2,0,0,3,4
2026,2026-06-28,Sabrina Ionescu,Liberty,G,26,9,3,2,0,0,1,1
2026,2026-06-28,Pauline Astier,Liberty,G,23,5,0,4,1,0,0,4
2026,2026-06-28,Raquel Carrera,Liberty,F,8,0,4,0,1,0,1,2
2026,2026-06-28,Han Xu,Liberty,C,10,4,0,0,0,0,0,0
2026,2026-06-28,Rebekah Gardner,Liberty,G,15,4,5,1,0,0,0,1
2026,2026-06-28,Betnijah Laney-Hamilton,Liberty,G,13,0,0,1,0,0,1,2
2026,2026-06-28,Rebecca Allen,Liberty,G,4,0,0,0,0,1,0,0
2026,2026-06-28,Marine Johannes,Liberty,G,18,3,1,3,1,1,2,2
2026,2026-06-28,Kayla Thornton,Valkyries,F,26,11,4,0,0,0,2,4
2026,2026-06-28,Gabby Williams,Valkyries,F,20,7,2,1,0,0,2,0
2026,2026-06-28,Cecilia Zandalasini,Valkyries,F,17,10,2,1,1,0,2,1
2026,2026-06-28,Kiah Stokes,Valkyries,C,23,1,4,1,2,2,0,3
2026,2026-06-28,Veronica Burton,Valkyries,G,27,8,6,8,0,0,0,2
2026,2026-06-28,Laeticia Amihere,Valkyries,F,15,0,5,3,0,0,2,4
2026,2026-06-28,Janelle Salaun,Valkyries,F,14,10,4,1,0,0,0,1
2026,2026-06-28,Nadia Fingall,Valkyries,C,2,0,0,0,0,0,0,0
2026,2026-06-28,Tiffany Hayes,Valkyries,G,18,8,1,2,2,0,0,3
2026,2026-06-28,Kaila Charles,Valkyries,G,23,13,2,1,0,0,0,1
2026,2026-06-28,Kaitlyn Chen,Valkyries,G,13,8,0,2,0,0,0,5
2026,2026-06-28,Juste Jocyte,Valkyries,G,2,0,0,0,0,0,0,0
2026,2026-06-27,DeWanna Bonner,Mercury,F,33,13,11,3,3,0,1,1
2026,2026-06-27,Noemie Brochant,Mercury,F,28,3,2,2,3,0,0,1
2026,2026-06-27,Kyara Linskens,Mercury,C,14,4,4,3,1,1,1,3
2026,2026-06-27,Kahleah Copper,Mercury,G,34,27,5,1,0,0,1,3
2026,2026-06-27,Lexi Held,Mercury,G,30,16,2,2,1,0,2,0
2026,2026-06-27,Valeriane Ayayi,Mercury,F,27,20,6,2,1,1,3,5
2026,2026-06-27,Marta Suarez,Mercury,F,15,4,0,0,0,0,0,1
2026,2026-06-27,Shay Ciezki,Mercury,G,8,0,1,1,0,0,0,0
2026,2026-06-27,Quionche Carter,Mercury,G,11,2,1,2,1,0,0,2
2026,2026-06-27,Isabelle Harrison,Tempo,F,27,12,7,0,0,1,3,4
2026,2026-06-27,Maria Conde,Tempo,F,37,10,6,6,3,0,2,3
2026,2026-06-27,Nyara Sabally,Tempo,F,26,14,4,1,0,0,2,5
2026,2026-06-27,Kia Nurse,Tempo,G,22,12,1,1,0,0,0,3
2026,2026-06-27,Julie Allemand,Tempo,G,39,11,7,10,0,1,2,0
2026,2026-06-27,Laura Juskaite,Tempo,F,11,0,4,1,0,0,2,2
2026,2026-06-27,Temi Fagbenle,Tempo,C,19,8,4,3,0,0,0,2
2026,2026-06-27,Tima Pouye,Tempo,G,20,13,2,4,1,0,1,5
2026,2026-06-27,Nneka Ogwumike,Sparks,F,26,17,7,2,1,2,3,0
2026,2026-06-27,Dearica Hamby,Sparks,F,26,15,4,4,0,0,2,6
2026,2026-06-27,Erica Wheeler,Sparks,G,21,2,0,5,0,1,2,2
2026,2026-06-27,Ariel Atkins,Sparks,G,22,12,3,3,1,0,0,4
2026,2026-06-27,Rae Burrell,Sparks,G,28,11,2,1,0,0,2,4
2026,2026-06-27,Emma Cannon,Sparks,F,7,6,1,1,0,0,0,2
2026,2026-06-27,Jihyun Park,Sparks,F,24,8,4,1,1,1,0,1
2026,2026-06-27,Laura Ziegler,Sparks,F,8,4,1,0,1,0,0,2
2026,2026-06-27,Kiana Williams,Sparks,G,19,4,1,0,0,0,0,1
2026,2026-06-27,Ta'Niya Latson,Sparks,G,7,2,2,0,0,0,0,0
2026,2026-06-27,Chance Gray,Sparks,G,11,6,0,4,0,0,0,1
2026,2026-06-27,Monique Billings,Fever,F,22,15,6,2,2,0,0,2
2026,2026-06-27,Aliyah Boston,Fever,C,21,17,7,3,0,3,2,2
2026,2026-06-27,Kelsey Mitchell,Fever,G,26,26,3,2,0,0,2,2
2026,2026-06-27,Tyasha Harris,Fever,G,30,16,5,3,0,0,2,0
2026,2026-06-27,Lexie Hull,Fever,G,22,5,7,3,1,1,0,5
2026,2026-06-27,Myisha Hines-Allen,Fever,F,9,7,3,3,1,1,1,2
2026,2026-06-27,Makayla Timpson,Fever,F,10,5,2,0,1,0,0,1
2026,2026-06-27,Grace VanSlooten,Fever,F,5,4,1,1,0,1,0,1
2026,2026-06-27,Damiris Dantas,Fever,C,4,0,1,1,0,0,1,2
2026,2026-06-27,Sophie Cunningham,Fever,G,20,9,2,1,1,0,1,3
2026,2026-06-27,Raven Johnson,Fever,G,21,2,3,4,0,0,3,4
2026,2026-06-27,Bree Hall,Fever,G,10,5,1,0,0,0,0,0
2026,2026-06-27,Angel Reese,Dream,F,32,17,9,0,2,0,4,1
2026,2026-06-27,Madina Okot,Dream,C,11,6,5,0,0,0,2,1
2026,2026-06-27,Allisha Gray,Dream,G,35,15,3,2,1,0,1,5
2026,2026-06-27,Jordin Canada,Dream,G,36,8,4,10,1,0,3,4
2026,2026-06-27,Rhyne Howard,Dream,G,38,27,0,3,1,0,1,1
2026,2026-06-27,Amy Okonkwo,Dream,F,1,1,1,0,0,0,0,1
2026,2026-06-27,Sika Kone,Dream,F,14,6,2,2,0,0,0,1
2026,2026-06-27,Te-Hina Paopao,Dream,G,18,3,0,4,1,0,0,1
2026,2026-06-27,Indya Nivar,Dream,G,1,0,0,0,0,0,1,1
2026,2026-06-27,Isobel Borlase,Dream,G,14,7,2,1,1,0,1,2
2026,2026-06-27,Dominique Malonga,Storm,C,28,16,11,3,2,3,6,6
2026,2026-06-27,Awa Fam,Storm,C,28,21,1,1,0,1,4,4
2026,2026-06-27,Natisha Hiedeman,Storm,G,31,20,2,6,0,0,1,1
2026,2026-06-27,Flau'jae Johnson,Storm,G,33,24,11,4,2,0,4,3
2026,2026-06-27,Jade Melbourne,Storm,G,31,10,4,5,1,0,0,2
2026,2026-06-27,Katie Lou Samuelson,Storm,F,17,2,2,3,0,0,0,0
2026,2026-06-27,Mackenzie Holmes,Storm,F,1,1,0,0,0,0,0,0
2026,2026-06-27,Taylor Thierry,Storm,F,6,0,0,0,0,0,0,0
2026,2026-06-27,Stefanie Dolson,Storm,C,13,5,2,3,0,0,1,4
2026,2026-06-27,Zia Cooke,Storm,G,11,6,1,2,0,0,1,1
2026,2026-06-26,Michaela Onyenwere,Mystics,F,28,4,2,1,0,0,4,1
2026,2026-06-26,Kiki Iriafen,Mystics,F,32,11,14,0,1,0,1,5
2026,2026-06-26,Shakira Austin,Mystics,C,23,6,12,1,0,1,7,1
2026,2026-06-26,Sonia Citron,Mystics,G,31,11,6,3,0,1,2,0
2026,2026-06-26,Georgia Amoore,Mystics,G,33,14,2,5,0,0,4,4
2026,2026-06-26,Angela Dugalic,Mystics,F,8,2,1,2,0,1,0,1
2026,2026-06-26,Lauren Betts,Mystics,C,17,5,6,2,1,1,1,3
2026,2026-06-26,Lucy Olsen,Mystics,G,4,0,0,0,1,0,0,0
2026,2026-06-26,Cotie McMahon,Mystics,G,24,4,2,2,0,0,2,0
2026,2026-06-26,Diamond Miller,Sun,F,25,4,4,1,1,0,1,1
2026,2026-06-26,Brittney Griner,Sun,C,21,10,2,2,0,1,1,5
2026,2026-06-26,Olivia Nelson-Ododa,Sun,C,30,12,9,3,2,3,1,4
2026,2026-06-26,Charlisse Leger-Walker,Sun,G,31,10,3,5,3,0,0,3
2026,2026-06-26,Leila Lacan,Sun,G,29,12,0,5,4,0,2,3
2026,2026-06-26,Aaliyah Edwards,Sun,F,18,6,5,0,0,0,2,1
2026,2026-06-26,Raegan Beers,Sun,F,9,3,1,0,0,0,0,0
2026,2026-06-26,Nell Angloma,Sun,F,4,0,0,0,0,0,1,0
2026,2026-06-26,Kennedy Burke,Sun,G,28,11,3,2,1,2,1,2
2026,2026-06-26,Ashlon Jackson,Sun,G,5,0,0,0,1,0,0,1
2026,2026-06-26,Bridget Carleton,Fire,F,29,20,4,1,1,0,0,3
2026,2026-06-26,Emily Engstler,Fire,F,18,4,5,3,2,2,0,2
2026,2026-06-26,Megan DiLeo,Fire,C,29,13,1,3,1,0,1,5
2026,2026-06-26,Sarah Ashlee Barker,Fire,G,29,11,3,1,3,2,1,1
2026,2026-06-26,Carla Leite,Fire,G,23,18,1,4,1,0,4,1
2026,2026-06-26,Frieda Buhner,Fire,F,21,10,5,2,0,0,0,1
2026,2026-06-26,Nyadiew Puoch,Fire,F,14,2,1,1,0,0,0,3
2026,2026-06-26,Serah Williams,Fire,C,11,6,0,1,1,0,0,2
2026,2026-06-26,Holly Winterburn,Fire,G,3,2,0,0,0,0,1,0
2026,2026-06-26,Jordan Harrison,Fire,G,13,3,2,3,0,0,0,3
2026,2026-06-26,Teja Oblak,Fire,G,10,5,2,0,1,0,2,2
2026,2026-06-26,Azura Stevens,Sky,F,28,12,6,6,0,2,1,2
2026,2026-06-26,Kamilla Cardoso,Sky,C,24,30,8,1,0,1,3,2
2026,2026-06-26,Skylar Diggins,Sky,G,23,10,3,9,0,1,2,1
2026,2026-06-26,Sydney Taylor,Sky,G,23,29,3,3,0,0,2,3
2026,2026-06-26,Gabriela Jaquez,Sky,G,24,4,1,3,0,0,2,0
2026,2026-06-26,Elizabeth Williams,Sky,C,19,8,5,4,0,1,0,2
2026,2026-06-26,Courtney Vandersloot,Sky,G,14,10,3,7,0,0,2,2
2026,2026-06-26,Natasha Cloud,Sky,G,18,2,1,4,1,2,2,3
2026,2026-06-26,Rachel Banham,Sky,G,12,8,0,1,0,0,0,1
2026,2026-06-26,Jacy Sheldon,Sky,G,15,11,2,0,1,2,0,3
2026,2026-06-26,Naz Hillmon,Dream,F,29,2,3,1,0,0,1,2
2026,2026-06-26,Angel Reese,Dream,F,29,15,12,0,6,0,2,5
2026,2026-06-26,Allisha Gray,Dream,G,36,14,2,2,2,0,2,4
2026,2026-06-26,Jordin Canada,Dream,G,35,23,3,2,2,1,4,3
2026,2026-06-26,Rhyne Howard,Dream,G,36,9,5,2,3,1,2,5
2026,2026-06-26,Madina Okot,Dream,C,11,7,2,0,0,2,2,1
2026,2026-06-26,Te-Hina Paopao,Dream,G,5,3,0,1,0,0,0,0
2026,2026-06-26,Indya Nivar,Dream,G,0,0,0,0,0,0,0,1
2026,2026-06-26,Isobel Borlase,Dream,G,18,2,0,2,1,0,1,0
2026,2026-06-26,Kayla Thornton,Valkyries,F,19,0,2,0,0,0,0,0
2026,2026-06-26,Gabby Williams,Valkyries,F,22,16,4,2,2,0,2,0
2026,2026-06-26,Cecilia Zandalasini,Valkyries,F,18,4,2,3,0,0,2,1
2026,2026-06-26,Kiah Stokes,Valkyries,C,30,13,4,0,0,7,2,6
2026,2026-06-26,Veronica Burton,Valkyries,G,22,10,1,2,4,0,2,1
2026,2026-06-26,Laeticia Amihere,Valkyries,F,10,0,3,1,0,0,1,3
2026,2026-06-26,Janelle Salaun,Valkyries,F,22,8,7,0,0,0,0,2
2026,2026-06-26,Tiffany Hayes,Valkyries,G,22,12,2,5,0,1,5,3
2026,2026-06-26,Kaila Charles,Valkyries,G,18,2,4,0,0,1,0,3
2026,2026-06-26,Kaitlyn Chen,Valkyries,G,18,13,3,1,0,0,4,3
2026,2026-06-25,Nneka Ogwumike,Sparks,F,27,21,7,4,1,0,0,1
2026,2026-06-25,Dearica Hamby,Sparks,F,29,21,9,0,3,0,2,3
2026,2026-06-25,Erica Wheeler,Sparks,G,24,8,1,5,0,0,0,4
2026,2026-06-25,Ariel Atkins,Sparks,G,14,0,0,1,1,0,2,4
2026,2026-06-25,Rae Burrell,Sparks,G,29,17,2,4,2,1,1,2
2026,2026-06-25,Emma Cannon,Sparks,F,14,10,1,0,0,0,1,1
2026,2026-06-25,Jihyun Park,Sparks,F,19,5,2,1,0,0,1,3
2026,2026-06-25,Laura Ziegler,Sparks,F,11,0,2,2,0,1,0,2
2026,2026-06-25,Kiana Williams,Sparks,G,17,8,1,1,0,0,1,2
2026,2026-06-25,Ta'Niya Latson,Sparks,G,3,0,1,0,0,0,0,0
2026,2026-06-25,Chance Gray,Sparks,G,14,7,4,2,0,0,0,1
2026,2026-06-25,Isabelle Harrison,Tempo,F,21,9,6,2,0,2,2,1
2026,2026-06-25,Maria Conde,Tempo,F,29,13,7,0,1,0,2,2
2026,2026-06-25,Nyara Sabally,Tempo,F,19,5,4,0,0,1,0,5
2026,2026-06-25,Marina Mabrey,Tempo,G,32,53,6,2,0,0,3,2
2026,2026-06-25,Julie Allemand,Tempo,G,30,13,6,14,3,1,0,2
2026,2026-06-25,Teonni Key,Tempo,F,2,0,0,0,0,0,0,1
2026,2026-06-25,Laura Juskaite,Tempo,F,20,10,12,2,0,0,0,1
2026,2026-06-25,Temi Fagbenle,Tempo,C,19,4,6,3,0,0,1,2
2026,2026-06-25,Kia Nurse,Tempo,G,15,12,3,0,1,0,0,3
2026,2026-06-25,Tima Pouye,Tempo,G,14,6,2,3,0,0,2,4
2026,2026-06-25,Jessica Shepard,Wings,F,35,22,14,4,1,0,2,3
2026,2026-06-25,Awak Kuier,Wings,F,21,8,2,1,0,0,1,4
2026,2026-06-25,Arike Ogunbowale,Wings,G,29,4,1,2,0,0,1,4
2026,2026-06-25,Paige Bueckers,Wings,G,37,25,2,6,3,0,1,3
2026,2026-06-25,Azzi Fudd,Wings,G,32,7,1,1,2,0,1,2
2026,2026-06-25,Alysha Clark,Wings,F,8,0,1,0,0,0,1,2
2026,2026-06-25,Maddy Siegrist,Wings,F,12,2,1,0,0,1,0,3
2026,2026-06-25,Li Yueru,Wings,C,7,5,1,1,0,0,0,1
2026,2026-06-25,Sug Sutton,Wings,G,7,3,0,0,0,0,2,1
2026,2026-06-25,Aziaha James,Wings,G,13,8,1,3,1,1,3,2
2026,2026-06-25,Stephanie Talbot,Aces,F,16,0,1,0,1,0,2,2
2026,2026-06-25,NaLyssa Smith,Aces,F,30,4,11,0,1,1,1,2
2026,2026-06-25,A'ja Wilson,Aces,C,32,32,9,0,0,0,2,3
2026,2026-06-25,Chelsea Gray,Aces,G,33,12,1,9,1,0,5,3
2026,2026-06-25,Jackie Young,Aces,G,32,20,8,6,1,0,4,3
2026,2026-06-25,Cheyenne Parker-Tyus,Aces,F,17,13,2,3,0,1,0,4
2026,2026-06-25,Brianna Turner,Aces,F,2,0,0,0,0,0,0,0
2026,2026-06-25,Kierstan Bell,Aces,F,13,10,1,0,0,0,0,0
2026,2026-06-25,Jewell Loyd,Aces,G,26,8,2,2,1,0,1,3
2026,2026-06-25,Leonie Fiebich,Liberty,F,31,19,2,2,2,0,1,2
2026,2026-06-25,Jonquel Jones,Liberty,C,30,26,8,1,1,1,1,1
2026,2026-06-25,Betnijah Laney-Hamilton,Liberty,G,21,3,5,0,0,0,3,3
2026,2026-06-25,Sabrina Ionescu,Liberty,G,29,14,2,5,1,0,2,4
2026,2026-06-25,Pauline Astier,Liberty,G,25,3,1,5,3,0,2,3
2026,2026-06-25,Raquel Carrera,Liberty,F,17,7,5,0,0,0,1,0
2026,2026-06-25,Han Xu,Liberty,C,14,8,0,2,1,1,0,0
2026,2026-06-25,Rebekah Gardner,Liberty,G,13,2,4,4,1,1,0,1
2026,2026-06-25,Marine Johannes,Liberty,G,19,6,1,2,0,0,3,1
2026,2026-06-25,Dominique Malonga,Storm,C,34,20,10,2,0,1,2,5
2026,2026-06-25,Awa Fam,Storm,C,33,15,6,2,0,1,3,3
2026,2026-06-25,Natisha Hiedeman,Storm,G,33,11,0,3,2,0,2,1
2026,2026-06-25,Flau'jae Johnson,Storm,G,33,28,9,2,3,1,2,4
2026,2026-06-25,Jade Melbourne,Storm,G,25,18,2,7,2,0,2,2
2026,2026-06-25,Katie Lou Samuelson,Storm,F,13,2,5,2,0,0,1,1
2026,2026-06-25,Taylor Thierry,Storm,F,3,0,1,0,0,0,0,0
2026,2026-06-25,Stefanie Dolson,Storm,C,13,2,2,0,0,0,2,4
2026,2026-06-25,Zia Cooke,Storm,G,13,3,4,0,1,0,1,1
2026,2026-06-24,DeWanna Bonner,Mercury,F,33,13,8,1,2,1,1,3
2026,2026-06-24,Alyssa Thomas,Mercury,F,38,24,4,8,1,1,6,4
2026,2026-06-24,Noemie Brochant,Mercury,F,33,12,5,9,3,0,1,1
2026,2026-06-24,Kahleah Copper,Mercury,G,31,28,3,1,1,0,0,4
2026,2026-06-24,Lexi Held,Mercury,G,26,9,1,0,0,1,0,2
2026,2026-06-24,Valeriane Ayayi,Mercury,F,28,19,3,2,1,0,1,2
2026,2026-06-24,Marta Suarez,Mercury,F,10,6,2,0,0,0,1,3
2026,2026-06-24,Quionche Carter,Mercury,G,2,0,0,0,0,0,0,0
2026,2026-06-24,Monique Billings,Fever,F,20,8,5,0,0,0,0,3
2026,2026-06-24,Aliyah Boston,Fever,C,35,23,9,5,1,0,3,5
2026,2026-06-24,Kelsey Mitchell,Fever,G,38,30,0,6,2,0,3,6
2026,2026-06-24,Lexie Hull,Fever,G,24,9,2,2,1,0,2,4
2026,2026-06-24,Caitlin Clark,Fever,G,20,19,0,8,1,0,4,2
2026,2026-06-24,Myisha Hines-Allen,Fever,F,21,13,5,2,0,1,1,2
2026,2026-06-24,Sophie Cunningham,Fever,G,20,5,0,0,0,0,3,3
2026,2026-06-24,Tyasha Harris,Fever,G,3,0,0,0,0,0,0,1
2026,2026-06-24,Raven Johnson,Fever,G,19,2,5,7,1,0,0,3
2026,2026-06-24,Natasha Howard,Lynx,F,36,21,15,3,2,1,4,5
2026,2026-06-24,Nia Brodie,Lynx,F,23,5,5,5,2,1,1,6
2026,2026-06-24,Kayla McBride,Lynx,G,38,19,6,2,1,0,4,3
2026,2026-06-24,Courtney Williams,Lynx,G,25,5,2,3,0,1,0,1
2026,2026-06-24,Olivia Miles,Lynx,G,35,21,4,5,1,1,1,3
2026,2026-06-24,Antonia Delaere,Lynx,F,8,0,0,0,0,0,2,1
2026,2026-06-24,Anastasiia Olairi Kosu,Lynx,F,14,2,2,0,1,1,1,3
2026,2026-06-24,Teaira McCowan,Lynx,C,7,0,1,0,0,1,0,2
2026,2026-06-24,Maya Caldwell,Lynx,G,14,5,2,1,0,0,0,1
2026,2026-06-24,Michaela Onyenwere,Mystics,F,23,2,1,1,1,0,1,5
2026,2026-06-24,Kiki Iriafen,Mystics,F,30,13,11,3,1,0,1,2
2026,2026-06-24,Shakira Austin,Mystics,C,26,11,16,3,1,0,3,2
2026,2026-06-24,Sonia Citron,Mystics,G,34,28,3,3,1,1,3,3
2026,2026-06-24,Georgia Amoore,Mystics,G,26,6,1,3,0,0,4,4
2026,2026-06-24,Angela Dugalic,Mystics,F,8,3,0,1,0,0,0,1
2026,2026-06-24,Lauren Betts,Mystics,C,16,4,4,1,0,1,3,4
2026,2026-06-24,Lucy Olsen,Mystics,G,5,2,1,1,0,0,0,0
2026,2026-06-24,Cotie McMahon,Mystics,G,29,7,3,1,0,0,1,0
2026,2026-06-24,Alicia Florez,Mystics,G,2,0,0,0,0,0,1,1
2026,2026-06-24,Bridget Carleton,Fire,F,29,7,5,2,0,1,2,1
2026,2026-06-24,Emily Engstler,Fire,F,17,10,4,2,2,0,2,5
2026,2026-06-24,Megan DiLeo,Fire,C,23,17,2,1,2,0,0,5
2026,2026-06-24,Sarah Ashlee Barker,Fire,G,26,13,5,2,1,0,1,1
2026,2026-06-24,Carla Leite,Fire,G,28,10,1,6,0,0,1,3
2026,2026-06-24,Frieda Buhner,Fire,F,16,2,3,2,1,0,1,1
2026,2026-06-24,Nyadiew Puoch,Fire,F,13,0,0,2,1,2,0,0
2026,2026-06-24,Luisa Geiselsoder,Fire,C,14,2,3,2,0,2,0,3
2026,2026-06-24,Serah Williams,Fire,C,7,6,3,0,0,0,1,2
2026,2026-06-24,Karlie Samuelson,Fire,G,15,6,2,0,0,0,0,1
2026,2026-06-24,Holly Winterburn,Fire,G,4,2,0,1,0,0,1,1
2026,2026-06-24,Teja Oblak,Fire,G,8,3,1,0,0,0,2,0
2026,2026-06-24,Azura Stevens,Sky,F,27,11,11,5,1,0,3,1
2026,2026-06-24,Kamilla Cardoso,Sky,C,27,13,8,3,0,2,1,2
2026,2026-06-24,Skylar Diggins,Sky,G,25,15,3,6,1,0,3,2
2026,2026-06-24,Sydney Taylor,Sky,G,21,14,1,4,1,0,1,4
2026,2026-06-24,Gabriela Jaquez,Sky,G,23,10,5,1,0,0,0,1
2026,2026-06-24,Elizabeth Williams,Sky,C,13,2,2,0,0,1,1,0
2026,2026-06-24,Natasha Cloud,Sky,G,21,9,4,4,0,0,2,1
2026,2026-06-24,Rachel Banham,Sky,G,6,3,0,0,0,0,0,2
2026,2026-06-24,Jacy Sheldon,Sky,G,22,14,1,3,1,2,0,5
2026,2026-06-24,Aicha Coulibaly,Sky,G,15,10,3,1,2,1,1,0
2026,2026-06-24,Naz Hillmon,Dream,F,16,2,2,0,0,0,0,1
2026,2026-06-24,Angel Reese,Dream,F,27,10,12,4,1,0,1,2
2026,2026-06-24,Allisha Gray,Dream,G,25,8,1,0,1,0,1,2
2026,2026-06-24,Jordin Canada,Dream,G,28,8,4,2,1,1,1,1
2026,2026-06-24,Rhyne Howard,Dream,G,31,12,5,3,1,1,1,2
2026,2026-06-24,Sika Kone,Dream,F,12,4,3,1,0,0,1,3
2026,2026-06-24,Madina Okot,Dream,C,19,16,5,1,1,1,2,0
2026,2026-06-24,Te-Hina Paopao,Dream,G,12,2,0,2,0,0,1,2
2026,2026-06-24,Indya Nivar,Dream,G,11,2,1,1,1,0,0,1
2026,2026-06-24,Isobel Borlase,Dream,G,19,2,1,2,0,0,3,2
2026,2026-06-24,Kayla Thornton,Valkyries,F,32,17,5,1,0,0,1,3
2026,2026-06-24,Gabby Williams,Valkyries,F,32,23,5,5,1,1,0,1
2026,2026-06-24,Cecilia Zandalasini,Valkyries,F,21,14,1,3,0,0,1,5
2026,2026-06-24,Kiah Stokes,Valkyries,C,24,1,5,2,1,3,1,4
2026,2026-06-24,Veronica Burton,Valkyries,G,35,8,5,7,2,0,4,1
2026,2026-06-24,Laeticia Amihere,Valkyries,F,13,6,5,1,1,2,3,2
2026,2026-06-24,Janelle Salaun,Valkyries,F,10,6,2,1,0,0,1,2
2026,2026-06-24,Tiffany Hayes,Valkyries,G,18,0,1,0,0,1,0,1
2026,2026-06-24,Kaila Charles,Valkyries,G,9,2,3,0,0,0,1,0
2026,2026-06-24,Kaitlyn Chen,Valkyries,G,5,0,0,0,0,0,0,1
2026,2026-06-23,Breanna Stewart,Liberty,F,36,20,6,4,0,3,4,0
2026,2026-06-23,Satou Sabally,Liberty,F,8,0,3,1,0,1,0,1
2026,2026-06-23,Leonie Fiebich,Liberty,F,30,12,1,1,2,0,1,0
2026,2026-06-23,Jonquel Jones,Liberty,C,28,14,5,3,0,0,0,4
2026,2026-06-23,Sabrina Ionescu,Liberty,G,30,16,10,4,1,0,2,0
2026,2026-06-23,Han Xu,Liberty,C,13,12,2,0,0,0,1,0
2026,2026-06-23,Betnijah Laney-Hamilton,Liberty,G,17,0,3,1,0,1,2,2
2026,2026-06-23,Marine Johannes,Liberty,G,18,6,2,3,0,0,1,0
2026,2026-06-23,Pauline Astier,Liberty,G,20,7,2,2,0,0,0,5
2026,2026-06-23,Stephanie Talbot,Aces,F,13,3,3,0,0,0,0,1
2026,2026-06-23,NaLyssa Smith,Aces,F,23,7,1,0,1,2,0,2
2026,2026-06-23,A'ja Wilson,Aces,C,36,16,9,5,4,0,3,2
2026,2026-06-23,Chelsea Gray,Aces,G,35,11,5,8,2,1,1,0
2026,2026-06-23,Jackie Young,Aces,G,38,19,4,7,0,1,2,2
2026,2026-06-23,Cheyenne Parker-Tyus,Aces,F,17,14,6,0,1,0,0,3
2026,2026-06-23,Kierstan Bell,Aces,F,9,0,3,3,0,0,0,1
2026,2026-06-23,Jewell Loyd,Aces,G,30,6,1,0,1,0,1,3
2026,2026-06-22,Azura Stevens,Sky,F,26,11,3,1,0,0,1,3
2026,2026-06-22,Kamilla Cardoso,Sky,C,23,16,14,0,2,2,2,4
2026,2026-06-22,Skylar Diggins,Sky,G,20,3,1,4,2,0,0,3
2026,2026-06-22,Sydney Taylor,Sky,G,22,10,1,2,0,0,2,1
2026,2026-06-22,Gabriela Jaquez,Sky,G,21,5,4,0,0,0,3,1
2026,2026-06-22,Maddy Westbeld,Sky,F,11,3,1,0,0,0,0,4
2026,2026-06-22,Elizabeth Williams,Sky,C,15,2,3,2,1,0,0,1
2026,2026-06-22,Natasha Cloud,Sky,G,21,4,1,0,0,0,2,0
2026,2026-06-22,Rachel Banham,Sky,G,16,3,0,1,0,0,1,1
2026,2026-06-22,Jacy Sheldon,Sky,G,20,6,0,0,1,0,2,2
2026,2026-06-22,Saylor Poffenbarger,Sky,G,5,0,0,0,0,0,0,1
2026,2026-06-22,Diamond Miller,Sun,F,24,9,1,4,0,1,1,4
2026,2026-06-22,Brittney Griner,Sun,C,22,14,8,3,0,4,3,3
2026,2026-06-22,Olivia Nelson-Ododa,Sun,C,27,11,15,3,2,2,2,3
2026,2026-06-22,Charlisse Leger-Walker,Sun,G,29,13,7,5,1,0,3,3
2026,2026-06-22,Leila Lacan,Sun,G,20,12,1,2,3,0,1,4
2026,2026-06-22,Aaliyah Edwards,Sun,F,14,11,5,0,1,1,0,2
2026,2026-06-22,Aneesah Morrow,Sun,F,9,1,2,0,1,0,1,0
2026,2026-06-22,Raegan Beers,Sun,F,5,4,1,0,0,0,2,2
2026,2026-06-22,Nell Angloma,Sun,F,8,1,1,1,0,0,1,4
2026,2026-06-22,Kennedy Burke,Sun,G,24,8,4,3,2,0,1,1
2026,2026-06-22,Saniya Rivers,Sun,G,13,4,3,0,0,1,1,2
2026,2026-06-22,Gianna Kneepkens,Sun,G,5,4,1,0,0,0,0,1
2026,2026-06-22,Isabelle Harrison,Tempo,F,32,21,10,2,1,1,1,1
2026,2026-06-22,Maria Conde,Tempo,F,29,8,4,2,0,0,3,1
2026,2026-06-22,Nyara Sabally,Tempo,F,18,9,4,2,1,4,1,3
2026,2026-06-22,Marina Mabrey,Tempo,G,31,23,4,4,1,0,3,4
2026,2026-06-22,Julie Allemand,Tempo,G,28,4,2,3,2,1,2,3
2026,2026-06-22,Teonni Key,Tempo,F,2,0,1,1,0,0,0,1
2026,2026-06-22,Laura Juskaite,Tempo,F,22,8,2,2,1,0,2,4
2026,2026-06-22,Temi Fagbenle,Tempo,C,14,10,2,1,1,0,3,6
2026,2026-06-22,Kia Nurse,Tempo,G,15,4,1,4,1,0,1,0
2026,2026-06-22,Tima Pouye,Tempo,G,8,0,1,1,0,0,1,0
2026,2026-06-22,Naz Hillmon,Dream,F,23,6,3,1,0,0,1,1
2026,2026-06-22,Angel Reese,Dream,F,29,11,9,2,0,1,4,5
2026,2026-06-22,Allisha Gray,Dream,G,33,18,1,3,5,0,2,2
2026,2026-06-22,Jordin Canada,Dream,G,29,11,2,13,2,0,2,1
2026,2026-06-22,Rhyne Howard,Dream,G,32,20,7,1,0,0,1,6
2026,2026-06-22,Sika Kone,Dream,F,1,0,0,0,0,0,0,2
2026,2026-06-22,Madina Okot,Dream,C,18,18,7,0,0,0,0,3
2026,2026-06-22,Te-Hina Paopao,Dream,G,14,2,1,1,0,0,0,2
2026,2026-06-22,Indya Nivar,Dream,G,1,0,0,0,0,0,1,1
2026,2026-06-22,Isobel Borlase,Dream,G,20,8,2,2,1,0,0,3
2026,2026-06-22,Alyssa Thomas,Mercury,F,34,19,5,9,1,1,3,2
2026,2026-06-22,Natasha Mack,Mercury,F,21,4,7,1,0,0,3,3
2026,2026-06-22,Noemie Brochant,Mercury,F,26,7,2,3,1,0,0,2
2026,2026-06-22,Kahleah Copper,Mercury,G,31,20,3,0,0,0,1,6
2026,2026-06-22,Lexi Held,Mercury,G,22,4,2,3,1,0,1,4
2026,2026-06-22,DeWanna Bonner,Mercury,F,27,7,3,0,0,1,0,1
2026,2026-06-22,Valeriane Ayayi,Mercury,F,20,9,3,3,2,0,2,3
2026,2026-06-22,Kyara Linskens,Mercury,C,14,4,4,0,0,0,2,3
2026,2026-06-22,Shay Ciezki,Mercury,G,2,3,0,0,0,0,0,1
2026,2026-06-22,Quionche Carter,Mercury,G,2,0,0,0,0,0,0,0
2026,2026-06-22,Monique Billings,Fever,F,28,14,10,1,1,1,3,3
2026,2026-06-22,Aliyah Boston,Fever,C,29,8,9,0,2,1,3,3
2026,2026-06-22,Kelsey Mitchell,Fever,G,32,22,1,1,1,0,1,3
2026,2026-06-22,Lexie Hull,Fever,G,17,8,2,0,0,0,1,2
2026,2026-06-22,Caitlin Clark,Fever,G,29,24,3,9,0,0,3,5
2026,2026-06-22,Myisha Hines-Allen,Fever,F,14,3,1,1,0,0,1,1
2026,2026-06-22,Makayla Timpson,Fever,F,5,1,2,0,1,0,1,0
2026,2026-06-22,Grace VanSlooten,Fever,F,1,0,0,0,0,0,1,2
2026,2026-06-22,Sophie Cunningham,Fever,G,26,2,6,0,0,0,0,0
2026,2026-06-22,Raven Johnson,Fever,G,18,4,5,3,1,0,0,4
2026,2026-06-22,Jessica Shepard,Wings,F,36,14,9,8,1,0,1,2
2026,2026-06-22,Awak Kuier,Wings,F,22,6,4,0,0,2,2,1
2026,2026-06-22,Arike Ogunbowale,Wings,G,20,4,2,4,0,0,1,1
2026,2026-06-22,Paige Bueckers,Wings,G,38,27,5,5,1,0,2,1
2026,2026-06-22,Azzi Fudd,Wings,G,42,26,3,2,4,0,1,0
2026,2026-06-22,Maddy Siegrist,Wings,F,13,7,0,1,0,0,0,1
2026,2026-06-22,Li Yueru,Wings,C,18,10,3,2,0,0,0,2
2026,2026-06-22,Sug Sutton,Wings,G,10,0,2,2,1,0,1,2
2026,2026-06-22,Aziaha James,Wings,G,24,18,6,6,2,0,0,4
2026,2026-06-22,Katie Lou Samuelson,Storm,F,21,3,2,1,2,0,0,3
2026,2026-06-22,Dominique Malonga,Storm,C,38,37,12,1,0,2,4,2
2026,2026-06-22,Awa Fam,Storm,C,39,18,6,4,0,3,2,3
2026,2026-06-22,Natisha Hiedeman,Storm,G,37,21,4,11,1,0,3,2
2026,2026-06-22,Flau'jae Johnson,Storm,G,40,11,5,9,2,1,2,1
2026,2026-06-22,Stefanie Dolson,Storm,C,14,0,1,0,0,0,0,1
2026,2026-06-22,Zia Cooke,Storm,G,30,18,2,2,0,0,1,0
2026,2026-06-22,Taina Mair,Storm,G,8,2,2,1,0,0,1,0
2026,2026-06-21,Kayla Thornton,Valkyries,F,19,2,5,0,0,0,1,4
2026,2026-06-21,Gabby Williams,Valkyries,F,21,10,1,0,2,0,1,0
2026,2026-06-21,Cecilia Zandalasini,Valkyries,F,21,12,3,0,0,0,0,2
2026,2026-06-21,Kiah Stokes,Valkyries,C,21,2,3,3,2,0,0,0
2026,2026-06-21,Veronica Burton,Valkyries,G,16,2,3,1,1,0,1,0
2026,2026-06-21,Laeticia Amihere,Valkyries,F,12,10,3,0,1,1,0,1
2026,2026-06-21,Janelle Salaun,Valkyries,F,18,5,3,1,0,0,3,4
2026,2026-06-21,Nadia Fingall,Valkyries,C,4,2,1,0,0,0,0,0
2026,2026-06-21,Tiffany Hayes,Valkyries,G,19,7,1,1,0,0,1,1
2026,2026-06-21,Kaila Charles,Valkyries,G,19,7,4,1,1,0,1,2
2026,2026-06-21,Kaitlyn Chen,Valkyries,G,24,11,2,2,0,0,2,1
2026,2026-06-21,Juste Jocyte,Valkyries,G,6,3,2,1,0,0,0,0
2026,2026-06-21,Stephanie Talbot,Aces,F,21,4,0,0,0,0,1,2
2026,2026-06-21,NaLyssa Smith,Aces,F,27,14,3,1,0,1,2,4
2026,2026-06-21,A'ja Wilson,Aces,C,31,19,9,3,1,2,3,0
2026,2026-06-21,Chelsea Gray,Aces,G,32,15,2,9,1,0,3,4
2026,2026-06-21,Jackie Young,Aces,G,32,21,3,5,0,0,0,3
2026,2026-06-21,Cheyenne Parker-Tyus,Aces,F,4,0,2,0,0,0,0,0
2026,2026-06-21,Brianna Turner,Aces,F,17,0,3,1,1,0,0,1
2026,2026-06-21,Kierstan Bell,Aces,F,14,5,0,1,1,0,0,1
2026,2026-06-21,Jewell Loyd,Aces,G,23,14,3,1,1,0,2,3
2026,2026-06-21,Michaela Onyenwere,Mystics,F,23,5,3,1,0,0,1,2
2026,2026-06-21,Kiki Iriafen,Mystics,F,25,17,7,0,1,0,2,5
2026,2026-06-21,Shakira Austin,Mystics,C,22,7,8,2,3,1,2,1
2026,2026-06-21,Sonia Citron,Mystics,G,33,21,3,2,1,1,1,3
2026,2026-06-21,Georgia Amoore,Mystics,G,32,8,2,7,0,0,4,1
2026,2026-06-21,Angela Dugalic,Mystics,F,15,6,5,1,0,0,2,0
2026,2026-06-21,Lauren Betts,Mystics,C,18,2,2,0,2,0,1,1
2026,2026-06-21,Lucy Olsen,Mystics,G,6,3,0,2,0,0,2,1
2026,2026-06-21,Cotie McMahon,Mystics,G,26,15,3,5,0,1,1,2
2026,2026-06-21,Natasha Howard,Lynx,F,36,20,6,2,5,0,5,5
2026,2026-06-21,Nia Brodie,Lynx,F,31,5,8,2,2,4,0,4
2026,2026-06-21,Kayla McBride,Lynx,G,36,12,2,4,0,0,2,5
2026,2026-06-21,Courtney Williams,Lynx,G,32,13,4,3,2,0,1,2
2026,2026-06-21,Olivia Miles,Lynx,G,32,22,5,6,0,2,4,5
2026,2026-06-21,Antonia Delaere,Lynx,F,8,0,0,0,0,0,0,1
2026,2026-06-21,Anastasiia Olairi Kosu,Lynx,F,8,1,0,0,0,0,0,0
2026,2026-06-21,Teaira McCowan,Lynx,C,5,2,2,0,0,1,0,1
2026,2026-06-21,Maya Caldwell,Lynx,G,13,4,0,1,2,0,0,2
2026,2026-06-21,Breanna Stewart,Liberty,F,34,18,10,4,2,0,2,5
2026,2026-06-21,Satou Sabally,Liberty,F,27,14,5,7,0,0,3,3
2026,2026-06-21,Leonie Fiebich,Liberty,F,26,13,2,1,1,0,4,2
2026,2026-06-21,Jonquel Jones,Liberty,C,33,18,8,3,2,1,0,3
2026,2026-06-21,Sabrina Ionescu,Liberty,G,22,2,3,2,0,0,2,1
2026,2026-06-21,Raquel Carrera,Liberty,F,1,0,0,0,0,0,0,0
2026,2026-06-21,Han Xu,Liberty,C,6,0,2,0,1,0,1,0
2026,2026-06-21,Rebekah Gardner,Liberty,G,7,2,2,0,0,1,0,1
2026,2026-06-21,Rebecca Allen,Liberty,G,6,3,0,0,0,0,0,2
2026,2026-06-21,Marine Johannes,Liberty,G,17,10,2,1,0,0,1,2
2026,2026-06-21,Pauline Astier,Liberty,G,21,17,4,5,1,1,3,2
2026,2026-06-21,Nneka Ogwumike,Sparks,F,35,24,6,3,3,0,1,2
2026,2026-06-21,Dearica Hamby,Sparks,F,31,12,8,3,1,0,2,5
2026,2026-06-21,Erica Wheeler,Sparks,G,26,15,2,5,1,0,1,3
2026,2026-06-21,Kelsey Plum,Sparks,G,36,12,3,7,0,0,1,4
2026,2026-06-21,Ariel Atkins,Sparks,G,26,10,2,4,0,2,1,1
2026,2026-06-21,Jihyun Park,Sparks,F,3,0,1,0,0,0,0,0
2026,2026-06-21,Laura Ziegler,Sparks,F,10,4,1,1,0,0,0,1
2026,2026-06-21,Kiana Williams,Sparks,G,7,2,0,1,0,0,0,2
2026,2026-06-21,Rae Burrell,Sparks,G,26,19,3,4,0,0,3,2
2026,2026-06-20,Monique Billings,Fever,F,13,7,1,0,0,1,1,5
2026,2026-06-20,Aliyah Boston,Fever,C,22,13,9,6,0,0,4,5
2026,2026-06-20,Kelsey Mitchell,Fever,G,32,16,3,3,0,0,1,3
2026,2026-06-20,Lexie Hull,Fever,G,16,0,0,1,0,0,0,3
2026,2026-06-20,Caitlin Clark,Fever,G,34,26,3,7,1,0,7,3
2026,2026-06-20,Myisha Hines-Allen,Fever,F,17,9,3,0,0,1,3,3
2026,2026-06-20,Makayla Timpson,Fever,F,4,0,1,0,0,1,0,0
2026,2026-06-20,Damiris Dantas,Fever,C,7,3,3,0,0,0,1,2
2026,2026-06-20,Sophie Cunningham,Fever,G,26,13,1,1,0,0,1,2
2026,2026-06-20,Tyasha Harris,Fever,G,7,0,0,0,0,0,0,2
2026,2026-06-20,Raven Johnson,Fever,G,21,9,6,2,0,0,1,1
2026,2026-06-20,Naz Hillmon,Dream,F,29,19,6,3,0,1,1,3
2026,2026-06-20,Angel Reese,Dream,F,31,18,8,1,2,1,3,5
2026,2026-06-20,Allisha Gray,Dream,G,33,22,5,1,3,1,1,3
2026,2026-06-20,Jordin Canada,Dream,G,32,12,7,12,3,1,0,3
2026,2026-06-20,Rhyne Howard,Dream,G,35,24,4,3,1,1,1,5
2026,2026-06-20,Sika Kone,Dream,F,2,0,0,1,0,0,0,0
2026,2026-06-20,Madina Okot,Dream,C,4,3,2,0,1,0,0,2
2026,2026-06-20,Te-Hina Paopao,Dream,G,16,9,0,2,0,0,1,1
2026,2026-06-20,Indya Nivar,Dream,G,2,3,0,0,0,0,0,0
2026,2026-06-20,Isobel Borlase,Dream,G,17,3,3,2,0,0,1,2
2026,2026-06-20,Dominique Malonga,Storm,C,23,10,3,2,1,0,1,2
2026,2026-06-20,Awa Fam,Storm,C,30,5,10,3,2,0,2,2
2026,2026-06-20,Natisha Hiedeman,Storm,G,28,20,0,4,0,0,2,4
2026,2026-06-20,Flau'jae Johnson,Storm,G,34,13,2,0,0,2,2,4
2026,2026-06-20,Jade Melbourne,Storm,G,11,2,1,1,0,0,1,4
2026,2026-06-20,Katie Lou Samuelson,Storm,F,27,7,5,3,2,0,0,1
2026,2026-06-20,Mackenzie Holmes,Storm,F,4,0,1,0,1,0,0,1
2026,2026-06-20,Taylor Thierry,Storm,F,7,0,2,0,1,0,1,0
2026,2026-06-20,Stefanie Dolson,Storm,C,21,6,3,2,0,0,0,2
2026,2026-06-20,Zia Cooke,Storm,G,16,10,2,2,0,0,1,4
2026,2026-06-20,Alyssa Thomas,Mercury,F,28,8,3,9,1,1,5,1
2026,2026-06-20,Natasha Mack,Mercury,F,23,10,10,2,0,1,2,2
2026,2026-06-20,Noemie Brochant,Mercury,F,32,16,2,10,1,0,1,4
2026,2026-06-20,Kahleah Copper,Mercury,G,27,17,7,2,1,1,1,1
2026,2026-06-20,Lexi Held,Mercury,G,30,11,0,2,0,1,2,1
2026,2026-06-20,DeWanna Bonner,Mercury,F,23,10,4,1,0,1,0,0
2026,2026-06-20,Valeriane Ayayi,Mercury,F,22,18,10,0,0,1,2,2
2026,2026-06-20,Kyara Linskens,Mercury,C,13,3,2,0,0,2,1,1
2026,2026-06-20,Quionche Carter,Mercury,G,4,0,1,0,1,0,0,1
2026,2026-06-20,Azura Stevens,Sky,F,28,8,11,4,2,0,1,3
2026,2026-06-20,Kamilla Cardoso,Sky,C,29,26,9,3,0,2,4,6
2026,2026-06-20,Skylar Diggins,Sky,G,32,14,1,6,3,0,3,3
2026,2026-06-20,Sydney Taylor,Sky,G,25,18,2,0,1,0,3,6
2026,2026-06-20,Gabriela Jaquez,Sky,G,25,6,7,1,2,0,1,1
2026,2026-06-20,Maddy Westbeld,Sky,F,10,0,1,1,0,0,1,2
2026,2026-06-20,Elizabeth Williams,Sky,C,11,4,4,1,0,1,0,1
2026,2026-06-20,Natasha Cloud,Sky,G,25,10,6,6,1,0,1,1
2026,2026-06-20,Jacy Sheldon,Sky,G,15,6,2,0,0,0,1,1
2026,2026-06-20,Jessica Shepard,Wings,F,34,21,8,3,1,0,4,1
2026,2026-06-20,Awak Kuier,Wings,F,14,3,0,0,0,1,1,6
2026,2026-06-20,Arike Ogunbowale,Wings,G,32,12,3,1,1,0,1,2
2026,2026-06-20,Paige Bueckers,Wings,G,36,19,7,8,2,1,2,1
2026,2026-06-20,Azzi Fudd,Wings,G,34,13,5,2,1,4,2,3
2026,2026-06-20,Alanna Smith,Wings,F,5,3,0,0,2,0,1,2
2026,2026-06-20,Maddy Siegrist,Wings,F,12,9,3,0,0,0,0,3
2026,2026-06-20,Li Yueru,Wings,C,15,5,6,1,0,0,1,4
2026,2026-06-20,Sug Sutton,Wings,G,13,4,0,1,0,1,0,1
2026,2026-06-20,Aziaha James,Wings,G,6,4,3,1,0,0,1,0
2026,2026-06-19,Isabelle Harrison,Tempo,F,30,15,6,5,0,1,1,2
2026,2026-06-19,Laura Juskaite,Tempo,F,29,4,7,4,3,1,4,5
2026,2026-06-19,Temi Fagbenle,Tempo,C,32,19,9,2,1,1,0,3
2026,2026-06-19,Marina Mabrey,Tempo,G,33,37,4,4,0,0,6,4
2026,2026-06-19,Julie Allemand,Tempo,G,34,4,0,9,1,0,4,1
2026,2026-06-19,Maria Conde,Tempo,F,28,19,6,3,0,1,0,1
2026,2026-06-19,Teonni Key,Tempo,F,3,0,0,0,0,0,0,1
2026,2026-06-19,Kia Nurse,Tempo,G,5,0,0,0,0,0,0,2
2026,2026-06-19,Tima Pouye,Tempo,G,6,3,1,0,0,0,0,4
2026,2026-06-19,Aaliyah Edwards,Sun,F,20,6,2,2,1,0,0,3
2026,2026-06-19,Diamond Miller,Sun,F,21,10,3,2,0,0,0,3
2026,2026-06-19,Brittney Griner,Sun,C,24,16,8,2,0,2,2,0
2026,2026-06-19,Saniya Rivers,Sun,G,21,3,3,4,2,0,2,2
2026,2026-06-19,Leila Lacan,Sun,G,31,16,1,3,1,0,1,2
2026,2026-06-19,Aneesah Morrow,Sun,F,20,8,10,4,2,0,2,2
2026,2026-06-19,Nell Angloma,Sun,F,3,0,0,0,0,0,1,0
2026,2026-06-19,Olivia Nelson-Ododa,Sun,C,16,13,3,0,1,1,0,1
2026,2026-06-19,Kennedy Burke,Sun,G,27,18,3,1,2,1,0,0
2026,2026-06-19,Charlisse Leger-Walker,Sun,G,18,7,2,3,0,0,0,0
2026,2026-06-19,Michaela Onyenwere,Mystics,F,28,11,2,0,0,0,2,3
2026,2026-06-19,Kiki Iriafen,Mystics,F,28,20,6,0,1,1,1,3
2026,2026-06-19,Shakira Austin,Mystics,C,28,14,7,1,0,0,1,3
2026,2026-06-19,Sonia Citron,Mystics,G,35,16,6,8,5,0,2,4
2026,2026-06-19,Georgia Amoore,Mystics,G,28,10,0,8,0,0,3,2
2026,2026-06-19,Angela Dugalic,Mystics,F,7,0,1,1,0,0,0,0
2026,2026-06-19,Lauren Betts,Mystics,C,17,8,5,0,1,1,1,2
2026,2026-06-19,Lucy Olsen,Mystics,G,11,0,2,1,1,0,1,4
2026,2026-06-19,Cotie McMahon,Mystics,G,13,7,1,1,1,0,0,2
2026,2026-06-19,Cassandre Prosper,Mystics,G,5,0,1,0,0,0,0,0
2026,2026-06-19,Breanna Stewart,Liberty,F,32,16,10,6,1,2,1,5
2026,2026-06-19,Leonie Fiebich,Liberty,F,31,19,2,2,1,0,1,3
2026,2026-06-19,Jonquel Jones,Liberty,C,33,10,10,2,0,1,2,3
2026,2026-06-19,Marine Johannes,Liberty,G,27,4,3,4,1,1,1,1
2026,2026-06-19,Sabrina Ionescu,Liberty,G,30,9,1,3,0,0,4,3
2026,2026-06-19,Satou Sabally,Liberty,F,17,13,0,1,1,0,2,4
2026,2026-06-19,Han Xu,Liberty,C,12,8,3,1,0,2,1,2
2026,2026-06-19,Rebekah Gardner,Liberty,G,9,2,0,0,0,0,0,2
2026,2026-06-19,Pauline Astier,Liberty,G,10,2,1,1,1,0,2,3
2026,2026-06-19,Natasha Howard,Lynx,F,28,10,8,4,0,1,1,6
2026,2026-06-19,Nia Brodie,Lynx,F,33,22,6,3,0,1,1,1
2026,2026-06-19,Kayla McBride,Lynx,G,34,17,3,2,1,0,0,3
2026,2026-06-19,Courtney Williams,Lynx,G,36,21,12,5,1,2,2,0
2026,2026-06-19,Olivia Miles,Lynx,G,32,7,5,4,3,3,6,4
2026,2026-06-19,Antonia Delaere,Lynx,F,7,0,0,0,1,0,0,0
2026,2026-06-19,Anastasiia Olairi Kosu,Lynx,F,19,4,6,0,2,2,2,2
2026,2026-06-19,Maya Caldwell,Lynx,G,11,0,2,0,0,0,1,1
2026,2026-06-19,Kayla Thornton,Valkyries,F,23,3,6,2,1,0,0,1
2026,2026-06-19,Gabby Williams,Valkyries,F,28,15,8,1,1,0,3,3
2026,2026-06-19,Cecilia Zandalasini,Valkyries,F,27,23,4,2,0,0,2,2
2026,2026-06-19,Kiah Stokes,Valkyries,C,19,2,6,0,0,0,0,1
2026,2026-06-19,Veronica Burton,Valkyries,G,24,5,2,5,2,0,2,3
2026,2026-06-19,Laeticia Amihere,Valkyries,F,10,1,4,0,1,2,0,0
2026,2026-06-19,Janelle Salaun,Valkyries,F,24,15,6,0,1,0,1,1
2026,2026-06-19,Tiffany Hayes,Valkyries,G,7,2,1,3,0,0,0,1
2026,2026-06-19,Kaila Charles,Valkyries,G,21,2,1,2,2,1,3,2
2026,2026-06-19,Kaitlyn Chen,Valkyries,G,16,7,0,2,0,0,2,2
2026,2026-06-18,Naz Hillmon,Dream,F,32,17,4,2,1,1,2,6
2026,2026-06-18,Angel Reese,Dream,F,29,21,11,1,0,0,4,4
2026,2026-06-18,Allisha Gray,Dream,G,34,17,0,3,3,0,2,4
2026,2026-06-18,Jordin Canada,Dream,G,29,18,2,5,4,0,1,4
2026,2026-06-18,Rhyne Howard,Dream,G,38,16,4,6,3,1,1,1
2026,2026-06-18,Sika Kone,Dream,F,5,3,1,0,0,0,1,0
2026,2026-06-18,Madina Okot,Dream,C,5,0,4,1,0,0,0,2
2026,2026-06-18,Te-Hina Paopao,Dream,G,14,7,1,3,0,0,1,2
2026,2026-06-18,Isobel Borlase,Dream,G,13,9,2,0,0,1,0,4
2026,2026-06-18,Monique Billings,Fever,F,13,6,3,1,1,0,2,3
2026,2026-06-18,Aliyah Boston,Fever,C,34,23,8,3,1,3,4,3
2026,2026-06-18,Kelsey Mitchell,Fever,G,34,26,1,1,1,0,2,2
2026,2026-06-18,Lexie Hull,Fever,G,11,2,3,0,0,0,0,4
2026,2026-06-18,Caitlin Clark,Fever,G,31,26,2,7,0,0,5,5
2026,2026-06-18,Myisha Hines-Allen,Fever,F,9,0,1,0,0,0,0,2
2026,2026-06-18,Makayla Timpson,Fever,F,21,6,4,0,3,0,1,2
2026,2026-06-18,Sophie Cunningham,Fever,G,30,12,2,2,0,0,1,2
2026,2026-06-18,Tyasha Harris,Fever,G,14,0,2,2,1,0,1,3
2026,2026-06-18,Raven Johnson,Fever,G,3,0,0,0,0,0,2,0
2026,2026-06-17,Michaela Onyenwere,Mystics,F,32,22,3,0,1,0,2,3
2026,2026-06-17,Angela Dugalic,Mystics,F,27,6,2,3,0,0,0,4
2026,2026-06-17,Lauren Betts,Mystics,C,32,13,7,3,0,0,2,1
2026,2026-06-17,Sonia Citron,Mystics,G,38,26,11,4,0,1,3,4
2026,2026-06-17,Georgia Amoore,Mystics,G,19,10,0,2,0,0,2,1
2026,2026-06-17,Lucy Olsen,Mystics,G,20,6,2,2,1,0,2,4
2026,2026-06-17,Cotie McMahon,Mystics,G,21,2,6,4,0,0,1,1
2026,2026-06-17,Cassandre Prosper,Mystics,G,10,3,2,0,0,0,1,2
2026,2026-06-17,Aaliyah Edwards,Sun,F,18,9,3,1,0,1,0,1
2026,2026-06-17,Diamond Miller,Sun,F,12,7,0,0,2,0,0,3
2026,2026-06-17,Brittney Griner,Sun,C,23,6,3,1,1,2,1,4
2026,2026-06-17,Saniya Rivers,Sun,G,21,6,2,1,0,0,0,3
2026,2026-06-17,Leila Lacan,Sun,G,28,11,2,4,2,0,1,2
2026,2026-06-17,Aneesah Morrow,Sun,F,21,11,10,2,2,0,2,0
2026,2026-06-17,Raegan Beers,Sun,F,7,2,1,1,0,0,0,4
2026,2026-06-17,Nell Angloma,Sun,F,14,4,2,1,0,0,0,2
2026,2026-06-17,Olivia Nelson-Ododa,Sun,C,10,5,0,1,1,0,0,3
2026,2026-06-17,Kennedy Burke,Sun,G,22,10,0,0,0,0,0,0
2026,2026-06-17,Charlisse Leger-Walker,Sun,G,19,10,2,4,0,0,0,3
2026,2026-06-17,Gianna Kneepkens,Sun,G,5,0,1,0,0,0,1,0
2026,2026-06-17,Breanna Stewart,Liberty,F,35,17,6,3,2,1,0,3
2026,2026-06-17,Leonie Fiebich,Liberty,F,24,9,6,3,0,0,3,2
2026,2026-06-17,Jonquel Jones,Liberty,C,28,19,8,3,1,1,4,2
2026,2026-06-17,Marine Johannes,Liberty,G,17,3,1,1,2,0,1,0
2026,2026-06-17,Sabrina Ionescu,Liberty,G,28,10,3,1,0,0,3,1
2026,2026-06-17,Satou Sabally,Liberty,F,19,17,2,2,0,0,1,2
2026,2026-06-17,Han Xu,Liberty,C,11,2,2,2,0,3,1,0
2026,2026-06-17,Rebekah Gardner,Liberty,G,15,10,1,1,1,0,0,2
2026,2026-06-17,Pauline Astier,Liberty,G,23,9,5,4,1,0,0,0
2026,2026-06-17,Azura Stevens,Sky,F,20,6,6,0,0,0,4,4
2026,2026-06-17,Kamilla Cardoso,Sky,C,24,10,4,4,1,0,2,5
2026,2026-06-17,Skylar Diggins,Sky,G,31,19,2,8,1,1,1,1
2026,2026-06-17,Sydney Taylor,Sky,G,28,24,1,2,3,1,1,5
2026,2026-06-17,Gabriela Jaquez,Sky,G,29,22,3,3,1,0,2,1
2026,2026-06-17,Elizabeth Williams,Sky,C,16,3,3,0,0,2,0,0
2026,2026-06-17,Natasha Cloud,Sky,G,28,11,3,4,2,0,0,3
2026,2026-06-17,Rachel Banham,Sky,G,4,0,2,0,1,0,0,0
2026,2026-06-17,Jacy Sheldon,Sky,G,10,0,2,1,1,0,0,2
2026,2026-06-17,Aicha Coulibaly,Sky,G,11,0,2,1,0,0,0,1
2026,2026-06-17,Jessica Shepard,Wings,F,33,14,10,4,0,0,0,3
2026,2026-06-17,Awak Kuier,Wings,F,24,3,2,1,1,0,3,1
2026,2026-06-17,Arike Ogunbowale,Wings,G,28,21,2,3,1,0,0,2
2026,2026-06-17,Paige Bueckers,Wings,G,36,15,3,8,1,1,2,4
2026,2026-06-17,Azzi Fudd,Wings,G,37,10,1,1,5,1,1,4
2026,2026-06-17,Alanna Smith,Wings,F,16,5,3,0,0,1,0,1
2026,2026-06-17,Maddy Siegrist,Wings,F,7,1,2,0,0,0,0,3
2026,2026-06-17,Sug Sutton,Wings,G,13,9,0,2,0,0,1,2
2026,2026-06-17,Aziaha James,Wings,G,6,2,2,0,2,0,1,0
2026,2026-06-17,Kayla Thornton,Valkyries,F,29,8,11,2,0,1,0,1
2026,2026-06-17,Gabby Williams,Valkyries,F,29,25,3,4,1,0,2,0
2026,2026-06-17,Cecilia Zandalasini,Valkyries,F,9,2,1,2,0,0,3,2
2026,2026-06-17,Kiah Stokes,Valkyries,C,21,2,7,0,0,1,1,0
2026,2026-06-17,Veronica Burton,Valkyries,G,33,11,8,5,2,1,2,3
2026,2026-06-17,Laeticia Amihere,Valkyries,F,3,0,0,1,0,0,0,0
2026,2026-06-17,Janelle Salaun,Valkyries,F,20,12,4,1,0,0,2,1
2026,2026-06-17,Tiffany Hayes,Valkyries,G,10,10,0,1,0,0,0,2
2026,2026-06-17,Kaila Charles,Valkyries,G,22,6,5,2,0,0,1,2
2026,2026-06-17,Kaitlyn Chen,Valkyries,G,25,15,2,2,1,0,2,3
2026,2026-06-17,Natasha Howard,Lynx,F,29,15,9,2,1,1,2,4
2026,2026-06-17,Nia Brodie,Lynx,F,29,7,6,2,5,1,1,5
2026,2026-06-17,Kayla McBride,Lynx,G,25,14,4,0,3,0,1,3
2026,2026-06-17,Courtney Williams,Lynx,G,26,13,1,5,0,0,3,3
2026,2026-06-17,Olivia Miles,Lynx,G,26,31,4,4,0,0,5,2
2026,2026-06-17,Antonia Delaere,Lynx,F,15,6,0,1,0,0,0,2
2026,2026-06-17,Anastasiia Olairi Kosu,Lynx,F,10,4,2,1,0,0,3,2
2026,2026-06-17,Teaira McCowan,Lynx,C,5,2,1,0,0,0,1,2
2026,2026-06-17,Maya Caldwell,Lynx,G,25,7,7,3,2,1,3,2
2026,2026-06-17,Eliska Joklova,Lynx,G,11,0,0,3,0,0,1,2
2026,2026-06-17,Nneka Ogwumike,Sparks,F,30,10,8,1,1,0,2,0
2026,2026-06-17,Dearica Hamby,Sparks,F,25,12,9,2,3,1,3,2
2026,2026-06-17,Erica Wheeler,Sparks,G,25,6,1,4,1,0,2,1
2026,2026-06-17,Ariel Atkins,Sparks,G,30,4,1,3,2,0,3,4
2026,2026-06-17,Rae Burrell,Sparks,G,26,19,0,3,0,0,2,4
2026,2026-06-17,Emma Cannon,Sparks,F,4,5,1,1,0,0,0,1
2026,2026-06-17,Sania Feagin,Sparks,F,6,0,0,2,0,0,0,2
2026,2026-06-17,Jihyun Park,Sparks,F,22,13,0,0,1,0,2,3
2026,2026-06-17,Kate Martin,Sparks,G,7,0,1,0,0,0,0,0
2026,2026-06-17,Ta'Niya Latson,Sparks,G,12,6,3,2,0,0,2,0
2026,2026-06-17,Chance Gray,Sparks,G,13,8,2,2,0,0,2,1
2026,2026-06-17,Stephanie Talbot,Aces,F,20,3,2,1,2,0,0,2
2026,2026-06-17,NaLyssa Smith,Aces,F,31,21,5,2,1,0,0,1
2026,2026-06-17,A'ja Wilson,Aces,C,37,33,10,3,5,2,2,2
2026,2026-06-17,Chelsea Gray,Aces,G,35,5,4,9,2,0,3,2
2026,2026-06-17,Jackie Young,Aces,G,38,20,1,9,5,1,3,2
2026,2026-06-17,Cheyenne Parker-Tyus,Aces,F,4,2,1,0,0,1,0,0
2026,2026-06-17,Brianna Turner,Aces,F,8,2,3,0,0,1,0,1
2026,2026-06-17,Kierstan Bell,Aces,F,5,0,0,0,1,1,1,0
2026,2026-06-17,Jewell Loyd,Aces,G,24,0,3,1,2,0,0,3
2026,2026-06-17,Alyssa Thomas,Mercury,F,35,10,5,11,0,0,6,5
2026,2026-06-17,Natasha Mack,Mercury,F,23,0,8,0,0,1,0,3
2026,2026-06-17,Noemie Brochant,Mercury,F,19,4,3,1,1,0,1,0
2026,2026-06-17,Kahleah Copper,Mercury,G,30,26,4,3,0,0,4,4
2026,2026-06-17,Monique Akoa Makani,Mercury,G,20,4,3,1,1,0,3,1
2026,2026-06-17,DeWanna Bonner,Mercury,F,20,10,3,1,2,0,0,2
2026,2026-06-17,Valeriane Ayayi,Mercury,F,11,0,1,1,0,1,2,3
2026,2026-06-17,Kyara Linskens,Mercury,C,5,3,2,0,0,0,1,0
2026,2026-06-17,Jovana Nogic,Mercury,G,21,12,0,0,1,0,2,1
2026,2026-06-17,Lexi Held,Mercury,G,15,7,1,0,0,0,1,0
2026,2026-06-17,Dominique Malonga,Storm,C,35,28,11,3,2,3,1,0
2026,2026-06-17,Awa Fam,Storm,C,29,18,5,1,0,0,1,4
2026,2026-06-17,Natisha Hiedeman,Storm,G,33,19,4,6,1,0,5,1
2026,2026-06-17,Flau'jae Johnson,Storm,G,22,8,2,1,1,0,2,6
2026,2026-06-17,Jade Melbourne,Storm,G,30,6,2,8,0,0,2,1
2026,2026-06-17,Katie Lou Samuelson,Storm,F,11,0,1,1,1,0,0,0
2026,2026-06-17,Mackenzie Holmes,Storm,F,4,3,0,0,0,0,0,2
2026,2026-06-17,Taylor Thierry,Storm,F,3,0,1,0,0,0,0,0
2026,2026-06-17,Stefanie Dolson,Storm,C,9,0,2,0,0,0,0,0
2026,2026-06-17,Zia Cooke,Storm,G,23,7,3,2,0,0,1,4
2026,2026-06-17,Bridget Carleton,Fire,F,29,24,4,1,3,2,2,2
2026,2026-06-17,Emily Engstler,Fire,F,27,9,6,5,1,2,2,4
2026,2026-06-17,Megan DiLeo,Fire,C,28,8,4,0,0,2,2,4
2026,2026-06-17,Sarah Ashlee Barker,Fire,G,24,12,6,0,0,1,1,1
2026,2026-06-17,Carla Leite,Fire,G,29,20,4,10,1,0,1,2
2026,2026-06-17,Frieda Buhner,Fire,F,13,3,2,1,0,0,0,1
2026,2026-06-17,Nyadiew Puoch,Fire,F,11,2,1,1,1,0,0,1
2026,2026-06-17,Serah Williams,Fire,C,12,1,4,0,0,0,2,2
2026,2026-06-17,Karlie Samuelson,Fire,G,17,10,1,0,1,0,0,0
2026,2026-06-17,Teja Oblak,Fire,G,11,5,0,2,0,0,2,1
2026,2026-06-16,Isabelle Harrison,Tempo,F,26,11,8,2,3,0,0,2
2026,2026-06-16,Laura Juskaite,Tempo,F,25,19,2,4,3,0,2,5
2026,2026-06-16,Brittney Sykes,Tempo,G,19,11,2,3,0,0,1,2
2026,2026-06-16,Marina Mabrey,Tempo,G,31,18,1,7,2,1,4,2
2026,2026-06-16,Julie Allemand,Tempo,G,11,0,0,1,0,0,0,3
2026,2026-06-16,Maria Conde,Tempo,F,31,12,4,5,0,0,1,3
2026,2026-06-16,Teonni Key,Tempo,F,11,2,2,0,0,0,1,1
2026,2026-06-16,Temi Fagbenle,Tempo,C,18,3,5,1,0,0,0,2
2026,2026-06-16,Kia Nurse,Tempo,G,15,10,1,0,0,0,2,2
2026,2026-06-16,Tima Pouye,Tempo,G,13,5,2,2,1,0,1,5
2026,2026-06-16,Monique Billings,Fever,F,20,5,7,0,0,0,0,2
2026,2026-06-16,Aliyah Boston,Fever,C,26,18,11,4,2,2,3,3
2026,2026-06-16,Kelsey Mitchell,Fever,G,32,27,1,2,0,0,4,1
2026,2026-06-16,Lexie Hull,Fever,G,20,6,4,0,0,0,0,3
2026,2026-06-16,Caitlin Clark,Fever,G,32,21,5,14,1,1,6,2
2026,2026-06-16,Myisha Hines-Allen,Fever,F,7,0,2,2,0,0,0,0
2026,2026-06-16,Makayla Timpson,Fever,F,23,2,6,0,1,2,2,4
2026,2026-06-16,Grace VanSlooten,Fever,F,1,0,0,0,0,0,0,0
2026,2026-06-16,Damiris Dantas,Fever,C,2,4,1,0,0,0,0,0
2026,2026-06-16,Sophie Cunningham,Fever,G,24,24,6,2,0,0,0,2
2026,2026-06-16,Raven Johnson,Fever,G,14,6,0,1,0,0,1,1
2026,2026-06-15,Stephanie Talbot,Aces,F,20,4,4,3,0,0,1,1
2026,2026-06-15,NaLyssa Smith,Aces,F,23,9,6,0,0,0,0,2
2026,2026-06-15,A'ja Wilson,Aces,C,26,18,5,2,1,0,2,1
2026,2026-06-15,Chelsea Gray,Aces,G,29,0,4,9,2,0,4,3
2026,2026-06-15,Jackie Young,Aces,G,24,6,4,5,0,0,3,4
2026,2026-06-15,Cheyenne Parker-Tyus,Aces,F,18,4,5,3,1,1,1,1
2026,2026-06-15,Brianna Turner,Aces,F,11,2,0,0,0,0,0,0
2026,2026-06-15,Kierstan Bell,Aces,F,18,2,1,2,0,2,1,4
2026,2026-06-15,Jewell Loyd,Aces,G,31,21,2,0,1,0,2,2
2026,2026-06-15,Jessica Shepard,Wings,F,31,15,15,9,2,0,3,1
2026,2026-06-15,Awak Kuier,Wings,F,27,7,4,0,2,2,3,3
2026,2026-06-15,Arike Ogunbowale,Wings,G,30,22,4,7,2,0,0,2
2026,2026-06-15,Paige Bueckers,Wings,G,24,10,5,7,1,0,0,2
2026,2026-06-15,Azzi Fudd,Wings,G,28,19,0,1,0,0,1,1
2026,2026-06-15,Alysha Clark,Wings,F,5,0,1,0,0,0,0,1
2026,2026-06-15,Alanna Smith,Wings,F,9,4,1,0,0,0,0,1
2026,2026-06-15,Maddy Siegrist,Wings,F,9,5,1,0,0,0,0,2
2026,2026-06-15,Li Yueru,Wings,C,4,0,4,1,0,0,0,0
2026,2026-06-15,Sug Sutton,Wings,G,21,4,2,4,1,1,0,1
2026,2026-06-15,Aziaha James,Wings,G,12,10,4,1,2,0,0,0
2026,2026-06-15,Bridget Carleton,Fire,F,26,3,1,2,0,0,1,2
2026,2026-06-15,Emily Engstler,Fire,F,20,9,2,3,2,1,3,0
2026,2026-06-15,Megan DiLeo,Fire,C,17,9,3,0,1,0,0,2
2026,2026-06-15,Sarah Ashlee Barker,Fire,G,25,8,2,2,2,1,7,3
2026,2026-06-15,Carla Leite,Fire,G,19,10,2,3,1,0,4,3
2026,2026-06-15,Frieda Buhner,Fire,F,20,10,2,1,0,0,0,1
2026,2026-06-15,Nyadiew Puoch,Fire,F,21,3,3,2,0,0,0,3
2026,2026-06-15,Luisa Geiselsoder,Fire,C,15,9,4,0,1,0,0,3
2026,2026-06-15,Serah Williams,Fire,C,13,2,2,1,0,0,2,2
2026,2026-06-15,Holly Winterburn,Fire,G,8,2,0,2,0,0,1,2
2026,2026-06-15,Teja Oblak,Fire,G,17,9,6,5,0,0,3,3
2026,2026-06-15,Natasha Howard,Lynx,F,26,18,6,1,2,0,2,2
2026,2026-06-15,Nia Brodie,Lynx,F,21,15,5,4,3,3,0,0
2026,2026-06-15,Kayla McBride,Lynx,G,25,14,6,4,2,0,4,2
2026,2026-06-15,Courtney Williams,Lynx,G,24,16,5,4,0,0,2,0
2026,2026-06-15,Olivia Miles,Lynx,G,23,12,4,5,3,0,3,3
2026,2026-06-15,Antonia Delaere,Lynx,F,29,6,1,7,3,0,0,2
2026,2026-06-15,Anastasiia Olairi Kosu,Lynx,F,19,11,5,3,0,1,2,2
2026,2026-06-15,Teaira McCowan,Lynx,C,8,0,4,1,0,1,0,2
2026,2026-06-15,Maya Caldwell,Lynx,G,15,11,4,1,1,0,0,0
2026,2026-06-15,Eliska Joklova,Lynx,G,10,4,0,1,0,0,0,1
2026,2026-06-15,Nneka Ogwumike,Sparks,F,29,9,7,2,0,0,2,0
2026,2026-06-15,Dearica Hamby,Sparks,F,27,6,10,3,2,0,3,3
2026,2026-06-15,Erica Wheeler,Sparks,G,28,0,4,5,1,0,1,5
2026,2026-06-15,Kelsey Plum,Sparks,G,29,9,1,1,0,0,2,6
2026,2026-06-15,Ariel Atkins,Sparks,G,21,6,0,2,1,0,1,0
2026,2026-06-15,Cameron Brink,Sparks,F,15,10,2,0,0,1,1,1
2026,2026-06-15,Sania Feagin,Sparks,F,1,0,1,0,0,0,0,0
2026,2026-06-15,Jihyun Park,Sparks,F,4,2,1,0,0,0,0,0
2026,2026-06-15,Rae Burrell,Sparks,G,22,13,1,1,0,3,1,0
2026,2026-06-15,Kate Martin,Sparks,G,11,3,3,2,0,0,0,1
2026,2026-06-15,Ta'Niya Latson,Sparks,G,4,0,1,0,0,0,1,0
2026,2026-06-15,Chance Gray,Sparks,G,8,0,2,0,0,0,3,2
2026,2026-06-15,Kayla Thornton,Valkyries,F,23,6,2,1,4,0,0,4
2026,2026-06-15,Gabby Williams,Valkyries,F,28,16,4,1,1,0,3,2
2026,2026-06-15,Cecilia Zandalasini,Valkyries,F,18,10,3,3,1,0,0,1
2026,2026-06-15,Kiah Stokes,Valkyries,C,30,4,7,1,2,2,1,3
2026,2026-06-15,Veronica Burton,Valkyries,G,30,12,2,3,2,2,2,2
2026,2026-06-15,Laeticia Amihere,Valkyries,F,2,0,0,0,0,0,0,0
2026,2026-06-15,Janelle Salaun,Valkyries,F,25,7,4,2,1,0,0,3
2026,2026-06-15,Tiffany Hayes,Valkyries,G,10,4,0,2,1,0,1,1
2026,2026-06-15,Kaila Charles,Valkyries,G,22,13,8,5,0,0,0,3
2026,2026-06-15,Kaitlyn Chen,Valkyries,G,10,6,3,1,1,0,1,1
2026,2026-06-15,Juste Jocyte,Valkyries,G,2,0,0,0,0,0,1,0
2026,2026-06-14,Michaela Onyenwere,Mystics,F,21,17,4,1,0,1,2,2
2026,2026-06-14,Angela Dugalic,Mystics,F,26,4,6,0,2,0,5,5
2026,2026-06-14,Shakira Austin,Mystics,C,30,8,6,4,0,1,3,2
2026,2026-06-14,Sonia Citron,Mystics,G,31,12,3,2,0,0,1,1
2026,2026-06-14,Georgia Amoore,Mystics,G,16,0,2,2,1,0,0,3
2026,2026-06-14,Lauren Betts,Mystics,C,24,4,6,1,1,1,0,2
2026,2026-06-14,Rori Harmon,Mystics,G,2,0,0,1,0,0,0,0
2026,2026-06-14,Lucy Olsen,Mystics,G,4,2,0,0,0,0,0,1
2026,2026-06-14,Cotie McMahon,Mystics,G,21,8,3,0,1,0,0,0
2026,2026-06-14,Cassandre Prosper,Mystics,G,4,2,0,0,0,0,1,0
2026,2026-06-14,Alicia Florez,Mystics,G,22,7,2,6,1,0,4,3
2026,2026-06-14,Breanna Stewart,Liberty,F,30,14,12,1,0,7,1,2
2026,2026-06-14,Leonie Fiebich,Liberty,F,24,8,2,2,1,0,1,2
2026,2026-06-14,Jonquel Jones,Liberty,C,27,20,4,1,3,2,2,1
2026,2026-06-14,Marine Johannes,Liberty,G,17,8,4,2,0,0,1,2
2026,2026-06-14,Pauline Astier,Liberty,G,20,6,1,6,1,0,1,3
2026,2026-06-14,Satou Sabally,Liberty,F,19,7,2,6,0,0,4,3
2026,2026-06-14,Raquel Carrera,Liberty,F,2,4,0,0,0,0,0,0
2026,2026-06-14,Han Xu,Liberty,C,13,6,0,0,1,0,1,0
2026,2026-06-14,Rebekah Gardner,Liberty,G,11,4,0,0,3,0,1,2
2026,2026-06-14,Betnijah Laney-Hamilton,Liberty,G,11,4,2,1,0,1,3,0
2026,2026-06-14,Sabrina Ionescu,Liberty,G,26,5,3,3,0,0,2,1
2026,2026-06-14,Naz Hillmon,Dream,F,32,9,6,1,1,0,0,2
2026,2026-06-14,Angel Reese,Dream,F,27,15,17,1,1,1,2,5
2026,2026-06-14,Allisha Gray,Dream,G,35,26,3,7,1,0,0,3
2026,2026-06-14,Jordin Canada,Dream,G,28,5,5,9,3,0,2,1
2026,2026-06-14,Rhyne Howard,Dream,G,38,24,6,2,1,3,1,2
2026,2026-06-14,Sika Kone,Dream,F,2,0,1,0,0,0,0,0
2026,2026-06-14,Madina Okot,Dream,C,6,0,3,0,1,0,1,1
2026,2026-06-14,Te-Hina Paopao,Dream,G,12,6,0,0,0,0,0,2
2026,2026-06-14,Aaliyah Nye,Dream,G,1,0,0,0,0,0,1,0
2026,2026-06-14,Indya Nivar,Dream,G,1,0,0,1,0,0,0,0
2026,2026-06-14,Isobel Borlase,Dream,G,18,17,3,1,0,0,1,2
2026,2026-06-14,Isabelle Harrison,Tempo,F,19,17,3,0,1,2,3,3
2026,2026-06-14,Laura Juskaite,Tempo,F,26,5,2,3,1,0,3,2
2026,2026-06-14,Brittney Sykes,Tempo,G,35,11,2,4,0,1,4,3
2026,2026-06-14,Marina Mabrey,Tempo,G,27,9,4,2,0,1,1,2
2026,2026-06-14,Julie Allemand,Tempo,G,34,13,3,6,2,2,0,4
2026,2026-06-14,Maria Conde,Tempo,F,25,12,3,4,0,0,2,2
2026,2026-06-14,Teonni Key,Tempo,F,6,0,2,2,0,1,1,0
2026,2026-06-14,Temi Fagbenle,Tempo,C,17,7,3,2,0,0,0,2
2026,2026-06-14,Kia Nurse,Tempo,G,8,3,1,0,0,0,0,0
2026,2026-06-14,Tima Pouye,Tempo,G,4,0,1,0,1,0,1,1
2026,2026-06-13,Monique Billings,Fever,F,27,10,8,2,1,2,0,2
2026,2026-06-13,Aliyah Boston,Fever,C,32,13,11,5,1,0,2,3
2026,2026-06-13,Kelsey Mitchell,Fever,G,37,19,2,5,1,0,4,2
2026,2026-06-13,Lexie Hull,Fever,G,22,2,6,2,0,0,2,1
2026,2026-06-13,Caitlin Clark,Fever,G,36,25,3,5,0,1,6,2
2026,2026-06-13,Myisha Hines-Allen,Fever,F,10,0,0,0,0,0,1,3
2026,2026-06-13,Makayla Timpson,Fever,F,11,2,5,0,0,2,1,0
2026,2026-06-13,Sophie Cunningham,Fever,G,18,11,2,0,0,0,1,2
2026,2026-06-13,Tyasha Harris,Fever,G,4,0,0,0,1,0,0,0
2026,2026-06-13,Raven Johnson,Fever,G,3,3,1,0,0,0,0,1
2026,2026-06-13,Aaliyah Edwards,Sun,F,14,7,3,1,0,0,1,2
2026,2026-06-13,Diamond Miller,Sun,F,17,4,1,1,0,0,1,2
2026,2026-06-13,Brittney Griner,Sun,C,22,10,2,4,0,2,1,3
2026,2026-06-13,Saniya Rivers,Sun,G,27,9,3,4,2,1,0,3
2026,2026-06-13,Leila Lacan,Sun,G,30,11,1,7,4,0,1,5
2026,2026-06-13,Aneesah Morrow,Sun,F,21,8,5,2,0,0,0,2
2026,2026-06-13,Raegan Beers,Sun,F,2,0,0,0,0,0,1,0
2026,2026-06-13,Nell Angloma,Sun,F,9,1,0,0,0,1,1,1
2026,2026-06-13,Olivia Nelson-Ododa,Sun,C,21,12,7,1,0,0,1,2
2026,2026-06-13,Kennedy Burke,Sun,G,24,10,4,0,0,0,1,0
2026,2026-06-13,Charlisse Leger-Walker,Sun,G,14,3,0,4,1,0,1,2
2026,2026-06-13,Natasha Howard,Lynx,F,32,22,9,2,4,1,2,6
2026,2026-06-13,Nia Brodie,Lynx,F,26,3,3,2,0,2,0,2
2026,2026-06-13,Kayla McBride,Lynx,G,34,19,2,5,2,0,0,3
2026,2026-06-13,Courtney Williams,Lynx,G,33,17,5,4,0,0,1,1
2026,2026-06-13,Olivia Miles,Lynx,G,34,29,4,1,1,0,6,3
2026,2026-06-13,Liatu King,Lynx,F,9,4,4,0,0,0,0,2
2026,2026-06-13,Antonia Delaere,Lynx,F,13,3,2,2,1,0,1,1
2026,2026-06-13,Anastasiia Olairi Kosu,Lynx,F,10,0,2,0,0,0,0,1
2026,2026-06-13,Teaira McCowan,Lynx,C,2,0,0,0,0,0,0,0
2026,2026-06-13,Maya Caldwell,Lynx,G,6,0,0,0,0,0,0,0
2026,2026-06-13,Stephanie Talbot,Aces,F,20,0,3,1,0,0,0,1
2026,2026-06-13,NaLyssa Smith,Aces,F,27,15,6,0,1,0,1,2
2026,2026-06-13,A'ja Wilson,Aces,C,32,24,10,1,2,3,3,4
2026,2026-06-13,Chelsea Gray,Aces,G,34,23,4,7,2,0,3,1
2026,2026-06-13,Jackie Young,Aces,G,37,16,5,10,1,0,3,2
2026,2026-06-13,Cheyenne Parker-Tyus,Aces,F,12,9,2,1,0,0,0,1
2026,2026-06-13,Brianna Turner,Aces,F,2,0,0,0,0,0,0,0
2026,2026-06-13,Kierstan Bell,Aces,F,2,0,0,0,0,0,1,0
2026,2026-06-13,Jewell Loyd,Aces,G,26,9,2,3,2,0,0,2
2026,2026-06-13,Chennedy Carter,Aces,G,8,4,1,1,0,0,0,2
2026,2026-06-13,Jessica Shepard,Wings,F,35,13,14,2,1,0,3,1
2026,2026-06-13,Maddy Siegrist,Wings,F,14,5,2,2,0,0,0,1
2026,2026-06-13,Arike Ogunbowale,Wings,G,35,22,6,2,0,0,2,2
2026,2026-06-13,Azzi Fudd,Wings,G,32,18,4,3,2,2,1,5
2026,2026-06-13,Aziaha James,Wings,G,34,17,6,4,2,0,1,1
2026,2026-06-13,Alysha Clark,Wings,F,16,1,1,2,0,0,1,3
2026,2026-06-13,Alanna Smith,Wings,F,11,4,3,0,0,0,1,2
2026,2026-06-13,Awak Kuier,Wings,F,24,3,5,3,2,2,1,0
2026,2026-06-13,Bridget Carleton,Fire,F,31,20,4,1,1,0,2,2
2026,2026-06-13,Emily Engstler,Fire,F,24,11,6,2,1,2,1,1
2026,2026-06-13,Megan DiLeo,Fire,C,26,16,6,4,0,2,0,1
2026,2026-06-13,Sarah Ashlee Barker,Fire,G,32,10,5,3,1,0,2,3
2026,2026-06-13,Carla Leite,Fire,G,27,10,5,8,0,0,4,4
2026,2026-06-13,Frieda Buhner,Fire,F,13,5,0,0,1,0,0,2
2026,2026-06-13,Luisa Geiselsoder,Fire,C,14,7,2,3,0,1,1,2
2026,2026-06-13,Serah Williams,Fire,C,6,2,1,0,0,0,0,2
2026,2026-06-13,Karlie Samuelson,Fire,G,14,0,2,3,0,0,0,4
2026,2026-06-13,Teja Oblak,Fire,G,13,3,1,2,1,0,2,3
2026,2026-06-13,Nneka Ogwumike,Sparks,F,36,15,15,3,1,3,1,3
2026,2026-06-13,Dearica Hamby,Sparks,F,28,8,6,0,2,0,1,3
2026,2026-06-13,Erica Wheeler,Sparks,G,29,6,0,5,3,0,3,2
2026,2026-06-13,Kelsey Plum,Sparks,G,37,43,2,7,0,0,5,3
2026,2026-06-13,Ariel Atkins,Sparks,G,31,6,1,3,1,0,1,3
2026,2026-06-13,Cameron Brink,Sparks,F,22,9,9,2,1,2,0,2
2026,2026-06-13,Jihyun Park,Sparks,F,4,0,1,0,0,0,0,1
2026,2026-06-13,Rae Burrell,Sparks,G,27,24,3,1,0,3,0,1
2026,2026-06-13,Kate Martin,Sparks,G,4,0,0,0,0,0,0,1
2026,2026-06-13,Chance Gray,Sparks,G,8,0,0,0,0,0,0,0
2026,2026-06-13,Alyssa Thomas,Mercury,F,41,10,7,12,0,1,2,3
2026,2026-06-13,Natasha Mack,Mercury,F,35,11,12,4,4,3,0,2
2026,2026-06-13,Noemie Brochant,Mercury,F,23,8,3,1,0,0,3,3
2026,2026-06-13,Kahleah Copper,Mercury,G,38,41,10,1,0,0,5,2
2026,2026-06-13,Monique Akoa Makani,Mercury,G,24,9,2,5,1,0,1,5
2026,2026-06-13,DeWanna Bonner,Mercury,F,14,10,1,0,0,1,1,1
2026,2026-06-13,Jovana Nogic,Mercury,G,15,4,1,1,0,0,0,1
2026,2026-06-13,Lexi Held,Mercury,G,29,9,2,2,1,0,3,4
2026,2026-06-13,Quionche Carter,Mercury,G,8,0,0,0,0,0,0,2
2026,2026-06-12,Isabelle Harrison,Tempo,F,28,8,6,3,4,1,0,2
2026,2026-06-12,Laura Juskaite,Tempo,F,23,8,0,0,2,0,1,4
2026,2026-06-12,Brittney Sykes,Tempo,G,31,20,2,3,1,1,5,4
2026,2026-06-12,Marina Mabrey,Tempo,G,28,27,1,3,1,0,4,1
2026,2026-06-12,Julie Allemand,Tempo,G,26,9,2,3,3,1,2,2
2026,2026-06-12,Maria Conde,Tempo,F,22,7,6,4,1,0,3,4
2026,2026-06-12,Teonni Key,Tempo,F,15,2,1,2,3,2,0,0
2026,2026-06-12,Temi Fagbenle,Tempo,C,8,0,3,1,2,0,2,5
2026,2026-06-12,Kia Nurse,Tempo,G,3,0,0,1,1,0,0,1
2026,2026-06-12,Tima Pouye,Tempo,G,17,4,0,3,0,0,0,1
2026,2026-06-12,Michaela Onyenwere,Mystics,F,29,17,8,1,1,0,1,2
2026,2026-06-12,Angela Dugalic,Mystics,F,18,10,6,0,0,0,1,0
2026,2026-06-12,Shakira Austin,Mystics,C,32,12,11,3,0,2,9,2
2026,2026-06-12,Sonia Citron,Mystics,G,34,17,5,3,2,0,2,3
2026,2026-06-12,Georgia Amoore,Mystics,G,26,1,0,7,0,0,1,2
2026,2026-06-12,Lauren Betts,Mystics,C,21,18,4,1,2,0,3,0
2026,2026-06-12,Cotie McMahon,Mystics,G,23,9,2,3,2,0,1,1
2026,2026-06-12,Cassandre Prosper,Mystics,G,3,0,0,0,0,0,1,2
2026,2026-06-12,Alicia Florez,Mystics,G,14,2,3,4,1,0,3,2
2026,2026-06-12,Kayla Thornton,Valkyries,F,24,2,4,1,1,2,1,2
2026,2026-06-12,Gabby Williams,Valkyries,F,32,19,1,4,1,0,3,0
2026,2026-06-12,Cecilia Zandalasini,Valkyries,F,13,2,2,0,1,1,0,0
2026,2026-06-12,Kiah Stokes,Valkyries,C,23,2,5,1,1,1,0,2
2026,2026-06-12,Veronica Burton,Valkyries,G,30,11,5,8,2,1,3,3
2026,2026-06-12,Janelle Salaun,Valkyries,F,33,22,7,1,0,0,2,6
2026,2026-06-12,Tiffany Hayes,Valkyries,G,24,17,4,3,0,0,4,1
2026,2026-06-12,Kaila Charles,Valkyries,G,11,1,3,0,0,1,0,3
2026,2026-06-12,Kaitlyn Chen,Valkyries,G,10,0,2,0,0,0,0,1
2026,2026-06-12,Jordan Horston,Storm,F,26,5,5,5,2,2,1,2
2026,2026-06-12,Dominique Malonga,Storm,C,25,9,8,2,0,1,2,3
2026,2026-06-12,Awa Fam,Storm,C,35,8,6,1,0,1,1,5
2026,2026-06-12,Natisha Hiedeman,Storm,G,33,26,4,5,2,1,3,3
2026,2026-06-12,Flau'jae Johnson,Storm,G,29,8,5,1,0,0,3,5
2026,2026-06-12,Katie Lou Samuelson,Storm,F,12,8,1,0,0,0,0,1
2026,2026-06-12,Mackenzie Holmes,Storm,F,4,0,0,1,0,0,0,0
2026,2026-06-12,Stefanie Dolson,Storm,C,8,3,1,0,0,0,0,0
2026,2026-06-12,Zia Cooke,Storm,G,4,0,1,0,0,0,0,0
2026,2026-06-12,Jade Melbourne,Storm,G,27,5,0,2,2,0,1,4
2026,2026-06-11,Azura Stevens,Sky,F,26,10,9,6,1,1,1,3
2026,2026-06-11,Kamilla Cardoso,Sky,C,21,10,4,1,0,1,4,6
2026,2026-06-11,Skylar Diggins,Sky,G,32,21,3,1,1,0,1,1
2026,2026-06-11,Jacy Sheldon,Sky,G,26,10,1,4,0,0,1,5
2026,2026-06-11,Gabriela Jaquez,Sky,G,22,6,2,1,1,0,0,1
2026,2026-06-11,Elizabeth Williams,Sky,C,24,7,3,1,1,3,1,2
2026,2026-06-11,Natasha Cloud,Sky,G,34,6,4,5,0,0,5,6
2026,2026-06-11,Rachel Banham,Sky,G,5,0,0,0,0,0,2,0
2026,2026-06-11,Aicha Coulibaly,Sky,G,15,6,6,1,1,1,0,1
2026,2026-06-11,Sydney Taylor,Sky,G,21,30,2,2,1,1,1,0
2026,2026-06-11,Monique Billings,Fever,F,10,0,2,1,0,0,0,3
2026,2026-06-11,Aliyah Boston,Fever,C,32,34,12,3,1,2,3,4
2026,2026-06-11,Kelsey Mitchell,Fever,G,39,19,1,3,3,0,2,3
2026,2026-06-11,Lexie Hull,Fever,G,32,11,8,1,2,0,1,4
2026,2026-06-11,Caitlin Clark,Fever,G,40,32,7,10,0,0,5,4
2026,2026-06-11,Myisha Hines-Allen,Fever,F,23,5,9,3,0,1,1,2
2026,2026-06-11,Makayla Timpson,Fever,F,20,4,6,0,0,2,2,4
2026,2026-06-11,Damiris Dantas,Fever,C,5,2,1,0,0,0,1,2
2026,2026-06-11,Tyasha Harris,Fever,G,11,4,0,1,0,1,0,0
2026,2026-06-11,Raven Johnson,Fever,G,13,3,0,0,2,0,0,1
2026,2026-06-11,Breanna Stewart,Liberty,F,35,19,11,5,2,1,4,2
2026,2026-06-11,Leonie Fiebich,Liberty,F,27,6,3,1,0,0,4,3
2026,2026-06-11,Jonquel Jones,Liberty,C,26,16,10,5,0,3,4,5
2026,2026-06-11,Marine Johannes,Liberty,G,22,17,1,0,0,0,2,2
2026,2026-06-11,Pauline Astier,Liberty,G,26,16,8,5,0,0,1,2
2026,2026-06-11,Satou Sabally,Liberty,F,17,19,3,0,0,0,1,2
2026,2026-06-11,Raquel Carrera,Liberty,F,8,3,0,0,0,0,0,2
2026,2026-06-11,Han Xu,Liberty,C,7,0,0,2,0,0,0,1
2026,2026-06-11,Rebekah Gardner,Liberty,G,13,8,3,2,0,0,2,2
2026,2026-06-11,Betnijah Laney-Hamilton,Liberty,G,14,0,1,3,0,0,0,1
2026,2026-06-11,Marine Fauthoux,Liberty,G,5,0,0,1,0,0,1,0
2026,2026-06-11,Naz Hillmon,Dream,F,30,7,1,3,0,0,1,0
2026,2026-06-11,Angel Reese,Dream,F,33,25,9,3,2,1,2,5
2026,2026-06-11,Allisha Gray,Dream,G,31,18,3,2,1,0,0,4
2026,2026-06-11,Jordin Canada,Dream,G,29,3,3,7,2,0,1,4
2026,2026-06-11,Rhyne Howard,Dream,G,36,24,4,3,4,1,1,3
2026,2026-06-11,Sika Kone,Dream,F,3,2,1,0,0,0,0,0
2026,2026-06-11,Madina Okot,Dream,C,7,3,1,1,0,0,0,1
2026,2026-06-11,Te-Hina Paopao,Dream,G,11,3,0,2,1,0,0,1
2026,2026-06-11,Aaliyah Nye,Dream,G,1,0,0,1,1,0,0,0
2026,2026-06-11,Indya Nivar,Dream,G,1,0,0,0,0,0,0,0
2026,2026-06-11,Isobel Borlase,Dream,G,19,5,2,0,0,0,0,3
2026,2026-06-11,Alyssa Thomas,Mercury,F,32,6,9,10,2,0,6,2
2026,2026-06-11,Natasha Mack,Mercury,F,22,8,3,2,0,0,1,2
2026,2026-06-11,Noemie Brochant,Mercury,F,22,4,2,1,2,0,0,3
2026,2026-06-11,Kahleah Copper,Mercury,G,29,13,2,3,0,0,4,2
2026,2026-06-11,Monique Akoa Makani,Mercury,G,24,6,0,1,1,1,2,1
2026,2026-06-11,DeWanna Bonner,Mercury,F,29,9,7,1,3,0,1,2
2026,2026-06-11,Jovana Nogic,Mercury,G,16,7,2,1,1,0,1,0
2026,2026-06-11,Lexi Held,Mercury,G,23,17,4,1,1,0,1,3
2026,2026-06-11,Quionche Carter,Mercury,G,3,0,1,1,0,0,0,0
2026,2026-06-11,Jessica Shepard,Wings,F,32,17,10,7,2,0,0,0
2026,2026-06-11,Maddy Siegrist,Wings,F,14,0,2,0,0,0,2,0
2026,2026-06-11,Arike Ogunbowale,Wings,G,29,2,6,1,2,0,4,2
2026,2026-06-11,Paige Bueckers,Wings,G,32,31,6,5,1,0,2,3
2026,2026-06-11,Azzi Fudd,Wings,G,34,17,3,4,1,3,2,3
2026,2026-06-11,Alysha Clark,Wings,F,5,0,0,1,0,0,0,2
2026,2026-06-11,Alanna Smith,Wings,F,16,2,5,1,0,0,2,2
2026,2026-06-11,Awak Kuier,Wings,F,15,4,3,1,0,1,2,1
2026,2026-06-11,Li Yueru,Wings,C,2,3,1,0,0,0,1,0
2026,2026-06-11,Aziaha James,Wings,G,17,7,1,4,3,0,1,4
2026,2026-06-11,JJ Quinerly,Wings,G,3,2,0,0,0,0,0,0
2026,2026-06-11,Stephanie Talbot,Aces,F,24,8,10,3,1,1,1,4
2026,2026-06-11,NaLyssa Smith,Aces,F,25,12,10,3,0,0,2,4
2026,2026-06-11,A'ja Wilson,Aces,C,36,32,5,4,1,2,3,1
2026,2026-06-11,Chelsea Gray,Aces,G,37,29,5,3,0,0,5,0
2026,2026-06-11,Jackie Young,Aces,G,35,18,8,10,1,1,2,2
2026,2026-06-11,Cheyenne Parker-Tyus,Aces,F,8,4,2,0,0,0,0,1
2026,2026-06-11,Brianna Turner,Aces,F,2,0,0,0,0,0,0,0
2026,2026-06-11,Jewell Loyd,Aces,G,25,2,2,2,3,0,1,0
2026,2026-06-11,Chennedy Carter,Aces,G,8,0,0,0,0,0,0,3
2026,2026-06-11,Bridget Carleton,Fire,F,33,13,1,0,1,0,2,2
2026,2026-06-11,Emily Engstler,Fire,F,24,7,6,0,2,2,2,3
2026,2026-06-11,Megan DiLeo,Fire,C,28,17,2,0,0,0,0,4
2026,2026-06-11,Sarah Ashlee Barker,Fire,G,30,14,1,4,1,0,2,4
2026,2026-06-11,Carla Leite,Fire,G,28,18,3,8,1,0,0,0
2026,2026-06-11,Frieda Buhner,Fire,F,10,2,0,0,0,0,1,3
2026,2026-06-11,Nyadiew Puoch,Fire,F,7,0,0,1,1,0,1,1
2026,2026-06-11,Luisa Geiselsoder,Fire,C,12,6,1,0,0,0,0,4
2026,2026-06-11,Serah Williams,Fire,C,5,2,1,1,0,0,0,1
2026,2026-06-11,Karlie Samuelson,Fire,G,12,1,1,2,0,1,1,2
2026,2026-06-11,Teja Oblak,Fire,G,12,9,3,6,1,0,0,1
2026,2026-06-10,Aaliyah Edwards,Sun,F,30,24,4,0,0,0,3,4
2026,2026-06-10,Diamond Miller,Sun,F,30,11,4,1,0,0,2,2
2026,2026-06-10,Olivia Nelson-Ododa,Sun,C,29,9,13,1,0,1,5,6
2026,2026-06-10,Saniya Rivers,Sun,G,35,12,7,7,1,2,1,4
2026,2026-06-10,Leila Lacan,Sun,G,32,24,1,7,1,1,2,6
2026,2026-06-10,Raegan Beers,Sun,F,9,3,4,1,0,1,0,3
2026,2026-06-10,Nell Angloma,Sun,F,11,4,2,1,0,1,0,2
2026,2026-06-10,Kennedy Burke,Sun,G,29,11,6,2,1,0,2,1
2026,2026-06-10,Charlisse Leger-Walker,Sun,G,18,4,1,1,0,0,2,1
2026,2026-06-10,Gianna Kneepkens,Sun,G,0,0,0,0,0,0,1,0
2026,2026-06-10,Nyara Sabally,Tempo,F,30,15,5,3,0,0,0,5
2026,2026-06-10,Laura Juskaite,Tempo,F,37,19,6,2,4,1,0,5
2026,2026-06-10,Brittney Sykes,Tempo,G,41,38,4,1,2,1,2,3
2026,2026-06-10,Marina Mabrey,Tempo,G,34,21,1,1,3,0,3,3
2026,2026-06-10,Julie Allemand,Tempo,G,36,6,2,4,2,0,4,4
2026,2026-06-10,Isabelle Harrison,Tempo,F,13,5,3,2,0,0,0,6
2026,2026-06-10,Maria Conde,Tempo,F,15,0,2,2,1,1,2,2
2026,2026-06-10,Teonni Key,Tempo,F,9,0,3,1,0,0,0,3
2026,2026-06-10,Kia Nurse,Tempo,G,3,0,0,0,0,0,0,0
2026,2026-06-10,Tima Pouye,Tempo,G,8,2,2,2,0,0,0,1
2026,2026-06-10,Nneka Ogwumike,Sparks,F,33,24,9,1,1,0,0,0
2026,2026-06-10,Dearica Hamby,Sparks,F,28,6,10,0,0,0,0,2
2026,2026-06-10,Erica Wheeler,Sparks,G,26,10,1,1,0,0,2,4
2026,2026-06-10,Kelsey Plum,Sparks,G,33,19,1,11,4,0,3,2
2026,2026-06-10,Ariel Atkins,Sparks,G,25,7,6,3,4,0,0,3
2026,2026-06-10,Cameron Brink,Sparks,F,18,15,6,1,0,2,1,5
2026,2026-06-10,Jihyun Park,Sparks,F,2,0,0,0,0,0,0,1
2026,2026-06-10,Rae Burrell,Sparks,G,27,4,2,1,0,2,2,0
2026,2026-06-10,Chance Gray,Sparks,G,7,3,3,2,1,0,1,0
2026,2026-06-10,Jordan Horston,Storm,F,26,11,4,4,1,1,0,4
2026,2026-06-10,Dominique Malonga,Storm,C,24,15,7,2,0,0,4,4
2026,2026-06-10,Awa Fam,Storm,C,30,12,6,4,0,2,3,0
2026,2026-06-10,Natisha Hiedeman,Storm,G,29,16,1,5,1,0,3,3
2026,2026-06-10,Flau'jae Johnson,Storm,G,30,14,12,6,0,0,0,1
2026,2026-06-10,Katie Lou Samuelson,Storm,F,9,3,0,0,1,0,2,1
2026,2026-06-10,Mackenzie Holmes,Storm,F,7,0,1,0,0,1,0,1
2026,2026-06-10,Stefanie Dolson,Storm,C,19,2,2,2,0,0,1,3
2026,2026-06-10,Zia Cooke,Storm,G,10,6,1,0,1,0,1,1
2026,2026-06-10,Jade Melbourne,Storm,G,16,4,1,3,1,0,1,3
2026,2026-06-09,Naz Hillmon,Dream,F,38,16,6,1,1,0,0,3
2026,2026-06-09,Angel Reese,Dream,F,35,17,17,4,2,0,6,4
2026,2026-06-09,Allisha Gray,Dream,G,35,14,4,1,3,0,1,2
2026,2026-06-09,Jordin Canada,Dream,G,33,14,1,6,0,0,4,2
2026,2026-06-09,Rhyne Howard,Dream,G,36,17,3,5,3,0,1,3
2026,2026-06-09,Sika Kone,Dream,F,1,0,0,0,0,0,0,0
2026,2026-06-09,Madina Okot,Dream,C,5,0,2,0,0,0,2,0
2026,2026-06-09,Te-Hina Paopao,Dream,G,7,0,2,1,0,0,1,1
2026,2026-06-09,Aaliyah Nye,Dream,G,1,0,0,0,0,0,0,0
2026,2026-06-09,Indya Nivar,Dream,G,0,0,0,0,0,0,0,0
2026,2026-06-09,Isobel Borlase,Dream,G,10,4,1,0,0,0,1,0
2026,2026-06-09,Azura Stevens,Sky,F,23,8,7,0,1,0,1,2
2026,2026-06-09,Kamilla Cardoso,Sky,C,35,13,2,5,1,4,1,3
2026,2026-06-09,Skylar Diggins,Sky,G,32,17,3,3,1,0,3,1
2026,2026-06-09,Jacy Sheldon,Sky,G,25,6,0,3,1,1,1,2
2026,2026-06-09,Gabriela Jaquez,Sky,G,19,3,4,0,0,0,5,5
2026,2026-06-09,Elizabeth Williams,Sky,C,20,7,3,2,0,0,2,3
2026,2026-06-09,Natasha Cloud,Sky,G,30,18,6,4,2,2,0,3
2026,2026-06-09,Rachel Banham,Sky,G,14,3,0,0,0,0,1,1
2026,2026-06-09,Sydney Taylor,Sky,G,3,0,0,0,0,0,1,1
2026,2026-06-09,Jessica Shepard,Wings,F,29,12,9,4,0,0,1,4
2026,2026-06-09,Maddy Siegrist,Wings,F,22,4,7,2,1,1,1,0
2026,2026-06-09,Arike Ogunbowale,Wings,G,28,16,3,6,3,0,0,3
2026,2026-06-09,Paige Bueckers,Wings,G,30,23,1,2,0,1,5,2
2026,2026-06-09,Azzi Fudd,Wings,G,30,6,0,0,2,0,2,3
2026,2026-06-09,Alysha Clark,Wings,F,14,0,1,0,1,0,1,1
2026,2026-06-09,Alanna Smith,Wings,F,9,0,2,1,2,0,1,1
2026,2026-06-09,Li Yueru,Wings,C,6,2,2,0,0,0,1,3
2026,2026-06-09,Aziaha James,Wings,G,16,9,5,0,0,0,0,1
2026,2026-06-09,JJ Quinerly,Wings,G,10,0,1,2,0,1,0,0
2026,2026-06-09,Costanza Verona,Wings,G,6,4,0,2,0,0,0,0
2026,2026-06-09,Natasha Howard,Lynx,F,29,21,4,4,3,1,4,4
2026,2026-06-09,Nia Brodie,Lynx,F,25,6,8,1,0,0,0,1
2026,2026-06-09,Kayla McBride,Lynx,G,30,22,5,4,0,0,0,1
2026,2026-06-09,Courtney Williams,Lynx,G,31,16,8,2,3,0,2,1
2026,2026-06-09,Olivia Miles,Lynx,G,31,24,7,6,1,1,4,1
2026,2026-06-09,Antonia Delaere,Lynx,F,14,2,1,2,1,0,0,0
2026,2026-06-09,Anastasiia Olairi Kosu,Lynx,F,20,6,5,2,1,1,2,0
2026,2026-06-09,Teaira McCowan,Lynx,C,6,0,1,0,0,0,0,1
2026,2026-06-09,Maya Caldwell,Lynx,G,15,3,2,0,0,0,0,2
2026,2026-06-09,Alyssa Thomas,Mercury,F,32,22,8,9,1,0,4,1
2026,2026-06-09,Natasha Mack,Mercury,F,25,9,10,1,0,1,2,2
2026,2026-06-09,Noemie Brochant,Mercury,F,29,10,2,6,2,0,2,2
2026,2026-06-09,Kahleah Copper,Mercury,G,26,9,4,1,1,0,1,1
2026,2026-06-09,Monique Akoa Makani,Mercury,G,32,19,3,3,1,0,0,4
2026,2026-06-09,DeWanna Bonner,Mercury,F,28,3,4,0,0,1,0,1
2026,2026-06-09,Jovana Nogic,Mercury,G,9,2,0,1,0,0,1,4
2026,2026-06-09,Lexi Held,Mercury,G,15,5,2,2,1,0,2,4
2026,2026-06-09,Quionche Carter,Mercury,G,3,2,0,0,1,0,0,1
2026,2026-06-09,Kayla Thornton,Valkyries,F,35,12,4,2,1,0,0,2
2026,2026-06-09,Gabby Williams,Valkyries,F,30,25,4,1,1,0,1,4
2026,2026-06-09,Cecilia Zandalasini,Valkyries,F,17,0,0,1,3,0,2,2
2026,2026-06-09,Kiah Stokes,Valkyries,C,20,3,4,3,0,1,1,1
2026,2026-06-09,Veronica Burton,Valkyries,G,37,25,3,8,0,0,2,5
2026,2026-06-09,Janelle Salaun,Valkyries,F,25,11,5,0,1,0,1,2
2026,2026-06-09,Tiffany Hayes,Valkyries,G,13,7,1,3,0,0,1,0
2026,2026-06-09,Kaila Charles,Valkyries,G,20,4,6,0,2,1,0,4
2026,2026-06-09,Kaitlyn Chen,Valkyries,G,3,0,0,0,0,0,1,1
2026,2026-06-08,Breanna Stewart,Liberty,F,34,28,9,3,3,0,2,2
2026,2026-06-08,Leonie Fiebich,Liberty,F,28,5,7,1,0,0,1,1
2026,2026-06-08,Han Xu,Liberty,C,22,14,6,2,0,2,1,4
2026,2026-06-08,Marine Johannes,Liberty,G,24,7,4,3,1,0,2,3
2026,2026-06-08,Pauline Astier,Liberty,G,26,6,3,4,0,1,4,1
2026,2026-06-08,Satou Sabally,Liberty,F,19,9,2,2,0,0,2,3
2026,2026-06-08,Raquel Carrera,Liberty,F,13,7,5,1,0,1,2,4
2026,2026-06-08,Rebekah Gardner,Liberty,G,8,2,1,0,0,0,1,1
2026,2026-06-08,Betnijah Laney-Hamilton,Liberty,G,18,11,5,0,0,0,3,4
2026,2026-06-08,Marine Fauthoux,Liberty,G,6,0,0,1,0,0,1,1
2026,2026-06-08,Aaliyah Edwards,Sun,F,28,15,5,0,3,0,1,2
2026,2026-06-08,Diamond Miller,Sun,F,23,10,2,2,0,0,0,3
2026,2026-06-08,Olivia Nelson-Ododa,Sun,C,26,15,8,1,0,1,0,5
2026,2026-06-08,Saniya Rivers,Sun,G,29,12,5,3,0,2,2,3
2026,2026-06-08,Leila Lacan,Sun,G,26,7,0,7,2,0,1,2
2026,2026-06-08,Raegan Beers,Sun,F,14,4,2,0,0,0,1,5
2026,2026-06-08,Nell Angloma,Sun,F,12,7,2,2,0,0,2,3
2026,2026-06-08,Kennedy Burke,Sun,G,15,1,1,0,1,0,1,1
2026,2026-06-08,Charlisse Leger-Walker,Sun,G,14,4,2,2,2,0,2,3
2026,2026-06-08,Gianna Kneepkens,Sun,G,13,5,1,4,0,0,0,1
2026,2026-06-08,Monique Billings,Fever,F,19,4,2,0,2,0,0,5
2026,2026-06-08,Aliyah Boston,Fever,C,24,14,10,3,2,2,5,5
2026,2026-06-08,Kelsey Mitchell,Fever,G,31,15,2,3,1,1,1,5
2026,2026-06-08,Lexie Hull,Fever,G,22,8,3,0,0,0,1,4
2026,2026-06-08,Caitlin Clark,Fever,G,31,19,3,5,1,0,5,3
2026,2026-06-08,Myisha Hines-Allen,Fever,F,18,5,4,1,1,0,3,1
2026,2026-06-08,Makayla Timpson,Fever,F,2,0,0,1,0,0,0,0
2026,2026-06-08,Damiris Dantas,Fever,C,12,3,1,0,1,0,1,2
2026,2026-06-08,Sophie Cunningham,Fever,G,23,8,2,3,0,0,0,1
2026,2026-06-08,Tyasha Harris,Fever,G,11,2,1,3,0,1,1,0
2026,2026-06-08,Raven Johnson,Fever,G,7,0,0,0,0,0,0,0
2026,2026-06-08,Michaela Onyenwere,Mystics,F,24,17,2,1,1,0,2,5
2026,2026-06-08,Kiki Iriafen,Mystics,F,8,2,2,1,0,0,0,1
2026,2026-06-08,Shakira Austin,Mystics,C,34,10,9,4,0,1,5,1
2026,2026-06-08,Sonia Citron,Mystics,G,38,12,0,5,1,2,2,1
2026,2026-06-08,Georgia Amoore,Mystics,G,29,12,1,4,1,1,2,1
2026,2026-06-08,Angela Dugalic,Mystics,F,18,7,5,1,2,1,2,5
2026,2026-06-08,Lauren Betts,Mystics,C,12,8,3,1,0,0,0,2
2026,2026-06-08,Cotie McMahon,Mystics,G,22,7,7,3,0,0,1,2
2026,2026-06-08,Cassandre Prosper,Mystics,G,6,1,1,0,0,0,0,1
2026,2026-06-08,Alicia Florez,Mystics,G,9,0,1,1,0,1,1,4
2026,2026-06-08,Jordan Horston,Storm,F,18,0,7,1,3,0,1,1
2026,2026-06-08,Dominique Malonga,Storm,C,17,19,5,0,1,0,2,5
2026,2026-06-08,Awa Fam,Storm,C,29,16,3,1,0,0,3,3
2026,2026-06-08,Natisha Hiedeman,Storm,G,28,17,5,5,3,0,1,1
2026,2026-06-08,Flau'jae Johnson,Storm,G,24,13,2,7,0,0,0,3
2026,2026-06-08,Katie Lou Samuelson,Storm,F,20,7,3,0,2,0,0,0
2026,2026-06-08,Mackenzie Holmes,Storm,F,12,3,2,0,0,0,0,1
2026,2026-06-08,Stefanie Dolson,Storm,C,16,3,0,2,0,1,1,4
2026,2026-06-08,Zia Cooke,Storm,G,13,7,0,1,0,0,0,4
2026,2026-06-08,Jade Melbourne,Storm,G,23,6,0,5,1,0,1,1
2026,2026-06-08,Stephanie Talbot,Aces,F,17,3,3,3,1,0,2,2
2026,2026-06-08,NaLyssa Smith,Aces,F,26,16,9,0,0,0,1,0
2026,2026-06-08,A'ja Wilson,Aces,C,36,34,12,9,1,3,2,1
2026,2026-06-08,Chelsea Gray,Aces,G,35,12,5,8,0,0,1,3
2026,2026-06-08,Jackie Young,Aces,G,34,29,3,6,0,1,4,2
2026,2026-06-08,Cheyenne Parker-Tyus,Aces,F,10,0,1,1,0,1,0,1
2026,2026-06-08,Brianna Turner,Aces,F,6,0,0,0,1,0,0,1
2026,2026-06-08,Kierstan Bell,Aces,F,8,2,4,0,0,0,1,0
2026,2026-06-08,Jewell Loyd,Aces,G,28,5,2,0,1,0,1,3
2026,2026-06-07,Azura Stevens,Sky,F,24,18,10,0,0,0,0,3
2026,2026-06-07,Kamilla Cardoso,Sky,C,23,9,8,2,0,1,2,5
2026,2026-06-07,Skylar Diggins,Sky,G,27,7,1,3,0,0,1,1
2026,2026-06-07,Rachel Banham,Sky,G,22,3,2,1,0,0,2,2
2026,2026-06-07,Jacy Sheldon,Sky,G,21,10,3,2,1,0,5,5
2026,2026-06-07,Elizabeth Williams,Sky,C,22,4,3,2,1,2,0,3
2026,2026-06-07,Natasha Cloud,Sky,G,27,6,4,3,0,1,3,1
2026,2026-06-07,Saylor Poffenbarger,Sky,G,8,0,3,1,0,0,0,1
2026,2026-06-07,Sydney Taylor,Sky,G,8,0,0,0,0,1,1,1
2026,2026-06-07,Gabriela Jaquez,Sky,G,19,11,3,1,2,0,2,2
2026,2026-06-07,Nyara Sabally,Tempo,F,25,15,6,1,1,1,1,3
2026,2026-06-07,Laura Juskaite,Tempo,F,22,10,4,1,0,0,0,3
2026,2026-06-07,Brittney Sykes,Tempo,G,30,25,7,3,1,0,0,2
2026,2026-06-07,Marina Mabrey,Tempo,G,30,9,4,6,2,1,3,0
2026,2026-06-07,Julie Allemand,Tempo,G,26,4,6,3,1,0,1,1
2026,2026-06-07,Isabelle Harrison,Tempo,F,17,14,6,2,1,0,0,4
2026,2026-06-07,Maria Conde,Tempo,F,24,5,6,2,0,0,1,1
2026,2026-06-07,Teonni Key,Tempo,F,12,1,4,0,1,2,1,5
2026,2026-06-07,Kia Nurse,Tempo,G,9,2,1,0,0,0,1,3
2026,2026-06-07,Tima Pouye,Tempo,G,3,0,0,1,0,0,1,0
2026,2026-06-07,Bridget Carleton,Fire,F,26,7,7,2,0,0,3,1
2026,2026-06-07,Emily Engstler,Fire,F,25,10,8,0,1,0,2,5
2026,2026-06-07,Megan DiLeo,Fire,C,25,16,11,0,0,1,0,2
2026,2026-06-07,Sarah Ashlee Barker,Fire,G,28,6,2,7,1,1,3,4
2026,2026-06-07,Carla Leite,Fire,G,25,10,4,4,0,1,4,2
2026,2026-06-07,Frieda Buhner,Fire,F,15,7,2,1,1,0,0,2
2026,2026-06-07,Nyadiew Puoch,Fire,F,14,4,1,0,0,0,0,2
2026,2026-06-07,Luisa Geiselsoder,Fire,C,15,4,4,0,0,1,1,2
2026,2026-06-07,Karlie Samuelson,Fire,G,11,6,1,0,1,1,0,0
2026,2026-06-07,Teja Oblak,Fire,G,17,2,2,5,1,0,2,1
2026,2026-06-07,Nneka Ogwumike,Sparks,F,32,20,17,2,2,0,2,2
2026,2026-06-07,Dearica Hamby,Sparks,F,30,22,12,0,2,1,0,3
2026,2026-06-07,Erica Wheeler,Sparks,G,27,6,1,4,1,0,0,2
2026,2026-06-07,Kelsey Plum,Sparks,G,35,16,6,7,3,0,1,4
2026,2026-06-07,Ariel Atkins,Sparks,G,18,6,2,2,1,0,3,2
2026,2026-06-07,Cameron Brink,Sparks,F,10,2,0,0,1,1,2,4
2026,2026-06-07,Rae Burrell,Sparks,G,26,10,3,1,1,0,2,1
2026,2026-06-07,Kate Martin,Sparks,G,8,5,0,1,0,2,0,4
2026,2026-06-07,Chance Gray,Sparks,G,15,2,1,0,0,0,2,0
2026,2026-06-06,Jordan Horston,Storm,F,18,7,3,2,0,0,3,1
2026,2026-06-06,Stefanie Dolson,Storm,C,20,6,4,1,0,0,1,2
2026,2026-06-06,Awa Fam,Storm,C,30,5,4,4,0,0,4,4
2026,2026-06-06,Natisha Hiedeman,Storm,G,26,14,4,5,3,0,4,0
2026,2026-06-06,Flau'jae Johnson,Storm,G,26,10,6,2,1,0,3,1
2026,2026-06-06,Katie Lou Samuelson,Storm,F,18,0,2,0,1,0,0,0
2026,2026-06-06,Mackenzie Holmes,Storm,F,14,1,4,2,0,0,1,0
2026,2026-06-06,Taylor Thierry,Storm,F,2,0,0,0,0,0,0,0
2026,2026-06-06,Dominique Malonga,Storm,C,14,7,2,0,2,0,2,1
2026,2026-06-06,Zia Cooke,Storm,G,9,4,2,0,0,0,1,1
2026,2026-06-06,Jade Melbourne,Storm,G,20,14,4,0,0,1,2,2
2026,2026-06-06,Taina Mair,Storm,G,2,0,0,0,0,0,0,0
2026,2026-06-06,Natasha Howard,Lynx,F,30,27,5,1,3,2,2,2
2026,2026-06-06,Nia Brodie,Lynx,F,27,6,8,5,3,2,1,1
2026,2026-06-06,Kayla McBride,Lynx,G,23,11,2,3,1,0,1,1
2026,2026-06-06,Courtney Williams,Lynx,G,27,11,5,7,2,0,2,1
2026,2026-06-06,Olivia Miles,Lynx,G,33,19,6,6,1,0,1,3
2026,2026-06-06,Antonia Delaere,Lynx,F,14,0,3,2,1,0,1,1
2026,2026-06-06,Anastasiia Olairi Kosu,Lynx,F,17,4,1,1,2,0,0,2
2026,2026-06-06,Teaira McCowan,Lynx,C,7,4,3,1,0,0,1,2
2026,2026-06-06,Maya Caldwell,Lynx,G,22,6,3,1,0,0,3,3
2026,2026-06-06,Kayla Thornton,Valkyries,F,35,10,9,1,0,0,1,4
2026,2026-06-06,Gabby Williams,Valkyries,F,28,27,6,1,2,0,1,2
2026,2026-06-06,Cecilia Zandalasini,Valkyries,F,16,4,1,0,1,0,1,0
2026,2026-06-06,Kiah Stokes,Valkyries,C,17,2,4,1,0,1,1,2
2026,2026-06-06,Veronica Burton,Valkyries,G,34,15,5,3,0,0,1,3
2026,2026-06-06,Janelle Salaun,Valkyries,F,28,11,3,2,0,0,1,2
2026,2026-06-06,Tiffany Hayes,Valkyries,G,16,5,3,3,1,0,2,4
2026,2026-06-06,Kaila Charles,Valkyries,G,20,5,6,3,0,0,1,1
2026,2026-06-06,Kaitlyn Chen,Valkyries,G,6,0,1,0,0,0,0,1
2026,2026-06-06,Stephanie Talbot,Aces,F,19,6,0,4,0,2,1,2
2026,2026-06-06,NaLyssa Smith,Aces,F,29,6,6,1,0,0,1,3
2026,2026-06-06,A'ja Wilson,Aces,C,35,28,14,3,0,0,2,3
2026,2026-06-06,Chelsea Gray,Aces,G,36,12,6,6,2,0,4,3
2026,2026-06-06,Jackie Young,Aces,G,36,27,5,5,0,0,1,3
2026,2026-06-06,Brianna Turner,Aces,F,9,0,0,0,0,0,1,1
2026,2026-06-06,Kierstan Bell,Aces,F,7,0,0,0,0,0,0,0
2026,2026-06-06,Jewell Loyd,Aces,G,28,5,5,3,1,0,1,4
2026,2026-06-06,Michaela Onyenwere,Mystics,F,21,4,0,0,0,0,1,4
2026,2026-06-06,Kiki Iriafen,Mystics,F,27,24,3,3,1,1,2,3
2026,2026-06-06,Shakira Austin,Mystics,C,22,7,5,4,0,3,3,3
2026,2026-06-06,Sonia Citron,Mystics,G,29,18,2,6,1,0,2,2
2026,2026-06-06,Georgia Amoore,Mystics,G,23,0,2,1,1,0,1,3
2026,2026-06-06,Angela Dugalic,Mystics,F,14,5,9,1,0,0,1,1
2026,2026-06-06,Lauren Betts,Mystics,C,16,6,1,1,0,0,1,3
2026,2026-06-06,Rori Harmon,Mystics,G,2,0,0,0,0,0,0,1
2026,2026-06-06,Cotie McMahon,Mystics,G,15,7,2,0,0,0,2,3
2026,2026-06-06,Cassandre Prosper,Mystics,G,11,4,0,1,0,0,0,1
2026,2026-06-06,Alicia Florez,Mystics,G,20,2,2,0,1,0,4,2
2026,2026-06-06,Naz Hillmon,Dream,F,25,6,6,1,1,1,0,3
2026,2026-06-06,Angel Reese,Dream,F,25,18,17,0,4,1,3,3
2026,2026-06-06,Allisha Gray,Dream,G,25,15,1,5,0,0,1,2
2026,2026-06-06,Jordin Canada,Dream,G,25,11,2,5,0,0,0,0
2026,2026-06-06,Rhyne Howard,Dream,G,21,19,0,3,6,1,2,4
2026,2026-06-06,Sika Kone,Dream,F,12,9,6,2,1,0,1,3
2026,2026-06-06,Madina Okot,Dream,C,18,11,5,0,1,0,3,4
2026,2026-06-06,Te-Hina Paopao,Dream,G,14,6,1,3,0,1,0,2
2026,2026-06-06,Aaliyah Nye,Dream,G,5,3,0,0,0,0,0,0
2026,2026-06-06,Indya Nivar,Dream,G,8,2,2,0,1,0,0,4
2026,2026-06-06,Isobel Borlase,Dream,G,23,9,2,2,2,0,1,1
2026,2026-06-06,Monique Billings,Fever,F,35,15,8,1,0,1,1,3
2026,2026-06-06,Aliyah Boston,Fever,C,29,13,9,1,1,3,4,5
2026,2026-06-06,Kelsey Mitchell,Fever,G,32,21,7,2,0,0,4,3
2026,2026-06-06,Lexie Hull,Fever,G,19,5,6,1,1,0,0,1
2026,2026-06-06,Caitlin Clark,Fever,G,34,10,7,9,0,1,3,5
2026,2026-06-06,Myisha Hines-Allen,Fever,F,13,3,1,0,1,0,0,5
2026,2026-06-06,Makayla Timpson,Fever,F,3,0,0,0,0,0,0,1
2026,2026-06-06,Sophie Cunningham,Fever,G,17,2,1,2,1,0,1,3
2026,2026-06-06,Raven Johnson,Fever,G,17,6,2,4,0,0,1,1
2026,2026-06-06,Breanna Stewart,Liberty,F,33,30,8,2,4,0,2,1
2026,2026-06-06,Leonie Fiebich,Liberty,F,30,4,4,2,3,1,1,2
2026,2026-06-06,Jonquel Jones,Liberty,C,28,8,12,4,0,1,1,4
2026,2026-06-06,Marine Johannes,Liberty,G,25,8,4,0,0,0,2,3
2026,2026-06-06,Pauline Astier,Liberty,G,24,12,3,3,1,0,1,3
2026,2026-06-06,Satou Sabally,Liberty,F,22,13,5,1,0,0,2,3
2026,2026-06-06,Han Xu,Liberty,C,8,2,4,1,0,0,0,0
2026,2026-06-06,Rebekah Gardner,Liberty,G,13,4,4,1,1,0,1,1
2026,2026-06-06,Betnijah Laney-Hamilton,Liberty,G,12,2,1,0,0,0,1,1
2026,2026-06-06,Marine Fauthoux,Liberty,G,5,0,2,0,0,0,0,1
2026,2026-06-05,Diamond Miller,Sun,F,28,16,3,3,0,0,2,2
2026,2026-06-05,Aneesah Morrow,Sun,F,32,8,17,3,1,1,1,2
2026,2026-06-05,Brittney Griner,Sun,C,29,16,8,5,0,3,2,3
2026,2026-06-05,Saniya Rivers,Sun,G,23,14,1,3,1,2,3,2
2026,2026-06-05,Leila Lacan,Sun,G,34,3,1,2,1,0,3,6
2026,2026-06-05,Raegan Beers,Sun,F,6,5,4,2,0,1,2,0
2026,2026-06-05,Nell Angloma,Sun,F,17,6,1,0,2,0,1,0
2026,2026-06-05,Olivia Nelson-Ododa,Sun,C,10,2,3,0,0,0,0,4
2026,2026-06-05,Hailey Van Lith,Sun,G,6,4,1,0,0,0,1,0
2026,2026-06-05,Charlisse Leger-Walker,Sun,G,8,4,0,1,1,0,0,1
2026,2026-06-05,Gianna Kneepkens,Sun,G,8,2,0,0,0,0,0,0
2026,2026-06-05,Ashlon Jackson,Sun,G,1,0,1,0,0,0,0,1
2026,2026-06-05,Azura Stevens,Sky,F,20,13,10,1,1,0,0,4
2026,2026-06-05,Kamilla Cardoso,Sky,C,33,10,8,3,0,2,2,3
2026,2026-06-05,Skylar Diggins,Sky,G,32,24,3,4,1,0,2,1
2026,2026-06-05,Rachel Banham,Sky,G,22,6,2,3,0,3,1,4
2026,2026-06-05,Jacy Sheldon,Sky,G,27,5,1,2,2,1,0,3
2026,2026-06-05,Elizabeth Williams,Sky,C,21,10,3,3,2,1,0,1
2026,2026-06-05,Natasha Cloud,Sky,G,26,13,0,5,2,0,3,3
2026,2026-06-05,Saylor Poffenbarger,Sky,G,6,0,0,0,1,0,0,0
2026,2026-06-05,Sydney Taylor,Sky,G,13,4,1,0,0,0,4,3
2026,2026-06-05,Jessica Shepard,Wings,F,38,22,15,5,2,0,4,0
2026,2026-06-05,Maddy Siegrist,Wings,F,24,16,4,0,4,1,1,3
2026,2026-06-05,Arike Ogunbowale,Wings,G,34,30,6,6,0,0,3,3
2026,2026-06-05,Paige Bueckers,Wings,G,36,18,3,14,1,0,1,4
2026,2026-06-05,Azzi Fudd,Wings,G,35,11,1,2,2,0,0,3
2026,2026-06-05,Alysha Clark,Wings,F,2,0,0,0,0,0,0,1
2026,2026-06-05,Alanna Smith,Wings,F,16,4,2,0,0,1,2,0
2026,2026-06-05,Odyssey Sims,Wings,G,5,0,1,0,0,0,1,0
2026,2026-06-05,Aziaha James,Wings,G,10,3,1,3,1,0,0,4
2026,2026-06-05,Nneka Ogwumike,Sparks,F,35,13,10,5,1,0,0,1
2026,2026-06-05,Dearica Hamby,Sparks,F,30,15,5,1,0,0,0,2
2026,2026-06-05,Erica Wheeler,Sparks,G,33,7,1,6,1,0,4,1
2026,2026-06-05,Kelsey Plum,Sparks,G,33,27,2,6,0,0,5,2
2026,2026-06-05,Ariel Atkins,Sparks,G,28,16,5,3,1,0,2,5
2026,2026-06-05,Cameron Brink,Sparks,F,15,10,5,0,0,1,3,4
2026,2026-06-05,Rae Burrell,Sparks,G,18,3,2,4,2,1,2,0
2026,2026-06-05,Kate Martin,Sparks,G,3,5,0,0,0,0,1,0
2026,2026-06-05,Chance Gray,Sparks,G,5,0,0,0,0,0,0,1
2026,2026-06-05,DeWanna Bonner,Mercury,F,34,19,5,5,2,3,1,1
2026,2026-06-05,Natasha Mack,Mercury,F,29,16,4,2,1,1,1,2
2026,2026-06-05,Noemie Brochant,Mercury,F,28,11,2,2,1,0,1,1
2026,2026-06-05,Jovana Nogic,Mercury,G,30,9,2,6,2,0,0,2
2026,2026-06-05,Monique Akoa Makani,Mercury,G,31,11,4,2,3,1,2,3
2026,2026-06-05,Valeriane Ayayi,Mercury,F,4,2,2,0,0,0,2,0
2026,2026-06-05,Marta Suarez,Mercury,F,11,0,0,1,0,0,2,4
2026,2026-06-05,Kyara Linskens,Mercury,C,6,0,1,0,0,0,0,1
2026,2026-06-05,Lexi Held,Mercury,G,20,8,1,3,0,0,1,2
2026,2026-06-05,Quionche Carter,Mercury,G,9,2,3,0,1,0,2,3
2026,2026-06-05,Bridget Carleton,Fire,F,27,6,4,2,1,0,4,1
2026,2026-06-05,Emily Engstler,Fire,F,17,3,5,1,0,2,2,2
2026,2026-06-05,Megan DiLeo,Fire,C,22,7,2,0,0,0,1,0
2026,2026-06-05,Sarah Ashlee Barker,Fire,G,29,15,7,3,0,0,1,3
2026,2026-06-05,Carla Leite,Fire,G,24,7,2,4,1,0,3,4
2026,2026-06-05,Frieda Buhner,Fire,F,15,5,4,0,0,0,2,0
2026,2026-06-05,Nyadiew Puoch,Fire,F,13,0,1,0,0,0,0,1
2026,2026-06-05,Luisa Geiselsoder,Fire,C,18,5,3,3,0,0,3,5
2026,2026-06-05,Karlie Samuelson,Fire,G,19,13,3,1,1,0,0,1
2026,2026-06-05,Teja Oblak,Fire,G,16,11,1,4,0,0,4,2
2026,2026-06-04,Naz Hillmon,Dream,F,28,12,5,1,1,0,0,2
2026,2026-06-04,Angel Reese,Dream,F,31,11,10,3,0,2,4,4
2026,2026-06-04,Allisha Gray,Dream,G,36,13,1,2,2,0,1,3
2026,2026-06-04,Jordin Canada,Dream,G,32,13,3,7,2,0,3,6
2026,2026-06-04,Rhyne Howard,Dream,G,37,8,4,0,3,0,2,2
2026,2026-06-04,Sika Kone,Dream,F,1,2,1,0,0,0,0,0
2026,2026-06-04,Madina Okot,Dream,C,9,7,3,0,0,1,0,1
2026,2026-06-04,Te-Hina Paopao,Dream,G,16,0,2,1,1,0,1,0
2026,2026-06-04,Aaliyah Nye,Dream,G,1,0,0,0,0,0,0,0
2026,2026-06-04,Indya Nivar,Dream,G,1,1,0,0,0,0,0,0
2026,2026-06-04,Isobel Borlase,Dream,G,7,4,1,0,0,0,0,1
2026,2026-06-04,Monique Billings,Fever,F,13,0,5,0,0,1,0,2
2026,2026-06-04,Aliyah Boston,Fever,C,31,19,7,2,0,3,4,5
2026,2026-06-04,Kelsey Mitchell,Fever,G,33,25,0,2,2,0,1,0
2026,2026-06-04,Lexie Hull,Fever,G,20,4,2,0,0,1,1,0
2026,2026-06-04,Caitlin Clark,Fever,G,31,17,7,8,0,1,3,4
2026,2026-06-04,Myisha Hines-Allen,Fever,F,16,5,7,1,2,1,2,5
2026,2026-06-04,Makayla Timpson,Fever,F,14,0,3,0,0,0,1,3
2026,2026-06-04,Sophie Cunningham,Fever,G,19,8,2,0,0,0,1,1
2026,2026-06-04,Raven Johnson,Fever,G,23,5,2,3,2,0,1,2
2026,2026-06-04,Kayla Thornton,Valkyries,F,21,9,5,0,0,0,0,0
2026,2026-06-04,Gabby Williams,Valkyries,F,25,5,5,3,2,1,1,2
2026,2026-06-04,Cecilia Zandalasini,Valkyries,F,27,18,3,3,1,0,2,2
2026,2026-06-04,Kiah Stokes,Valkyries,C,21,7,3,1,0,3,0,1
2026,2026-06-04,Veronica Burton,Valkyries,G,26,8,2,3,0,1,1,4
2026,2026-06-04,Janelle Salaun,Valkyries,F,19,17,5,3,0,1,1,3
2026,2026-06-04,Tiffany Hayes,Valkyries,G,25,15,5,3,1,0,1,2
2026,2026-06-04,Kaila Charles,Valkyries,G,15,0,2,0,2,1,0,3
2026,2026-06-04,Kaitlyn Chen,Valkyries,G,14,5,1,5,0,0,1,0
2026,2026-06-04,Juste Jocyte,Valkyries,G,7,0,0,0,0,0,0,1
2026,2026-06-04,Natasha Howard,Lynx,F,30,12,10,0,0,0,2,3
2026,2026-06-04,Nia Brodie,Lynx,F,35,3,6,5,0,3,2,3
2026,2026-06-04,Kayla McBride,Lynx,G,32,14,8,2,2,0,2,0
2026,2026-06-04,Courtney Williams,Lynx,G,34,17,7,3,1,0,3,2
2026,2026-06-04,Olivia Miles,Lynx,G,28,28,4,7,0,3,1,5
2026,2026-06-04,Antonia Delaere,Lynx,F,13,0,0,0,0,0,1,0
2026,2026-06-04,Anastasiia Olairi Kosu,Lynx,F,13,8,4,0,0,0,0,0
2026,2026-06-04,Teaira McCowan,Lynx,C,2,0,2,0,0,0,0,1
2026,2026-06-04,Maya Caldwell,Lynx,G,12,5,2,1,1,1,1,1
2026,2026-06-03,Nyara Sabally,Tempo,F,29,11,6,3,0,0,1,3
2026,2026-06-03,Laura Juskaite,Tempo,F,20,8,5,2,2,0,0,5
2026,2026-06-03,Brittney Sykes,Tempo,G,34,17,5,1,3,1,2,2
2026,2026-06-03,Marina Mabrey,Tempo,G,26,17,3,4,0,1,1,2
2026,2026-06-03,Kiki Rice,Tempo,G,23,9,5,2,0,0,3,1
2026,2026-06-03,Maria Conde,Tempo,F,21,7,6,1,0,0,0,1
2026,2026-06-03,Teonni Key,Tempo,F,9,0,1,1,0,0,0,1
2026,2026-06-03,Nikolina Milic,Tempo,F,8,4,0,1,0,0,0,0
2026,2026-06-03,Kia Nurse,Tempo,G,4,0,0,0,0,0,0,0
2026,2026-06-03,Julie Allemand,Tempo,G,23,7,1,2,2,1,0,2
2026,2026-06-03,Tima Pouye,Tempo,G,3,2,0,0,0,0,0,0
2026,2026-06-03,Breanna Stewart,Liberty,F,30,19,9,4,0,1,1,1
2026,2026-06-03,Leonie Fiebich,Liberty,F,26,14,2,4,0,0,1,1
2026,2026-06-03,Jonquel Jones,Liberty,C,34,22,17,2,0,2,2,2
2026,2026-06-03,Marine Johannes,Liberty,G,27,15,2,2,1,1,2,3
2026,2026-06-03,Pauline Astier,Liberty,G,28,10,0,5,0,0,0,4
2026,2026-06-03,Satou Sabally,Liberty,F,14,12,5,0,0,0,2,2
2026,2026-06-03,Han Xu,Liberty,C,10,4,2,1,0,0,0,0
2026,2026-06-03,Rebekah Gardner,Liberty,G,15,0,3,3,1,0,0,0
2026,2026-06-03,Betnijah Laney-Hamilton,Liberty,G,17,1,0,3,1,0,2,0
2026,2026-06-03,Alyssa Thomas,Mercury,F,34,9,9,5,2,0,4,2
2026,2026-06-03,Natasha Mack,Mercury,F,26,16,10,2,0,3,1,1
2026,2026-06-03,Noemie Brochant,Mercury,F,24,4,4,1,2,2,2,2
2026,2026-06-03,Kahleah Copper,Mercury,G,35,16,6,1,1,0,1,2
2026,2026-06-03,Monique Akoa Makani,Mercury,G,28,12,6,2,2,0,3,3
2026,2026-06-03,DeWanna Bonner,Mercury,F,25,10,2,1,2,0,1,2
2026,2026-06-03,Valeriane Ayayi,Mercury,F,4,1,3,1,0,0,0,1
2026,2026-06-03,Jovana Nogic,Mercury,G,12,4,2,2,0,0,0,1
2026,2026-06-03,Lexi Held,Mercury,G,13,0,2,2,2,1,1,1
2026,2026-06-03,Jordan Horston,Storm,F,21,5,5,1,0,1,2,1
2026,2026-06-03,Stefanie Dolson,Storm,C,25,0,2,1,1,0,2,3
2026,2026-06-03,Awa Fam,Storm,C,33,18,6,2,1,2,2,3
2026,2026-06-03,Natisha Hiedeman,Storm,G,30,15,4,4,2,1,0,2
2026,2026-06-03,Flau'jae Johnson,Storm,G,29,9,4,5,2,0,4,2
2026,2026-06-03,Katie Lou Samuelson,Storm,F,17,3,2,1,1,0,1,1
2026,2026-06-03,Mackenzie Holmes,Storm,F,19,4,6,1,1,1,0,2
2026,2026-06-03,Zia Cooke,Storm,G,14,9,1,0,1,0,2,1
2026,2026-06-03,Jade Melbourne,Storm,G,13,5,4,2,1,0,1,3
2026,2026-06-02,Diamond Miller,Sun,F,26,8,3,1,0,0,1,4
2026,2026-06-02,Aneesah Morrow,Sun,F,30,20,13,2,0,2,1,1
2026,2026-06-02,Brittney Griner,Sun,C,29,7,4,3,2,3,1,2
2026,2026-06-02,Saniya Rivers,Sun,G,29,11,1,2,0,0,0,0
2026,2026-06-02,Leila Lacan,Sun,G,28,11,2,5,1,0,4,3
2026,2026-06-02,Nell Angloma,Sun,F,10,6,0,0,3,0,1,2
2026,2026-06-02,Olivia Nelson-Ododa,Sun,C,11,10,1,0,1,0,1,2
2026,2026-06-02,Kennedy Burke,Sun,G,18,2,3,0,1,0,4,2
2026,2026-06-02,Charlisse Leger-Walker,Sun,G,16,0,0,3,0,0,1,1
2026,2026-06-02,Gianna Kneepkens,Sun,G,5,0,1,1,0,0,0,1
2026,2026-06-02,Naz Hillmon,Dream,F,35,5,7,3,0,0,2,4
2026,2026-06-02,Angel Reese,Dream,F,29,12,13,5,1,0,2,3
2026,2026-06-02,Allisha Gray,Dream,G,36,26,7,2,1,1,2,2
2026,2026-06-02,Jordin Canada,Dream,G,36,12,3,10,4,0,4,4
2026,2026-06-02,Rhyne Howard,Dream,G,37,36,2,2,3,0,1,1
2026,2026-06-02,Sika Kone,Dream,F,3,0,0,0,0,0,0,0
2026,2026-06-02,Madina Okot,Dream,C,9,0,2,0,1,0,1,5
2026,2026-06-02,Te-Hina Paopao,Dream,G,8,0,1,0,0,0,1,0
2026,2026-06-02,Aaliyah Nye,Dream,G,1,0,0,0,0,0,0,0
2026,2026-06-02,Indya Nivar,Dream,G,1,0,0,0,0,0,0,1
2026,2026-06-02,Isobel Borlase,Dream,G,5,0,0,0,0,0,0,0
2026,2026-06-02,Azura Stevens,Sky,F,19,7,5,3,1,2,3,3
2026,2026-06-02,Kamilla Cardoso,Sky,C,33,12,13,5,1,6,1,4
2026,2026-06-02,Skylar Diggins,Sky,G,27,14,1,1,0,1,2,2
2026,2026-06-02,Natasha Cloud,Sky,G,24,0,0,3,0,0,4,6
2026,2026-06-02,Jacy Sheldon,Sky,G,31,9,0,1,0,0,2,2
2026,2026-06-02,Elizabeth Williams,Sky,C,23,10,6,3,2,1,0,1
2026,2026-06-02,Rachel Banham,Sky,G,18,5,0,2,0,0,2,1
2026,2026-06-02,Saylor Poffenbarger,Sky,G,6,0,3,0,1,0,0,1
2026,2026-06-02,Sydney Taylor,Sky,G,20,15,1,1,4,0,4,2
2026,2026-06-02,Michaela Onyenwere,Mystics,F,22,13,7,2,1,0,5,1
2026,2026-06-02,Kiki Iriafen,Mystics,F,27,15,11,2,0,0,1,2
2026,2026-06-02,Shakira Austin,Mystics,C,25,17,8,1,3,1,5,0
2026,2026-06-02,Cotie McMahon,Mystics,G,25,8,2,4,3,1,1,2
2026,2026-06-02,Georgia Amoore,Mystics,G,21,3,1,2,0,0,0,4
2026,2026-06-02,Angela Dugalic,Mystics,F,13,8,7,1,0,0,1,2
2026,2026-06-02,Lauren Betts,Mystics,C,15,8,4,0,1,0,0,2
2026,2026-06-02,Rori Harmon,Mystics,G,1,0,0,1,0,0,1,0
2026,2026-06-02,Lucy Olsen,Mystics,G,11,3,1,2,0,0,0,0
2026,2026-06-02,Cassandre Prosper,Mystics,G,20,7,5,0,2,0,2,1
2026,2026-06-02,Alicia Florez,Mystics,G,19,8,0,3,1,0,0,2
2026,2026-06-02,Bridget Carleton,Fire,F,30,11,3,1,1,0,0,4
2026,2026-06-02,Emily Engstler,Fire,F,29,12,8,1,1,2,0,3
2026,2026-06-02,Nyadiew Puoch,Fire,F,13,0,2,0,0,0,1,1
2026,2026-06-02,Megan DiLeo,Fire,C,24,13,8,2,0,0,2,3
2026,2026-06-02,Carla Leite,Fire,G,24,10,1,7,0,0,4,2
2026,2026-06-02,Frieda Buhner,Fire,F,10,0,0,1,0,0,1,0
2026,2026-06-02,Luisa Geiselsoder,Fire,C,11,3,0,0,0,0,1,1
2026,2026-06-02,Serah Williams,Fire,C,9,7,1,0,0,0,0,1
2026,2026-06-02,Karlie Samuelson,Fire,G,12,2,0,1,0,0,1,2
2026,2026-06-02,Holly Winterburn,Fire,G,4,0,1,1,0,0,0,0
2026,2026-06-02,Sarah Ashlee Barker,Fire,G,23,8,3,3,0,0,2,1
2026,2026-06-02,Teja Oblak,Fire,G,12,11,1,2,1,0,3,0
2026,2026-06-02,Kayla Thornton,Valkyries,F,26,19,8,0,1,1,1,2
2026,2026-06-02,Gabby Williams,Valkyries,F,27,8,2,2,1,0,0,1
2026,2026-06-02,Cecilia Zandalasini,Valkyries,F,23,9,1,3,4,0,2,2
2026,2026-06-02,Kiah Stokes,Valkyries,C,20,6,5,1,2,3,0,2
2026,2026-06-02,Veronica Burton,Valkyries,G,23,10,3,9,0,0,1,2
2026,2026-06-02,Laeticia Amihere,Valkyries,F,1,0,0,0,0,0,0,0
2026,2026-06-02,Janelle Salaun,Valkyries,F,23,18,4,1,0,0,0,2
2026,2026-06-02,Tiffany Hayes,Valkyries,G,13,1,0,4,1,0,0,2
2026,2026-06-02,Kaila Charles,Valkyries,G,13,7,3,1,0,0,1,2
2026,2026-06-02,Kaitlyn Chen,Valkyries,G,17,9,0,2,0,0,0,1
2026,2026-06-02,Ndjakalenga Mwenentanda,Valkyries,G,1,0,0,1,0,0,0,0
2026,2026-06-02,Juste Jocyte,Valkyries,G,13,8,2,1,0,0,2,0
2026,2026-06-02,Stephanie Talbot,Aces,F,25,8,6,0,0,0,0,4
2026,2026-06-02,NaLyssa Smith,Aces,F,21,7,4,0,0,1,2,5
2026,2026-06-02,A'ja Wilson,Aces,C,34,25,15,1,3,5,3,1
2026,2026-06-02,Chelsea Gray,Aces,G,34,12,4,11,2,0,1,2
2026,2026-06-02,Jackie Young,Aces,G,36,16,4,9,1,0,2,3
2026,2026-06-02,Cheyenne Parker-Tyus,Aces,F,8,5,4,2,0,1,1,5
2026,2026-06-02,Brianna Turner,Aces,F,21,0,4,1,0,1,1,1
2026,2026-06-02,Kierstan Bell,Aces,F,22,6,3,0,1,0,0,2
2026,2026-06-02,Nneka Ogwumike,Sparks,F,31,12,12,2,1,1,2,2
2026,2026-06-02,Dearica Hamby,Sparks,F,24,2,6,2,0,1,0,3
2026,2026-06-02,Erica Wheeler,Sparks,G,26,10,0,1,0,0,3,5
2026,2026-06-02,Ariel Atkins,Sparks,G,29,9,7,2,2,0,1,2
2026,2026-06-02,Rae Burrell,Sparks,G,33,22,1,1,0,0,3,0
2026,2026-06-02,Cameron Brink,Sparks,F,25,9,8,3,0,2,1,3
2026,2026-06-02,Jihyun Park,Sparks,F,4,0,0,0,0,0,0,1
2026,2026-06-02,Ta'Niya Latson,Sparks,G,6,2,2,1,0,0,1,0
2026,2026-06-02,Chance Gray,Sparks,G,21,3,2,1,1,0,0,0
2026,2026-06-01,Jordan Horston,Storm,F,27,2,6,1,0,4,2,1
2026,2026-06-01,Stefanie Dolson,Storm,C,20,2,2,0,0,2,1,4
2026,2026-06-01,Natisha Hiedeman,Storm,G,26,11,2,2,0,0,3,1
2026,2026-06-01,Flau'jae Johnson,Storm,G,25,16,10,1,1,1,5,6
2026,2026-06-01,Jade Melbourne,Storm,G,25,5,3,1,0,0,1,6
2026,2026-06-01,Katie Lou Samuelson,Storm,F,12,6,2,2,0,0,0,0
2026,2026-06-01,Mackenzie Holmes,Storm,F,14,2,1,2,0,0,1,1
2026,2026-06-01,Awa Fam,Storm,C,31,8,7,1,4,0,2,2
2026,2026-06-01,Lexie Brown,Storm,G,5,0,1,1,1,0,0,0
2026,2026-06-01,Zia Cooke,Storm,G,16,4,2,0,0,0,2,1
2026,2026-06-01,Jessica Shepard,Wings,F,23,9,8,1,1,0,0,0
2026,2026-06-01,Maddy Siegrist,Wings,F,22,9,9,2,1,0,0,1
2026,2026-06-01,Arike Ogunbowale,Wings,G,18,9,5,0,1,0,1,0
2026,2026-06-01,Paige Bueckers,Wings,G,24,10,9,7,1,0,2,1
2026,2026-06-01,Azzi Fudd,Wings,G,24,9,1,0,1,1,0,1
2026,2026-06-01,Alysha Clark,Wings,F,18,6,5,1,1,0,0,4
2026,2026-06-01,Alanna Smith,Wings,F,22,5,4,3,0,0,4,4
2026,2026-06-01,Li Yueru,Wings,C,9,2,2,0,0,0,0,1
2026,2026-06-01,Odyssey Sims,Wings,G,21,2,2,4,1,0,1,0
2026,2026-06-01,Aziaha James,Wings,G,18,18,3,1,0,0,0,3
2026,2026-06-01,Natasha Howard,Lynx,F,23,11,4,3,3,0,2,1
2026,2026-06-01,Nia Brodie,Lynx,F,22,8,6,2,1,0,0,1
2026,2026-06-01,Kayla McBride,Lynx,G,22,7,0,5,1,0,0,2
2026,2026-06-01,Courtney Williams,Lynx,G,29,30,5,2,0,1,2,2
2026,2026-06-01,Olivia Miles,Lynx,G,28,19,4,10,3,0,4,4
2026,2026-06-01,Antonia Delaere,Lynx,F,24,13,2,6,0,0,0,2
2026,2026-06-01,Anastasiia Olairi Kosu,Lynx,F,18,12,6,0,1,3,0,2
2026,2026-06-01,Teaira McCowan,Lynx,C,16,6,6,0,1,0,2,6
2026,2026-06-01,Maya Caldwell,Lynx,G,18,5,2,0,0,1,1,2
2026,2026-06-01,Alyssa Thomas,Mercury,F,25,6,3,5,0,0,3,1
2026,2026-06-01,Natasha Mack,Mercury,F,20,4,11,1,0,0,1,2
2026,2026-06-01,Noemie Brochant,Mercury,F,24,11,2,0,0,0,1,0
2026,2026-06-01,Kahleah Copper,Mercury,G,27,18,2,1,1,0,2,1
2026,2026-06-01,Monique Akoa Makani,Mercury,G,24,10,0,5,2,0,3,2
2026,2026-06-01,DeWanna Bonner,Mercury,F,7,2,1,0,0,0,2,0
2026,2026-06-01,Valeriane Ayayi,Mercury,F,11,0,1,4,0,0,0,2
2026,2026-06-01,Kyara Linskens,Mercury,C,20,7,3,0,2,0,0,2
2026,2026-06-01,Jovana Nogic,Mercury,G,16,8,1,0,0,0,2,1
2026,2026-06-01,Lexi Held,Mercury,G,15,5,0,0,0,0,0,1
2026,2026-06-01,Quionche Carter,Mercury,G,10,6,0,2,1,0,0,0
2026,2026-05-31,Stephanie Talbot,Aces,F,32,10,7,4,1,0,1,5
2026,2026-05-31,NaLyssa Smith,Aces,F,25,15,9,1,0,0,2,3
2026,2026-05-31,A'ja Wilson,Aces,C,36,28,15,4,1,4,4,2
2026,2026-05-31,Chelsea Gray,Aces,G,36,5,2,6,2,0,5,4
2026,2026-05-31,Jackie Young,Aces,G,37,23,7,9,1,0,2,1
2026,2026-05-31,Brianna Turner,Aces,F,10,4,3,0,0,1,1,2
2026,2026-05-31,Kierstan Bell,Aces,F,14,0,1,2,0,2,0,1
2026,2026-05-31,Chennedy Carter,Aces,G,9,6,1,0,0,1,0,0
2026,2026-05-31,Kayla Thornton,Valkyries,F,27,12,4,0,2,0,0,4
2026,2026-05-31,Gabby Williams,Valkyries,F,26,20,4,1,2,0,2,2
2026,2026-05-31,Cecilia Zandalasini,Valkyries,F,21,9,4,1,0,0,4,1
2026,2026-05-31,Kiah Stokes,Valkyries,C,24,0,7,0,1,0,0,2
2026,2026-05-31,Veronica Burton,Valkyries,G,28,7,3,5,1,0,2,4
2026,2026-05-31,Laeticia Amihere,Valkyries,F,7,2,4,2,0,0,0,1
2026,2026-05-31,Janelle Salaun,Valkyries,F,21,16,4,1,2,0,0,3
2026,2026-05-31,Tiffany Hayes,Valkyries,G,14,5,0,1,1,0,1,2
2026,2026-05-31,Kaila Charles,Valkyries,G,11,0,0,1,0,0,2,2
2026,2026-05-31,Kaitlyn Chen,Valkyries,G,12,5,1,3,0,0,0,0
2026,2026-05-31,Ndjakalenga Mwenentanda,Valkyries,G,4,0,1,0,0,0,1,0
2026,2026-05-31,Juste Jocyte,Valkyries,G,5,5,1,1,0,0,0,0
2026,2026-05-30,Jordan Horston,Storm,F,22,15,4,1,4,0,2,0
2026,2026-05-30,Stefanie Dolson,Storm,C,23,7,4,2,1,1,1,3
2026,2026-05-30,Natisha Hiedeman,Storm,G,23,18,2,7,0,0,2,2
2026,2026-05-30,Flau'jae Johnson,Storm,G,24,7,3,3,0,1,2,2
2026,2026-05-30,Jade Melbourne,Storm,G,27,8,3,4,0,1,3,3
2026,2026-05-30,Katie Lou Samuelson,Storm,F,17,2,4,2,1,0,2,1
2026,2026-05-30,Mackenzie Holmes,Storm,F,15,6,7,1,1,0,1,3
2026,2026-05-30,Awa Fam,Storm,C,24,7,5,0,0,1,2,3
2026,2026-05-30,Lexie Brown,Storm,G,14,0,0,1,0,0,1,2
2026,2026-05-30,Zia Cooke,Storm,G,11,2,0,0,0,0,1,1
2026,2026-05-30,Nyara Sabally,Tempo,F,26,8,4,0,2,1,1,1
2026,2026-05-30,Laura Juskaite,Tempo,F,25,14,5,1,2,0,1,3
2026,2026-05-30,Brittney Sykes,Tempo,G,29,15,3,2,1,0,1,2
2026,2026-05-30,Marina Mabrey,Tempo,G,29,18,3,4,1,0,3,0
2026,2026-05-30,Kiki Rice,Tempo,G,28,17,6,1,4,0,3,3
2026,2026-05-30,Maria Conde,Tempo,F,23,13,6,2,0,0,1,1
2026,2026-05-30,Teonni Key,Tempo,F,9,0,1,0,0,0,0,1
2026,2026-05-30,Kia Nurse,Tempo,G,10,0,2,0,1,0,0,0
2026,2026-05-30,Julie Allemand,Tempo,G,17,6,4,4,1,0,2,2
2026,2026-05-30,Tima Pouye,Tempo,G,4,2,0,0,0,0,0,0
2026,2026-05-30,Nneka Ogwumike,Sparks,F,33,12,3,2,1,0,0,2
2026,2026-05-30,Dearica Hamby,Sparks,F,30,11,7,2,1,2,2,2
2026,2026-05-30,Erica Wheeler,Sparks,G,30,13,3,6,1,0,4,3
2026,2026-05-30,Ariel Atkins,Sparks,G,32,16,4,1,4,3,3,5
2026,2026-05-30,Rae Burrell,Sparks,G,27,16,5,1,0,1,2,2
2026,2026-05-30,Cameron Brink,Sparks,F,18,2,4,3,1,1,5,4
2026,2026-05-30,Kate Martin,Sparks,G,13,2,1,0,1,0,0,3
2026,2026-05-30,Ta'Niya Latson,Sparks,G,5,3,0,0,0,0,0,1
2026,2026-05-30,Chance Gray,Sparks,G,13,6,2,1,0,0,0,2
2026,2026-05-30,Diamond Miller,Sun,F,20,12,1,2,1,0,1,3
2026,2026-05-30,Aneesah Morrow,Sun,F,32,17,14,2,2,1,3,3
2026,2026-05-30,Brittney Griner,Sun,C,15,9,2,1,0,1,2,1
2026,2026-05-30,Saniya Rivers,Sun,G,29,9,0,4,2,1,3,2
2026,2026-05-30,Leila Lacan,Sun,G,21,12,2,3,1,0,1,4
2026,2026-05-30,Raegan Beers,Sun,F,11,0,7,2,0,0,2,5
2026,2026-05-30,Nell Angloma,Sun,F,11,2,0,0,0,1,1,2
2026,2026-05-30,Olivia Nelson-Ododa,Sun,C,17,4,4,1,1,1,0,4
2026,2026-05-30,Kennedy Burke,Sun,G,24,14,6,0,2,3,0,1
2026,2026-05-30,Charlisse Leger-Walker,Sun,G,13,2,1,3,2,1,3,2
2026,2026-05-30,Gianna Kneepkens,Sun,G,6,3,0,0,0,0,0,2
2026,2026-05-30,Monique Billings,Fever,F,8,0,1,0,0,1,1,1
2026,2026-05-30,Aliyah Boston,Fever,C,26,18,7,2,0,0,3,3
2026,2026-05-30,Kelsey Mitchell,Fever,G,33,17,1,4,2,0,2,0
2026,2026-05-30,Lexie Hull,Fever,G,16,0,1,1,0,0,0,1
2026,2026-05-30,Caitlin Clark,Fever,G,22,6,2,6,1,0,1,5
2026,2026-05-30,Myisha Hines-Allen,Fever,F,18,7,2,2,0,0,5,2
2026,2026-05-30,Makayla Timpson,Fever,F,25,11,6,1,1,2,1,3
2026,2026-05-30,Grace VanSlooten,Fever,F,6,2,0,0,0,0,0,0
2026,2026-05-30,Sophie Cunningham,Fever,G,26,15,3,4,1,0,1,3
2026,2026-05-30,Tyasha Harris,Fever,G,12,5,2,1,0,0,2,0
2026,2026-05-30,Raven Johnson,Fever,G,10,3,1,0,1,0,1,6
2026,2026-05-30,Bridget Carleton,Fire,F,32,14,2,3,3,2,0,3
2026,2026-05-30,Emily Engstler,Fire,F,29,16,10,4,4,2,1,3
2026,2026-05-30,Nyadiew Puoch,Fire,F,16,2,2,1,0,0,0,3
2026,2026-05-30,Megan DiLeo,Fire,C,28,22,1,0,0,1,0,4
2026,2026-05-30,Carla Leite,Fire,G,27,18,1,12,0,0,4,3
2026,2026-05-30,Frieda Buhner,Fire,F,14,10,1,0,1,0,0,3
2026,2026-05-30,Luisa Geiselsoder,Fire,C,12,0,1,1,0,0,1,1
2026,2026-05-30,Holly Winterburn,Fire,G,3,0,0,1,0,0,1,0
2026,2026-05-30,Sarah Ashlee Barker,Fire,G,28,15,6,4,0,0,2,4
2026,2026-05-30,Teja Oblak,Fire,G,10,3,1,0,0,0,2,2
2026,2026-05-29,Alyssa Thomas,Mercury,F,36,15,3,8,3,1,3,3
2026,2026-05-29,Natasha Mack,Mercury,F,28,6,9,0,5,1,1,1
2026,2026-05-29,Noemie Brochant,Mercury,F,21,2,1,0,1,0,0,2
2026,2026-05-29,Kahleah Copper,Mercury,G,37,16,3,1,0,1,3,3
2026,2026-05-29,Monique Akoa Makani,Mercury,G,29,13,3,3,1,0,0,6
2026,2026-05-29,DeWanna Bonner,Mercury,F,22,4,3,0,0,0,0,2
2026,2026-05-29,Valeriane Ayayi,Mercury,F,3,0,1,1,0,0,1,0
2026,2026-05-29,Kyara Linskens,Mercury,C,12,4,0,1,1,0,0,1
2026,2026-05-29,Jovana Nogic,Mercury,G,12,8,0,0,0,0,1,2
2026,2026-05-29,Breanna Stewart,Liberty,F,29,9,8,4,1,0,2,0
2026,2026-05-29,Leonie Fiebich,Liberty,F,30,3,2,1,1,0,4,1
2026,2026-05-29,Jonquel Jones,Liberty,C,31,9,9,2,1,2,2,4
2026,2026-05-29,Marine Johannes,Liberty,G,19,6,2,1,0,0,2,4
2026,2026-05-29,Pauline Astier,Liberty,G,31,16,6,6,0,1,2,5
2026,2026-05-29,Satou Sabally,Liberty,F,10,4,3,1,0,0,1,2
2026,2026-05-29,Han Xu,Liberty,C,17,9,6,1,0,1,1,1
2026,2026-05-29,Rebekah Gardner,Liberty,G,15,6,1,0,0,1,0,2
2026,2026-05-29,Betnijah Laney-Hamilton,Liberty,G,15,13,3,2,2,0,1,1
2026,2026-05-29,Rebecca Allen,Liberty,G,3,0,0,0,0,0,1,1
2026,2026-05-29,Nneka Ogwumike,Sparks,F,33,20,11,2,1,1,1,3
2026,2026-05-29,Dearica Hamby,Sparks,F,30,14,7,9,4,0,1,2
2026,2026-05-29,Erica Wheeler,Sparks,G,35,21,2,8,1,0,4,1
2026,2026-05-29,Ariel Atkins,Sparks,G,29,8,2,2,0,0,2,6
2026,2026-05-29,Rae Burrell,Sparks,G,32,4,2,1,0,0,1,4
2026,2026-05-29,Cameron Brink,Sparks,F,17,16,2,1,1,1,2,4
2026,2026-05-29,Jihyun Park,Sparks,F,6,0,0,0,1,0,1,0
2026,2026-05-29,Ta'Niya Latson,Sparks,G,5,3,0,0,0,0,1,2
2026,2026-05-29,Chance Gray,Sparks,G,13,6,3,0,0,0,1,2
2026,2026-05-29,Michaela Onyenwere,Mystics,F,24,4,3,3,0,0,2,3
2026,2026-05-29,Kiki Iriafen,Mystics,F,27,13,9,1,0,0,0,4
2026,2026-05-29,Shakira Austin,Mystics,C,25,25,10,3,0,0,4,4
2026,2026-05-29,Sonia Citron,Mystics,G,37,21,1,8,1,1,4,2
2026,2026-05-29,Georgia Amoore,Mystics,G,23,1,1,3,0,0,3,4
2026,2026-05-29,Angela Dugalic,Mystics,F,17,6,5,1,3,1,1,3
2026,2026-05-29,Lauren Betts,Mystics,C,10,2,1,0,0,2,0,0
2026,2026-05-29,Cotie McMahon,Mystics,G,5,5,0,0,0,0,0,2
2026,2026-05-29,Cassandre Prosper,Mystics,G,6,5,0,0,0,0,1,2
2026,2026-05-29,Alicia Florez,Mystics,G,25,5,1,7,0,0,0,3
2026,2026-05-29,Natasha Howard,Lynx,F,29,14,7,3,4,1,3,3
2026,2026-05-29,Nia Brodie,Lynx,F,26,20,8,2,1,1,1,0
2026,2026-05-29,Kayla McBride,Lynx,G,31,9,5,2,3,1,1,2
2026,2026-05-29,Courtney Williams,Lynx,G,29,10,4,5,1,0,2,4
2026,2026-05-29,Olivia Miles,Lynx,G,32,17,6,6,2,0,4,2
2026,2026-05-29,Liatu King,Lynx,F,10,2,3,0,0,1,1,3
2026,2026-05-29,Antonia Delaere,Lynx,F,11,0,0,1,0,0,0,0
2026,2026-05-29,Anastasiia Olairi Kosu,Lynx,F,5,2,2,0,1,0,0,1
2026,2026-05-29,Teaira McCowan,Lynx,C,10,0,4,1,0,2,2,2
2026,2026-05-29,Maya Caldwell,Lynx,G,17,5,4,0,1,1,0,0
2026,2026-05-29,Azura Stevens,Sky,F,18,4,1,2,0,0,1,1
2026,2026-05-29,Kamilla Cardoso,Sky,C,28,12,13,1,0,2,3,3
2026,2026-05-29,Skylar Diggins,Sky,G,29,12,5,3,2,0,3,4
2026,2026-05-29,Natasha Cloud,Sky,G,31,6,4,2,2,1,2,3
2026,2026-05-29,Jacy Sheldon,Sky,G,20,5,1,2,0,0,2,4
2026,2026-05-29,Elizabeth Williams,Sky,C,19,0,5,1,0,2,1,0
2026,2026-05-29,Rachel Banham,Sky,G,23,8,7,0,0,1,1,1
2026,2026-05-29,Aicha Coulibaly,Sky,G,11,4,3,0,2,0,3,0
2026,2026-05-29,Saylor Poffenbarger,Sky,G,1,0,0,0,0,0,0,0
2026,2026-05-29,Sydney Taylor,Sky,G,20,7,2,4,0,0,1,3
2026,2026-05-29,Naz Hillmon,Dream,F,36,14,7,4,5,0,1,2
2026,2026-05-29,Angel Reese,Dream,F,32,18,12,5,0,1,4,3
2026,2026-05-29,Allisha Gray,Dream,G,30,13,3,1,3,0,1,1
2026,2026-05-29,Jordin Canada,Dream,G,27,9,4,4,1,0,3,2
2026,2026-05-29,Rhyne Howard,Dream,G,34,14,2,4,6,0,1,3
2026,2026-05-29,Sika Kone,Dream,F,5,0,0,0,0,0,1,1
2026,2026-05-29,Madina Okot,Dream,C,7,7,0,1,0,0,2,1
2026,2026-05-29,Te-Hina Paopao,Dream,G,14,5,0,1,0,0,1,0
2026,2026-05-29,Aaliyah Nye,Dream,G,1,0,0,1,0,0,0,0
2026,2026-05-29,Indya Nivar,Dream,G,4,4,1,0,1,0,0,1
2026,2026-05-29,Isobel Borlase,Dream,G,10,2,0,1,0,0,1,0
2026,2026-05-29,Emily Engstler,Fire,F,18,10,2,0,0,3,6,4
2026,2026-05-29,Nyadiew Puoch,Fire,F,17,2,1,1,0,0,2,2
2026,2026-05-29,Luisa Geiselsoder,Fire,C,22,6,0,2,0,0,2,4
2026,2026-05-29,Holly Winterburn,Fire,G,28,6,3,7,2,0,4,0
2026,2026-05-29,Carla Leite,Fire,G,24,11,1,4,0,0,4,2
2026,2026-05-29,Frieda Buhner,Fire,F,14,7,0,0,0,0,3,0
2026,2026-05-29,Megan DiLeo,Fire,C,18,10,5,1,0,1,1,2
2026,2026-05-29,Serah Williams,Fire,C,20,0,6,2,1,0,2,5
2026,2026-05-29,Karlie Samuelson,Fire,G,19,0,3,1,1,0,1,2
2026,2026-05-29,Sarah Ashlee Barker,Fire,G,21,14,2,0,0,0,3,1
2026,2026-05-28,Stephanie Talbot,Aces,F,7,2,3,1,0,0,1,0
2026,2026-05-28,NaLyssa Smith,Aces,F,27,9,12,0,0,1,1,3
2026,2026-05-28,A'ja Wilson,Aces,C,35,21,7,3,1,0,2,0
2026,2026-05-28,Chelsea Gray,Aces,G,34,8,3,8,1,1,1,3
2026,2026-05-28,Jackie Young,Aces,G,33,15,3,7,1,0,0,2
2026,2026-05-28,Cheyenne Parker-Tyus,Aces,F,8,9,2,0,0,0,0,3
2026,2026-05-28,Kierstan Bell,Aces,F,9,0,0,1,1,0,0,1
2026,2026-05-28,Jewell Loyd,Aces,G,28,9,2,1,0,1,0,1
2026,2026-05-28,Chennedy Carter,Aces,G,19,14,1,0,1,0,0,2
2026,2026-05-28,Jessica Shepard,Wings,F,38,22,20,10,0,0,2,3
2026,2026-05-28,Maddy Siegrist,Wings,F,17,8,7,1,0,0,0,2
2026,2026-05-28,Arike Ogunbowale,Wings,G,18,1,0,2,0,0,1,2
2026,2026-05-28,Paige Bueckers,Wings,G,38,20,3,6,0,2,3,2
2026,2026-05-28,Azzi Fudd,Wings,G,38,22,3,2,1,1,0,1
2026,2026-05-28,Alysha Clark,Wings,F,18,6,0,1,0,0,1,4
2026,2026-05-28,Awak Kuier,Wings,F,21,12,4,0,0,2,1,1
2026,2026-05-28,Odyssey Sims,Wings,G,6,2,1,0,0,0,2,0
2026,2026-05-28,Aziaha James,Wings,G,6,2,1,1,0,0,0,1
2026,2026-05-28,Monique Billings,Fever,F,19,4,5,2,0,1,0,2
2026,2026-05-28,Aliyah Boston,Fever,C,22,13,6,4,0,0,2,4
2026,2026-05-28,Kelsey Mitchell,Fever,G,30,14,1,3,0,0,1,5
2026,2026-05-28,Lexie Hull,Fever,G,23,5,6,0,1,0,1,3
2026,2026-05-28,Caitlin Clark,Fever,G,29,16,4,6,3,1,5,4
2026,2026-05-28,Myisha Hines-Allen,Fever,F,16,2,1,1,0,1,0,1
2026,2026-05-28,Makayla Timpson,Fever,F,15,7,5,2,1,1,0,3
2026,2026-05-28,Sophie Cunningham,Fever,G,25,11,2,2,2,0,1,2
2026,2026-05-28,Raven Johnson,Fever,G,21,16,4,2,0,1,1,1
2026,2026-05-28,Kayla Thornton,Valkyries,F,18,0,3,0,0,0,1,2
2026,2026-05-28,Gabby Williams,Valkyries,F,28,19,6,6,3,0,1,1
2026,2026-05-28,Kiah Stokes,Valkyries,C,26,4,4,2,0,4,2,1
2026,2026-05-28,Kaila Charles,Valkyries,G,15,7,4,1,0,0,1,1
2026,2026-05-28,Veronica Burton,Valkyries,G,29,25,6,3,1,5,1,5
2026,2026-05-28,Cecilia Zandalasini,Valkyries,F,14,8,0,3,0,0,1,1
2026,2026-05-28,Laeticia Amihere,Valkyries,F,14,3,5,1,0,1,1,3
2026,2026-05-28,Janelle Salaun,Valkyries,F,24,19,7,3,1,0,0,2
2026,2026-05-28,Tiffany Hayes,Valkyries,G,5,0,1,0,0,0,1,3
2026,2026-05-28,Kaitlyn Chen,Valkyries,G,11,2,1,3,0,0,0,1
2026,2026-05-28,Juste Jocyte,Valkyries,G,16,3,0,2,0,1,2,1
2026,2026-05-27,Alyssa Thomas,Mercury,F,32,9,7,9,3,0,4,4
2026,2026-05-27,Natasha Mack,Mercury,F,28,14,6,1,0,2,1,1
2026,2026-05-27,Noemie Brochant,Mercury,F,19,3,2,1,1,1,0,2
2026,2026-05-27,Kahleah Copper,Mercury,G,36,19,2,2,1,0,2,3
2026,2026-05-27,Monique Akoa Makani,Mercury,G,19,9,2,4,2,0,3,2
2026,2026-05-27,DeWanna Bonner,Mercury,F,24,2,5,0,0,0,1,5
2026,2026-05-27,Valeriane Ayayi,Mercury,F,9,3,0,0,0,0,1,2
2026,2026-05-27,Kyara Linskens,Mercury,C,12,3,6,1,0,2,2,2
2026,2026-05-27,Jovana Nogic,Mercury,G,14,9,2,1,0,0,2,0
2026,2026-05-27,Kiana Williams,Mercury,G,7,3,0,0,0,0,0,0
2026,2026-05-27,Breanna Stewart,Liberty,F,34,11,6,2,1,0,4,2
2026,2026-05-27,Leonie Fiebich,Liberty,F,33,9,0,1,2,0,3,3
2026,2026-05-27,Jonquel Jones,Liberty,C,31,17,12,4,1,0,0,0
2026,2026-05-27,Marine Johannes,Liberty,G,24,21,3,5,2,0,1,4
2026,2026-05-27,Pauline Astier,Liberty,G,23,7,4,4,0,2,2,2
2026,2026-05-27,Raquel Carrera,Liberty,F,1,0,0,0,0,0,0,1
2026,2026-05-27,Han Xu,Liberty,C,11,8,3,0,1,0,0,1
2026,2026-05-27,Rebekah Gardner,Liberty,G,18,2,2,1,1,0,0,3
2026,2026-05-27,Betnijah Laney-Hamilton,Liberty,G,13,7,0,2,1,0,0,3
2026,2026-05-27,Rebecca Allen,Liberty,G,13,2,2,0,0,0,1,1
2026,2026-05-27,Nyara Sabally,Tempo,F,28,29,6,2,2,2,2,4
2026,2026-05-27,Laura Juskaite,Tempo,F,22,7,2,2,0,1,1,5
2026,2026-05-27,Brittney Sykes,Tempo,G,35,20,6,2,0,1,0,0
2026,2026-05-27,Marina Mabrey,Tempo,G,28,24,4,7,1,0,2,5
2026,2026-05-27,Kiki Rice,Tempo,G,34,14,8,7,2,0,3,4
2026,2026-05-27,Maria Conde,Tempo,F,21,12,4,0,0,0,1,3
2026,2026-05-27,Teonni Key,Tempo,F,10,3,1,0,0,0,2,3
2026,2026-05-27,Nikolina Milic,Tempo,F,8,2,3,0,0,0,0,0
2026,2026-05-27,Kia Nurse,Tempo,G,8,0,1,0,0,0,0,1
2026,2026-05-27,Lexi Held,Tempo,G,6,0,2,2,1,0,2,0
2026,2026-05-27,Azura Stevens,Sky,F,15,10,0,3,1,0,0,2
2026,2026-05-27,Kamilla Cardoso,Sky,C,22,2,5,3,0,0,1,2
2026,2026-05-27,Skylar Diggins,Sky,G,36,23,2,9,1,2,0,2
2026,2026-05-27,Natasha Cloud,Sky,G,31,18,5,9,1,0,3,5
2026,2026-05-27,Jacy Sheldon,Sky,G,19,4,0,0,0,0,0,4
2026,2026-05-27,Elizabeth Williams,Sky,C,23,11,9,3,1,1,2,2
2026,2026-05-27,Rachel Banham,Sky,G,13,0,1,1,0,0,2,3
2026,2026-05-27,Aicha Coulibaly,Sky,G,18,9,3,1,2,0,1,3
2026,2026-05-27,Sydney Taylor,Sky,G,23,27,2,2,1,0,0,1
2026,2026-05-27,Naz Hillmon,Dream,F,32,15,8,1,1,0,3,1
2026,2026-05-27,Angel Reese,Dream,F,27,10,8,5,1,0,2,2
2026,2026-05-27,Allisha Gray,Dream,G,31,21,0,3,1,0,3,4
2026,2026-05-27,Jordin Canada,Dream,G,29,9,1,5,0,0,4,0
2026,2026-05-27,Rhyne Howard,Dream,G,36,10,2,4,1,2,2,2
2026,2026-05-27,Sika Kone,Dream,F,9,5,3,0,0,0,0,1
2026,2026-05-27,Madina Okot,Dream,C,5,4,1,0,0,0,1,0
2026,2026-05-27,Te-Hina Paopao,Dream,G,11,3,0,1,0,0,0,0
2026,2026-05-27,Aaliyah Nye,Dream,G,2,0,0,0,0,0,0,0
2026,2026-05-27,Indya Nivar,Dream,G,5,0,3,1,1,0,1,0
2026,2026-05-27,Isobel Borlase,Dream,G,13,4,1,3,0,0,0,0
2026,2026-05-27,Natasha Howard,Lynx,F,33,22,8,5,2,2,3,4
2026,2026-05-27,Nia Brodie,Lynx,F,31,14,5,3,1,0,0,2
2026,2026-05-27,Kayla McBride,Lynx,G,34,12,2,1,3,0,2,1
2026,2026-05-27,Courtney Williams,Lynx,G,33,25,3,7,1,0,4,1
2026,2026-05-27,Olivia Miles,Lynx,G,34,16,5,8,1,0,3,4
2026,2026-05-27,Liatu King,Lynx,F,9,3,1,0,0,0,0,1
2026,2026-05-27,Antonia Delaere,Lynx,F,6,0,0,0,1,0,0,0
2026,2026-05-27,Anastasiia Olairi Kosu,Lynx,F,7,2,0,1,0,0,1,2
2026,2026-05-27,Maya Caldwell,Lynx,G,14,2,0,1,1,0,1,1
2026,2026-05-27,Aaliyah Edwards,Sun,F,5,0,2,0,0,0,0,0
2026,2026-05-27,Diamond Miller,Sun,F,20,5,0,1,2,0,1,4
2026,2026-05-27,Aneesah Morrow,Sun,F,29,13,13,1,1,2,2,3
2026,2026-05-27,Saniya Rivers,Sun,G,23,7,1,2,0,0,3,0
2026,2026-05-27,Charlisse Leger-Walker,Sun,G,27,11,2,3,0,0,2,4
2026,2026-05-27,Raegan Beers,Sun,F,14,4,4,2,0,0,0,2
2026,2026-05-27,Nell Angloma,Sun,F,4,0,0,0,0,0,0,2
2026,2026-05-27,Olivia Nelson-Ododa,Sun,C,21,4,4,4,2,0,0,1
2026,2026-05-27,Kennedy Burke,Sun,G,18,6,2,1,1,0,4,2
2026,2026-05-27,Hailey Van Lith,Sun,G,13,7,2,0,0,1,2,3
2026,2026-05-27,Gianna Kneepkens,Sun,G,9,4,1,0,0,0,0,1
2026,2026-05-27,Ashlon Jackson,Sun,G,17,0,2,3,3,0,3,0
2026,2026-05-27,Bridget Carleton,Fire,F,29,13,7,3,1,0,2,1
2026,2026-05-27,Emily Engstler,Fire,F,19,4,1,2,0,2,2,1
2026,2026-05-27,Nyadiew Puoch,Fire,F,18,2,0,0,1,0,2,3
2026,2026-05-27,Luisa Geiselsoder,Fire,C,19,3,1,2,2,0,1,2
2026,2026-05-27,Carla Leite,Fire,G,23,20,0,3,1,0,4,3
2026,2026-05-27,Frieda Buhner,Fire,F,13,9,1,0,0,0,0,0
2026,2026-05-27,Megan DiLeo,Fire,C,18,10,4,2,0,0,0,3
2026,2026-05-27,Serah Williams,Fire,C,11,1,1,0,0,0,1,1
2026,2026-05-27,Karlie Samuelson,Fire,G,12,0,0,1,1,0,0,1
2026,2026-05-27,Sarah Ashlee Barker,Fire,G,22,4,11,1,3,1,4,4
2026,2026-05-27,Teja Oblak,Fire,G,17,5,0,2,1,0,3,2
2026,2026-05-27,Michaela Onyenwere,Mystics,F,22,14,2,2,0,0,2,2
2026,2026-05-27,Kiki Iriafen,Mystics,F,24,13,9,0,0,0,1,5
2026,2026-05-27,Shakira Austin,Mystics,C,29,18,13,5,0,1,2,0
2026,2026-05-27,Sonia Citron,Mystics,G,30,7,4,3,1,0,1,1
2026,2026-05-27,Georgia Amoore,Mystics,G,27,7,0,2,0,0,2,3
2026,2026-05-27,Angela Dugalic,Mystics,F,16,2,3,2,1,0,1,1
2026,2026-05-27,Lauren Betts,Mystics,C,11,6,3,0,0,0,0,1
2026,2026-05-27,Cotie McMahon,Mystics,G,8,0,0,2,0,1,1,1
2026,2026-05-27,Cassandre Prosper,Mystics,G,10,2,1,0,0,0,1,4
2026,2026-05-27,Alicia Florez,Mystics,G,23,9,5,3,2,0,1,4
2026,2026-05-27,Jordan Horston,Storm,F,19,4,5,3,0,1,1,3
2026,2026-05-27,Stefanie Dolson,Storm,C,20,0,3,1,1,0,0,2
2026,2026-05-27,Natisha Hiedeman,Storm,G,28,8,2,1,1,0,3,1
2026,2026-05-27,Flau'jae Johnson,Storm,G,29,8,2,2,0,2,0,3
2026,2026-05-27,Jade Melbourne,Storm,G,23,15,3,3,1,0,1,2
2026,2026-05-27,Katie Lou Samuelson,Storm,F,15,8,1,0,2,0,0,1
2026,2026-05-27,Mackenzie Holmes,Storm,F,20,8,10,1,2,0,4,3
2026,2026-05-27,Awa Fam,Storm,C,17,6,5,0,0,0,1,4
2026,2026-05-27,Lexie Brown,Storm,G,11,3,0,1,0,0,0,0
2026,2026-05-27,Zia Cooke,Storm,G,18,4,0,2,0,0,1,2
2026,2026-05-25,Bridget Carleton,Fire,F,30,10,3,2,2,0,1,3
2026,2026-05-25,Emily Engstler,Fire,F,28,8,5,2,4,4,1,2
2026,2026-05-25,Nyadiew Puoch,Fire,F,20,5,3,2,1,0,0,2
2026,2026-05-25,Luisa Geiselsoder,Fire,C,22,6,5,2,2,0,0,3
2026,2026-05-25,Carla Leite,Fire,G,22,18,0,2,1,0,4,1
2026,2026-05-25,Megan DiLeo,Fire,C,18,11,1,0,0,0,0,4
2026,2026-05-25,Serah Williams,Fire,C,11,4,3,0,0,1,0,2
2026,2026-05-25,Karlie Samuelson,Fire,G,13,2,1,1,0,1,0,0
2026,2026-05-25,Sarah Ashlee Barker,Fire,G,18,7,5,3,1,0,2,2
2026,2026-05-25,Teja Oblak,Fire,G,18,10,3,4,1,0,4,3
2026,2026-05-25,Breanna Stewart,Liberty,F,33,25,7,0,3,1,3,3
2026,2026-05-25,Satou Sabally,Liberty,F,4,2,0,0,0,0,1,2
2026,2026-05-25,Jonquel Jones,Liberty,C,32,12,11,4,0,4,3,5
2026,2026-05-25,Marine Johannes,Liberty,G,32,17,2,6,0,1,6,0
2026,2026-05-25,Pauline Astier,Liberty,G,32,4,3,3,0,0,3,5
2026,2026-05-25,Anneli Maley,Liberty,F,11,0,0,0,2,0,0,1
2026,2026-05-25,Han Xu,Liberty,C,16,8,1,2,2,1,0,0
2026,2026-05-25,Rebekah Gardner,Liberty,G,17,4,0,1,0,0,3,1
2026,2026-05-25,Rebecca Allen,Liberty,G,24,2,3,1,1,1,0,3
2026,2026-05-25,Aaliyah Edwards,Sun,F,21,8,5,0,1,1,3,2
2026,2026-05-25,Diamond Miller,Sun,F,17,4,1,0,1,0,3,2
2026,2026-05-25,Kennedy Burke,Sun,G,20,3,2,0,2,0,2,0
2026,2026-05-25,Charlisse Leger-Walker,Sun,G,19,9,2,2,1,0,2,4
2026,2026-05-25,Gianna Kneepkens,Sun,G,12,6,1,1,1,0,0,2
2026,2026-05-25,Aneesah Morrow,Sun,F,23,11,10,2,0,0,1,1
2026,2026-05-25,Raegan Beers,Sun,F,7,3,3,0,1,0,1,3
2026,2026-05-25,Nell Angloma,Sun,F,14,6,1,0,0,0,2,2
2026,2026-05-25,Olivia Nelson-Ododa,Sun,C,12,7,1,5,0,2,2,6
2026,2026-05-25,Hailey Van Lith,Sun,G,20,5,2,2,1,0,0,0
2026,2026-05-25,Saniya Rivers,Sun,G,22,2,3,0,1,1,2,4
2026,2026-05-25,Ashlon Jackson,Sun,G,14,6,1,1,1,0,0,0
2026,2026-05-25,Kayla Thornton,Valkyries,F,16,5,8,2,3,0,2,3
2026,2026-05-25,Gabby Williams,Valkyries,F,18,15,2,1,0,0,0,0
2026,2026-05-25,Kiah Stokes,Valkyries,C,13,1,1,1,1,0,0,4
2026,2026-05-25,Kaila Charles,Valkyries,G,21,12,7,0,2,0,2,0
2026,2026-05-25,Veronica Burton,Valkyries,G,17,11,2,6,0,0,0,3
2026,2026-05-25,Cecilia Zandalasini,Valkyries,F,14,6,1,1,0,0,2,1
2026,2026-05-25,Laeticia Amihere,Valkyries,F,19,9,4,3,0,2,0,1
2026,2026-05-25,Ashten Prechtel,Valkyries,F,5,5,1,0,0,0,1,0
2026,2026-05-25,Janelle Salaun,Valkyries,F,26,9,4,2,1,0,3,5
2026,2026-05-25,Tiffany Hayes,Valkyries,G,17,9,2,3,0,0,0,2
2026,2026-05-25,Kaitlyn Chen,Valkyries,G,23,10,2,2,0,0,1,3
2026,2026-05-25,Ndjakalenga Mwenentanda,Valkyries,G,6,0,1,1,0,0,0,1
2026,2026-05-25,Juste Jocyte,Valkyries,G,5,5,0,2,0,0,1,2
2026,2026-05-24,Alyssa Thomas,Mercury,F,36,20,12,7,2,0,4,2
2026,2026-05-24,Natasha Mack,Mercury,F,16,6,7,1,0,2,1,4
2026,2026-05-24,Noemie Brochant,Mercury,F,31,6,5,2,2,1,1,2
2026,2026-05-24,Kahleah Copper,Mercury,G,30,20,3,1,0,0,3,3
2026,2026-05-24,Jovana Nogic,Mercury,G,21,11,0,1,0,0,4,4
2026,2026-05-24,DeWanna Bonner,Mercury,F,24,4,3,1,2,0,0,0
2026,2026-05-24,Marta Suarez,Mercury,F,10,0,3,0,0,0,0,0
2026,2026-05-24,Kyara Linskens,Mercury,C,12,10,2,0,1,2,1,1
2026,2026-05-24,Kiana Williams,Mercury,G,20,3,1,1,1,1,1,3
2026,2026-05-24,Naz Hillmon,Dream,F,23,4,4,0,0,0,1,0
2026,2026-05-24,Angel Reese,Dream,F,32,17,10,4,4,1,3,4
2026,2026-05-24,Allisha Gray,Dream,G,36,18,1,0,1,0,3,1
2026,2026-05-24,Jordin Canada,Dream,G,31,11,7,14,3,1,1,4
2026,2026-05-24,Rhyne Howard,Dream,G,34,21,8,0,1,0,2,3
2026,2026-05-24,Sika Kone,Dream,F,6,0,0,0,0,0,0,0
2026,2026-05-24,Madina Okot,Dream,C,7,0,2,0,0,0,4,3
2026,2026-05-24,Te-Hina Paopao,Dream,G,14,3,1,2,0,0,0,1
2026,2026-05-24,Aaliyah Nye,Dream,G,0,0,0,0,0,0,0,0
2026,2026-05-24,Indya Nivar,Dream,G,2,3,1,0,0,0,0,0
2026,2026-05-24,Isobel Borlase,Dream,G,16,5,4,2,0,1,0,0
2026,2026-05-24,Jessica Shepard,Wings,F,33,10,11,6,0,0,1,3
2026,2026-05-24,Alanna Smith,Wings,F,15,0,2,3,1,0,0,3
2026,2026-05-24,Odyssey Sims,Wings,G,8,0,0,2,0,0,0,0
2026,2026-05-24,Arike Ogunbowale,Wings,G,38,19,4,5,1,0,3,2
2026,2026-05-24,Paige Bueckers,Wings,G,36,24,6,2,0,0,1,4
2026,2026-05-24,Maddy Siegrist,Wings,F,6,2,1,0,1,1,1,1
2026,2026-05-24,Awak Kuier,Wings,F,24,10,6,1,0,2,1,0
2026,2026-05-24,Li Yueru,Wings,C,3,0,1,0,0,0,0,0
2026,2026-05-24,Azzi Fudd,Wings,G,32,24,2,3,3,2,1,3
2026,2026-05-24,Aziaha James,Wings,G,4,2,1,0,0,0,0,0
2026,2026-05-24,Breanna Stewart,Liberty,F,34,14,11,3,1,0,2,1
2026,2026-05-24,Satou Sabally,Liberty,F,25,20,2,2,0,0,1,4
2026,2026-05-24,Jonquel Jones,Liberty,C,29,14,7,2,1,0,1,3
2026,2026-05-24,Marine Johannes,Liberty,G,22,0,3,5,0,0,1,3
2026,2026-05-24,Sabrina Ionescu,Liberty,G,31,11,5,7,0,0,1,2
2026,2026-05-24,Anneli Maley,Liberty,F,11,0,3,0,1,0,0,4
2026,2026-05-24,Raquel Carrera,Liberty,F,1,0,0,1,0,0,0,0
2026,2026-05-24,Han Xu,Liberty,C,12,6,2,0,0,0,0,0
2026,2026-05-24,Rebekah Gardner,Liberty,G,16,4,1,0,0,0,1,0
2026,2026-05-24,Pauline Astier,Liberty,G,18,7,0,1,1,0,2,1
2026,2026-05-24,Michaela Onyenwere,Mystics,F,17,6,0,0,1,0,2,4
2026,2026-05-24,Kiki Iriafen,Mystics,F,26,13,4,0,2,1,0,2
2026,2026-05-24,Shakira Austin,Mystics,C,29,12,4,0,2,2,1,3
2026,2026-05-24,Sonia Citron,Mystics,G,32,16,5,2,2,0,2,2
2026,2026-05-24,Georgia Amoore,Mystics,G,26,13,2,6,0,2,4,6
2026,2026-05-24,Angela Dugalic,Mystics,F,12,13,3,1,1,0,0,0
2026,2026-05-24,Lauren Betts,Mystics,C,13,6,3,0,0,0,2,2
2026,2026-05-24,Rori Harmon,Mystics,G,3,2,1,0,0,0,1,1
2026,2026-05-24,Lucy Olsen,Mystics,G,4,0,2,2,0,0,0,0
2026,2026-05-24,Cotie McMahon,Mystics,G,16,2,2,1,1,0,0,4
2026,2026-05-24,Cassandre Prosper,Mystics,G,22,2,0,2,0,0,1,2
2026,2026-05-24,Jordan Horston,Storm,F,20,5,3,1,1,0,1,3
2026,2026-05-24,Stefanie Dolson,Storm,C,26,16,3,2,0,2,1,5
2026,2026-05-24,Natisha Hiedeman,Storm,G,28,24,1,5,0,0,2,3
2026,2026-05-24,Flau'jae Johnson,Storm,G,25,17,6,1,1,1,2,4
2026,2026-05-24,Jade Melbourne,Storm,G,25,3,2,6,2,0,2,4
2026,2026-05-24,Katie Lou Samuelson,Storm,F,18,3,2,2,0,0,1,0
2026,2026-05-24,Mackenzie Holmes,Storm,F,14,2,4,0,3,0,0,3
2026,2026-05-24,Awa Fam,Storm,C,20,10,2,0,1,0,2,4
2026,2026-05-24,Lexie Brown,Storm,G,8,7,0,1,2,0,0,1
2026,2026-05-24,Zia Cooke,Storm,G,17,10,1,2,0,0,3,1
2026,2026-05-23,Natasha Howard,Lynx,F,33,26,14,5,0,0,3,5
2026,2026-05-23,Nia Brodie,Lynx,F,25,8,7,0,0,2,4,3
2026,2026-05-23,Kayla McBride,Lynx,G,35,13,6,4,1,0,0,1
2026,2026-05-23,Courtney Williams,Lynx,G,33,17,8,3,3,2,2,3
2026,2026-05-23,Olivia Miles,Lynx,G,33,14,9,5,2,0,5,3
2026,2026-05-23,Liatu King,Lynx,F,10,0,4,0,1,3,2,3
2026,2026-05-23,Antonia Delaere,Lynx,F,11,3,1,0,0,0,0,0
2026,2026-05-23,Emese Hof,Lynx,C,6,2,2,0,0,0,2,3
2026,2026-05-23,Maya Caldwell,Lynx,G,13,2,3,2,0,0,1,3
2026,2026-05-23,Kamilla Cardoso,Sky,C,23,17,7,0,1,0,1,4
2026,2026-05-23,Skylar Diggins,Sky,G,32,13,6,6,1,0,3,3
2026,2026-05-23,Natasha Cloud,Sky,G,32,6,2,1,1,1,3,3
2026,2026-05-23,Jacy Sheldon,Sky,G,19,5,1,1,2,0,0,3
2026,2026-05-23,Gabriela Jaquez,Sky,G,23,7,4,0,2,0,1,3
2026,2026-05-23,Azura Stevens,Sky,F,16,6,3,1,1,1,2,1
2026,2026-05-23,Elizabeth Williams,Sky,C,18,4,3,1,1,0,0,1
2026,2026-05-23,Rachel Banham,Sky,G,17,6,0,3,1,0,0,0
2026,2026-05-23,Sydney Taylor,Sky,G,20,11,2,1,1,0,1,4
2026,2026-05-23,Bridget Carleton,Fire,F,28,15,2,3,2,0,2,5
2026,2026-05-23,Emily Engstler,Fire,F,22,16,7,0,2,4,3,4
2026,2026-05-23,Nyadiew Puoch,Fire,F,24,5,3,1,1,0,2,2
2026,2026-05-23,Luisa Geiselsoder,Fire,C,20,6,5,0,0,1,1,1
2026,2026-05-23,Carla Leite,Fire,G,22,15,3,9,0,0,4,1
2026,2026-05-23,Frieda Buhner,Fire,F,13,5,2,1,0,0,0,0
2026,2026-05-23,Megan DiLeo,Fire,C,20,14,4,0,0,1,0,3
2026,2026-05-23,Serah Williams,Fire,C,14,8,3,0,2,1,0,2
2026,2026-05-23,Holly Winterburn,Fire,G,1,0,0,0,0,0,0,0
2026,2026-05-23,Sarah Ashlee Barker,Fire,G,19,12,3,1,0,0,0,2
2026,2026-05-23,Teja Oblak,Fire,G,17,3,1,9,0,0,2,2
2026,2026-05-23,Nyara Sabally,Tempo,F,23,9,3,0,0,1,0,1
2026,2026-05-23,Laura Juskaite,Tempo,F,20,3,2,1,0,0,1,3
2026,2026-05-23,Brittney Sykes,Tempo,G,34,10,0,5,1,0,7,3
2026,2026-05-23,Marina Mabrey,Tempo,G,28,19,5,8,0,1,4,4
2026,2026-05-23,Kiki Rice,Tempo,G,30,19,5,3,2,1,1,2
2026,2026-05-23,Maria Conde,Tempo,F,23,8,5,1,0,0,1,2
2026,2026-05-23,Teonni Key,Tempo,F,11,4,2,0,0,1,1,2
2026,2026-05-23,Nikolina Milic,Tempo,F,8,1,2,0,0,0,1,1
2026,2026-05-23,Mariella Fasoula,Tempo,C,3,0,1,0,0,0,1,0
2026,2026-05-23,Kia Nurse,Tempo,G,12,4,2,0,0,0,0,1
2026,2026-05-23,Lexi Held,Tempo,G,8,3,2,1,0,0,0,2
2026,2026-05-23,Dearica Hamby,Sparks,F,36,16,5,4,1,0,3,6
2026,2026-05-23,Cameron Brink,Sparks,F,24,16,8,0,1,1,6,6
2026,2026-05-23,Erica Wheeler,Sparks,G,34,10,7,6,2,0,2,2
2026,2026-05-23,Kelsey Plum,Sparks,G,37,38,4,9,1,0,3,4
2026,2026-05-23,Ariel Atkins,Sparks,G,30,11,3,3,1,0,2,1
2026,2026-05-23,Emma Cannon,Sparks,F,1,0,0,0,0,0,0,1
2026,2026-05-23,Jihyun Park,Sparks,F,7,0,1,1,1,0,0,2
2026,2026-05-23,Rae Burrell,Sparks,G,25,10,2,2,1,0,1,1
2026,2026-05-23,Kate Martin,Sparks,G,6,0,0,1,0,0,0,1
2026,2026-05-23,Stephanie Talbot,Aces,F,16,2,3,1,0,0,0,2
2026,2026-05-23,NaLyssa Smith,Aces,F,28,22,9,1,2,1,1,1
2026,2026-05-23,A'ja Wilson,Aces,C,35,24,15,4,2,4,3,1
2026,2026-05-23,Chelsea Gray,Aces,G,37,12,2,7,1,2,3,3
2026,2026-05-23,Jackie Young,Aces,G,19,0,3,2,0,1,3,5
2026,2026-05-23,Brianna Turner,Aces,F,8,2,1,1,0,0,0,2
2026,2026-05-23,Jewell Loyd,Aces,G,29,10,0,2,0,0,1,3
2026,2026-05-23,Chennedy Carter,Aces,G,26,23,3,3,1,1,3,3
2026,2026-05-22,Jessica Shepard,Wings,F,31,10,11,2,0,0,3,3
2026,2026-05-22,Alanna Smith,Wings,F,10,2,2,0,0,0,0,2
2026,2026-05-22,Odyssey Sims,Wings,G,21,14,1,5,2,0,1,2
2026,2026-05-22,Arike Ogunbowale,Wings,G,25,2,0,1,0,1,2,2
2026,2026-05-22,Paige Bueckers,Wings,G,31,7,1,7,2,0,3,4
2026,2026-05-22,Alysha Clark,Wings,F,4,0,0,0,0,1,1,0
2026,2026-05-22,Maddy Siegrist,Wings,F,17,5,2,1,0,1,0,1
2026,2026-05-22,Awak Kuier,Wings,F,17,16,4,0,1,1,3,0
2026,2026-05-22,Li Yueru,Wings,C,5,0,0,0,0,0,0,0
2026,2026-05-22,Azzi Fudd,Wings,G,21,7,1,0,1,3,0,1
2026,2026-05-22,Aziaha James,Wings,G,18,6,4,5,3,1,1,3
2026,2026-05-22,Naz Hillmon,Dream,F,36,6,3,2,0,0,4,2
2026,2026-05-22,Angel Reese,Dream,F,32,15,9,2,0,0,5,3
2026,2026-05-22,Allisha Gray,Dream,G,34,16,4,1,1,1,1,1
2026,2026-05-22,Jordin Canada,Dream,G,30,9,5,6,1,0,1,2
2026,2026-05-22,Rhyne Howard,Dream,G,35,25,4,8,4,2,2,1
2026,2026-05-22,Sika Kone,Dream,F,4,2,1,0,0,0,0,0
2026,2026-05-22,Madina Okot,Dream,C,8,0,5,0,0,1,2,0
2026,2026-05-22,Te-Hina Paopao,Dream,G,13,9,2,2,0,0,2,0
2026,2026-05-22,Aaliyah Nye,Dream,G,1,0,0,0,0,0,0,0
2026,2026-05-22,Indya Nivar,Dream,G,5,2,1,1,0,0,0,2
2026,2026-05-22,Isobel Borlase,Dream,G,2,2,1,0,0,0,0,1
2026,2026-05-22,Kayla Thornton,Valkyries,F,27,10,2,0,1,0,1,3
2026,2026-05-22,Gabby Williams,Valkyries,F,22,6,0,3,4,0,3,0
2026,2026-05-22,Kiah Stokes,Valkyries,C,23,2,7,1,1,1,1,3
2026,2026-05-22,Kaila Charles,Valkyries,G,23,4,7,1,0,0,2,4
2026,2026-05-22,Veronica Burton,Valkyries,G,29,17,3,3,0,2,3,5
2026,2026-05-22,Laeticia Amihere,Valkyries,F,11,2,4,1,0,0,1,3
2026,2026-05-22,Janelle Salaun,Valkyries,F,21,4,2,0,1,0,0,1
2026,2026-05-22,Tiffany Hayes,Valkyries,G,26,19,2,2,1,0,2,3
2026,2026-05-22,Kaitlyn Chen,Valkyries,G,19,18,1,0,1,0,1,2
2026,2026-05-22,Monique Billings,Fever,F,11,2,3,0,1,0,1,2
2026,2026-05-22,Aliyah Boston,Fever,C,29,20,16,3,2,0,2,3
2026,2026-05-22,Kelsey Mitchell,Fever,G,31,19,0,3,0,0,1,1
2026,2026-05-22,Lexie Hull,Fever,G,24,7,4,2,0,0,1,4
2026,2026-05-22,Caitlin Clark,Fever,G,32,22,2,9,1,1,6,5
2026,2026-05-22,Myisha Hines-Allen,Fever,F,13,2,2,2,1,1,3,2
2026,2026-05-22,Makayla Timpson,Fever,F,12,0,5,0,1,0,0,0
2026,2026-05-22,Grace VanSlooten,Fever,F,2,0,0,0,0,0,0,0
2026,2026-05-22,Sophie Cunningham,Fever,G,28,11,0,1,1,0,1,4
2026,2026-05-22,Tyasha Harris,Fever,G,2,0,0,0,0,0,1,1
2026,2026-05-22,Raven Johnson,Fever,G,15,7,2,2,0,0,2,4
2026,2026-05-22,Aaliyah Edwards,Sun,F,24,10,7,2,2,1,1,3
2026,2026-05-22,Diamond Miller,Sun,F,23,13,3,2,2,0,3,2
2026,2026-05-22,Kennedy Burke,Sun,G,25,7,3,1,1,1,2,2
2026,2026-05-22,Charlisse Leger-Walker,Sun,G,30,5,3,5,2,0,0,1
2026,2026-05-22,Gianna Kneepkens,Sun,G,11,4,1,0,0,0,0,3
2026,2026-05-22,Aneesah Morrow,Sun,F,18,7,6,0,0,0,2,2
2026,2026-05-22,Raegan Beers,Sun,F,14,4,4,1,1,0,1,2
2026,2026-05-22,Nell Angloma,Sun,F,14,2,3,1,0,0,0,3
2026,2026-05-22,Hailey Van Lith,Sun,G,10,5,0,1,0,0,1,0
2026,2026-05-22,Saniya Rivers,Sun,G,21,2,2,2,1,1,2,0
2026,2026-05-22,Ashlon Jackson,Sun,G,9,0,1,0,0,0,0,0
2026,2026-05-22,Jordan Horston,Storm,F,22,8,4,0,3,0,1,2
2026,2026-05-22,Stefanie Dolson,Storm,C,25,5,4,4,1,0,1,3
2026,2026-05-22,Natisha Hiedeman,Storm,G,27,11,2,6,0,0,1,2
2026,2026-05-22,Flau'jae Johnson,Storm,G,31,17,7,5,0,3,5,2
2026,2026-05-22,Jade Melbourne,Storm,G,20,4,3,4,2,0,1,2
2026,2026-05-22,Joyner Holmes,Storm,F,15,2,5,1,0,3,2,1
2026,2026-05-22,Mackenzie Holmes,Storm,F,18,2,6,1,0,1,1,4
2026,2026-05-22,Taylor Thierry,Storm,F,4,0,1,0,0,0,0,0
2026,2026-05-22,Lexie Brown,Storm,G,13,3,1,0,0,0,1,1
2026,2026-05-22,Zia Cooke,Storm,G,24,25,5,1,1,0,2,1
2026,2026-05-21,Kayla Thornton,Valkyries,F,28,11,5,1,1,2,0,3
2026,2026-05-21,Gabby Williams,Valkyries,F,21,16,2,2,0,0,0,3
2026,2026-05-21,Kiah Stokes,Valkyries,C,26,6,3,3,1,1,0,2
2026,2026-05-21,Kaila Charles,Valkyries,G,24,13,7,1,0,0,1,1
2026,2026-05-21,Veronica Burton,Valkyries,G,27,13,4,7,0,0,1,2
2026,2026-05-21,Laeticia Amihere,Valkyries,F,13,5,8,0,1,0,1,1
2026,2026-05-21,Janelle Salaun,Valkyries,F,26,12,6,1,2,0,1,2
2026,2026-05-21,Tiffany Hayes,Valkyries,G,14,9,1,2,0,0,0,1
2026,2026-05-21,Miela Sowah,Valkyries,G,3,0,0,0,0,0,0,1
2026,2026-05-21,Kaitlyn Chen,Valkyries,G,15,2,0,1,0,0,1,1
2026,2026-05-21,Ndjakalenga Mwenentanda,Valkyries,G,1,0,0,0,0,0,0,0
2026,2026-05-21,Breanna Stewart,Liberty,F,30,18,9,2,0,1,1,2
2026,2026-05-21,Satou Sabally,Liberty,F,16,5,4,2,0,1,2,3
2026,2026-05-21,Jonquel Jones,Liberty,C,28,16,8,3,0,1,2,1
2026,2026-05-21,Marine Johannes,Liberty,G,26,0,3,1,1,0,2,1
2026,2026-05-21,Pauline Astier,Liberty,G,25,7,5,2,0,0,0,4
2026,2026-05-21,Alex Fowler,Liberty,F,15,0,0,0,1,0,0,4
2026,2026-05-21,Han Xu,Liberty,C,7,5,0,0,0,0,0,0
2026,2026-05-21,Rebekah Gardner,Liberty,G,19,12,2,0,0,1,1,1
2026,2026-05-21,Julie Vanloo,Liberty,G,16,2,2,8,0,0,4,3
2026,2026-05-21,Rebecca Allen,Liberty,G,17,5,4,2,0,0,2,3
2026,2026-05-21,Maria Conde,Tempo,F,20,3,1,1,0,0,1,3
2026,2026-05-21,Laura Juskaite,Tempo,F,26,7,3,2,0,0,3,5
2026,2026-05-21,Brittney Sykes,Tempo,G,20,6,3,4,0,0,1,2
2026,2026-05-21,Marina Mabrey,Tempo,G,19,3,2,1,2,0,4,2
2026,2026-05-21,Kiki Rice,Tempo,G,23,11,6,4,0,0,0,1
2026,2026-05-21,Teonni Key,Tempo,F,16,4,3,0,1,1,1,1
2026,2026-05-21,Nikolina Milic,Tempo,F,14,8,1,1,0,0,0,2
2026,2026-05-21,Mariella Fasoula,Tempo,C,11,4,1,1,1,2,1,3
2026,2026-05-21,Kia Nurse,Tempo,G,27,23,4,2,1,0,1,1
2026,2026-05-21,Lexi Held,Tempo,G,23,3,1,3,0,0,1,3
2026,2026-05-21,Natasha Howard,Lynx,F,22,13,6,3,0,0,4,3
2026,2026-05-21,Nia Brodie,Lynx,F,25,8,3,2,1,0,1,1
2026,2026-05-21,Kayla McBride,Lynx,G,23,13,4,2,1,0,1,1
2026,2026-05-21,Courtney Williams,Lynx,G,29,15,8,3,0,0,0,2
2026,2026-05-21,Olivia Miles,Lynx,G,23,14,4,5,1,1,2,0
2026,2026-05-21,Liatu King,Lynx,F,19,9,7,0,1,0,1,0
2026,2026-05-21,Antonia Delaere,Lynx,F,18,3,1,4,0,0,1,3
2026,2026-05-21,Anastasiia Olairi Kosu,Lynx,F,14,5,4,0,2,1,2,1
2026,2026-05-21,Maya Caldwell,Lynx,G,22,16,3,3,1,1,0,3
2026,2026-05-21,Eliska Joklova,Lynx,G,5,4,6,2,0,0,2,0
2026,2026-05-21,Nneka Ogwumike,Sparks,F,31,12,6,2,1,0,1,0
2026,2026-05-21,Dearica Hamby,Sparks,F,30,27,15,3,1,0,0,3
2026,2026-05-21,Erica Wheeler,Sparks,G,26,5,1,4,0,0,2,5
2026,2026-05-21,Kelsey Plum,Sparks,G,34,16,1,7,1,0,4,2
2026,2026-05-21,Ariel Atkins,Sparks,G,24,11,1,2,3,1,2,5
2026,2026-05-21,Cameron Brink,Sparks,F,19,12,5,1,1,3,6,4
2026,2026-05-21,Jihyun Park,Sparks,F,11,2,1,1,1,0,0,3
2026,2026-05-21,Rae Burrell,Sparks,G,22,12,1,2,0,0,2,2
2026,2026-05-21,Kate Martin,Sparks,G,1,0,0,0,0,0,0,0
2026,2026-05-21,Chance Gray,Sparks,G,2,0,0,1,0,0,0,1
2026,2026-05-21,DeWanna Bonner,Mercury,F,30,9,5,1,3,1,1,1
2026,2026-05-21,Alyssa Thomas,Mercury,F,35,23,7,7,2,0,3,2
2026,2026-05-21,Natasha Mack,Mercury,F,28,10,9,2,2,0,1,4
2026,2026-05-21,Kahleah Copper,Mercury,G,36,22,5,2,0,0,4,2
2026,2026-05-21,Jovana Nogic,Mercury,G,30,15,1,3,1,0,1,5
2026,2026-05-21,Valeriane Ayayi,Mercury,F,6,0,2,0,0,0,0,2
2026,2026-05-21,Marta Suarez,Mercury,F,9,6,1,0,1,0,0,6
2026,2026-05-21,Noemie Brochant,Mercury,F,15,0,3,1,0,1,2,1
2026,2026-05-21,Kiana Williams,Mercury,G,11,3,0,1,0,0,1,1
2026,2026-05-21,Quionche Carter,Mercury,G,0,0,0,0,0,0,0,0
2026,2026-05-20,Bridget Carleton,Fire,F,25,16,3,0,3,0,0,3
2026,2026-05-20,Emily Engstler,Fire,F,21,5,2,0,0,0,1,2
2026,2026-05-20,Nyadiew Puoch,Fire,F,20,0,1,0,0,1,1,2
2026,2026-05-20,Luisa Geiselsoder,Fire,C,22,4,1,1,0,0,2,5
2026,2026-05-20,Sug Sutton,Fire,G,24,14,1,4,1,0,3,1
2026,2026-05-20,Megan DiLeo,Fire,C,18,4,6,0,1,2,0,4
2026,2026-05-20,Serah Williams,Fire,C,17,6,2,0,1,0,0,1
2026,2026-05-20,Holly Winterburn,Fire,G,8,4,2,1,0,0,1,2
2026,2026-05-20,Haley Jones,Fire,G,13,6,3,1,0,0,0,2
2026,2026-05-20,Sarah Ashlee Barker,Fire,G,19,8,6,1,1,0,0,1
2026,2026-05-20,Carla Leite,Fire,G,14,6,1,1,1,0,4,3
2026,2026-05-20,Monique Billings,Fever,F,21,9,4,1,1,1,1,0
2026,2026-05-20,Aliyah Boston,Fever,C,21,24,8,3,2,1,5,2
2026,2026-05-20,Kelsey Mitchell,Fever,G,28,21,2,4,0,0,2,4
2026,2026-05-20,Tyasha Harris,Fever,G,29,0,1,7,2,0,0,4
2026,2026-05-20,Lexie Hull,Fever,G,22,16,8,1,0,1,1,2
2026,2026-05-20,Myisha Hines-Allen,Fever,F,18,7,3,3,1,1,2,2
2026,2026-05-20,Makayla Timpson,Fever,F,20,2,5,0,0,0,0,2
2026,2026-05-20,Shatori Walker-Kimbrough,Fever,G,3,0,0,0,0,0,0,0
2026,2026-05-20,Sophie Cunningham,Fever,G,15,2,2,1,0,0,0,1
2026,2026-05-20,Raven Johnson,Fever,G,22,9,3,1,0,1,3,4
2026,2026-05-20,Jessica Shepard,Wings,F,31,18,10,12,0,0,1,3
2026,2026-05-20,Alanna Smith,Wings,F,16,7,6,0,1,1,0,5
2026,2026-05-20,Odyssey Sims,Wings,G,19,4,0,3,1,0,0,0
2026,2026-05-20,Arike Ogunbowale,Wings,G,32,23,2,5,0,0,1,2
2026,2026-05-20,Paige Bueckers,Wings,G,33,24,3,4,0,0,3,3
2026,2026-05-20,Maddy Siegrist,Wings,F,7,0,1,0,1,0,0,0
2026,2026-05-20,Awak Kuier,Wings,F,5,0,1,0,0,0,0,1
2026,2026-05-20,Li Yueru,Wings,C,20,7,9,3,1,0,1,3
2026,2026-05-20,Azzi Fudd,Wings,G,28,12,0,1,0,0,1,1
2026,2026-05-20,Aziaha James,Wings,G,8,4,4,0,1,0,1,2
2026,2026-05-20,Kamilla Cardoso,Sky,C,33,24,11,5,0,1,0,2
2026,2026-05-20,Skylar Diggins,Sky,G,34,15,1,4,1,1,2,3
2026,2026-05-20,Natasha Cloud,Sky,G,35,21,8,5,1,1,4,4
2026,2026-05-20,Jacy Sheldon,Sky,G,21,2,0,1,0,0,0,2
2026,2026-05-20,Gabriela Jaquez,Sky,G,28,12,5,2,1,0,1,4
2026,2026-05-20,Elizabeth Williams,Sky,C,18,5,3,1,1,2,1,2
2026,2026-05-20,Rachel Banham,Sky,G,15,10,0,1,0,0,1,3
2026,2026-05-20,Aicha Coulibaly,Sky,G,16,0,2,1,0,0,0,3
2026,2026-05-20,Aaliyah Edwards,Sun,F,27,12,4,3,1,0,4,4
2026,2026-05-20,Diamond Miller,Sun,F,15,2,2,0,0,1,0,0
2026,2026-05-20,Aneesah Morrow,Sun,F,7,2,3,0,0,0,2,1
2026,2026-05-20,Hailey Van Lith,Sun,G,12,0,0,1,0,0,0,0
2026,2026-05-20,Gianna Kneepkens,Sun,G,4,2,1,0,0,0,0,0
2026,2026-05-20,Raegan Beers,Sun,F,27,10,8,2,2,0,2,4
2026,2026-05-20,Nell Angloma,Sun,F,29,15,7,0,3,1,1,3
2026,2026-05-20,Kennedy Burke,Sun,G,23,15,6,1,0,1,0,2
2026,2026-05-20,Saniya Rivers,Sun,G,13,2,4,3,1,0,1,1
2026,2026-05-20,Charlisse Leger-Walker,Sun,G,28,16,2,3,1,0,1,2
2026,2026-05-20,Ashlon Jackson,Sun,G,15,4,1,1,2,0,0,2
2026,2026-05-20,Jordan Horston,Storm,F,17,0,3,0,2,0,1,1
2026,2026-05-20,Stefanie Dolson,Storm,C,28,3,3,2,0,2,2,2
2026,2026-05-20,Natisha Hiedeman,Storm,G,30,20,1,5,1,0,1,1
2026,2026-05-20,Flau'jae Johnson,Storm,G,16,5,3,0,1,1,0,0
2026,2026-05-20,Jade Melbourne,Storm,G,30,11,2,3,0,1,5,1
2026,2026-05-20,Mackenzie Holmes,Storm,F,26,18,6,1,1,2,0,2
2026,2026-05-20,Taylor Thierry,Storm,F,9,6,2,0,0,0,0,5
2026,2026-05-20,Lexie Brown,Storm,G,22,5,2,2,2,0,0,3
2026,2026-05-20,Zia Cooke,Storm,G,19,10,4,1,1,0,5,0
2026,2026-05-20,Taina Mair,Storm,G,3,0,0,1,0,0,0,0
2026,2026-05-19,Maria Conde,Tempo,F,33,2,4,2,0,1,1,3
2026,2026-05-19,Laura Juskaite,Tempo,F,23,10,5,0,0,0,2,5
2026,2026-05-19,Brittney Sykes,Tempo,G,35,31,7,6,0,0,0,3
2026,2026-05-19,Marina Mabrey,Tempo,G,32,30,5,3,1,1,2,2
2026,2026-05-19,Kiki Rice,Tempo,G,34,15,7,3,2,0,2,5
2026,2026-05-19,Teonni Key,Tempo,F,11,3,2,0,1,0,2,3
2026,2026-05-19,Nikolina Milic,Tempo,F,10,4,2,0,0,0,1,1
2026,2026-05-19,Kia Nurse,Tempo,G,13,0,2,0,0,0,0,3
2026,2026-05-19,Lexi Held,Tempo,G,9,3,1,1,0,0,1,1
2026,2026-05-19,DeWanna Bonner,Mercury,F,30,13,4,1,1,0,1,2
2026,2026-05-19,Alyssa Thomas,Mercury,F,35,17,6,8,3,0,2,3
2026,2026-05-19,Natasha Mack,Mercury,F,18,12,10,3,0,0,0,1
2026,2026-05-19,Kahleah Copper,Mercury,G,35,18,3,4,0,0,4,1
2026,2026-05-19,Jovana Nogic,Mercury,G,29,13,0,3,0,0,2,4
2026,2026-05-19,Valeriane Ayayi,Mercury,F,12,3,3,1,2,0,0,3
2026,2026-05-19,Noemie Brochant,Mercury,F,25,5,4,0,0,1,0,1
2026,2026-05-19,Kyara Linskens,Mercury,C,3,2,2,0,0,0,0,1
2026,2026-05-19,Kiana Williams,Mercury,G,12,7,0,0,0,0,0,1
2026,2026-05-18,Kiki Iriafen,Mystics,F,26,9,10,2,1,0,2,2
2026,2026-05-18,Shakira Austin,Mystics,C,26,12,4,1,1,0,4,0
2026,2026-05-18,Sonia Citron,Mystics,G,26,7,1,1,1,0,5,3
2026,2026-05-18,Cotie McMahon,Mystics,G,21,7,1,1,0,0,4,3
2026,2026-05-18,Georgia Amoore,Mystics,G,24,3,1,3,0,0,2,1
2026,2026-05-18,Angela Dugalic,Mystics,F,13,2,3,1,0,1,0,1
2026,2026-05-18,Lauren Betts,Mystics,C,15,11,3,0,0,0,0,1
2026,2026-05-18,Rori Harmon,Mystics,G,5,2,1,2,0,0,1,2
2026,2026-05-18,Lucy Olsen,Mystics,G,10,8,0,2,0,0,0,2
2026,2026-05-18,Cassandre Prosper,Mystics,G,25,6,0,3,0,0,0,2
2026,2026-05-18,Alex Wilson,Mystics,G,8,2,0,0,0,0,0,0
2026,2026-05-18,Jessica Shepard,Wings,F,27,12,16,6,0,0,0,1
2026,2026-05-18,Alanna Smith,Wings,F,7,3,1,1,2,0,2,4
2026,2026-05-18,Odyssey Sims,Wings,G,16,0,0,4,0,0,4,4
2026,2026-05-18,Arike Ogunbowale,Wings,G,33,16,0,3,3,0,0,0
2026,2026-05-18,Paige Bueckers,Wings,G,33,18,3,7,0,0,1,3
2026,2026-05-18,Alysha Clark,Wings,F,7,3,1,0,0,0,0,0
2026,2026-05-18,Maddy Siegrist,Wings,F,20,10,0,2,0,0,0,3
2026,2026-05-18,Awak Kuier,Wings,F,20,9,3,4,3,1,0,1
2026,2026-05-18,Li Yueru,Wings,C,5,1,3,0,0,0,0,0
2026,2026-05-18,Azzi Fudd,Wings,G,24,12,2,3,1,0,1,2
2026,2026-05-18,Aziaha James,Wings,G,7,8,2,0,1,0,0,2
2026,2026-05-18,Aaliyah Edwards,Sun,F,17,12,2,0,2,1,2,1
2026,2026-05-18,Diamond Miller,Sun,F,13,3,0,1,0,0,0,4
2026,2026-05-18,Brittney Griner,Sun,C,27,16,5,4,0,2,2,2
2026,2026-05-18,Kennedy Burke,Sun,G,21,0,6,3,2,1,1,2
2026,2026-05-18,Hailey Van Lith,Sun,G,25,12,1,3,0,1,2,4
2026,2026-05-18,Aneesah Morrow,Sun,F,34,12,12,4,1,1,4,1
2026,2026-05-18,Raegan Beers,Sun,F,5,4,2,0,0,0,1,1
2026,2026-05-18,Nell Angloma,Sun,F,3,1,0,0,0,0,0,2
2026,2026-05-18,Saniya Rivers,Sun,G,28,9,3,6,4,0,1,3
2026,2026-05-18,Charlisse Leger-Walker,Sun,G,23,10,1,2,0,0,4,4
2026,2026-05-18,Gianna Kneepkens,Sun,G,4,3,0,0,0,0,0,1
2026,2026-05-18,Bridget Carleton,Fire,F,33,18,5,3,3,1,2,2
2026,2026-05-18,Emily Engstler,Fire,F,28,15,3,2,2,1,2,3
2026,2026-05-18,Nyadiew Puoch,Fire,F,21,10,4,0,1,0,1,2
2026,2026-05-18,Luisa Geiselsoder,Fire,C,25,2,2,4,0,0,2,4
2026,2026-05-18,Sug Sutton,Fire,G,25,12,1,5,1,0,2,1
2026,2026-05-18,Megan DiLeo,Fire,C,8,3,2,1,0,0,0,1
2026,2026-05-18,Serah Williams,Fire,C,12,3,5,0,0,1,0,3
2026,2026-05-18,Holly Winterburn,Fire,G,15,2,1,4,1,0,1,2
2026,2026-05-18,Haley Jones,Fire,G,12,0,0,1,1,0,3,1
2026,2026-05-18,Sarah Ashlee Barker,Fire,G,21,18,4,3,2,0,2,4
2026,2026-05-17,Stephanie Talbot,Aces,F,16,0,5,2,0,2,0,2
2026,2026-05-17,NaLyssa Smith,Aces,F,20,13,6,1,0,0,2,5
2026,2026-05-17,A'ja Wilson,Aces,C,31,20,6,1,0,2,4,5
2026,2026-05-17,Chelsea Gray,Aces,G,33,21,5,6,1,1,3,0
2026,2026-05-17,Jackie Young,Aces,G,34,0,7,7,2,2,2,2
2026,2026-05-17,Cheyenne Parker-Tyus,Aces,F,9,4,1,0,0,1,0,1
2026,2026-05-17,Brianna Turner,Aces,F,6,0,1,0,1,0,0,1
2026,2026-05-17,Jewell Loyd,Aces,G,29,7,5,1,1,0,0,4
2026,2026-05-17,Chennedy Carter,Aces,G,21,20,2,3,0,0,2,3
2026,2026-05-17,Naz Hillmon,Dream,F,30,6,5,0,0,0,0,4
2026,2026-05-17,Angel Reese,Dream,F,29,9,8,3,0,1,8,3
2026,2026-05-17,Allisha Gray,Dream,G,37,25,9,1,0,1,2,4
2026,2026-05-17,Jordin Canada,Dream,G,33,11,3,5,7,0,2,3
2026,2026-05-17,Te-Hina Paopao,Dream,G,36,19,2,2,1,1,0,4
2026,2026-05-17,Sika Kone,Dream,F,3,0,0,0,0,0,0,1
2026,2026-05-17,Madina Okot,Dream,C,16,14,11,1,0,1,1,4
2026,2026-05-17,Aaliyah Nye,Dream,G,1,0,0,0,0,0,0,0
2026,2026-05-17,Indya Nivar,Dream,G,10,0,6,3,1,1,0,0
2026,2026-05-17,Isobel Borlase,Dream,G,4,0,1,0,0,0,0,0
2026,2026-05-17,Jordan Horston,Storm,F,15,2,2,3,1,0,1,2
2026,2026-05-17,Stefanie Dolson,Storm,C,30,6,5,2,2,1,0,3
2026,2026-05-17,Natisha Hiedeman,Storm,G,31,19,2,2,1,1,1,3
2026,2026-05-17,Flau'jae Johnson,Storm,G,28,14,6,0,1,4,2,2
2026,2026-05-17,Jade Melbourne,Storm,G,29,12,1,3,0,0,2,4
2026,2026-05-17,Mackenzie Holmes,Storm,F,10,4,1,0,2,0,1,2
2026,2026-05-17,Grace VanSlooten,Storm,F,18,5,2,3,2,2,0,0
2026,2026-05-17,Lexie Brown,Storm,G,17,3,4,0,0,0,1,2
2026,2026-05-17,Zia Cooke,Storm,G,22,13,1,4,0,0,0,4
2026,2026-05-17,Myisha Hines-Allen,Fever,F,27,8,6,4,1,0,1,3
2026,2026-05-17,Monique Billings,Fever,F,20,4,5,1,1,0,1,1
2026,2026-05-17,Kelsey Mitchell,Fever,G,28,17,0,2,1,0,0,3
2026,2026-05-17,Lexie Hull,Fever,G,19,9,4,2,0,0,1,4
2026,2026-05-17,Caitlin Clark,Fever,G,24,21,7,10,0,2,5,3
2026,2026-05-17,Makayla Timpson,Fever,F,18,6,6,1,1,0,1,3
2026,2026-05-17,Damiris Dantas,Fever,C,6,3,0,0,0,1,0,1
2026,2026-05-17,Shatori Walker-Kimbrough,Fever,G,3,0,0,0,0,0,1,0
2026,2026-05-17,Sophie Cunningham,Fever,G,25,17,3,0,1,1,3,2
2026,2026-05-17,Tyasha Harris,Fever,G,13,4,4,1,0,1,1,1
2026,2026-05-17,Raven Johnson,Fever,G,17,0,3,1,0,1,3,2
2026,2026-05-17,Rickea Jackson,Sky,F,11,6,1,0,0,1,2,0
2026,2026-05-17,Kamilla Cardoso,Sky,C,26,11,12,4,0,3,1,3
2026,2026-05-17,Natasha Cloud,Sky,G,32,11,6,7,0,0,4,4
2026,2026-05-17,Jacy Sheldon,Sky,G,32,10,1,2,4,0,1,1
2026,2026-05-17,Gabriela Jaquez,Sky,G,32,20,8,1,1,0,2,2
2026,2026-05-17,Elizabeth Williams,Sky,C,14,2,8,0,0,0,2,1
2026,2026-05-17,Rachel Banham,Sky,G,23,13,1,0,0,0,1,1
2026,2026-05-17,Aicha Coulibaly,Sky,G,21,8,1,1,2,0,0,2
2026,2026-05-17,Sydney Taylor,Sky,G,10,5,1,2,0,0,1,2
2026,2026-05-17,Natasha Howard,Lynx,F,29,17,9,7,2,0,4,3
2026,2026-05-17,Nia Brodie,Lynx,F,25,2,3,2,0,0,1,5
2026,2026-05-17,Kayla McBride,Lynx,G,40,20,7,1,4,1,2,4
2026,2026-05-17,Courtney Williams,Lynx,G,30,17,5,3,0,0,2,1
2026,2026-05-17,Olivia Miles,Lynx,G,35,13,6,2,4,1,4,4
2026,2026-05-17,Antonia Delaere,Lynx,F,6,0,0,1,0,0,0,1
2026,2026-05-17,Anastasiia Olairi Kosu,Lynx,F,6,2,0,0,0,0,0,1
2026,2026-05-17,Emese Hof,Lynx,C,11,3,3,2,0,0,2,2
2026,2026-05-17,Maya Caldwell,Lynx,G,16,5,2,2,0,1,0,0
2026,2026-05-17,Eliska Joklova,Lynx,G,2,0,0,0,0,0,0,0
2026,2026-05-17,Nyara Sabally,Tempo,F,20,7,4,4,1,1,2,1
2026,2026-05-17,Laura Juskaite,Tempo,F,21,7,5,1,2,0,2,4
2026,2026-05-17,Brittney Sykes,Tempo,G,38,38,1,3,3,1,3,3
2026,2026-05-17,Marina Mabrey,Tempo,G,26,14,3,4,1,0,3,5
2026,2026-05-17,Kiki Rice,Tempo,G,35,19,5,2,0,0,0,5
2026,2026-05-17,Maria Conde,Tempo,F,23,5,0,3,0,0,1,3
2026,2026-05-17,Teonni Key,Tempo,F,20,6,7,0,1,1,0,5
2026,2026-05-17,Kia Nurse,Tempo,G,12,10,0,0,0,0,1,1
2026,2026-05-17,Lexi Held,Tempo,G,5,0,0,0,0,0,0,0
2026,2026-05-17,Nneka Ogwumike,Sparks,F,31,17,7,3,0,0,2,2
2026,2026-05-17,Dearica Hamby,Sparks,F,31,21,9,3,3,0,1,3
2026,2026-05-17,Erica Wheeler,Sparks,G,30,4,2,7,1,1,3,5
2026,2026-05-17,Kelsey Plum,Sparks,G,36,28,1,7,1,0,3,5
2026,2026-05-17,Rae Burrell,Sparks,G,18,2,3,2,0,0,1,6
2026,2026-05-17,Cameron Brink,Sparks,F,18,7,2,2,0,2,1,6
2026,2026-05-17,Jihyun Park,Sparks,F,8,2,1,2,0,0,0,3
2026,2026-05-17,Kate Martin,Sparks,G,18,11,0,0,1,0,1,0
2026,2026-05-17,Chance Gray,Sparks,G,10,4,1,0,0,0,1,2
2026,2026-05-15,Stephanie Talbot,Aces,F,22,1,1,2,1,0,2,3
2026,2026-05-15,NaLyssa Smith,Aces,F,17,4,4,0,0,1,0,1
2026,2026-05-15,A'ja Wilson,Aces,C,32,45,3,3,1,2,3,2
2026,2026-05-15,Chelsea Gray,Aces,G,31,12,7,10,1,0,5,1
2026,2026-05-15,Jackie Young,Aces,G,31,13,6,6,0,0,4,4
2026,2026-05-15,Cheyenne Parker-Tyus,Aces,F,14,2,2,1,0,2,1,2
2026,2026-05-15,Brianna Turner,Aces,F,3,0,0,0,0,0,0,0
2026,2026-05-15,Jewell Loyd,Aces,G,27,6,4,1,1,0,1,4
2026,2026-05-15,Chennedy Carter,Aces,G,22,18,1,1,2,1,1,1
2026,2026-05-15,Aaliyah Edwards,Sun,F,17,6,3,0,1,0,2,3
2026,2026-05-15,Diamond Miller,Sun,F,15,10,3,0,1,0,0,3
2026,2026-05-15,Kennedy Burke,Sun,G,24,11,3,3,4,1,3,4
2026,2026-05-15,Hailey Van Lith,Sun,G,22,17,1,4,0,0,1,1
2026,2026-05-15,Gianna Kneepkens,Sun,G,18,3,3,1,0,0,2,2
2026,2026-05-15,Aneesah Morrow,Sun,F,27,10,10,2,2,0,2,4
2026,2026-05-15,Raegan Beers,Sun,F,17,6,4,2,0,0,1,3
2026,2026-05-15,Nell Angloma,Sun,F,14,7,1,1,0,0,1,2
2026,2026-05-15,Saniya Rivers,Sun,G,28,14,3,7,2,1,1,3
2026,2026-05-15,Charlisse Leger-Walker,Sun,G,18,10,1,4,1,0,0,0
2026,2026-05-15,Kiki Iriafen,Mystics,F,36,25,13,2,1,1,6,3
2026,2026-05-15,Shakira Austin,Mystics,C,34,19,9,5,0,3,3,5
2026,2026-05-15,Sonia Citron,Mystics,G,38,30,6,4,1,1,2,1
2026,2026-05-15,Cotie McMahon,Mystics,G,30,13,5,2,0,0,1,4
2026,2026-05-15,Georgia Amoore,Mystics,G,24,7,0,4,0,0,2,3
2026,2026-05-15,Angela Dugalic,Mystics,F,6,0,3,0,0,1,0,1
2026,2026-05-15,Lauren Betts,Mystics,C,14,4,2,0,0,0,1,4
2026,2026-05-15,Rori Harmon,Mystics,G,9,1,1,1,1,0,1,1
2026,2026-05-15,Cassandre Prosper,Mystics,G,25,2,4,0,0,1,4,6
2026,2026-05-15,Alex Wilson,Mystics,G,9,3,1,0,0,1,0,0
2026,2026-05-15,Monique Billings,Fever,F,36,10,9,3,3,2,0,4
2026,2026-05-15,Aliyah Boston,Fever,C,21,9,4,1,1,0,0,2
2026,2026-05-15,Kelsey Mitchell,Fever,G,39,24,0,0,1,0,3,2
2026,2026-05-15,Sophie Cunningham,Fever,G,20,7,1,2,0,0,0,3
2026,2026-05-15,Caitlin Clark,Fever,G,37,32,4,10,2,1,4,3
2026,2026-05-15,Myisha Hines-Allen,Fever,F,21,6,2,5,2,1,2,4
2026,2026-05-15,Makayla Timpson,Fever,F,4,0,1,0,0,0,0,1
2026,2026-05-15,Damiris Dantas,Fever,C,7,3,2,0,1,0,0,1
2026,2026-05-15,Tyasha Harris,Fever,G,10,2,0,1,0,0,1,0
2026,2026-05-15,Lexie Hull,Fever,G,26,9,4,1,3,0,1,5
2026,2026-05-15,Raven Johnson,Fever,G,4,0,2,0,0,0,0,0
2026,2026-05-15,Nyara Sabally,Tempo,F,28,14,9,3,1,2,0,3
2026,2026-05-15,Nikolina Milic,Tempo,F,5,0,0,0,0,0,2,1
2026,2026-05-15,Brittney Sykes,Tempo,G,35,27,4,7,4,0,3,4
2026,2026-05-15,Marina Mabrey,Tempo,G,21,7,2,0,0,1,3,3
2026,2026-05-15,Julie Allemand,Tempo,G,21,5,1,4,2,0,1,1
2026,2026-05-15,Maria Conde,Tempo,F,20,6,4,0,1,0,2,0
2026,2026-05-15,Teonni Key,Tempo,F,9,5,2,1,0,1,0,2
2026,2026-05-15,Laura Juskaite,Tempo,F,25,16,3,4,4,0,1,5
2026,2026-05-15,Kia Nurse,Tempo,G,9,4,1,1,1,0,0,0
2026,2026-05-15,Lexi Held,Tempo,G,6,0,0,0,0,0,0,1
2026,2026-05-15,Kiki Rice,Tempo,G,21,11,0,2,0,0,1,4
2026,2026-05-15,Nneka Ogwumike,Sparks,F,32,20,5,3,1,0,2,4
2026,2026-05-15,Dearica Hamby,Sparks,F,32,19,7,4,0,0,2,4
2026,2026-05-15,Erica Wheeler,Sparks,G,33,10,2,7,1,0,3,1
2026,2026-05-15,Kelsey Plum,Sparks,G,33,27,0,9,3,0,2,3
2026,2026-05-15,Rae Burrell,Sparks,G,35,13,5,2,0,0,5,2
2026,2026-05-15,Cameron Brink,Sparks,F,16,10,3,1,1,1,1,3
2026,2026-05-15,Kate Martin,Sparks,G,6,0,1,0,0,0,0,1
2026,2026-05-15,Ta'Niya Latson,Sparks,G,2,0,0,0,0,0,0,0
2026,2026-05-15,Chance Gray,Sparks,G,11,0,1,0,0,0,1,0
2026,2026-05-15,Rickea Jackson,Sky,F,32,29,6,0,0,3,2,0
2026,2026-05-15,Kamilla Cardoso,Sky,C,23,7,8,1,0,1,2,4
2026,2026-05-15,Skylar Diggins,Sky,G,12,0,2,3,1,0,0,3
2026,2026-05-15,Jacy Sheldon,Sky,G,26,8,0,3,0,0,2,5
2026,2026-05-15,Gabriela Jaquez,Sky,G,29,13,3,0,1,0,2,2
2026,2026-05-15,Elizabeth Williams,Sky,C,17,1,4,1,0,1,1,3
2026,2026-05-15,Natasha Cloud,Sky,G,23,7,3,7,2,0,1,5
2026,2026-05-15,Rachel Banham,Sky,G,16,5,0,1,0,1,1,3
2026,2026-05-15,Aicha Coulibaly,Sky,G,16,8,1,0,1,0,0,4
2026,2026-05-15,Sydney Taylor,Sky,G,7,5,0,0,0,1,0,1
2026,2026-05-15,DeWanna Bonner,Mercury,F,33,8,7,0,1,1,2,2
2026,2026-05-15,Alyssa Thomas,Mercury,F,33,17,11,6,0,1,4,4
2026,2026-05-15,Natasha Mack,Mercury,F,30,10,6,3,1,4,3,6
2026,2026-05-15,Kahleah Copper,Mercury,G,34,17,5,1,3,0,1,2
2026,2026-05-15,Jovana Nogic,Mercury,G,31,27,4,0,0,0,1,2
2026,2026-05-15,Valeriane Ayayi,Mercury,F,12,8,2,1,0,0,1,0
2026,2026-05-15,Noemie Brochant,Mercury,F,11,2,2,0,0,0,0,3
2026,2026-05-15,Kyara Linskens,Mercury,C,8,0,3,1,0,1,1,3
2026,2026-05-15,Kiana Williams,Mercury,G,8,2,0,0,0,0,2,0
2026,2026-05-14,Natasha Howard,Lynx,F,35,26,5,4,0,3,7,4
2026,2026-05-14,Nia Brodie,Lynx,F,30,13,8,1,1,2,1,4
2026,2026-05-14,Kayla McBride,Lynx,G,34,11,8,1,1,1,2,3
2026,2026-05-14,Courtney Williams,Lynx,G,31,21,5,3,2,0,1,3
2026,2026-05-14,Olivia Miles,Lynx,G,32,15,2,6,0,1,3,2
2026,2026-05-14,Antonia Delaere,Lynx,F,13,0,1,1,0,0,1,0
2026,2026-05-14,Anastasiia Olairi Kosu,Lynx,F,5,2,0,1,0,0,0,1
2026,2026-05-14,Emma Cechova,Lynx,F,11,2,2,0,0,0,0,2
2026,2026-05-14,Maya Caldwell,Lynx,G,11,0,0,3,2,0,1,0
2026,2026-05-14,Jessica Shepard,Wings,F,31,7,6,4,1,0,0,3
2026,2026-05-14,Alanna Smith,Wings,F,27,6,4,5,2,1,2,3
2026,2026-05-14,Odyssey Sims,Wings,G,25,11,1,3,2,0,1,0
2026,2026-05-14,Arike Ogunbowale,Wings,G,30,6,4,1,0,0,1,3
2026,2026-05-14,Paige Bueckers,Wings,G,31,27,3,8,0,0,3,2
2026,2026-05-14,Alysha Clark,Wings,F,3,0,0,0,1,0,0,0
2026,2026-05-14,Maddy Siegrist,Wings,F,16,17,4,1,0,1,0,1
2026,2026-05-14,Awak Kuier,Wings,F,6,0,1,0,0,0,1,1
2026,2026-05-14,Azzi Fudd,Wings,G,20,8,1,0,1,1,2,4
2026,2026-05-14,Aziaha James,Wings,G,11,4,2,0,2,0,1,1
2026,2026-05-14,Breanna Stewart,Liberty,F,28,22,7,1,0,0,2,3
2026,2026-05-14,Jonquel Jones,Liberty,C,26,6,9,3,1,0,2,1
2026,2026-05-14,Betnijah Laney-Hamilton,Liberty,G,17,8,2,2,1,0,0,1
2026,2026-05-14,Marine Johannes,Liberty,G,28,3,3,11,2,0,1,1
2026,2026-05-14,Pauline Astier,Liberty,G,22,20,3,2,1,0,0,2
2026,2026-05-14,Aubrey Griffin,Liberty,F,2,0,1,0,0,0,0,1
2026,2026-05-14,Alex Fowler,Liberty,F,17,12,0,1,0,0,3,6
2026,2026-05-14,Han Xu,Liberty,C,7,3,2,2,0,0,1,0
2026,2026-05-14,Rebekah Gardner,Liberty,G,20,14,5,5,0,0,1,1
2026,2026-05-14,Julie Vanloo,Liberty,G,18,9,0,4,1,0,2,1
2026,2026-05-14,Rebecca Allen,Liberty,G,14,3,0,1,1,0,0,2
2026,2026-05-14,Bridget Carleton,Fire,F,25,11,5,2,1,0,1,2
2026,2026-05-14,Kamiah Smalls,Fire,F,16,2,0,4,0,0,2,1
2026,2026-05-14,Emily Engstler,Fire,F,19,11,4,0,0,1,1,1
2026,2026-05-14,Nyadiew Puoch,Fire,F,31,13,2,2,2,0,1,5
2026,2026-05-14,Luisa Geiselsoder,Fire,C,22,6,5,1,1,0,1,3
2026,2026-05-14,Frieda Buhner,Fire,F,14,0,0,0,0,0,2,2
2026,2026-05-14,Megan DiLeo,Fire,C,14,14,3,0,0,0,1,2
2026,2026-05-14,Serah Williams,Fire,C,4,1,2,1,1,1,0,0
2026,2026-05-14,Sug Sutton,Fire,G,20,8,3,8,0,0,1,3
2026,2026-05-14,Haley Jones,Fire,G,15,10,3,2,1,0,2,2
2026,2026-05-14,Sarah Ashlee Barker,Fire,G,21,6,3,2,1,0,3,1
2026,2026-05-13,Jordan Horston,Storm,F,18,1,2,1,0,0,1,1
2026,2026-05-13,Stefanie Dolson,Storm,C,22,16,3,0,0,2,3,5
2026,2026-05-13,Dominique Malonga,Storm,C,32,21,7,1,1,1,1,1
2026,2026-05-13,Natisha Hiedeman,Storm,G,22,5,0,5,0,0,2,3
2026,2026-05-13,Flau'jae Johnson,Storm,G,29,7,6,2,1,1,3,3
2026,2026-05-13,Mackenzie Holmes,Storm,F,5,0,1,0,0,0,0,0
2026,2026-05-13,Grace VanSlooten,Storm,F,12,2,2,0,1,1,1,0
2026,2026-05-13,Lexie Brown,Storm,G,16,0,3,1,0,0,3,3
2026,2026-05-13,Zia Cooke,Storm,G,16,7,3,2,0,0,1,1
2026,2026-05-13,Jade Melbourne,Storm,G,28,14,1,6,3,0,4,4
2026,2026-05-13,Nyara Sabally,Tempo,F,26,8,5,3,2,2,2,2
2026,2026-05-13,Teonni Key,Tempo,F,8,2,1,0,0,1,0,0
2026,2026-05-13,Brittney Sykes,Tempo,G,33,18,8,6,1,1,4,2
2026,2026-05-13,Marina Mabrey,Tempo,G,29,26,4,3,4,0,1,0
2026,2026-05-13,Julie Allemand,Tempo,G,29,2,3,6,3,0,3,0
2026,2026-05-13,Maria Conde,Tempo,F,29,16,8,0,1,0,1,5
2026,2026-05-13,Nikolina Milic,Tempo,F,10,2,1,1,0,0,1,2
2026,2026-05-13,Laura Juskaite,Tempo,F,7,0,1,0,0,0,0,2
2026,2026-05-13,Kia Nurse,Tempo,G,7,0,0,1,0,0,0,1
2026,2026-05-13,Lexi Held,Tempo,G,2,0,0,0,0,0,0,0
2026,2026-05-13,Kiki Rice,Tempo,G,21,12,2,1,0,0,0,3
2026,2026-05-13,Stephanie Talbot,Aces,F,12,4,2,0,0,0,0,0
2026,2026-05-13,NaLyssa Smith,Aces,F,18,6,5,2,2,0,2,5
2026,2026-05-13,A'ja Wilson,Aces,C,21,22,11,1,0,2,1,4
2026,2026-05-13,Chelsea Gray,Aces,G,26,7,6,6,1,1,2,1
2026,2026-05-13,Jackie Young,Aces,G,27,11,1,6,2,0,1,2
2026,2026-05-13,Cheyenne Parker-Tyus,Aces,F,18,10,5,1,1,2,1,1
2026,2026-05-13,Brianna Turner,Aces,F,18,0,5,0,0,1,2,2
2026,2026-05-13,Kierstan Bell,Aces,F,9,0,1,0,0,0,0,0
2026,2026-05-13,Jewell Loyd,Aces,G,28,11,2,1,1,0,2,1
2026,2026-05-13,Chennedy Carter,Aces,G,25,27,8,4,2,0,4,3
2026,2026-05-13,Diamond Miller,Sun,F,24,5,2,1,0,0,1,4
2026,2026-05-13,Olivia Nelson-Ododa,Sun,C,22,14,6,3,1,0,2,4
2026,2026-05-13,Kennedy Burke,Sun,G,31,4,1,5,0,1,4,0
2026,2026-05-13,Saniya Rivers,Sun,G,30,8,1,4,0,1,2,1
2026,2026-05-13,Charlisse Leger-Walker,Sun,G,16,2,2,2,0,0,2,2
2026,2026-05-13,Aneesah Morrow,Sun,F,24,16,11,0,1,0,0,3
2026,2026-05-13,Raegan Beers,Sun,F,14,7,3,0,1,0,0,4
2026,2026-05-13,Hailey Van Lith,Sun,G,22,9,0,1,2,1,2,1
2026,2026-05-13,Gianna Kneepkens,Sun,G,16,4,3,0,1,0,0,1
2026,2026-05-13,Rickea Jackson,Sky,F,39,18,5,5,1,2,1,3
2026,2026-05-13,Kamilla Cardoso,Sky,C,27,8,7,1,1,2,1,3
2026,2026-05-13,Skylar Diggins,Sky,G,34,15,5,7,1,2,0,2
2026,2026-05-13,Jacy Sheldon,Sky,G,31,12,7,4,3,1,1,3
2026,2026-05-13,Gabriela Jaquez,Sky,G,26,7,5,2,0,0,1,2
2026,2026-05-13,Elizabeth Williams,Sky,C,13,2,6,0,0,1,1,1
2026,2026-05-13,Natasha Cloud,Sky,G,18,7,4,0,0,0,3,4
2026,2026-05-13,Rachel Banham,Sky,G,12,0,0,0,1,0,0,1
2026,2026-05-13,Kayla Thornton,Valkyries,F,30,0,6,0,0,1,0,1
2026,2026-05-13,Gabby Williams,Valkyries,F,32,18,5,1,1,1,2,1
2026,2026-05-13,Kiah Stokes,Valkyries,C,29,7,11,2,0,5,0,6
2026,2026-05-13,Kaila Charles,Valkyries,G,28,9,9,2,0,0,1,4
2026,2026-05-13,Veronica Burton,Valkyries,G,36,16,3,4,1,0,5,5
2026,2026-05-13,Laeticia Amihere,Valkyries,F,11,3,1,1,1,2,1,0
2026,2026-05-13,Janelle Salaun,Valkyries,F,17,6,1,0,0,0,0,1
2026,2026-05-13,Kaitlyn Chen,Valkyries,G,18,4,6,0,0,0,2,1
2026,2026-05-13,Monique Billings,Fever,F,27,9,8,2,1,0,3,3
2026,2026-05-13,Aliyah Boston,Fever,C,23,4,7,2,0,2,2,6
2026,2026-05-13,Kelsey Mitchell,Fever,G,27,23,0,0,1,0,2,3
2026,2026-05-13,Sophie Cunningham,Fever,G,27,12,7,1,1,0,0,0
2026,2026-05-13,Caitlin Clark,Fever,G,31,24,4,9,2,1,6,2
2026,2026-05-13,Myisha Hines-Allen,Fever,F,11,2,2,3,1,0,0,2
2026,2026-05-13,Makayla Timpson,Fever,F,9,2,1,1,0,0,0,0
2026,2026-05-13,Damiris Dantas,Fever,C,11,3,1,0,0,0,1,4
2026,2026-05-13,Tyasha Harris,Fever,G,16,7,1,3,0,0,1,0
2026,2026-05-13,Lexie Hull,Fever,G,13,1,1,0,1,0,1,3
2026,2026-05-13,Raven Johnson,Fever,G,5,0,1,2,0,0,0,1
2026,2026-05-13,Nneka Ogwumike,Sparks,F,32,10,5,0,3,1,3,2
2026,2026-05-13,Dearica Hamby,Sparks,F,29,16,8,1,2,0,4,4
2026,2026-05-13,Kelsey Plum,Sparks,G,37,25,1,4,1,0,5,3
2026,2026-05-13,Ariel Atkins,Sparks,G,16,2,2,2,1,0,2,3
2026,2026-05-13,Rae Burrell,Sparks,G,29,10,1,1,2,0,1,1
2026,2026-05-13,Cameron Brink,Sparks,F,19,11,5,1,1,3,3,3
2026,2026-05-13,Erica Wheeler,Sparks,G,21,2,1,4,2,0,0,5
2026,2026-05-13,Ta'Niya Latson,Sparks,G,2,0,0,0,0,0,1,0
2026,2026-05-13,Chance Gray,Sparks,G,16,2,1,0,0,0,0,3
2026,2026-05-12,Naz Hillmon,Dream,F,36,1,3,1,0,0,1,4
2026,2026-05-12,Angel Reese,Dream,F,34,12,16,2,1,1,3,3
2026,2026-05-12,Allisha Gray,Dream,G,34,26,4,0,0,1,0,2
2026,2026-05-12,Jordin Canada,Dream,G,31,19,7,5,3,0,1,3
2026,2026-05-12,Rhyne Howard,Dream,G,37,14,3,4,1,0,0,4
2026,2026-05-12,Sika Kone,Dream,F,1,0,2,0,0,0,1,1
2026,2026-05-12,Madina Okot,Dream,C,9,0,5,0,0,0,1,0
2026,2026-05-12,Te-Hina Paopao,Dream,G,13,2,3,1,0,0,2,1
2026,2026-05-12,Indya Nivar,Dream,G,1,0,1,0,0,1,0,0
2026,2026-05-12,Isobel Borlase,Dream,G,4,3,0,0,0,0,0,0
2026,2026-05-12,Jessica Shepard,Wings,F,31,12,8,3,0,0,2,2
2026,2026-05-12,Alanna Smith,Wings,F,27,2,6,3,0,1,3,2
2026,2026-05-12,Odyssey Sims,Wings,G,23,7,1,4,0,0,1,2
2026,2026-05-12,Arike Ogunbowale,Wings,G,36,20,4,1,1,0,2,2
2026,2026-05-12,Paige Bueckers,Wings,G,32,15,2,3,0,1,0,2
2026,2026-05-12,Alysha Clark,Wings,F,14,2,4,0,0,0,0,2
2026,2026-05-12,Maddy Siegrist,Wings,F,8,2,3,0,0,0,0,1
2026,2026-05-12,Awak Kuier,Wings,F,15,6,4,1,0,1,0,0
2026,2026-05-12,Aziaha James,Wings,G,15,6,2,0,2,1,0,4
2026,2026-05-12,Natasha Howard,Lynx,F,29,14,11,2,1,0,4,4
2026,2026-05-12,Nia Brodie,Lynx,F,21,13,10,0,0,1,1,6
2026,2026-05-12,Kayla McBride,Lynx,G,33,14,2,3,1,0,3,1
2026,2026-05-12,Courtney Williams,Lynx,G,30,11,3,5,2,2,1,2
2026,2026-05-12,Olivia Miles,Lynx,G,26,13,6,7,0,0,2,4
2026,2026-05-12,Antonia Delaere,Lynx,F,19,8,0,1,0,0,0,2
2026,2026-05-12,Anastasiia Olairi Kosu,Lynx,F,9,2,2,2,0,0,0,3
2026,2026-05-12,Emma Cechova,Lynx,F,22,11,6,0,1,1,2,4
2026,2026-05-12,Maya Caldwell,Lynx,G,8,0,2,0,0,0,0,1
2026,2026-05-12,Eliska Joklova,Lynx,G,5,2,1,0,0,0,2,1
2026,2026-05-12,DeWanna Bonner,Mercury,F,30,16,7,2,0,1,1,3
2026,2026-05-12,Alyssa Thomas,Mercury,F,34,10,4,8,2,0,4,2
2026,2026-05-12,Valeriane Ayayi,Mercury,F,17,6,4,3,1,0,2,3
2026,2026-05-12,Natasha Mack,Mercury,F,28,9,10,0,1,3,0,2
2026,2026-05-12,Kahleah Copper,Mercury,G,35,30,1,2,2,0,3,2
2026,2026-05-12,Noemie Brochant,Mercury,F,12,0,0,1,1,0,0,1
2026,2026-05-12,Kyara Linskens,Mercury,C,12,8,4,1,0,0,0,3
2026,2026-05-12,Jovana Nogic,Mercury,G,17,2,1,2,3,0,1,3
2026,2026-05-12,Kiana Williams,Mercury,G,14,3,0,1,1,0,0,3
2026,2026-05-12,Breanna Stewart,Liberty,F,38,16,10,4,2,3,2,5
2026,2026-05-12,Jonquel Jones,Liberty,C,34,17,7,3,1,0,4,3
2026,2026-05-12,Betnijah Laney-Hamilton,Liberty,G,25,10,3,3,0,0,4,1
2026,2026-05-12,Marine Johannes,Liberty,G,33,18,4,4,2,0,2,1
2026,2026-05-12,Pauline Astier,Liberty,G,30,24,5,3,2,0,5,3
2026,2026-05-12,Aubrey Griffin,Liberty,F,0,0,0,0,0,0,0,0
2026,2026-05-12,Han Xu,Liberty,C,6,0,0,0,0,0,0,0
2026,2026-05-12,Rebekah Gardner,Liberty,G,22,8,2,4,0,0,0,1
2026,2026-05-12,Julie Vanloo,Liberty,G,12,3,0,2,0,0,1,2
2026,2026-05-12,Bridget Carleton,Fire,F,33,26,1,0,4,0,0,2
2026,2026-05-12,Emily Engstler,Fire,F,24,6,3,1,2,3,3,3
2026,2026-05-12,Nyadiew Puoch,Fire,F,22,0,3,0,0,0,1,4
2026,2026-05-12,Luisa Geiselsoder,Fire,C,25,13,5,2,1,1,1,3
2026,2026-05-12,Carla Leite,Fire,G,26,21,4,6,1,0,2,1
2026,2026-05-12,Kamiah Smalls,Fire,F,14,13,0,2,0,0,2,1
2026,2026-05-12,Frieda Buhner,Fire,F,8,2,2,0,0,0,0,2
2026,2026-05-12,Megan DiLeo,Fire,C,15,6,1,0,0,0,1,2
2026,2026-05-12,Haley Jones,Fire,G,11,6,5,1,0,0,1,2
2026,2026-05-12,Sarah Ashlee Barker,Fire,G,22,5,2,3,0,0,2,1
2026,2026-05-10,Jordan Horston,Storm,F,15,4,3,1,1,1,3,0
2026,2026-05-10,Stefanie Dolson,Storm,C,21,6,4,0,0,0,1,5
2026,2026-05-10,Dominique Malonga,Storm,C,20,6,7,0,2,3,2,4
2026,2026-05-10,Natisha Hiedeman,Storm,G,26,11,2,3,1,0,4,2
2026,2026-05-10,Flau'jae Johnson,Storm,G,30,16,6,1,3,1,1,2
2026,2026-05-10,Mackenzie Holmes,Storm,F,23,5,6,2,0,1,1,5
2026,2026-05-10,Grace VanSlooten,Storm,F,10,5,2,0,1,0,0,0
2026,2026-05-10,Lexie Brown,Storm,G,21,17,0,1,0,1,0,0
2026,2026-05-10,Zia Cooke,Storm,G,12,4,1,0,1,0,1,1
2026,2026-05-10,Jade Melbourne,Storm,G,23,15,1,6,1,1,1,3
2026,2026-05-10,Diamond Miller,Sun,F,27,13,5,1,1,0,2,6
2026,2026-05-10,Brittney Griner,Sun,C,28,16,6,0,2,0,2,5
2026,2026-05-10,Kennedy Burke,Sun,G,34,12,6,5,0,2,5,3
2026,2026-05-10,Saniya Rivers,Sun,G,20,2,1,3,0,0,2,2
2026,2026-05-10,Charlisse Leger-Walker,Sun,G,20,6,2,2,1,0,1,4
2026,2026-05-10,Aneesah Morrow,Sun,F,31,17,16,1,1,0,2,1
2026,2026-05-10,Olivia Nelson-Ododa,Sun,C,12,5,1,1,1,1,1,2
2026,2026-05-10,Hailey Van Lith,Sun,G,20,9,3,4,1,0,1,4
2026,2026-05-10,Gianna Kneepkens,Sun,G,8,2,1,1,0,0,0,1
2026,2026-05-10,Breanna Stewart,Liberty,F,39,23,9,4,2,2,4,5
2026,2026-05-10,Jonquel Jones,Liberty,C,24,13,8,2,0,1,3,6
2026,2026-05-10,Betnijah Laney-Hamilton,Liberty,G,25,3,2,0,0,1,0,2
2026,2026-05-10,Marine Johannes,Liberty,G,37,25,1,2,2,0,3,3
2026,2026-05-10,Pauline Astier,Liberty,G,35,18,5,7,2,0,2,5
2026,2026-05-10,Aubrey Griffin,Liberty,F,0,0,0,0,0,0,0,0
2026,2026-05-10,Han Xu,Liberty,C,26,4,5,0,1,1,0,6
2026,2026-05-10,Rebekah Gardner,Liberty,G,25,9,3,2,0,0,1,1
2026,2026-05-10,Julie Vanloo,Liberty,G,13,3,1,2,0,0,2,3
2026,2026-05-10,Kiki Iriafen,Mystics,F,28,20,12,3,1,0,2,5
2026,2026-05-10,Shakira Austin,Mystics,C,33,16,10,4,0,0,1,2
2026,2026-05-10,Sonia Citron,Mystics,G,36,17,5,2,2,0,2,2
2026,2026-05-10,Georgia Amoore,Mystics,G,21,7,1,7,1,0,1,3
2026,2026-05-10,Cassandre Prosper,Mystics,G,28,8,3,0,1,0,0,6
2026,2026-05-10,Angela Dugalic,Mystics,F,10,5,2,0,1,0,0,3
2026,2026-05-10,Lauren Betts,Mystics,C,18,7,2,1,0,1,0,1
2026,2026-05-10,Rori Harmon,Mystics,G,22,3,3,4,1,0,5,1
2026,2026-05-10,Lucy Olsen,Mystics,G,5,5,0,1,0,0,0,1
2026,2026-05-10,Alex Wilson,Mystics,G,24,5,4,2,0,0,2,3
2026,2026-05-10,Stephanie Talbot,Aces,F,18,8,2,3,3,0,1,0
2026,2026-05-10,NaLyssa Smith,Aces,F,16,12,6,2,0,2,0,4
2026,2026-05-10,A'ja Wilson,Aces,C,30,19,4,3,1,2,3,1
2026,2026-05-10,Chelsea Gray,Aces,G,32,16,3,5,0,0,6,3
2026,2026-05-10,Jackie Young,Aces,G,31,20,5,9,1,1,1,2
2026,2026-05-10,Cheyenne Parker-Tyus,Aces,F,3,2,0,1,1,1,0,0
2026,2026-05-10,Brianna Turner,Aces,F,16,4,6,1,2,2,0,1
2026,2026-05-10,Kierstan Bell,Aces,F,8,0,0,1,0,1,0,0
2026,2026-05-10,Jewell Loyd,Aces,G,26,2,4,3,1,1,1,2
2026,2026-05-10,Chennedy Carter,Aces,G,20,22,1,0,2,0,2,3
2026,2026-05-10,Nneka Ogwumike,Sparks,F,33,19,10,2,1,0,2,1
2026,2026-05-10,Dearica Hamby,Sparks,F,27,12,5,1,0,0,3,2
2026,2026-05-10,Kelsey Plum,Sparks,G,35,27,4,2,0,0,3,3
2026,2026-05-10,Ariel Atkins,Sparks,G,32,8,4,3,3,0,3,2
2026,2026-05-10,Rae Burrell,Sparks,G,28,5,3,1,1,0,2,3
2026,2026-05-10,Emma Cannon,Sparks,F,2,3,0,0,0,0,2,1
2026,2026-05-10,Cameron Brink,Sparks,F,8,0,3,0,0,0,3,3
2026,2026-05-10,Sania Feagin,Sparks,F,3,0,0,0,0,0,0,1
2026,2026-05-10,Jihyun Park,Sparks,F,2,0,0,0,0,0,0,0
2026,2026-05-10,Erica Wheeler,Sparks,G,18,2,1,1,3,0,0,1
2026,2026-05-10,Ta'Niya Latson,Sparks,G,5,2,1,0,0,0,1,0
2026,2026-05-10,Chance Gray,Sparks,G,8,0,1,1,0,0,0,0
2026,2026-05-10,DeWanna Bonner,Mercury,F,32,5,8,3,0,1,1,1
2026,2026-05-10,Alyssa Thomas,Mercury,F,38,19,9,11,0,0,6,5
2026,2026-05-10,Natasha Mack,Mercury,F,29,11,2,1,0,1,1,3
2026,2026-05-10,Kahleah Copper,Mercury,G,36,11,1,4,1,0,3,2
2026,2026-05-10,Jovana Nogic,Mercury,G,27,16,1,1,0,0,4,5
2026,2026-05-10,Anneli Maley,Mercury,F,0,0,0,0,0,0,0,0
2026,2026-05-10,Noemie Brochant,Mercury,F,16,9,1,0,0,0,1,2
2026,2026-05-10,Kyara Linskens,Mercury,C,5,2,0,0,1,1,0,1
2026,2026-05-10,Kiana Williams,Mercury,G,12,6,1,0,0,0,1,2
2026,2026-05-10,Quionche Carter,Mercury,G,6,0,1,0,0,0,0,0
2026,2026-05-10,Kayla Thornton,Valkyries,F,31,19,3,0,0,0,1,3
2026,2026-05-10,Gabby Williams,Valkyries,F,32,19,5,3,4,1,4,2
2026,2026-05-10,Kiah Stokes,Valkyries,C,13,1,3,0,1,0,0,3
2026,2026-05-10,Kaila Charles,Valkyries,G,33,7,4,1,1,0,1,4
2026,2026-05-10,Veronica Burton,Valkyries,G,32,13,3,12,3,0,0,3
2026,2026-05-10,Laeticia Amihere,Valkyries,F,24,13,6,5,0,3,2,4
2026,2026-05-10,Janelle Salaun,Valkyries,F,26,21,3,2,1,0,0,1
2026,2026-05-10,Kaitlyn Chen,Valkyries,G,9,2,3,2,0,0,1,1
2026,2026-05-09,Jessica Shepard,Wings,F,32,13,9,9,2,0,2,5
2026,2026-05-09,Alanna Smith,Wings,F,20,6,3,2,2,1,2,4
2026,2026-05-09,Odyssey Sims,Wings,G,26,20,2,2,2,0,4,5
2026,2026-05-09,Arike Ogunbowale,Wings,G,29,22,1,5,0,0,3,5
2026,2026-05-09,Paige Bueckers,Wings,G,32,20,3,4,1,0,1,2
2026,2026-05-09,Alysha Clark,Wings,F,4,3,1,0,0,0,1,2
2026,2026-05-09,Maddy Siegrist,Wings,F,18,7,3,1,0,0,0,3
2026,2026-05-09,Awak Kuier,Wings,F,2,0,1,1,1,0,0,0
2026,2026-05-09,Li Yueru,Wings,C,4,3,1,0,0,0,0,0
2026,2026-05-09,Azzi Fudd,Wings,G,18,3,1,0,1,0,0,0
2026,2026-05-09,Aziaha James,Wings,G,16,10,2,2,0,1,2,2
2026,2026-05-09,Myisha Hines-Allen,Fever,F,21,6,6,2,0,0,2,2
2026,2026-05-09,Aliyah Boston,Fever,C,26,23,4,3,3,1,1,2
2026,2026-05-09,Kelsey Mitchell,Fever,G,33,30,3,4,0,0,2,4
2026,2026-05-09,Sophie Cunningham,Fever,G,26,3,4,3,0,0,0,3
2026,2026-05-09,Caitlin Clark,Fever,G,31,20,5,7,0,0,5,4
2026,2026-05-09,Makayla Timpson,Fever,F,19,11,2,1,0,0,0,2
2026,2026-05-09,Damiris Dantas,Fever,C,13,7,1,1,0,1,2,5
2026,2026-05-09,Tyasha Harris,Fever,G,4,0,0,0,0,0,0,0
2026,2026-05-09,Lexie Hull,Fever,G,15,0,1,0,0,0,1,2
2026,2026-05-09,Raven Johnson,Fever,G,12,4,2,2,1,0,1,1
2026,2026-05-09,DeWanna Bonner,Mercury,F,22,13,7,2,1,2,0,2
2026,2026-05-09,Alyssa Thomas,Mercury,F,26,20,6,9,3,0,1,1
2026,2026-05-09,Natasha Mack,Mercury,F,25,10,15,1,1,1,0,2
2026,2026-05-09,Kahleah Copper,Mercury,G,28,13,0,2,0,0,4,2
2026,2026-05-09,Jovana Nogic,Mercury,G,21,19,0,4,2,0,1,1
2026,2026-05-09,Peyton Williams,Mercury,F,6,0,0,2,0,1,0,0
2026,2026-05-09,Anneli Maley,Mercury,F,6,1,2,0,0,0,0,1
2026,2026-05-09,Noemie Brochant,Mercury,F,18,8,3,0,0,0,0,0
2026,2026-05-09,Kyara Linskens,Mercury,C,14,2,2,1,2,0,0,0
2026,2026-05-09,Kiana Williams,Mercury,G,21,11,1,1,2,0,1,0
2026,2026-05-09,Quionche Carter,Mercury,G,12,2,1,1,0,0,0,1
2026,2026-05-09,Stephanie Talbot,Aces,F,19,2,2,0,0,0,1,0
2026,2026-05-09,NaLyssa Smith,Aces,F,21,11,6,1,0,2,0,3
2026,2026-05-09,A'ja Wilson,Aces,C,24,19,4,4,2,2,2,0
2026,2026-05-09,Chelsea Gray,Aces,G,22,4,1,6,0,2,3,1
2026,2026-05-09,Jackie Young,Aces,G,25,12,6,3,0,0,2,1
2026,2026-05-09,Cheyenne Parker-Tyus,Aces,F,12,2,4,0,0,0,2,2
2026,2026-05-09,Brianna Turner,Aces,F,14,0,3,0,0,1,1,0
2026,2026-05-09,Kierstan Bell,Aces,F,19,0,6,1,1,0,2,1
2026,2026-05-09,Jewell Loyd,Aces,G,24,6,1,2,0,1,1,2
2026,2026-05-09,Chennedy Carter,Aces,G,19,10,2,2,2,0,3,5
2026,2026-05-09,Naz Hillmon,Dream,F,33,15,7,2,1,0,0,0
2026,2026-05-09,Angel Reese,Dream,F,32,11,14,2,2,3,5,5
2026,2026-05-09,Allisha Gray,Dream,G,33,24,8,3,2,1,4,2
2026,2026-05-09,Jordin Canada,Dream,G,27,12,2,6,0,0,4,0
2026,2026-05-09,Rhyne Howard,Dream,G,38,15,6,5,3,1,3,4
2026,2026-05-09,Sika Kone,Dream,F,3,0,0,0,0,0,0,0
2026,2026-05-09,Madina Okot,Dream,C,10,8,4,0,1,0,1,2
2026,2026-05-09,Te-Hina Paopao,Dream,G,21,6,5,4,0,1,3,5
2026,2026-05-09,Isobel Borlase,Dream,G,3,0,0,0,0,0,0,0
2026,2026-05-09,Natasha Howard,Lynx,F,20,6,5,2,1,0,5,6
2026,2026-05-09,Nia Brodie,Lynx,F,31,3,3,1,1,3,0,2
2026,2026-05-09,Kayla McBride,Lynx,G,33,20,2,2,1,0,1,0
2026,2026-05-09,Courtney Williams,Lynx,G,32,14,6,6,3,0,2,1
2026,2026-05-09,Olivia Miles,Lynx,G,34,21,3,8,2,2,3,3
2026,2026-05-09,Antonia Delaere,Lynx,F,14,2,0,1,1,0,1,2
2026,2026-05-09,Anastasiia Olairi Kosu,Lynx,F,6,4,1,0,1,1,0,1
2026,2026-05-09,Emma Cechova,Lynx,F,19,12,3,0,0,1,2,6
2026,2026-05-09,Emese Hof,Lynx,C,4,2,0,0,0,0,0,1
2026,2026-05-09,Maya Caldwell,Lynx,G,8,6,2,0,0,0,1,2
2026,2026-05-09,Rickea Jackson,Sky,F,36,19,7,3,0,1,3,4
2026,2026-05-09,Kamilla Cardoso,Sky,C,25,22,14,1,0,1,2,3
2026,2026-05-09,Skylar Diggins,Sky,G,33,21,11,7,1,2,2,2
2026,2026-05-09,Jacy Sheldon,Sky,G,34,13,4,4,1,3,0,3
2026,2026-05-09,Gabriela Jaquez,Sky,G,32,10,7,2,2,0,0,3
2026,2026-05-09,Elizabeth Williams,Sky,C,15,10,1,2,0,1,0,0
2026,2026-05-09,Rachel Banham,Sky,G,15,3,0,2,0,0,2,1
2026,2026-05-09,Aicha Coulibaly,Sky,G,6,0,2,1,0,0,0,1
2026,2026-05-09,Sydney Taylor,Sky,G,4,0,0,0,0,0,0,0
2026,2026-05-09,Bridget Carleton,Fire,F,30,13,1,4,1,1,0,1
2026,2026-05-09,Emily Engstler,Fire,F,23,4,2,2,1,3,3,5
2026,2026-05-09,Nyadiew Puoch,Fire,F,17,5,1,2,3,0,0,0
2026,2026-05-09,Luisa Geiselsoder,Fire,C,25,8,7,3,0,2,0,3
2026,2026-05-09,Carla Leite,Fire,G,29,18,3,3,0,0,1,3
2026,2026-05-09,Frieda Buhner,Fire,F,13,4,3,0,0,0,0,3
2026,2026-05-09,Megan DiLeo,Fire,C,14,10,1,1,0,0,1,1
2026,2026-05-09,Serah Williams,Fire,C,8,0,2,1,0,0,0,0
2026,2026-05-09,Haley Jones,Fire,G,7,4,0,0,0,0,0,2
2026,2026-05-09,Sarah Ashlee Barker,Fire,G,24,13,4,0,1,1,1,4
2026,2026-05-09,Jordan Harrison,Fire,G,11,4,0,4,0,0,2,2
2026,2026-05-08,Diamond Miller,Sun,F,25,16,3,1,2,0,2,3
2026,2026-05-08,Aneesah Morrow,Sun,F,24,15,6,0,1,0,5,5
2026,2026-05-08,Brittney Griner,Sun,C,27,13,6,2,0,0,2,2
2026,2026-05-08,Kennedy Burke,Sun,G,24,4,3,3,0,1,0,4
2026,2026-05-08,Saniya Rivers,Sun,G,26,5,2,6,0,1,4,2
2026,2026-05-08,Raegan Beers,Sun,F,11,1,2,0,0,0,0,2
2026,2026-05-08,Olivia Nelson-Ododa,Sun,C,15,1,2,3,1,0,0,2
2026,2026-05-08,Hailey Van Lith,Sun,G,14,9,1,4,1,0,2,2
2026,2026-05-08,Charlisse Leger-Walker,Sun,G,21,4,2,1,0,0,1,1
2026,2026-05-08,Gianna Kneepkens,Sun,G,13,7,5,1,0,0,0,2
2026,2026-05-08,Breanna Stewart,Liberty,F,28,31,10,2,1,3,4,3
2026,2026-05-08,Jonquel Jones,Liberty,C,25,10,5,1,2,1,2,5
2026,2026-05-08,Betnijah Laney-Hamilton,Liberty,G,28,12,2,4,0,0,2,0
2026,2026-05-08,Marine Johannes,Liberty,G,28,17,5,3,3,0,1,2
2026,2026-05-08,Pauline Astier,Liberty,G,20,5,2,4,1,0,0,4
2026,2026-05-08,Aubrey Griffin,Liberty,F,5,2,0,0,0,0,1,0
2026,2026-05-08,Han Xu,Liberty,C,22,8,2,1,0,1,1,2
2026,2026-05-08,Rebekah Gardner,Liberty,G,22,9,4,0,1,0,2,5
2026,2026-05-08,Julie Vanloo,Liberty,G,22,12,7,11,1,0,3,2
2026,2026-05-08,Kiki Iriafen,Mystics,F,28,12,16,2,0,1,2,5
2026,2026-05-08,Shakira Austin,Mystics,C,28,18,11,2,2,2,2,4
2026,2026-05-08,Sonia Citron,Mystics,G,34,26,2,0,2,2,2,2
2026,2026-05-08,Georgia Amoore,Mystics,G,20,6,3,3,2,0,5,1
2026,2026-05-08,Cassandre Prosper,Mystics,G,19,2,1,2,1,0,1,6
2026,2026-05-08,Angela Dugalic,Mystics,F,12,2,2,0,0,0,1,1
2026,2026-05-08,Lauren Betts,Mystics,C,12,0,5,1,0,0,0,1
2026,2026-05-08,Rori Harmon,Mystics,G,20,0,2,2,3,0,3,4
2026,2026-05-08,Lucy Olsen,Mystics,G,10,0,0,1,0,0,2,0
2026,2026-05-08,Alex Wilson,Mystics,G,17,2,2,1,0,0,0,4
2026,2026-05-08,Nyara Sabally,Tempo,F,26,8,6,0,3,1,1,5
2026,2026-05-08,Temi Fagbenle,Tempo,C,16,2,1,1,1,0,4,4
2026,2026-05-08,Brittney Sykes,Tempo,G,28,14,3,2,3,0,2,4
2026,2026-05-08,Marina Mabrey,Tempo,G,30,27,7,2,1,0,4,3
2026,2026-05-08,Julie Allemand,Tempo,G,30,3,3,2,1,0,0,1
2026,2026-05-08,Maria Conde,Tempo,F,15,2,3,0,0,0,1,0
2026,2026-05-08,Teonni Key,Tempo,F,9,0,3,1,0,1,1,0
2026,2026-05-08,Laura Juskaite,Tempo,F,15,7,6,0,1,0,2,5
2026,2026-05-08,Mariella Fasoula,Tempo,C,1,0,1,0,0,0,0,2
2026,2026-05-08,Kia Nurse,Tempo,G,10,2,1,1,0,0,1,2
2026,2026-05-08,Lexi Held,Tempo,G,2,0,0,0,0,0,0,0
2026,2026-05-08,Kiki Rice,Tempo,G,18,0,3,1,0,0,0,0
2026,2026-05-08,Kayla Thornton,Valkyries,F,30,13,8,1,0,0,2,2
2026,2026-05-08,Gabby Williams,Valkyries,F,24,7,6,4,1,0,2,0
2026,2026-05-08,Kiah Stokes,Valkyries,C,24,6,4,3,1,3,0,3
2026,2026-05-08,Tiffany Hayes,Valkyries,G,4,1,0,1,0,0,0,1
2026,2026-05-08,Veronica Burton,Valkyries,G,31,16,2,6,2,0,1,4
2026,2026-05-08,Cecilia Zandalasini,Valkyries,F,7,8,2,1,1,0,0,0
2026,2026-05-08,Laeticia Amihere,Valkyries,F,16,3,4,1,0,0,1,4
2026,2026-05-08,Janelle Salaun,Valkyries,F,27,20,2,1,0,1,1,4
2026,2026-05-08,Kaila Charles,Valkyries,G,17,3,6,2,0,1,2,5
2026,2026-05-08,Miela Sowah,Valkyries,G,3,0,0,0,0,0,0,0
2026,2026-05-08,Kaitlyn Chen,Valkyries,G,16,14,1,2,0,0,0,0
2026,2026-05-08,Ndjakalenga Mwenentanda,Valkyries,G,1,0,0,0,0,0,0,0
2026,2026-05-08,Jordan Horston,Storm,F,15,0,4,0,0,1,1,1
2026,2026-05-08,Stefanie Dolson,Storm,C,27,6,5,3,0,2,2,3
2026,2026-05-08,Dominique Malonga,Storm,C,29,21,8,0,0,2,3,3
2026,2026-05-08,Natisha Hiedeman,Storm,G,23,6,5,3,1,0,1,5
2026,2026-05-08,Flau'jae Johnson,Storm,G,26,12,2,2,1,0,2,2
2026,2026-05-08,Mackenzie Holmes,Storm,F,11,2,6,0,0,0,0,2
2026,2026-05-08,Grace VanSlooten,Storm,F,7,5,0,0,0,0,0,2
2026,2026-05-08,Lexie Brown,Storm,G,22,0,2,3,0,0,4,1
2026,2026-05-08,Zia Cooke,Storm,G,23,15,7,2,1,0,1,1
2026,2026-05-08,Jade Melbourne,Storm,G,17,13,2,3,1,0,0,2
